
2026/07/23 10:02:33 [32mD:/Develop/Project_pos_mahenz/BE/database/migrate.go:99
[0m[33m[1.131ms] [34;1m[rows:0][0m CREATE TABLE IF NOT EXISTS migrations_history (
		id          INT AUTO_INCREMENT PRIMARY KEY,
		filename    VARCHAR(255) UNIQUE NOT NULL,
		executed_at DATETIME DEFAULT CURRENT_TIMESTAMP
	) DEFAULT CHARSET=utf8

2026/07/23 10:02:33 [32mD:/Develop/Project_pos_mahenz/BE/database/migrate.go:27
[0m[33m[0.505ms] [34;1m[rows:1][0m SELECT COUNT(*) FROM migrations_history

2026/07/23 10:02:33 [32mD:/Develop/Project_pos_mahenz/BE/database/migrate.go:28
[0m[33m[0.585ms] [34;1m[rows:1][0m SELECT COUNT(*) FROM information_schema.tables WHERE table_schema = DATABASE() AND table_name != 'migrations_history'

2026/07/23 10:02:33 [32mD:/Develop/Project_pos_mahenz/BE/database/migrate.go:104
[0m[33m[0.567ms] [34;1m[rows:1][0m SELECT COUNT(*) FROM migrations_history WHERE filename = '001_init_schema.sql'

2026/07/23 10:02:33 [32mD:/Develop/Project_pos_mahenz/BE/database/migrate.go:104
[0m[33m[0.613ms] [34;1m[rows:1][0m SELECT COUNT(*) FROM migrations_history WHERE filename = '002_seed_data.sql'
2026/07/23 10:02:33 [37mServer running on port[0m :8080
2026/07/23 10:02:33 [37mRoutes:[0m
2026/07/23 10:02:33 [32mPOST[0m   [34m/api/supplier-purchases/detail/:id           [0m   [37mpos_api/domain/supplier_purchase/handler.(*PurchaseHandler).GetByID-fm[0m
2026/07/23 10:02:33 [32mPOST[0m   [34m/api/supplier-purchases/delete/:id           [0m   [37mpos_api/domain/supplier_purchase/handler.(*PurchaseHandler).Delete-fm[0m
2026/07/23 10:02:33 [32mPOST[0m   [34m/api/supplier-purchases/generate-code        [0m   [37mpos_api/domain/supplier_purchase/handler.(*PurchaseHandler).GenerateCode-fm[0m
2026/07/23 10:02:33 [32mPOST[0m   [34m/api/supplier-purchases/list                 [0m   [37mpos_api/domain/supplier_purchase/handler.(*PurchaseHandler).GetAll-fm[0m
2026/07/23 10:02:33 [32mPOST[0m   [34m/api/supplier-purchases/create               [0m   [37mpos_api/domain/supplier_purchase/handler.(*PurchaseHandler).Create-fm[0m
2026/07/23 10:02:33 [32mPOST[0m   [34m/api/supplier-purchases/update/:id           [0m   [37mpos_api/domain/supplier_purchase/handler.(*PurchaseHandler).Update-fm[0m
2026/07/23 10:02:33 [32mPOST[0m   [34m/api/supplier-purchases/pay/:id              [0m   [37mpos_api/domain/supplier_purchase/handler.(*PurchaseHandler).Pay-fm[0m
2026/07/23 10:02:33 [32mPOST[0m   [34m/api/supplier-purchases/void/:id             [0m   [37mpos_api/domain/supplier_purchase/handler.(*PurchaseHandler).Void-fm[0m
2026/07/23 10:02:33 [32mPOST[0m   [34m/api/supplier-purchases/:id/payments         [0m   [37mpos_api/domain/supplier_purchase/handler.(*PurchaseHandler).GetPayments-fm[0m
2026/07/23 10:02:33 [32mPOST[0m   [34m/api/supplier-purchases/:id/add-items        [0m   [37mpos_api/domain/supplier_purchase/handler.(*PurchaseHandler).AddItems-fm[0m
2026/07/23 10:02:33 [32mPOST[0m   [34m/api/supplier-returns/detail/:id             [0m   [37mpos_api/domain/supplier_return/handler.(*SupplierReturnHandler).GetByID-fm[0m
2026/07/23 10:02:33 [32mPOST[0m   [34m/api/supplier-returns/delete/:id             [0m   [37mpos_api/domain/supplier_return/handler.(*SupplierReturnHandler).Delete-fm[0m
2026/07/23 10:02:33 [32mPOST[0m   [34m/api/supplier-returns/list                   [0m   [37mpos_api/domain/supplier_return/handler.(*SupplierReturnHandler).GetAll-fm[0m
2026/07/23 10:02:33 [32mPOST[0m   [34m/api/supplier-returns/create                 [0m   [37mpos_api/domain/supplier_return/handler.(*SupplierReturnHandler).Create-fm[0m
2026/07/23 10:02:33 [32mPOST[0m   [34m/api/supplier-returns/update-status/:id      [0m   [37mpos_api/domain/supplier_return/handler.(*SupplierReturnHandler).UpdateStatus-fm[0m
2026/07/23 10:02:33 [32mPOST[0m   [34m/api/suppliers/detail/:id                    [0m   [37mpos_api/domain/supplier/handler.(*SupplierHandler).GetDetail-fm[0m
2026/07/23 10:02:33 [32mPOST[0m   [34m/api/suppliers/delete/:id                    [0m   [37mpos_api/domain/supplier/handler.(*SupplierHandler).Delete-fm[0m
2026/07/23 10:02:33 [32mPOST[0m   [34m/api/suppliers/list                          [0m   [37mpos_api/domain/supplier/handler.(*SupplierHandler).GetAll-fm[0m
2026/07/23 10:02:33 [32mPOST[0m   [34m/api/suppliers/options                       [0m   [37mpos_api/domain/supplier/handler.(*SupplierHandler).GetOptions-fm[0m
2026/07/23 10:02:33 [32mPOST[0m   [34m/api/suppliers/create                        [0m   [37mpos_api/domain/supplier/handler.(*SupplierHandler).Create-fm[0m
2026/07/23 10:02:33 [32mPOST[0m   [34m/api/suppliers/update/:id                    [0m   [37mpos_api/domain/supplier/handler.(*SupplierHandler).Update-fm[0m
2026/07/23 10:02:33 [32mPOST[0m   [34m/api/suppliers/toggle-status/:id             [0m   [37mpos_api/domain/supplier/handler.(*SupplierHandler).ToggleStatus-fm[0m
2026/07/23 10:02:33 [32mPOST[0m   [34m/api/shifts/detail/:id                       [0m   [37mpos_api/domain/shift/handler.(*ShiftHandler).GetByID-fm[0m
2026/07/23 10:02:33 [32mPOST[0m   [34m/api/shifts/delete/:id                       [0m   [37mpos_api/domain/shift/handler.(*ShiftHandler).Delete-fm[0m
2026/07/23 10:02:33 [32mPOST[0m   [34m/api/shifts/list                             [0m   [37mpos_api/domain/shift/handler.(*ShiftHandler).GetAll-fm[0m
2026/07/23 10:02:33 [32mPOST[0m   [34m/api/shifts/active                           [0m   [37mpos_api/domain/shift/handler.(*ShiftHandler).GetOptions-fm[0m
2026/07/23 10:02:33 [32mPOST[0m   [34m/api/shifts/summary                          [0m   [37mpos_api/domain/shift/handler.(*ShiftHandler).GetSummary-fm[0m
2026/07/23 10:02:33 [32mPOST[0m   [34m/api/shifts/create                           [0m   [37mpos_api/domain/shift/handler.(*ShiftHandler).Create-fm[0m
2026/07/23 10:02:33 [32mPOST[0m   [34m/api/shifts/update/:id                       [0m   [37mpos_api/domain/shift/handler.(*ShiftHandler).Update-fm[0m
2026/07/23 10:02:33 [32mPOST[0m   [34m/api/shifts/toggle-status/:id                [0m   [37mpos_api/domain/shift/handler.(*ShiftHandler).ToggleStatus-fm[0m
2026/07/23 10:02:33 [32mPOST[0m   [34m/api/settings                                [0m   [37mpos_api/domain/setting/handler.(*SettingHandler).Save-fm[0m
2026/07/23 10:02:33 [32mPOST[0m   [34m/api/settings/reset                          [0m   [37mpos_api/domain/setting/handler.(*SettingHandler).Reset-fm[0m
2026/07/23 10:02:33 [32mPOST[0m   [34m/api/settings/store                          [0m   [37mpos_api/domain/setting/handler.(*SettingHandler).UpdateStoreProfile-fm[0m
2026/07/23 10:02:33 [32mPOST[0m   [34m/api/settings/printer                        [0m   [37mpos_api/domain/setting/handler.(*SettingHandler).UpdatePrinterSettings-fm[0m
2026/07/23 10:02:33 [32mPOST[0m   [34m/api/stock-mutations/list                    [0m   [37mpos_api/domain/stock_mutation/handler.(*StockMutationHandler).GetAll-fm[0m
2026/07/23 10:02:33 [32mPOST[0m   [34m/api/stock-mutations/product/:product_id     [0m   [37mpos_api/domain/stock_mutation/handler.(*StockMutationHandler).GetByProduct-fm[0m
2026/07/23 10:02:33 [32mPOST[0m   [34m/api/sync/conflicts/:id/resolve              [0m   [37mpos_api/domain/sync/handler.(*SyncHandler).ResolveConflict-fm[0m
2026/07/23 10:02:33 [32mPOST[0m   [34m/api/sync/push                               [0m   [37mpos_api/domain/sync/handler.(*SyncHandler).PushSync-fm[0m
2026/07/23 10:02:33 [32mPOST[0m   [34m/api/products/import-preview                 [0m   [37mpos_api/domain/product/handler.(*ProductImportHandler).ImportPreview-fm[0m
2026/07/23 10:02:33 [32mPOST[0m   [34m/api/products/import-bulk                    [0m   [37mpos_api/domain/product/handler.(*ProductImportHandler).ImportBulk-fm[0m
2026/07/23 10:02:33 [32mPOST[0m   [34m/api/products/import-template                [0m   [37mpos_api/domain/product/handler.(*ProductImportHandler).DownloadImportTemplate-fm[0m
2026/07/23 10:02:33 [32mPOST[0m   [34m/api/products/detail/:id                     [0m   [37mpos_api/domain/product/handler.(*ProductHandler).GetByID-fm[0m
2026/07/23 10:02:33 [32mPOST[0m   [34m/api/products/delete/:id                     [0m   [37mpos_api/domain/product/handler.(*ProductHandler).Delete-fm[0m
2026/07/23 10:02:33 [32mPOST[0m   [34m/api/products/generate-barcode               [0m   [37mpos_api/domain/product/handler.(*ProductGenerateHandler).GenerateBarcode-fm[0m
2026/07/23 10:02:33 [32mPOST[0m   [34m/api/products/generate-sku                   [0m   [37mpos_api/domain/product/handler.(*ProductGenerateHandler).GenerateSku-fm[0m
2026/07/23 10:02:33 [32mPOST[0m   [34m/api/products/list                           [0m   [37mpos_api/domain/product/handler.(*ProductHandler).GetAll-fm[0m
2026/07/23 10:02:33 [32mPOST[0m   [34m/api/products/options                        [0m   [37mpos_api/domain/product/handler.(*ProductHandler).GetOptions-fm[0m
2026/07/23 10:02:33 [32mPOST[0m   [34m/api/products/search                         [0m   [37mpos_api/domain/product/handler.(*ProductHandler).Search-fm[0m
2026/07/23 10:02:33 [32mPOST[0m   [34m/api/products/by-barcode/:barcode            [0m   [37mpos_api/domain/product/handler.(*ProductHandler).GetByBarcode-fm[0m
2026/07/23 10:02:33 [32mPOST[0m   [34m/api/products/create                         [0m   [37mpos_api/domain/product/handler.(*ProductHandler).Create-fm[0m
2026/07/23 10:02:33 [32mPOST[0m   [34m/api/products/update/:id                     [0m   [37mpos_api/domain/product/handler.(*ProductHandler).Update-fm[0m
2026/07/23 10:02:33 [32mPOST[0m   [34m/api/products/toggle-status/:id              [0m   [37mpos_api/domain/product/handler.(*ProductHandler).ToggleStatus-fm[0m
2026/07/23 10:02:33 [32mPOST[0m   [34m/api/products/:id/packages/list              [0m   [37mpos_api/domain/product/handler.(*ProductPackageHandler).GetPackagesByProduct-fm[0m
2026/07/23 10:02:33 [32mPOST[0m   [34m/api/products/:id/packages/create            [0m   [37mpos_api/domain/product/handler.(*ProductPackageHandler).CreatePackage-fm[0m
2026/07/23 10:02:33 [32mPOST[0m   [34m/api/products/:id/packages/update/:package_id[0m   [37mpos_api/domain/product/handler.(*ProductPackageHandler).UpdatePackage-fm[0m
2026/07/23 10:02:33 [32mPOST[0m   [34m/api/products/:id/packages/delete/:package_id[0m   [37mpos_api/domain/product/handler.(*ProductPackageHandler).DeletePackage-fm[0m
2026/07/23 10:02:33 [32mPOST[0m   [34m/api/products/:id/prices/list                [0m   [37mpos_api/domain/product/handler.(*ProductPriceHandler).GetPricesByProduct-fm[0m
2026/07/23 10:02:33 [32mPOST[0m   [34m/api/products/:id/prices/save                [0m   [37mpos_api/domain/product/handler.(*ProductPriceHandler).SavePrices-fm[0m
2026/07/23 10:02:33 [32mPOST[0m   [34m/api/pin/set                                 [0m   [37mpos_api/domain/pin/handler.(*PinHandler).SetPin-fm[0m
2026/07/23 10:02:33 [32mPOST[0m   [34m/api/pin/verify                              [0m   [37mpos_api/domain/pin/handler.(*PinHandler).VerifyPin-fm[0m
2026/07/23 10:02:33 [32mPOST[0m   [34m/api/pin/change                              [0m   [37mpos_api/domain/pin/handler.(*PinHandler).ChangePin-fm[0m
2026/07/23 10:02:33 [32mPOST[0m   [34m/api/payment-statuses/list                   [0m   [37mpos_api/domain/payment_status/handler.(*PaymentStatusHandler).GetAll-fm[0m
2026/07/23 10:02:33 [32mPOST[0m   [34m/api/payment-methods/list                    [0m   [37mpos_api/domain/payment_method/handler.(*PaymentMethodHandler).GetAll-fm[0m
2026/07/23 10:02:33 [32mPOST[0m   [34m/api/cash-drawer/current                     [0m   [37mpos_api/domain/cash_drawer/handler.(*CashDrawerHandler).GetCurrent-fm[0m
2026/07/23 10:02:33 [32mPOST[0m   [34m/api/cash-drawer/close/:id                   [0m   [37mpos_api/domain/cash_drawer/handler.(*CashDrawerHandler).Close-fm[0m
2026/07/23 10:02:33 [32mPOST[0m   [34m/api/cash-drawer/update-sales/:id            [0m   [37mpos_api/domain/cash_drawer/handler.(*CashDrawerHandler).UpdateSales-fm[0m
2026/07/23 10:02:33 [32mPOST[0m   [34m/api/cash-drawer/update-expenses/:id         [0m   [37mpos_api/domain/cash_drawer/handler.(*CashDrawerHandler).UpdateExpenses-fm[0m
2026/07/23 10:02:33 [32mPOST[0m   [34m/api/cash-drawer/my-cash                     [0m   [37mpos_api/domain/cash_drawer/handler.(*CashDrawerHandler).GetMyCash-fm[0m
2026/07/23 10:02:33 [32mPOST[0m   [34m/api/cash-drawer/list                        [0m   [37mpos_api/domain/cash_drawer/handler.(*CashDrawerHandler).GetHistory-fm[0m
2026/07/23 10:02:33 [32mPOST[0m   [34m/api/cash-drawer/summary                     [0m   [37mpos_api/domain/cash_drawer/handler.(*CashDrawerHandler).GetSummary-fm[0m
2026/07/23 10:02:33 [32mPOST[0m   [34m/api/cash-drawer/kasir-options               [0m   [37mpos_api/domain/cash_drawer/handler.(*CashDrawerHandler).GetKasirOptions-fm[0m
2026/07/23 10:02:33 [32mPOST[0m   [34m/api/cash-drawer/detail/:id                  [0m   [37mpos_api/domain/cash_drawer/handler.(*CashDrawerHandler).GetByID-fm[0m
2026/07/23 10:02:33 [32mPOST[0m   [34m/api/cash-drawer/open                        [0m   [37mpos_api/domain/cash_drawer/handler.(*CashDrawerHandler).Open-fm[0m
2026/07/23 10:02:33 [32mPOST[0m   [34m/api/categories/detail/:id                   [0m   [37mpos_api/domain/product_category/handler.(*CategoryHandler).GetByID-fm[0m
2026/07/23 10:02:33 [32mPOST[0m   [34m/api/categories/delete/:id                   [0m   [37mpos_api/domain/product_category/handler.(*CategoryHandler).Delete-fm[0m
2026/07/23 10:02:33 [32mPOST[0m   [34m/api/categories/list                         [0m   [37mpos_api/domain/product_category/handler.(*CategoryHandler).GetAll-fm[0m
2026/07/23 10:02:33 [32mPOST[0m   [34m/api/categories/options                      [0m   [37mpos_api/domain/product_category/handler.(*CategoryHandler).GetOptions-fm[0m
2026/07/23 10:02:33 [32mPOST[0m   [34m/api/categories/create                       [0m   [37mpos_api/domain/product_category/handler.(*CategoryHandler).Create-fm[0m
2026/07/23 10:02:33 [32mPOST[0m   [34m/api/categories/update/:id                   [0m   [37mpos_api/domain/product_category/handler.(*CategoryHandler).Update-fm[0m
2026/07/23 10:02:33 [32mPOST[0m   [34m/api/categories/toggle-status/:id            [0m   [37mpos_api/domain/product_category/handler.(*CategoryHandler).ToggleStatus-fm[0m
2026/07/23 10:02:33 [32mPOST[0m   [34m/api/customers/detail/:id                    [0m   [37mpos_api/domain/customer/handler.(*CustomerHandler).GetByID-fm[0m
2026/07/23 10:02:33 [32mPOST[0m   [34m/api/customers/delete/:id                    [0m   [37mpos_api/domain/customer/handler.(*CustomerHandler).Delete-fm[0m
2026/07/23 10:02:33 [32mPOST[0m   [34m/api/customers/list                          [0m   [37mpos_api/domain/customer/handler.(*CustomerHandler).GetAll-fm[0m
2026/07/23 10:02:33 [32mPOST[0m   [34m/api/customers/active                        [0m   [37mpos_api/domain/customer/handler.(*CustomerHandler).GetOptions-fm[0m
2026/07/23 10:02:33 [32mPOST[0m   [34m/api/customers/create                        [0m   [37mpos_api/domain/customer/handler.(*CustomerHandler).Create-fm[0m
2026/07/23 10:02:33 [32mPOST[0m   [34m/api/customers/update/:id                    [0m   [37mpos_api/domain/customer/handler.(*CustomerHandler).Update-fm[0m
2026/07/23 10:02:33 [32mPOST[0m   [34m/api/customers/toggle-status/:id             [0m   [37mpos_api/domain/customer/handler.(*CustomerHandler).ToggleStatus-fm[0m
2026/07/23 10:02:33 [32mPOST[0m   [34m/api/reports/sales/list                      [0m   [37mpos_api/domain/report/handler.(*ReportHandler).GetSalesList-fm[0m
2026/07/23 10:02:33 [32mPOST[0m   [34m/api/reports/sales/summary                   [0m   [37mpos_api/domain/report/handler.(*ReportHandler).GetSalesSummaryData-fm[0m
2026/07/23 10:02:33 [32mPOST[0m   [34m/api/reports/stock/list                      [0m   [37mpos_api/domain/report/handler.(*ReportHandler).GetStockList-fm[0m
2026/07/23 10:02:33 [32mPOST[0m   [34m/api/reports/stock/summary                   [0m   [37mpos_api/domain/report/handler.(*ReportHandler).GetStockSummaryData-fm[0m
2026/07/23 10:02:33 [32mPOST[0m   [34m/api/reports/profit-loss/data                [0m   [37mpos_api/domain/report/handler.(*ReportHandler).GetProfitLossData-fm[0m
2026/07/23 10:02:33 [32mPOST[0m   [34m/api/reports/cashier/list                    [0m   [37mpos_api/domain/report/handler.(*ReportHandler).GetCashierList-fm[0m
2026/07/23 10:02:33 [32mPOST[0m   [34m/api/receivables/payments/:id                [0m   [37mpos_api/domain/receivable/handler.(*ReceivableHandler).GetPayments-fm[0m
2026/07/23 10:02:33 [32mPOST[0m   [34m/api/receivables/pay/:id                     [0m   [37mpos_api/domain/receivable/handler.(*ReceivableHandler).Pay-fm[0m
2026/07/23 10:02:33 [32mPOST[0m   [34m/api/receivables/list                        [0m   [37mpos_api/domain/receivable/handler.(*ReceivableHandler).GetAll-fm[0m
2026/07/23 10:02:33 [32mPOST[0m   [34m/api/receivables/summary                     [0m   [37mpos_api/domain/receivable/handler.(*ReceivableHandler).GetSummary-fm[0m
2026/07/23 10:02:33 [32mPOST[0m   [34m/api/receivables/detail/:id                  [0m   [37mpos_api/domain/receivable/handler.(*ReceivableHandler).GetByID-fm[0m
2026/07/23 10:02:33 [32mPOST[0m   [34m/api/restore                                 [0m   [37mpos_api/domain/backup/handler.(*BackupHandler).Restore-fm[0m
2026/07/23 10:02:33 [32mPOST[0m   [34m/api/roles/detail/:id                        [0m   [37mpos_api/domain/role/handler.(*RoleHandler).GetByID-fm[0m
2026/07/23 10:02:33 [32mPOST[0m   [34m/api/roles/delete/:id                        [0m   [37mpos_api/domain/role/handler.(*RoleHandler).Delete-fm[0m
2026/07/23 10:02:33 [32mPOST[0m   [34m/api/roles/list                              [0m   [37mpos_api/domain/role/handler.(*RoleHandler).GetAll-fm[0m
2026/07/23 10:02:33 [32mPOST[0m   [34m/api/roles/options                           [0m   [37mpos_api/domain/role/handler.(*RoleHandler).GetOptions-fm[0m
2026/07/23 10:02:33 [32mPOST[0m   [34m/api/roles/create                            [0m   [37mpos_api/domain/role/handler.(*RoleHandler).Create-fm[0m
2026/07/23 10:02:33 [32mPOST[0m   [34m/api/roles/update/:id                        [0m   [37mpos_api/domain/role/handler.(*RoleHandler).Update-fm[0m
2026/07/23 10:02:33 [32mPOST[0m   [34m/api/roles/toggle-status/:id                 [0m   [37mpos_api/domain/role/handler.(*RoleHandler).ToggleStatus-fm[0m
2026/07/23 10:02:33 [32mPOST[0m   [34m/api/roles/:id/menus/list                    [0m   [37mpos_api/domain/access/handler.(*AccessHandler).GetByRoleID-fm[0m
2026/07/23 10:02:33 [32mPOST[0m   [34m/api/roles/:id/menus/set                     [0m   [37mpos_api/domain/access/handler.(*AccessHandler).SetRoleAccess-fm[0m
2026/07/23 10:02:33 [32mPOST[0m   [34m/api/route-registry/options                  [0m   [37mpos_api/domain/route_registry/handler.(*RouteRegistryHandler).GetOptions-fm[0m
2026/07/23 10:02:33 [32mPOST[0m   [34m/api/users/create                            [0m   [37mpos_api/domain/user/handler.(*UserHandler).Create-fm[0m
2026/07/23 10:02:33 [32mPOST[0m   [34m/api/users/change-password/:id               [0m   [37mpos_api/domain/user/handler.(*UserHandler).ChangePassword-fm[0m
2026/07/23 10:02:33 [32mPOST[0m   [34m/api/users/detail/:id                        [0m   [37mpos_api/domain/user/handler.(*UserHandler).GetByID-fm[0m
2026/07/23 10:02:33 [32mPOST[0m   [34m/api/users/delete/:id                        [0m   [37mpos_api/domain/user/handler.(*UserHandler).Delete-fm[0m
2026/07/23 10:02:33 [32mPOST[0m   [34m/api/users/list                              [0m   [37mpos_api/domain/user/handler.(*UserHandler).GetAll-fm[0m
2026/07/23 10:02:33 [32mPOST[0m   [34m/api/users/update/:id                        [0m   [37mpos_api/domain/user/handler.(*UserHandler).Update-fm[0m
2026/07/23 10:02:33 [32mPOST[0m   [34m/api/users/toggle-status/:id                 [0m   [37mpos_api/domain/user/handler.(*UserHandler).ToggleStatus-fm[0m
2026/07/23 10:02:33 [32mPOST[0m   [34m/api/units/detail/:id                        [0m   [37mpos_api/domain/product_unit/handler.(*UnitHandler).GetByID-fm[0m
2026/07/23 10:02:33 [32mPOST[0m   [34m/api/units/delete/:id                        [0m   [37mpos_api/domain/product_unit/handler.(*UnitHandler).Delete-fm[0m
2026/07/23 10:02:33 [32mPOST[0m   [34m/api/units/list                              [0m   [37mpos_api/domain/product_unit/handler.(*UnitHandler).GetAll-fm[0m
2026/07/23 10:02:33 [32mPOST[0m   [34m/api/units/options                           [0m   [37mpos_api/domain/product_unit/handler.(*UnitHandler).GetOptions-fm[0m
2026/07/23 10:02:33 [32mPOST[0m   [34m/api/units/create                            [0m   [37mpos_api/domain/product_unit/handler.(*UnitHandler).Create-fm[0m
2026/07/23 10:02:33 [32mPOST[0m   [34m/api/units/update/:id                        [0m   [37mpos_api/domain/product_unit/handler.(*UnitHandler).Update-fm[0m
2026/07/23 10:02:33 [32mPOST[0m   [34m/api/units/toggle-status/:id                 [0m   [37mpos_api/domain/product_unit/handler.(*UnitHandler).ToggleStatus-fm[0m
2026/07/23 10:02:33 [32mPOST[0m   [34m/api/menus/detail/:id                        [0m   [37mpos_api/domain/menu/handler.(*MenuHandler).GetByID-fm[0m
2026/07/23 10:02:33 [32mPOST[0m   [34m/api/menus/delete/:id                        [0m   [37mpos_api/domain/menu/handler.(*MenuHandler).Delete-fm[0m
2026/07/23 10:02:33 [32mPOST[0m   [34m/api/menus/my                                [0m   [37mpos_api/domain/menu/handler.(*MenuHandler).GetMyMenus-fm[0m
2026/07/23 10:02:33 [32mPOST[0m   [34m/api/menus/options                           [0m   [37mpos_api/domain/menu/handler.(*MenuHandler).GetOptions-fm[0m
2026/07/23 10:02:33 [32mPOST[0m   [34m/api/menus/list                              [0m   [37mpos_api/domain/menu/handler.(*MenuHandler).GetAll-fm[0m
2026/07/23 10:02:33 [32mPOST[0m   [34m/api/menus/create                            [0m   [37mpos_api/domain/menu/handler.(*MenuHandler).Create-fm[0m
2026/07/23 10:02:33 [32mPOST[0m   [34m/api/menus/update/:id                        [0m   [37mpos_api/domain/menu/handler.(*MenuHandler).Update-fm[0m
2026/07/23 10:02:33 [32mPOST[0m   [34m/api/menus/reorder                           [0m   [37mpos_api/domain/menu/handler.(*MenuHandler).Reorder-fm[0m
2026/07/23 10:02:33 [32mPOST[0m   [34m/api/auth/login                              [0m   [37mpos_api/domain/auth/handler.(*AuthHandler).Login-fm[0m
2026/07/23 10:02:33 [32mPOST[0m   [34m/api/auth/logout                             [0m   [37mpos_api/domain/auth/handler.(*AuthHandler).Logout-fm[0m
2026/07/23 10:02:33 [32mPOST[0m   [34m/api/auth/refresh                            [0m   [37mpos_api/domain/auth/handler.(*AuthHandler).RefreshToken-fm[0m
2026/07/23 10:02:33 [32mPOST[0m   [34m/api/auth/verify-token                       [0m   [37mpos_api/domain/auth/handler.(*AuthHandler).VerifyToken-fm[0m
2026/07/23 10:02:33 [32mPOST[0m   [34m/api/auth/me                                 [0m   [37mpos_api/domain/auth/handler.(*AuthHandler).GetMe-fm[0m
2026/07/23 10:02:33 [32mPOST[0m   [34m/api/expenses/detail/:id                     [0m   [37mpos_api/domain/expense/handler.(*ExpenseHandler).GetByID-fm[0m
2026/07/23 10:02:33 [32mPOST[0m   [34m/api/expenses/delete/:id                     [0m   [37mpos_api/domain/expense/handler.(*ExpenseHandler).Delete-fm[0m
2026/07/23 10:02:33 [32mPOST[0m   [34m/api/expenses/list                           [0m   [37mpos_api/domain/expense/handler.(*ExpenseHandler).GetAll-fm[0m
2026/07/23 10:02:33 [32mPOST[0m   [34m/api/expenses/create                         [0m   [37mpos_api/domain/expense/handler.(*ExpenseHandler).Create-fm[0m
2026/07/23 10:02:33 [32mPOST[0m   [34m/api/expenses/update/:id                     [0m   [37mpos_api/domain/expense/handler.(*ExpenseHandler).Update-fm[0m
2026/07/23 10:02:33 [32mPOST[0m   [34m/api/transactions/list                       [0m   [37mpos_api/domain/transaction/handler.(*TransactionHandler).GetAll-fm[0m
2026/07/23 10:02:33 [32mPOST[0m   [34m/api/transactions/detail/:id                 [0m   [37mpos_api/domain/transaction/handler.(*TransactionHandler).GetByID-fm[0m
2026/07/23 10:02:33 [32mPOST[0m   [34m/api/transactions/create                     [0m   [37mpos_api/domain/transaction/handler.(*TransactionHandler).Create-fm[0m
2026/07/23 10:02:33 [32mPOST[0m   [34m/api/transactions/void/:id                   [0m   [37mpos_api/domain/transaction/handler.(*TransactionHandler).Void-fm[0m
2026/07/23 10:02:33 [32mPOST[0m   [34m/api/finance/summary                         [0m   [37mpos_api/domain/finance/handler.(*FinanceHandler).GetSummary-fm[0m
2026/07/23 10:02:33 [32mPOST[0m   [34m/api/finance/cashflow                        [0m   [37mpos_api/domain/finance/handler.(*FinanceHandler).GetCashflow-fm[0m
2026/07/23 10:02:33 [32mPOST[0m   [34m/api/version/list                            [0m   [37mpos_api/domain/version/handler.(*VersionHandler).GetAll-fm[0m
2026/07/23 10:02:33 [32mPOST[0m   [34m/api/version/android                         [0m   [37mpos_api/domain/version/handler.(*VersionHandler).UpdateAndroidVersion-fm[0m
2026/07/23 10:02:33 [32mPOST[0m   [34m/api/backup                                  [0m   [37mpos_api/domain/backup/handler.(*BackupHandler).Create-fm[0m
2026/07/23 10:02:33 [32mGET [0m   [34m/api/reports/sales                           [0m   [37mpos_api/domain/report/handler.(*ReportHandler).GetSalesReport-fm[0m
2026/07/23 10:02:33 [32mGET [0m   [34m/api/reports/sales/chart                     [0m   [37mpos_api/domain/report/handler.(*ReportHandler).GetSalesChart-fm[0m
2026/07/23 10:02:33 [32mGET [0m   [34m/api/reports/sales/export                    [0m   [37mpos_api/domain/report/handler.(*ReportHandler).ExportSalesReport-fm[0m
2026/07/23 10:02:33 [32mGET [0m   [34m/api/reports/stock                           [0m   [37mpos_api/domain/report/handler.(*ReportHandler).GetStockReport-fm[0m
2026/07/23 10:02:33 [32mGET [0m   [34m/api/reports/stock/export                    [0m   [37mpos_api/domain/report/handler.(*ReportHandler).ExportStockReport-fm[0m
2026/07/23 10:02:33 [32mGET [0m   [34m/api/reports/profit-loss                     [0m   [37mpos_api/domain/report/handler.(*ReportHandler).GetProfitLoss-fm[0m
2026/07/23 10:02:33 [32mGET [0m   [34m/api/reports/profit-loss/export              [0m   [37mpos_api/domain/report/handler.(*ReportHandler).ExportProfitLoss-fm[0m
2026/07/23 10:02:33 [32mGET [0m   [34m/api/reports/cashier                         [0m   [37mpos_api/domain/report/handler.(*ReportHandler).GetCashierReport-fm[0m
2026/07/23 10:02:33 [32mGET [0m   [34m/api/reports/cashier/export                  [0m   [37mpos_api/domain/report/handler.(*ReportHandler).ExportCashierReport-fm[0m
2026/07/23 10:02:33 [32mGET [0m   [34m/api/settings                                [0m   [37mpos_api/domain/setting/handler.(*SettingHandler).GetAll-fm[0m
2026/07/23 10:02:33 [32mGET [0m   [34m/api/settings/store                          [0m   [37mpos_api/domain/setting/handler.(*SettingHandler).GetStoreProfile-fm[0m
2026/07/23 10:02:33 [32mGET [0m   [34m/api/settings/printer                        [0m   [37mpos_api/domain/setting/handler.(*SettingHandler).GetPrinterSettings-fm[0m
2026/07/23 10:02:33 [32mGET [0m   [34m/api/settings/:key                           [0m   [37mpos_api/domain/setting/handler.(*SettingHandler).GetByKey-fm[0m
2026/07/23 10:02:33 [32mGET [0m   [34m/api/sync/conflicts                          [0m   [37mpos_api/domain/sync/handler.(*SyncHandler).GetConflicts-fm[0m
2026/07/23 10:02:33 [32mGET [0m   [34m/api/sync/conflicts/count                    [0m   [37mpos_api/domain/sync/handler.(*SyncHandler).GetConflictCount-fm[0m
2026/07/23 10:02:33 [32mGET [0m   [34m/api/sync/queue                              [0m   [37mpos_api/domain/sync/handler.(*SyncHandler).GetQueue-fm[0m
2026/07/23 10:02:33 [32mGET [0m   [34m/api/sync/history                            [0m   [37mpos_api/domain/sync/handler.(*SyncHandler).GetHistory-fm[0m
2026/07/23 10:02:33 [32mGET [0m   [34m/api/dashboard/stats                         [0m   [37mpos_api/domain/dashboard/handler.(*DashboardHandler).GetStats-fm[0m
2026/07/23 10:02:33 [32mGET [0m   [34m/api/dashboard/sales-trend                   [0m   [37mpos_api/domain/dashboard/handler.(*DashboardHandler).GetSalesTrend-fm[0m
2026/07/23 10:02:33 [32mGET [0m   [34m/api/dashboard/summary-extra                 [0m   [37mpos_api/domain/dashboard/handler.(*DashboardHandler).GetSummaryExtra-fm[0m
2026/07/23 10:02:33 [32mGET [0m   [34m/api/dashboard/top-products                  [0m   [37mpos_api/domain/dashboard/handler.(*DashboardHandler).GetTopProducts-fm[0m
2026/07/23 10:02:33 [32mGET [0m   [34m/api/dashboard/top-categories                [0m   [37mpos_api/domain/dashboard/handler.(*DashboardHandler).GetTopCategories-fm[0m
2026/07/23 10:02:33 [32mGET [0m   [34m/api/dashboard/payment-methods               [0m   [37mpos_api/domain/dashboard/handler.(*DashboardHandler).GetPaymentMethods-fm[0m
2026/07/23 10:02:33 [32mGET [0m   [34m/api/backup/list                             [0m   [37mpos_api/domain/backup/handler.(*BackupHandler).GetList-fm[0m
2026/07/23 10:02:33 [32mGET [0m   [34m/api/backup/download/:filename               [0m   [37mpos_api/domain/backup/handler.(*BackupHandler).Download-fm[0m
2026/07/23 10:02:33 [32mGET [0m   [34m/api/version/android                         [0m   [37mpos_api/domain/version/handler.(*VersionHandler).CheckAndroid-fm[0m
2026/07/23 10:02:33 [32mGET [0m   [34m/api/health                                  [0m   [37mpos_api/routes.publicRoutes.func1[0m
2026/07/23 10:02:33 [32mGET [0m   [34m/api/pin/check                               [0m   [37mpos_api/domain/pin/handler.(*PinHandler).CheckPin-fm[0m
[GIN] 2026/07/23 - 10:02:43 | 200 |       525.6µs |             ::1 | GET      "/api/health"

2026/07/23 10:02:43 [32mD:/Develop/Project_pos_mahenz/BE/repository/log_request_repository.go:32
[0m[33m[3.243ms] [34;1m[rows:1][0m INSERT INTO log_requests (id, method, endpoint, status_code, request_body, response_body, user_id, duration_ms, ip_address, error_message, created_at) VALUES ('c04d7c35-64a4-466a-ba80-52d656da6a81', 'GET', '/api/health', 200, '', '{"code":"00","data":null,"message":"OK","status":true}', NULL, 0, '::1', NULL, '2026-07-23 10:02:43.217')
[GIN] 2026/07/23 - 10:02:48 | 204 |            0s |             ::1 | OPTIONS  "/api/auth/login"

2026/07/23 10:02:48 [32mD:/Develop/Project_pos_mahenz/BE/domain/auth/repo/auth_repo.go:17
[0m[33m[1.567ms] [34;1m[rows:1][0m SELECT u.id, u.username, u.password, u.full_name, u.role_id, r.name AS role_name, u.is_active FROM users u INNER JOIN roles r ON r.id = u.role_id WHERE u.username = 'admin' LIMIT 1

2026/07/23 10:02:48 [32mD:/Develop/Project_pos_mahenz/BE/domain/auth/repo/auth_repo.go:67
[0m[33m[9.796ms] [34;1m[rows:1][0m DELETE FROM sessions WHERE user_id = 2

2026/07/23 10:02:48 [32mD:/Develop/Project_pos_mahenz/BE/domain/auth/repo/auth_repo.go:38
[0m[33m[2.379ms] [34;1m[rows:1][0m INSERT INTO sessions (user_id, user_role, token, refresh_token, device_info, ip_address, expires_at) VALUES (2, 'admin', 'eyJhbGciOiJIUzI1NiIsInR5cCI6IkpXVCJ9.eyJhcHBzIjoid2ViIiwiZXhwIjoxNzg0ODA0NTY4LCJmdWxsX25hbWUiOiJBZG1pbmlzdHJhdG9yIiwicm9sZSI6ImFkbWluIiwidXNlcl9pZCI6MiwidXNlcm5hbWUiOiJhZG1pbiJ9.zlyxCBYPcHSPMM7hmP9b4sMmAVINpHKOBId7uLj8Nc8', 'e0424cd90969da44b8e0c6fea420ad2b321fdf5c14222059273a3c845d2806e7', 'web', '::1', '2026-07-30 10:02:48.783') ON DUPLICATE KEY UPDATE user_role=VALUES(user_role), token=VALUES(token), refresh_token=VALUES(refresh_token), device_info=VALUES(device_info), ip_address=VALUES(ip_address), expires_at=VALUES(expires_at), created_at=NOW()
[GIN] 2026/07/23 - 10:02:48 | 200 |     75.1925ms |             ::1 | POST     "/api/auth/login"

2026/07/23 10:02:48 [32mD:/Develop/Project_pos_mahenz/BE/repository/log_request_repository.go:32
[0m[33m[2.132ms] [34;1m[rows:1][0m INSERT INTO log_requests (id, method, endpoint, status_code, request_body, response_body, user_id, duration_ms, ip_address, error_message, created_at) VALUES ('a096a769-bbbc-45da-a6cb-fe4c16b763d4', 'POST', '/api/auth/login', 200, '{"username":"admin","password":"admin123","device_info":"web"}', '{"code":"00","status":true,"message":"Login berhasil","data":{"token":"eyJhbGciOiJIUzI1NiIsInR5cCI6IkpXVCJ9.eyJhcHBzIjoid2ViIiwiZXhwIjoxNzg0ODA0NTY4LCJmdWxsX25hbWUiOiJBZG1pbmlzdHJhdG9yIiwicm9sZSI6ImFkbWluIiwidXNlcl9pZCI6MiwidXNlcm5hbWUiOiJhZG1pbiJ9.zlyxCBYPcHSPMM7hmP9b4sMmAVINpHKOBId7uLj8Nc8","refresh_token":"e0424cd90969da44b8e0c6fea420ad2b321fdf5c14222059273a3c845d2806e7","expires_at":"2026-07-30T10:02:48.7836065+07:00","user":{"id":2,"username":"admin","full_name":"Administrator","role_id":2,"role_name":"admin"}}}', NULL, 75, '::1', NULL, '2026-07-23 10:02:48.796')
[GIN] 2026/07/23 - 10:02:48 | 204 |            0s |             ::1 | OPTIONS  "/api/menus/my"
[GIN] 2026/07/23 - 10:02:48 | 204 |            0s |             ::1 | OPTIONS  "/api/menus/my"

2026/07/23 10:02:48 [32mD:/Develop/Project_pos_mahenz/BE/domain/auth/repo/auth_repo.go:46
[0m[33m[2.013ms] [34;1m[rows:1][0m SELECT id, user_id, user_role, token, device_info, expires_at FROM sessions WHERE token = 'eyJhbGciOiJIUzI1NiIsInR5cCI6IkpXVCJ9.eyJhcHBzIjoid2ViIiwiZXhwIjoxNzg0ODA0NTY4LCJmdWxsX25hbWUiOiJBZG1pbmlzdHJhdG9yIiwicm9sZSI6ImFkbWluIiwidXNlcl9pZCI6MiwidXNlcm5hbWUiOiJhZG1pbiJ9.zlyxCBYPcHSPMM7hmP9b4sMmAVINpHKOBId7uLj8Nc8' LIMIT 1

2026/07/23 10:02:48 [32mD:/Develop/Project_pos_mahenz/BE/domain/menu/repo/menu_repo.go:121
[0m[33m[1.122ms] [34;1m[rows:-][0m 
		SELECT
			m.id,
			m.parent_id,
			m.key_name,
			m.label,
			m.icon,
			m.path,
			m.order_index,
			COALESCE(rma.can_view,   0),
			COALESCE(rma.can_create, 0),
			COALESCE(rma.can_edit,   0),
			COALESCE(rma.can_delete, 0)
		FROM menus m
		LEFT JOIN role_menu_access rma ON rma.menu_id = m.id
			AND rma.role_id = (SELECT id FROM roles WHERE name = 'admin' AND is_active = 1 LIMIT 1)
		WHERE m.is_active = 1
		ORDER BY m.order_index ASC, m.id ASC
		
[GIN] 2026/07/23 - 10:02:48 | 200 |      4.4592ms |             ::1 | POST     "/api/menus/my"

2026/07/23 10:02:48 [32mD:/Develop/Project_pos_mahenz/BE/domain/auth/repo/auth_repo.go:46
[0m[33m[3.169ms] [34;1m[rows:1][0m SELECT id, user_id, user_role, token, device_info, expires_at FROM sessions WHERE token = 'eyJhbGciOiJIUzI1NiIsInR5cCI6IkpXVCJ9.eyJhcHBzIjoid2ViIiwiZXhwIjoxNzg0ODA0NTY4LCJmdWxsX25hbWUiOiJBZG1pbmlzdHJhdG9yIiwicm9sZSI6ImFkbWluIiwidXNlcl9pZCI6MiwidXNlcm5hbWUiOiJhZG1pbiJ9.zlyxCBYPcHSPMM7hmP9b4sMmAVINpHKOBId7uLj8Nc8' LIMIT 1

2026/07/23 10:02:48 [32mD:/Develop/Project_pos_mahenz/BE/domain/menu/repo/menu_repo.go:121
[0m[33m[1.395ms] [34;1m[rows:-][0m 
		SELECT
			m.id,
			m.parent_id,
			m.key_name,
			m.label,
			m.icon,
			m.path,
			m.order_index,
			COALESCE(rma.can_view,   0),
			COALESCE(rma.can_create, 0),
			COALESCE(rma.can_edit,   0),
			COALESCE(rma.can_delete, 0)
		FROM menus m
		LEFT JOIN role_menu_access rma ON rma.menu_id = m.id
			AND rma.role_id = (SELECT id FROM roles WHERE name = 'admin' AND is_active = 1 LIMIT 1)
		WHERE m.is_active = 1
		ORDER BY m.order_index ASC, m.id ASC
		
[GIN] 2026/07/23 - 10:02:48 | 200 |      4.5632ms |             ::1 | POST     "/api/menus/my"

2026/07/23 10:02:48 [32mD:/Develop/Project_pos_mahenz/BE/repository/log_request_repository.go:32
[0m[33m[3.306ms] [34;1m[rows:1][0m INSERT INTO log_requests (id, method, endpoint, status_code, request_body, response_body, user_id, duration_ms, ip_address, error_message, created_at) VALUES ('24d7c098-9ea1-47ca-a3f6-467dbd5b24ef', 'POST', '/api/menus/my', 200, '{}', '{"code":"00","status":true,"message":"Menu akses","data":[{"key_name":"beranda","label":"Beranda","icon":"Home","path":null,"order_index":1,"permission":{"can_view":true,"can_create":true,"can_edit":true,"can_delete":false},"children":[{"key_name":"beranda.dashboard","label":"Dashboard","icon":"LayoutDashboard","path":"/dashboard","order_index":1,"permission":{"can_view":true,"can_create":true,"can_edit":true,"can_delete":false},"children":[]}]},{"key_name":"penjualan","label":"Penjualan","icon":"ShoppingCart","path":null,"order_index":2,"permission":{"can_view":true,"can_create":true,"can_edit":true,"can_delete":false},"children":[{"key_name":"penjualan.kasir","label":"Kasir","icon":"ShoppingCart","path":"/kasir","order_index":1,"permission":{"can_view":true,"can_create":true,"can_edit":true,"can_delete":false},"children":[]},{"key_name":"penjualan.transaksi","label":"Transaksi","icon":"Receipt","path":"/transactions","order_index":2,"permission":{"can_view":true,"can_create":true,"can_edit":true,"can_delete":false},"children":[]}]},{"key_name":"produk","label":"Produk","icon":"Package","path":null,"order_index":3,"permission":{"can_view":true,"can_create":true,"can_edit":true,"can_delete":false},"children":[{"key_name":"produk.produk","label":"Produk","icon":"Package","path":"/products","order_index":1,"permission":{"can_view":true,"can_create":true,"can_edit":true,"can_delete":false},"children":[]},{"key_name":"produk.kategori","label":"Kategori","icon":"Tag","path":"/products/categories","order_index":2,"permission":{"can_view":true,"can_create":true,"can_edit":true,"can_delete":false},"children":[]},{"key_name":"produk.unit","label":"Unit","icon":"PackageSearch","path":"/products/units","order_index":3,"permission":{"can_view":true,"can_create":true,"can_edit":true,"can_delete":false},"children":[]}]},{"key_name":"pengadaan","label":"Pengadaan","icon":"Truck","path":null,"order_index":4,"permission":{"can_view":true,"can_create":true,"can_edit":true,"can_delete":false},"children":[{"key_name":"pengadaan.supplier","label":"Supplier","icon":"Truck","path":"/suppliers","order_index":1,"permission":{"can_view":true,"can_create":true,"can_edit":true,"can_delete":false},"children":[]},{"key_name":"pengadaan.pembelian","label":"Pembelian","icon":"ShoppingBag","path":"/suppliers/purchases","order_index":2,"permission":{"can_view":true,"can_create":true,"can_edit":true,"can_delete":false},"children":[]},{"key_name":"pengadaan.retur","label":"Retur","icon":"RotateCcw","path":"/suppliers/returns","order_index":3,"permission":{"can_view":true,"can_create":true,"can_edit":true,"can_delete":false},"children":[]}]},{"key_name":"pelanggan","label":"Pelanggan","icon":"Users","path":null,"order_index":5,"permission":{"can_view":true,"can_create":true,"can_edit":true,"can_delete":false},"children":[{"key_name":"pelanggan.pelanggan","label":"Pelanggan","icon":"Users","path":"/customers","order_index":1,"permission":{"can_view":true,"can_create":true,"can_edit":true,"can_delete":false},"children":[]},{"key_name":"pelanggan.piutang","label":"Piutang","icon":"CreditCard","path":"/receivables","order_index":2,"permission":{"can_view":true,"can_create":true,"can_edit":true,"can_delete":false},"children":[]}]},{"key_name":"keuangan","label":"Keuangan","icon":"Wallet","path":null,"order_index":6,"permission":{"can_view":true,"can_create":true,"can_edit":true,"can_delete":false},"children":[{"key_name":"keuangan.dashboard","label":"Dashboard Keuangan","icon":"Wallet","path":"/finance","order_index":1,"permission":{"can_view":true,"can_create":true,"can_edit":true,"can_delete":false},"children":[]},{"key_name":"keuangan.kas_harian","label":"Kas Harian","icon":"Landmark","path":"/finance/cash-drawer","order_index":2,"permission":{"can_view":true,"can_create":true,"can_edit":true,"can_delete":false},"children":[]},{"key_name":"keuangan.pengeluaran","label":"Pengeluaran","icon":"TrendingDown","path":"/finance/expenses","order_index":3,"permission":{"can_view":true,"can_create":true,"can_edit":true,"can_delete":false},"children":[]},{"key_name":"keuangan.kas_saya","label":"Kas Saya","icon":"Wallet","path":"/finance/my-cash","order_index":4,"permission":{"can_view":true,"can_create":true,"can_edit":true,"can_delete":false},"children":[]}]},{"key_name":"pelaporan","label":"Pelaporan","icon":"BarChart2","path":null,"order_index":7,"permission":{"can_view":true,"can_create":true,"can_edit":true,"can_delete":false},"children":[{"key_name":"pelaporan.penjualan","label":"Penjualan","icon":"TrendingUp","path":"/reports/sales","order_index":1,"permission":{"can_view":true,"can_create":true,"can_edit":true,"can_delete":false},"children":[]},{"key_name":"pelaporan.laba_rugi","label":"Laba Rugi","icon":"LineChart","path":"/reports/profit-loss","order_index":2,"permission":{"can_view":true,"can_create":true,"can_edit":true,"can_delete":false},"children":[]},{"key_name":"pelaporan.stok","label":"Stok","icon":"PackageSearch","path":"/reports/stock","order_index":3,"permission":{"can_view":true,"can_create":true,"can_edit":true,"can_delete":false},"children":[]},{"key_name":"pelaporan.kinerja_kasir","label":"Kinerja Kasir","icon":"BarChart2","path":"/reports/cashier","order_index":4,"permission":{"can_view":true,"can_create":true,"can_edit":true,"can_delete":false},"children":[]}]},{"key_name":"operasional","label":"Operasional","icon":"Clock","path":null,"order_index":8,"permission":{"can_view":true,"can_create":true,"can_edit":true,"can_delete":false},"children":[{"key_name":"operasional.shift","label":"Shift","icon":"Clock","path":"/shifts","order_index":1,"permission":{"can_view":true,"can_create":true,"can_edit":true,"can_delete":false},"children":[]},{"key_name":"operasional.sync","label":"Sync Center","icon":"RefreshCw","path":"/sync","order_index":2,"permission":{"can_view":true,"can_create":true,"can_edit":true,"can_delete":false},"children":[]}]},{"key_name":"sistem","label":"Sistem","icon":"Settings","path":null,"order_index":9,"permission":{"can_view":true,"can_create":true,"can_edit":true,"can_delete":false},"children":[{"key_name":"sistem.profil_toko","label":"Profil Toko","icon":"Settings","path":"/settings/store","order_index":1,"permission":{"can_view":true,"can_create":true,"can_edit":true,"can_delete":false},"children":[]},{"key_name":"sistem.roles","label":"Manajemen Role","icon":"Shield","path":"/settings/roles","order_index":3,"permission":{"can_view":true,"can_create":false,"can_edit":false,"can_delete":false},"children":[]},{"key_name":"sistem.menus","label":"Manajemen Menu","icon":"LayoutList","path":"/settings/menus","order_index":4,"permission":{"can_view":true,"can_create":false,"can_edit":false,"can_delete":false},"children":[]},{"key_name":"sistem.printer","label":"Printer","icon":"Printer","path":"/settings/printer","order_index":5,"permission":{"can_view":true,"can_create":true,"can_edit":true,"can_delete":false},"children":[]},{"key_name":"sistem.versi","label":"Versi Aplikasi","icon":"RefreshCw","path":"/settings/versions","order_index":6,"permission":{"can_view":true,"can_create":false,"can_edit":false,"can_delete":false},"children":[]},{"key_name":"sistem.backup","label":"Backup \u0026 Restore","icon":"DatabaseBackup","path":"/settings/backup","order_index":7,"permission":{"can_view":true,"can_create":true,"can_edit":true,"can_delete":false},"children":[]}]}]}', 2, 4, '::1', NULL, '2026-07-23 10:02:48.81')

2026/07/23 10:02:48 [32mD:/Develop/Project_pos_mahenz/BE/repository/log_request_repository.go:32
[0m[33m[4.677ms] [34;1m[rows:1][0m INSERT INTO log_requests (id, method, endpoint, status_code, request_body, response_body, user_id, duration_ms, ip_address, error_message, created_at) VALUES ('8a3aa5bf-d462-450d-9625-50ade344f52f', 'POST', '/api/menus/my', 200, '{}', '{"code":"00","status":true,"message":"Menu akses","data":[{"key_name":"beranda","label":"Beranda","icon":"Home","path":null,"order_index":1,"permission":{"can_view":true,"can_create":true,"can_edit":true,"can_delete":false},"children":[{"key_name":"beranda.dashboard","label":"Dashboard","icon":"LayoutDashboard","path":"/dashboard","order_index":1,"permission":{"can_view":true,"can_create":true,"can_edit":true,"can_delete":false},"children":[]}]},{"key_name":"penjualan","label":"Penjualan","icon":"ShoppingCart","path":null,"order_index":2,"permission":{"can_view":true,"can_create":true,"can_edit":true,"can_delete":false},"children":[{"key_name":"penjualan.kasir","label":"Kasir","icon":"ShoppingCart","path":"/kasir","order_index":1,"permission":{"can_view":true,"can_create":true,"can_edit":true,"can_delete":false},"children":[]},{"key_name":"penjualan.transaksi","label":"Transaksi","icon":"Receipt","path":"/transactions","order_index":2,"permission":{"can_view":true,"can_create":true,"can_edit":true,"can_delete":false},"children":[]}]},{"key_name":"produk","label":"Produk","icon":"Package","path":null,"order_index":3,"permission":{"can_view":true,"can_create":true,"can_edit":true,"can_delete":false},"children":[{"key_name":"produk.produk","label":"Produk","icon":"Package","path":"/products","order_index":1,"permission":{"can_view":true,"can_create":true,"can_edit":true,"can_delete":false},"children":[]},{"key_name":"produk.kategori","label":"Kategori","icon":"Tag","path":"/products/categories","order_index":2,"permission":{"can_view":true,"can_create":true,"can_edit":true,"can_delete":false},"children":[]},{"key_name":"produk.unit","label":"Unit","icon":"PackageSearch","path":"/products/units","order_index":3,"permission":{"can_view":true,"can_create":true,"can_edit":true,"can_delete":false},"children":[]}]},{"key_name":"pengadaan","label":"Pengadaan","icon":"Truck","path":null,"order_index":4,"permission":{"can_view":true,"can_create":true,"can_edit":true,"can_delete":false},"children":[{"key_name":"pengadaan.supplier","label":"Supplier","icon":"Truck","path":"/suppliers","order_index":1,"permission":{"can_view":true,"can_create":true,"can_edit":true,"can_delete":false},"children":[]},{"key_name":"pengadaan.pembelian","label":"Pembelian","icon":"ShoppingBag","path":"/suppliers/purchases","order_index":2,"permission":{"can_view":true,"can_create":true,"can_edit":true,"can_delete":false},"children":[]},{"key_name":"pengadaan.retur","label":"Retur","icon":"RotateCcw","path":"/suppliers/returns","order_index":3,"permission":{"can_view":true,"can_create":true,"can_edit":true,"can_delete":false},"children":[]}]},{"key_name":"pelanggan","label":"Pelanggan","icon":"Users","path":null,"order_index":5,"permission":{"can_view":true,"can_create":true,"can_edit":true,"can_delete":false},"children":[{"key_name":"pelanggan.pelanggan","label":"Pelanggan","icon":"Users","path":"/customers","order_index":1,"permission":{"can_view":true,"can_create":true,"can_edit":true,"can_delete":false},"children":[]},{"key_name":"pelanggan.piutang","label":"Piutang","icon":"CreditCard","path":"/receivables","order_index":2,"permission":{"can_view":true,"can_create":true,"can_edit":true,"can_delete":false},"children":[]}]},{"key_name":"keuangan","label":"Keuangan","icon":"Wallet","path":null,"order_index":6,"permission":{"can_view":true,"can_create":true,"can_edit":true,"can_delete":false},"children":[{"key_name":"keuangan.dashboard","label":"Dashboard Keuangan","icon":"Wallet","path":"/finance","order_index":1,"permission":{"can_view":true,"can_create":true,"can_edit":true,"can_delete":false},"children":[]},{"key_name":"keuangan.kas_harian","label":"Kas Harian","icon":"Landmark","path":"/finance/cash-drawer","order_index":2,"permission":{"can_view":true,"can_create":true,"can_edit":true,"can_delete":false},"children":[]},{"key_name":"keuangan.pengeluaran","label":"Pengeluaran","icon":"TrendingDown","path":"/finance/expenses","order_index":3,"permission":{"can_view":true,"can_create":true,"can_edit":true,"can_delete":false},"children":[]},{"key_name":"keuangan.kas_saya","label":"Kas Saya","icon":"Wallet","path":"/finance/my-cash","order_index":4,"permission":{"can_view":true,"can_create":true,"can_edit":true,"can_delete":false},"children":[]}]},{"key_name":"pelaporan","label":"Pelaporan","icon":"BarChart2","path":null,"order_index":7,"permission":{"can_view":true,"can_create":true,"can_edit":true,"can_delete":false},"children":[{"key_name":"pelaporan.penjualan","label":"Penjualan","icon":"TrendingUp","path":"/reports/sales","order_index":1,"permission":{"can_view":true,"can_create":true,"can_edit":true,"can_delete":false},"children":[]},{"key_name":"pelaporan.laba_rugi","label":"Laba Rugi","icon":"LineChart","path":"/reports/profit-loss","order_index":2,"permission":{"can_view":true,"can_create":true,"can_edit":true,"can_delete":false},"children":[]},{"key_name":"pelaporan.stok","label":"Stok","icon":"PackageSearch","path":"/reports/stock","order_index":3,"permission":{"can_view":true,"can_create":true,"can_edit":true,"can_delete":false},"children":[]},{"key_name":"pelaporan.kinerja_kasir","label":"Kinerja Kasir","icon":"BarChart2","path":"/reports/cashier","order_index":4,"permission":{"can_view":true,"can_create":true,"can_edit":true,"can_delete":false},"children":[]}]},{"key_name":"operasional","label":"Operasional","icon":"Clock","path":null,"order_index":8,"permission":{"can_view":true,"can_create":true,"can_edit":true,"can_delete":false},"children":[{"key_name":"operasional.shift","label":"Shift","icon":"Clock","path":"/shifts","order_index":1,"permission":{"can_view":true,"can_create":true,"can_edit":true,"can_delete":false},"children":[]},{"key_name":"operasional.sync","label":"Sync Center","icon":"RefreshCw","path":"/sync","order_index":2,"permission":{"can_view":true,"can_create":true,"can_edit":true,"can_delete":false},"children":[]}]},{"key_name":"sistem","label":"Sistem","icon":"Settings","path":null,"order_index":9,"permission":{"can_view":true,"can_create":true,"can_edit":true,"can_delete":false},"children":[{"key_name":"sistem.profil_toko","label":"Profil Toko","icon":"Settings","path":"/settings/store","order_index":1,"permission":{"can_view":true,"can_create":true,"can_edit":true,"can_delete":false},"children":[]},{"key_name":"sistem.roles","label":"Manajemen Role","icon":"Shield","path":"/settings/roles","order_index":3,"permission":{"can_view":true,"can_create":false,"can_edit":false,"can_delete":false},"children":[]},{"key_name":"sistem.menus","label":"Manajemen Menu","icon":"LayoutList","path":"/settings/menus","order_index":4,"permission":{"can_view":true,"can_create":false,"can_edit":false,"can_delete":false},"children":[]},{"key_name":"sistem.printer","label":"Printer","icon":"Printer","path":"/settings/printer","order_index":5,"permission":{"can_view":true,"can_create":true,"can_edit":true,"can_delete":false},"children":[]},{"key_name":"sistem.versi","label":"Versi Aplikasi","icon":"RefreshCw","path":"/settings/versions","order_index":6,"permission":{"can_view":true,"can_create":false,"can_edit":false,"can_delete":false},"children":[]},{"key_name":"sistem.backup","label":"Backup \u0026 Restore","icon":"DatabaseBackup","path":"/settings/backup","order_index":7,"permission":{"can_view":true,"can_create":true,"can_edit":true,"can_delete":false},"children":[]}]}]}', 2, 4, '::1', NULL, '2026-07-23 10:02:48.814')

2026/07/23 10:02:48 [32mD:/Develop/Project_pos_mahenz/BE/domain/auth/repo/auth_repo.go:46
[0m[33m[0.540ms] [34;1m[rows:1][0m SELECT id, user_id, user_role, token, device_info, expires_at FROM sessions WHERE token = 'eyJhbGciOiJIUzI1NiIsInR5cCI6IkpXVCJ9.eyJhcHBzIjoid2ViIiwiZXhwIjoxNzg0ODA0NTY4LCJmdWxsX25hbWUiOiJBZG1pbmlzdHJhdG9yIiwicm9sZSI6ImFkbWluIiwidXNlcl9pZCI6MiwidXNlcm5hbWUiOiJhZG1pbiJ9.zlyxCBYPcHSPMM7hmP9b4sMmAVINpHKOBId7uLj8Nc8' LIMIT 1

2026/07/23 10:02:48 [32mD:/Develop/Project_pos_mahenz/BE/domain/menu/repo/menu_repo.go:121
[0m[33m[0.532ms] [34;1m[rows:-][0m 
		SELECT
			m.id,
			m.parent_id,
			m.key_name,
			m.label,
			m.icon,
			m.path,
			m.order_index,
			COALESCE(rma.can_view,   0),
			COALESCE(rma.can_create, 0),
			COALESCE(rma.can_edit,   0),
			COALESCE(rma.can_delete, 0)
		FROM menus m
		LEFT JOIN role_menu_access rma ON rma.menu_id = m.id
			AND rma.role_id = (SELECT id FROM roles WHERE name = 'admin' AND is_active = 1 LIMIT 1)
		WHERE m.is_active = 1
		ORDER BY m.order_index ASC, m.id ASC
		
[GIN] 2026/07/23 - 10:02:48 | 200 |      2.3119ms |             ::1 | POST     "/api/menus/my"

2026/07/23 10:02:49 [32mD:/Develop/Project_pos_mahenz/BE/repository/log_request_repository.go:32
[0m[33m[2.596ms] [34;1m[rows:1][0m INSERT INTO log_requests (id, method, endpoint, status_code, request_body, response_body, user_id, duration_ms, ip_address, error_message, created_at) VALUES ('58ee1eb9-4d46-4735-80ed-a98fd258c022', 'POST', '/api/menus/my', 200, '{}', '{"code":"00","status":true,"message":"Menu akses","data":[{"key_name":"beranda","label":"Beranda","icon":"Home","path":null,"order_index":1,"permission":{"can_view":true,"can_create":true,"can_edit":true,"can_delete":false},"children":[{"key_name":"beranda.dashboard","label":"Dashboard","icon":"LayoutDashboard","path":"/dashboard","order_index":1,"permission":{"can_view":true,"can_create":true,"can_edit":true,"can_delete":false},"children":[]}]},{"key_name":"penjualan","label":"Penjualan","icon":"ShoppingCart","path":null,"order_index":2,"permission":{"can_view":true,"can_create":true,"can_edit":true,"can_delete":false},"children":[{"key_name":"penjualan.kasir","label":"Kasir","icon":"ShoppingCart","path":"/kasir","order_index":1,"permission":{"can_view":true,"can_create":true,"can_edit":true,"can_delete":false},"children":[]},{"key_name":"penjualan.transaksi","label":"Transaksi","icon":"Receipt","path":"/transactions","order_index":2,"permission":{"can_view":true,"can_create":true,"can_edit":true,"can_delete":false},"children":[]}]},{"key_name":"produk","label":"Produk","icon":"Package","path":null,"order_index":3,"permission":{"can_view":true,"can_create":true,"can_edit":true,"can_delete":false},"children":[{"key_name":"produk.produk","label":"Produk","icon":"Package","path":"/products","order_index":1,"permission":{"can_view":true,"can_create":true,"can_edit":true,"can_delete":false},"children":[]},{"key_name":"produk.kategori","label":"Kategori","icon":"Tag","path":"/products/categories","order_index":2,"permission":{"can_view":true,"can_create":true,"can_edit":true,"can_delete":false},"children":[]},{"key_name":"produk.unit","label":"Unit","icon":"PackageSearch","path":"/products/units","order_index":3,"permission":{"can_view":true,"can_create":true,"can_edit":true,"can_delete":false},"children":[]}]},{"key_name":"pengadaan","label":"Pengadaan","icon":"Truck","path":null,"order_index":4,"permission":{"can_view":true,"can_create":true,"can_edit":true,"can_delete":false},"children":[{"key_name":"pengadaan.supplier","label":"Supplier","icon":"Truck","path":"/suppliers","order_index":1,"permission":{"can_view":true,"can_create":true,"can_edit":true,"can_delete":false},"children":[]},{"key_name":"pengadaan.pembelian","label":"Pembelian","icon":"ShoppingBag","path":"/suppliers/purchases","order_index":2,"permission":{"can_view":true,"can_create":true,"can_edit":true,"can_delete":false},"children":[]},{"key_name":"pengadaan.retur","label":"Retur","icon":"RotateCcw","path":"/suppliers/returns","order_index":3,"permission":{"can_view":true,"can_create":true,"can_edit":true,"can_delete":false},"children":[]}]},{"key_name":"pelanggan","label":"Pelanggan","icon":"Users","path":null,"order_index":5,"permission":{"can_view":true,"can_create":true,"can_edit":true,"can_delete":false},"children":[{"key_name":"pelanggan.pelanggan","label":"Pelanggan","icon":"Users","path":"/customers","order_index":1,"permission":{"can_view":true,"can_create":true,"can_edit":true,"can_delete":false},"children":[]},{"key_name":"pelanggan.piutang","label":"Piutang","icon":"CreditCard","path":"/receivables","order_index":2,"permission":{"can_view":true,"can_create":true,"can_edit":true,"can_delete":false},"children":[]}]},{"key_name":"keuangan","label":"Keuangan","icon":"Wallet","path":null,"order_index":6,"permission":{"can_view":true,"can_create":true,"can_edit":true,"can_delete":false},"children":[{"key_name":"keuangan.dashboard","label":"Dashboard Keuangan","icon":"Wallet","path":"/finance","order_index":1,"permission":{"can_view":true,"can_create":true,"can_edit":true,"can_delete":false},"children":[]},{"key_name":"keuangan.kas_harian","label":"Kas Harian","icon":"Landmark","path":"/finance/cash-drawer","order_index":2,"permission":{"can_view":true,"can_create":true,"can_edit":true,"can_delete":false},"children":[]},{"key_name":"keuangan.pengeluaran","label":"Pengeluaran","icon":"TrendingDown","path":"/finance/expenses","order_index":3,"permission":{"can_view":true,"can_create":true,"can_edit":true,"can_delete":false},"children":[]},{"key_name":"keuangan.kas_saya","label":"Kas Saya","icon":"Wallet","path":"/finance/my-cash","order_index":4,"permission":{"can_view":true,"can_create":true,"can_edit":true,"can_delete":false},"children":[]}]},{"key_name":"pelaporan","label":"Pelaporan","icon":"BarChart2","path":null,"order_index":7,"permission":{"can_view":true,"can_create":true,"can_edit":true,"can_delete":false},"children":[{"key_name":"pelaporan.penjualan","label":"Penjualan","icon":"TrendingUp","path":"/reports/sales","order_index":1,"permission":{"can_view":true,"can_create":true,"can_edit":true,"can_delete":false},"children":[]},{"key_name":"pelaporan.laba_rugi","label":"Laba Rugi","icon":"LineChart","path":"/reports/profit-loss","order_index":2,"permission":{"can_view":true,"can_create":true,"can_edit":true,"can_delete":false},"children":[]},{"key_name":"pelaporan.stok","label":"Stok","icon":"PackageSearch","path":"/reports/stock","order_index":3,"permission":{"can_view":true,"can_create":true,"can_edit":true,"can_delete":false},"children":[]},{"key_name":"pelaporan.kinerja_kasir","label":"Kinerja Kasir","icon":"BarChart2","path":"/reports/cashier","order_index":4,"permission":{"can_view":true,"can_create":true,"can_edit":true,"can_delete":false},"children":[]}]},{"key_name":"operasional","label":"Operasional","icon":"Clock","path":null,"order_index":8,"permission":{"can_view":true,"can_create":true,"can_edit":true,"can_delete":false},"children":[{"key_name":"operasional.shift","label":"Shift","icon":"Clock","path":"/shifts","order_index":1,"permission":{"can_view":true,"can_create":true,"can_edit":true,"can_delete":false},"children":[]},{"key_name":"operasional.sync","label":"Sync Center","icon":"RefreshCw","path":"/sync","order_index":2,"permission":{"can_view":true,"can_create":true,"can_edit":true,"can_delete":false},"children":[]}]},{"key_name":"sistem","label":"Sistem","icon":"Settings","path":null,"order_index":9,"permission":{"can_view":true,"can_create":true,"can_edit":true,"can_delete":false},"children":[{"key_name":"sistem.profil_toko","label":"Profil Toko","icon":"Settings","path":"/settings/store","order_index":1,"permission":{"can_view":true,"can_create":true,"can_edit":true,"can_delete":false},"children":[]},{"key_name":"sistem.roles","label":"Manajemen Role","icon":"Shield","path":"/settings/roles","order_index":3,"permission":{"can_view":true,"can_create":false,"can_edit":false,"can_delete":false},"children":[]},{"key_name":"sistem.menus","label":"Manajemen Menu","icon":"LayoutList","path":"/settings/menus","order_index":4,"permission":{"can_view":true,"can_create":false,"can_edit":false,"can_delete":false},"children":[]},{"key_name":"sistem.printer","label":"Printer","icon":"Printer","path":"/settings/printer","order_index":5,"permission":{"can_view":true,"can_create":true,"can_edit":true,"can_delete":false},"children":[]},{"key_name":"sistem.versi","label":"Versi Aplikasi","icon":"RefreshCw","path":"/settings/versions","order_index":6,"permission":{"can_view":true,"can_create":false,"can_edit":false,"can_delete":false},"children":[]},{"key_name":"sistem.backup","label":"Backup \u0026 Restore","icon":"DatabaseBackup","path":"/settings/backup","order_index":7,"permission":{"can_view":true,"can_create":true,"can_edit":true,"can_delete":false},"children":[]}]}]}', 2, 2, '::1', NULL, '2026-07-23 10:02:48.999')
[GIN] 2026/07/23 - 10:02:49 | 204 |            0s |             ::1 | OPTIONS  "/api/sync/conflicts/count"

2026/07/23 10:02:49 [32mD:/Develop/Project_pos_mahenz/BE/domain/auth/repo/auth_repo.go:46
[0m[33m[0.591ms] [34;1m[rows:1][0m SELECT id, user_id, user_role, token, device_info, expires_at FROM sessions WHERE token = 'eyJhbGciOiJIUzI1NiIsInR5cCI6IkpXVCJ9.eyJhcHBzIjoid2ViIiwiZXhwIjoxNzg0ODA0NTY4LCJmdWxsX25hbWUiOiJBZG1pbmlzdHJhdG9yIiwicm9sZSI6ImFkbWluIiwidXNlcl9pZCI6MiwidXNlcm5hbWUiOiJhZG1pbiJ9.zlyxCBYPcHSPMM7hmP9b4sMmAVINpHKOBId7uLj8Nc8' LIMIT 1

2026/07/23 10:02:49 [32mD:/Develop/Project_pos_mahenz/BE/domain/access/repo/access_repo.go:55
[0m[33m[1.104ms] [34;1m[rows:37][0m 
SELECT
    m.key_name,
    COALESCE(rma.can_view,   0) AS can_view,
    COALESCE(rma.can_create, 0) AS can_create,
    COALESCE(rma.can_edit,   0) AS can_edit,
    COALESCE(rma.can_delete, 0) AS can_delete
FROM menus m
LEFT JOIN role_menu_access rma ON rma.menu_id = m.id
    AND rma.role_id = (SELECT id FROM roles WHERE name = 'admin' AND is_active = 1 LIMIT 1)
WHERE m.is_active = 1
ORDER BY m.id ASC

2026/07/23 10:02:49 [32mD:/Develop/Project_pos_mahenz/BE/domain/sync/repo/sync_repo.go:84
[0m[33m[1.036ms] [34;1m[rows:1][0m SELECT COUNT(*) FROM sync_conflicts WHERE status = 'pending'
[GIN] 2026/07/23 - 10:02:49 | 200 |      3.5276ms |             ::1 | GET      "/api/sync/conflicts/count"

2026/07/23 10:02:49 [32mD:/Develop/Project_pos_mahenz/BE/repository/log_request_repository.go:32
[0m[33m[2.832ms] [34;1m[rows:1][0m INSERT INTO log_requests (id, method, endpoint, status_code, request_body, response_body, user_id, duration_ms, ip_address, error_message, created_at) VALUES ('55acba21-f1e6-435f-ba63-b0493683ccd6', 'GET', '/api/sync/conflicts/count', 200, '', '{"code":"00","status":true,"message":"Jumlah konflik pending","data":{"count":0}}', 2, 3, '::1', NULL, '2026-07-23 10:02:49.054')
[GIN] 2026/07/23 - 10:02:49 | 204 |            0s |             ::1 | OPTIONS  "/api/dashboard/stats?period=today"
[GIN] 2026/07/23 - 10:02:49 | 204 |            0s |             ::1 | OPTIONS  "/api/dashboard/sales-trend?period=7days"
[GIN] 2026/07/23 - 10:02:49 | 204 |            0s |             ::1 | OPTIONS  "/api/dashboard/top-products?start_date=2026-07-17&end_date=2026-07-23&limit=10"

2026/07/23 10:02:49 [32mD:/Develop/Project_pos_mahenz/BE/domain/auth/repo/auth_repo.go:46
[0m[33m[0.507ms] [34;1m[rows:1][0m SELECT id, user_id, user_role, token, device_info, expires_at FROM sessions WHERE token = 'eyJhbGciOiJIUzI1NiIsInR5cCI6IkpXVCJ9.eyJhcHBzIjoid2ViIiwiZXhwIjoxNzg0ODA0NTY4LCJmdWxsX25hbWUiOiJBZG1pbmlzdHJhdG9yIiwicm9sZSI6ImFkbWluIiwidXNlcl9pZCI6MiwidXNlcm5hbWUiOiJhZG1pbiJ9.zlyxCBYPcHSPMM7hmP9b4sMmAVINpHKOBId7uLj8Nc8' LIMIT 1

2026/07/23 10:02:49 [32mD:/Develop/Project_pos_mahenz/BE/domain/auth/repo/auth_repo.go:46
[0m[33m[1.040ms] [34;1m[rows:1][0m SELECT id, user_id, user_role, token, device_info, expires_at FROM sessions WHERE token = 'eyJhbGciOiJIUzI1NiIsInR5cCI6IkpXVCJ9.eyJhcHBzIjoid2ViIiwiZXhwIjoxNzg0ODA0NTY4LCJmdWxsX25hbWUiOiJBZG1pbmlzdHJhdG9yIiwicm9sZSI6ImFkbWluIiwidXNlcl9pZCI6MiwidXNlcm5hbWUiOiJhZG1pbiJ9.zlyxCBYPcHSPMM7hmP9b4sMmAVINpHKOBId7uLj8Nc8' LIMIT 1

2026/07/23 10:02:49 [32mD:/Develop/Project_pos_mahenz/BE/domain/dashboard/repo/dashboard_repo.go:124
[0m[33m[0.534ms] [34;1m[rows:-][0m 
		SELECT COUNT(*) as total_transactions, COALESCE(SUM(total_amount),0) as total_sales,
		       COALESCE(SUM(discount),0) as total_discount
		FROM transactions WHERE DATE(transaction_date) BETWEEN '2026-07-23' AND '2026-07-23' AND status = 'completed'

2026/07/23 10:02:49 [32mD:/Develop/Project_pos_mahenz/BE/domain/dashboard/repo/dashboard_repo.go:177
[0m[33m[0.534ms] [34;1m[rows:-][0m 
		SELECT DATE_FORMAT(transaction_date, '%Y-%m-%d') as label,
		       COALESCE(SUM(total_amount),0) as total_sales,
		       COUNT(*) as total_transactions
		FROM transactions
		WHERE transaction_date >= DATE_SUB(NOW(), INTERVAL 7 DAY) AND status = 'completed'
		GROUP BY DATE(transaction_date) ORDER BY label
[GIN] 2026/07/23 - 10:02:49 | 200 |      2.1046ms |             ::1 | GET      "/api/dashboard/sales-trend?period=7days"

2026/07/23 10:02:49 [32mD:/Develop/Project_pos_mahenz/BE/domain/dashboard/repo/dashboard_repo.go:133
[0m[33m[0.531ms] [34;1m[rows:-][0m SELECT COALESCE(SUM(amount),0) as total FROM expenses WHERE expense_date BETWEEN '2026-07-23' AND '2026-07-23'

2026/07/23 10:02:49 [32mD:/Develop/Project_pos_mahenz/BE/domain/dashboard/repo/dashboard_repo.go:142
[0m[33m[0.000ms] [34;1m[rows:-][0m 
		SELECT COUNT(*) as total_transactions, COALESCE(SUM(total_amount),0) as total_sales
		FROM transactions WHERE MONTH(transaction_date) = MONTH(NOW())
		AND YEAR(transaction_date) = YEAR(NOW()) AND status = 'completed'

2026/07/23 10:02:49 [32mD:/Develop/Project_pos_mahenz/BE/domain/dashboard/repo/dashboard_repo.go:151
[0m[33m[0.557ms] [34;1m[rows:-][0m 
		SELECT COALESCE(SUM(amount),0) as total FROM expenses
		WHERE MONTH(expense_date) = MONTH(NOW()) AND YEAR(expense_date) = YEAR(NOW())

2026/07/23 10:02:49 [32mD:/Develop/Project_pos_mahenz/BE/domain/dashboard/repo/dashboard_repo.go:160
[0m[33m[0.506ms] [34;1m[rows:-][0m SELECT COUNT(*) FROM products WHERE stock <= min_stock AND is_active = 1

2026/07/23 10:02:49 [32mD:/Develop/Project_pos_mahenz/BE/domain/auth/repo/auth_repo.go:46
[0m[33m[3.813ms] [34;1m[rows:1][0m SELECT id, user_id, user_role, token, device_info, expires_at FROM sessions WHERE token = 'eyJhbGciOiJIUzI1NiIsInR5cCI6IkpXVCJ9.eyJhcHBzIjoid2ViIiwiZXhwIjoxNzg0ODA0NTY4LCJmdWxsX25hbWUiOiJBZG1pbmlzdHJhdG9yIiwicm9sZSI6ImFkbWluIiwidXNlcl9pZCI6MiwidXNlcm5hbWUiOiJhZG1pbiJ9.zlyxCBYPcHSPMM7hmP9b4sMmAVINpHKOBId7uLj8Nc8' LIMIT 1

2026/07/23 10:02:49 [32mD:/Develop/Project_pos_mahenz/BE/repository/log_request_repository.go:32
[0m[33m[2.748ms] [34;1m[rows:1][0m INSERT INTO log_requests (id, method, endpoint, status_code, request_body, response_body, user_id, duration_ms, ip_address, error_message, created_at) VALUES ('8672064c-9644-4b68-b401-b0b3be53b38f', 'GET', '/api/dashboard/sales-trend?period=7days', 200, '', '{"code":"00","status":true,"message":"Tren penjualan","data":[]}', 2, 2, '::1', NULL, '2026-07-23 10:02:49.354')

2026/07/23 10:02:49 [32mD:/Develop/Project_pos_mahenz/BE/domain/dashboard/repo/dashboard_repo.go:169
[0m[33m[0.567ms] [34;1m[rows:-][0m SELECT COUNT(*) FROM receivables WHERE status != 'paid'
[GIN] 2026/07/23 - 10:02:49 | 200 |      5.4197ms |             ::1 | GET      "/api/dashboard/stats?period=today"

2026/07/23 10:02:49 [32mD:/Develop/Project_pos_mahenz/BE/domain/dashboard/repo/dashboard_repo.go:199
[0m[33m[1.142ms] [34;1m[rows:-][0m 
		SELECT ti.product_id, p.name as product_name,
		       SUM(ti.quantity) as total_qty,
		       SUM(ti.subtotal) as total_value
		FROM transaction_items ti
		LEFT JOIN products p ON ti.product_id = p.id
		LEFT JOIN transactions t ON ti.transaction_id = t.id
		WHERE DATE(t.transaction_date) BETWEEN '2026-07-17' AND '2026-07-23' AND t.status = 'completed'
		GROUP BY ti.product_id, p.name
		ORDER BY total_qty DESC LIMIT 10
[GIN] 2026/07/23 - 10:02:49 | 200 |      4.9548ms |             ::1 | GET      "/api/dashboard/top-products?start_date=2026-07-17&end_date=2026-07-23&limit=10"

2026/07/23 10:02:49 [32mD:/Develop/Project_pos_mahenz/BE/repository/log_request_repository.go:32
[0m[33m[1.967ms] [34;1m[rows:1][0m INSERT INTO log_requests (id, method, endpoint, status_code, request_body, response_body, user_id, duration_ms, ip_address, error_message, created_at) VALUES ('c9862c17-5feb-4f47-9cf0-a3078f413607', 'GET', '/api/dashboard/top-products?start_date=2026-07-17&end_date=2026-07-23&limit=10', 200, '', '{"code":"00","status":true,"message":"Produk terlaris","data":[]}', 2, 4, '::1', NULL, '2026-07-23 10:02:49.359')

2026/07/23 10:02:49 [32mD:/Develop/Project_pos_mahenz/BE/repository/log_request_repository.go:32
[0m[33m[3.093ms] [34;1m[rows:1][0m INSERT INTO log_requests (id, method, endpoint, status_code, request_body, response_body, user_id, duration_ms, ip_address, error_message, created_at) VALUES ('fd8b60a0-b75c-4bd1-ba49-c3b7ba8f850c', 'GET', '/api/dashboard/stats?period=today', 200, '', '{"code":"00","status":true,"message":"Statistik dashboard","data":{"today":{"total_transactions":0,"total_sales":0,"total_discount":0,"total_expenses":0,"gross_profit":0},"this_month":{"total_transactions":0,"total_sales":0,"total_expenses":0,"gross_profit":0},"low_stock_count":1,"open_receivables":0}}', 2, 5, '::1', NULL, '2026-07-23 10:02:49.358')

2026/07/23 10:02:49 [32mD:/Develop/Project_pos_mahenz/BE/domain/auth/repo/auth_repo.go:46
[0m[33m[0.937ms] [34;1m[rows:1][0m SELECT id, user_id, user_role, token, device_info, expires_at FROM sessions WHERE token = 'eyJhbGciOiJIUzI1NiIsInR5cCI6IkpXVCJ9.eyJhcHBzIjoid2ViIiwiZXhwIjoxNzg0ODA0NTY4LCJmdWxsX25hbWUiOiJBZG1pbmlzdHJhdG9yIiwicm9sZSI6ImFkbWluIiwidXNlcl9pZCI6MiwidXNlcm5hbWUiOiJhZG1pbiJ9.zlyxCBYPcHSPMM7hmP9b4sMmAVINpHKOBId7uLj8Nc8' LIMIT 1

2026/07/23 10:02:49 [32mD:/Develop/Project_pos_mahenz/BE/domain/menu/repo/menu_repo.go:121
[0m[33m[0.561ms] [34;1m[rows:-][0m 
		SELECT
			m.id,
			m.parent_id,
			m.key_name,
			m.label,
			m.icon,
			m.path,
			m.order_index,
			COALESCE(rma.can_view,   0),
			COALESCE(rma.can_create, 0),
			COALESCE(rma.can_edit,   0),
			COALESCE(rma.can_delete, 0)
		FROM menus m
		LEFT JOIN role_menu_access rma ON rma.menu_id = m.id
			AND rma.role_id = (SELECT id FROM roles WHERE name = 'admin' AND is_active = 1 LIMIT 1)
		WHERE m.is_active = 1
		ORDER BY m.order_index ASC, m.id ASC
		
[GIN] 2026/07/23 - 10:02:49 | 200 |      2.4239ms |             ::1 | POST     "/api/menus/my"

2026/07/23 10:02:49 [32mD:/Develop/Project_pos_mahenz/BE/repository/log_request_repository.go:32
[0m[33m[2.887ms] [34;1m[rows:1][0m INSERT INTO log_requests (id, method, endpoint, status_code, request_body, response_body, user_id, duration_ms, ip_address, error_message, created_at) VALUES ('10932be1-0f50-4e78-8482-de40e9a3d1bd', 'POST', '/api/menus/my', 200, '{}', '{"code":"00","status":true,"message":"Menu akses","data":[{"key_name":"beranda","label":"Beranda","icon":"Home","path":null,"order_index":1,"permission":{"can_view":true,"can_create":true,"can_edit":true,"can_delete":false},"children":[{"key_name":"beranda.dashboard","label":"Dashboard","icon":"LayoutDashboard","path":"/dashboard","order_index":1,"permission":{"can_view":true,"can_create":true,"can_edit":true,"can_delete":false},"children":[]}]},{"key_name":"penjualan","label":"Penjualan","icon":"ShoppingCart","path":null,"order_index":2,"permission":{"can_view":true,"can_create":true,"can_edit":true,"can_delete":false},"children":[{"key_name":"penjualan.kasir","label":"Kasir","icon":"ShoppingCart","path":"/kasir","order_index":1,"permission":{"can_view":true,"can_create":true,"can_edit":true,"can_delete":false},"children":[]},{"key_name":"penjualan.transaksi","label":"Transaksi","icon":"Receipt","path":"/transactions","order_index":2,"permission":{"can_view":true,"can_create":true,"can_edit":true,"can_delete":false},"children":[]}]},{"key_name":"produk","label":"Produk","icon":"Package","path":null,"order_index":3,"permission":{"can_view":true,"can_create":true,"can_edit":true,"can_delete":false},"children":[{"key_name":"produk.produk","label":"Produk","icon":"Package","path":"/products","order_index":1,"permission":{"can_view":true,"can_create":true,"can_edit":true,"can_delete":false},"children":[]},{"key_name":"produk.kategori","label":"Kategori","icon":"Tag","path":"/products/categories","order_index":2,"permission":{"can_view":true,"can_create":true,"can_edit":true,"can_delete":false},"children":[]},{"key_name":"produk.unit","label":"Unit","icon":"PackageSearch","path":"/products/units","order_index":3,"permission":{"can_view":true,"can_create":true,"can_edit":true,"can_delete":false},"children":[]}]},{"key_name":"pengadaan","label":"Pengadaan","icon":"Truck","path":null,"order_index":4,"permission":{"can_view":true,"can_create":true,"can_edit":true,"can_delete":false},"children":[{"key_name":"pengadaan.supplier","label":"Supplier","icon":"Truck","path":"/suppliers","order_index":1,"permission":{"can_view":true,"can_create":true,"can_edit":true,"can_delete":false},"children":[]},{"key_name":"pengadaan.pembelian","label":"Pembelian","icon":"ShoppingBag","path":"/suppliers/purchases","order_index":2,"permission":{"can_view":true,"can_create":true,"can_edit":true,"can_delete":false},"children":[]},{"key_name":"pengadaan.retur","label":"Retur","icon":"RotateCcw","path":"/suppliers/returns","order_index":3,"permission":{"can_view":true,"can_create":true,"can_edit":true,"can_delete":false},"children":[]}]},{"key_name":"pelanggan","label":"Pelanggan","icon":"Users","path":null,"order_index":5,"permission":{"can_view":true,"can_create":true,"can_edit":true,"can_delete":false},"children":[{"key_name":"pelanggan.pelanggan","label":"Pelanggan","icon":"Users","path":"/customers","order_index":1,"permission":{"can_view":true,"can_create":true,"can_edit":true,"can_delete":false},"children":[]},{"key_name":"pelanggan.piutang","label":"Piutang","icon":"CreditCard","path":"/receivables","order_index":2,"permission":{"can_view":true,"can_create":true,"can_edit":true,"can_delete":false},"children":[]}]},{"key_name":"keuangan","label":"Keuangan","icon":"Wallet","path":null,"order_index":6,"permission":{"can_view":true,"can_create":true,"can_edit":true,"can_delete":false},"children":[{"key_name":"keuangan.dashboard","label":"Dashboard Keuangan","icon":"Wallet","path":"/finance","order_index":1,"permission":{"can_view":true,"can_create":true,"can_edit":true,"can_delete":false},"children":[]},{"key_name":"keuangan.kas_harian","label":"Kas Harian","icon":"Landmark","path":"/finance/cash-drawer","order_index":2,"permission":{"can_view":true,"can_create":true,"can_edit":true,"can_delete":false},"children":[]},{"key_name":"keuangan.pengeluaran","label":"Pengeluaran","icon":"TrendingDown","path":"/finance/expenses","order_index":3,"permission":{"can_view":true,"can_create":true,"can_edit":true,"can_delete":false},"children":[]},{"key_name":"keuangan.kas_saya","label":"Kas Saya","icon":"Wallet","path":"/finance/my-cash","order_index":4,"permission":{"can_view":true,"can_create":true,"can_edit":true,"can_delete":false},"children":[]}]},{"key_name":"pelaporan","label":"Pelaporan","icon":"BarChart2","path":null,"order_index":7,"permission":{"can_view":true,"can_create":true,"can_edit":true,"can_delete":false},"children":[{"key_name":"pelaporan.penjualan","label":"Penjualan","icon":"TrendingUp","path":"/reports/sales","order_index":1,"permission":{"can_view":true,"can_create":true,"can_edit":true,"can_delete":false},"children":[]},{"key_name":"pelaporan.laba_rugi","label":"Laba Rugi","icon":"LineChart","path":"/reports/profit-loss","order_index":2,"permission":{"can_view":true,"can_create":true,"can_edit":true,"can_delete":false},"children":[]},{"key_name":"pelaporan.stok","label":"Stok","icon":"PackageSearch","path":"/reports/stock","order_index":3,"permission":{"can_view":true,"can_create":true,"can_edit":true,"can_delete":false},"children":[]},{"key_name":"pelaporan.kinerja_kasir","label":"Kinerja Kasir","icon":"BarChart2","path":"/reports/cashier","order_index":4,"permission":{"can_view":true,"can_create":true,"can_edit":true,"can_delete":false},"children":[]}]},{"key_name":"operasional","label":"Operasional","icon":"Clock","path":null,"order_index":8,"permission":{"can_view":true,"can_create":true,"can_edit":true,"can_delete":false},"children":[{"key_name":"operasional.shift","label":"Shift","icon":"Clock","path":"/shifts","order_index":1,"permission":{"can_view":true,"can_create":true,"can_edit":true,"can_delete":false},"children":[]},{"key_name":"operasional.sync","label":"Sync Center","icon":"RefreshCw","path":"/sync","order_index":2,"permission":{"can_view":true,"can_create":true,"can_edit":true,"can_delete":false},"children":[]}]},{"key_name":"sistem","label":"Sistem","icon":"Settings","path":null,"order_index":9,"permission":{"can_view":true,"can_create":true,"can_edit":true,"can_delete":false},"children":[{"key_name":"sistem.profil_toko","label":"Profil Toko","icon":"Settings","path":"/settings/store","order_index":1,"permission":{"can_view":true,"can_create":true,"can_edit":true,"can_delete":false},"children":[]},{"key_name":"sistem.roles","label":"Manajemen Role","icon":"Shield","path":"/settings/roles","order_index":3,"permission":{"can_view":true,"can_create":false,"can_edit":false,"can_delete":false},"children":[]},{"key_name":"sistem.menus","label":"Manajemen Menu","icon":"LayoutList","path":"/settings/menus","order_index":4,"permission":{"can_view":true,"can_create":false,"can_edit":false,"can_delete":false},"children":[]},{"key_name":"sistem.printer","label":"Printer","icon":"Printer","path":"/settings/printer","order_index":5,"permission":{"can_view":true,"can_create":true,"can_edit":true,"can_delete":false},"children":[]},{"key_name":"sistem.versi","label":"Versi Aplikasi","icon":"RefreshCw","path":"/settings/versions","order_index":6,"permission":{"can_view":true,"can_create":false,"can_edit":false,"can_delete":false},"children":[]},{"key_name":"sistem.backup","label":"Backup \u0026 Restore","icon":"DatabaseBackup","path":"/settings/backup","order_index":7,"permission":{"can_view":true,"can_create":true,"can_edit":true,"can_delete":false},"children":[]}]}]}', 2, 2, '::1', NULL, '2026-07-23 10:02:49.702')

2026/07/23 10:02:49 [32mD:/Develop/Project_pos_mahenz/BE/domain/auth/repo/auth_repo.go:46
[0m[33m[0.568ms] [34;1m[rows:1][0m SELECT id, user_id, user_role, token, device_info, expires_at FROM sessions WHERE token = 'eyJhbGciOiJIUzI1NiIsInR5cCI6IkpXVCJ9.eyJhcHBzIjoid2ViIiwiZXhwIjoxNzg0ODA0NTY4LCJmdWxsX25hbWUiOiJBZG1pbmlzdHJhdG9yIiwicm9sZSI6ImFkbWluIiwidXNlcl9pZCI6MiwidXNlcm5hbWUiOiJhZG1pbiJ9.zlyxCBYPcHSPMM7hmP9b4sMmAVINpHKOBId7uLj8Nc8' LIMIT 1

2026/07/23 10:02:49 [32mD:/Develop/Project_pos_mahenz/BE/domain/sync/repo/sync_repo.go:84
[0m[33m[0.532ms] [34;1m[rows:1][0m SELECT COUNT(*) FROM sync_conflicts WHERE status = 'pending'
[GIN] 2026/07/23 - 10:02:49 | 200 |      1.6793ms |             ::1 | GET      "/api/sync/conflicts/count"

2026/07/23 10:02:49 [32mD:/Develop/Project_pos_mahenz/BE/repository/log_request_repository.go:32
[0m[33m[1.732ms] [34;1m[rows:1][0m INSERT INTO log_requests (id, method, endpoint, status_code, request_body, response_body, user_id, duration_ms, ip_address, error_message, created_at) VALUES ('c00a4ce4-04d1-4d02-bf73-3f573d6cbf53', 'GET', '/api/sync/conflicts/count', 200, '', '{"code":"00","status":true,"message":"Jumlah konflik pending","data":{"count":0}}', 2, 1, '::1', NULL, '2026-07-23 10:02:49.742')
[GIN] 2026/07/23 - 10:02:50 | 204 |            0s |             ::1 | OPTIONS  "/api/categories/options"
[GIN] 2026/07/23 - 10:02:50 | 204 |            0s |             ::1 | OPTIONS  "/api/units/options"

2026/07/23 10:02:50 [32mD:/Develop/Project_pos_mahenz/BE/domain/auth/repo/auth_repo.go:46
[0m[33m[1.048ms] [34;1m[rows:1][0m SELECT id, user_id, user_role, token, device_info, expires_at FROM sessions WHERE token = 'eyJhbGciOiJIUzI1NiIsInR5cCI6IkpXVCJ9.eyJhcHBzIjoid2ViIiwiZXhwIjoxNzg0ODA0NTY4LCJmdWxsX25hbWUiOiJBZG1pbmlzdHJhdG9yIiwicm9sZSI6ImFkbWluIiwidXNlcl9pZCI6MiwidXNlcm5hbWUiOiJhZG1pbiJ9.zlyxCBYPcHSPMM7hmP9b4sMmAVINpHKOBId7uLj8Nc8' LIMIT 1

2026/07/23 10:02:50 [32mD:/Develop/Project_pos_mahenz/BE/domain/auth/repo/auth_repo.go:46
[0m[33m[1.590ms] [34;1m[rows:1][0m SELECT id, user_id, user_role, token, device_info, expires_at FROM sessions WHERE token = 'eyJhbGciOiJIUzI1NiIsInR5cCI6IkpXVCJ9.eyJhcHBzIjoid2ViIiwiZXhwIjoxNzg0ODA0NTY4LCJmdWxsX25hbWUiOiJBZG1pbmlzdHJhdG9yIiwicm9sZSI6ImFkbWluIiwidXNlcl9pZCI6MiwidXNlcm5hbWUiOiJhZG1pbiJ9.zlyxCBYPcHSPMM7hmP9b4sMmAVINpHKOBId7uLj8Nc8' LIMIT 1

2026/07/23 10:02:50 [32mD:/Develop/Project_pos_mahenz/BE/domain/product_category/repo/product_category_repo.go:70
[0m[33m[1.103ms] [34;1m[rows:2][0m SELECT id, name FROM categories WHERE is_active = 1 ORDER BY name
[GIN] 2026/07/23 - 10:02:50 | 200 |       2.151ms |             ::1 | POST     "/api/categories/options"

2026/07/23 10:02:50 [32mD:/Develop/Project_pos_mahenz/BE/domain/product_unit/repo/unit_repo.go:72
[0m[33m[2.292ms] [34;1m[rows:1][0m SELECT id, name, abbreviation FROM units WHERE is_active = 1 ORDER BY name
[GIN] 2026/07/23 - 10:02:50 | 200 |      3.8815ms |             ::1 | POST     "/api/units/options"

2026/07/23 10:02:50 [32mD:/Develop/Project_pos_mahenz/BE/repository/log_request_repository.go:32
[0m[33m[1.812ms] [34;1m[rows:1][0m INSERT INTO log_requests (id, method, endpoint, status_code, request_body, response_body, user_id, duration_ms, ip_address, error_message, created_at) VALUES ('c448ecad-2378-49ab-bc16-70ef54ec0fe9', 'POST', '/api/units/options', 200, '{}', '{"code":"00","status":true,"message":"Opsi satuan","data":[{"id":1,"name":"Pcs","abbreviation":"pcs"}]}', 2, 3, '::1', NULL, '2026-07-23 10:02:50.052')

2026/07/23 10:02:50 [32mD:/Develop/Project_pos_mahenz/BE/repository/log_request_repository.go:32
[0m[33m[3.482ms] [34;1m[rows:1][0m INSERT INTO log_requests (id, method, endpoint, status_code, request_body, response_body, user_id, duration_ms, ip_address, error_message, created_at) VALUES ('8534a64f-55fc-4ac4-86b4-2fce1d5c084b', 'POST', '/api/categories/options', 200, '{}', '{"code":"00","status":true,"message":"Opsi kategori","data":[{"id":2,"name":"Makanan"},{"id":1,"name":"Minuman"}]}', 2, 2, '::1', NULL, '2026-07-23 10:02:50.05')
[GIN] 2026/07/23 - 10:02:50 | 204 |            0s |             ::1 | OPTIONS  "/api/settings/pagination_sizes"
[GIN] 2026/07/23 - 10:02:50 | 204 |            0s |             ::1 | OPTIONS  "/api/products/list"

2026/07/23 10:02:50 [32mD:/Develop/Project_pos_mahenz/BE/domain/auth/repo/auth_repo.go:46
[0m[33m[0.505ms] [34;1m[rows:1][0m SELECT id, user_id, user_role, token, device_info, expires_at FROM sessions WHERE token = 'eyJhbGciOiJIUzI1NiIsInR5cCI6IkpXVCJ9.eyJhcHBzIjoid2ViIiwiZXhwIjoxNzg0ODA0NTY4LCJmdWxsX25hbWUiOiJBZG1pbmlzdHJhdG9yIiwicm9sZSI6ImFkbWluIiwidXNlcl9pZCI6MiwidXNlcm5hbWUiOiJhZG1pbiJ9.zlyxCBYPcHSPMM7hmP9b4sMmAVINpHKOBId7uLj8Nc8' LIMIT 1

2026/07/23 10:02:50 [32mD:/Develop/Project_pos_mahenz/BE/domain/auth/repo/auth_repo.go:46
[0m[33m[0.505ms] [34;1m[rows:1][0m SELECT id, user_id, user_role, token, device_info, expires_at FROM sessions WHERE token = 'eyJhbGciOiJIUzI1NiIsInR5cCI6IkpXVCJ9.eyJhcHBzIjoid2ViIiwiZXhwIjoxNzg0ODA0NTY4LCJmdWxsX25hbWUiOiJBZG1pbmlzdHJhdG9yIiwicm9sZSI6ImFkbWluIiwidXNlcl9pZCI6MiwidXNlcm5hbWUiOiJhZG1pbiJ9.zlyxCBYPcHSPMM7hmP9b4sMmAVINpHKOBId7uLj8Nc8' LIMIT 1

2026/07/23 10:02:50 [32mD:/Develop/Project_pos_mahenz/BE/domain/product/repo/product_repo.go:100
[0m[33m[0.000ms] [34;1m[rows:1][0m SELECT COUNT(*) FROM products p WHERE 1=1

2026/07/23 10:02:50 [32mD:/Develop/Project_pos_mahenz/BE/domain/setting/repo/setting_repo.go:32
[0m[33m[1.069ms] [34;1m[rows:-][0m SELECT setting_key, setting_value FROM settings WHERE setting_key = 'pagination_sizes'
[GIN] 2026/07/23 - 10:02:50 | 200 |      1.5741ms |             ::1 | GET      "/api/settings/pagination_sizes"

2026/07/23 10:02:50 [32mD:/Develop/Project_pos_mahenz/BE/domain/product/repo/product_repo.go:119
[0m[33m[1.340ms] [34;1m[rows:2][0m 
		SELECT p.id, p.barcode, COALESCE(p.sku, '') as sku, p.name, p.category_id, COALESCE(c.name, '') as category_name,
		       p.purchase_price, p.selling_price, p.stock, p.reserved_qty, p.min_stock,
		       COALESCE(p.unit_id, 0) as unit_id, COALESCE(u.name, '') as unit_name, COALESCE(u.abbreviation, '') as unit_abbreviation,
		       p.is_active,
		       (SELECT COUNT(*) FROM product_packages pp WHERE pp.product_id = p.id AND pp.is_default = 0) AS extra_packages,
		       (SELECT COUNT(*) FROM product_prices pr WHERE pr.product_id = p.id) AS price_tiers_count
		FROM products p
		LEFT JOIN categories c ON p.category_id = c.id
		LEFT JOIN units u ON u.id = p.unit_id
		WHERE 1=1 ORDER BY p.name ASC LIMIT 10 OFFSET 0
[GIN] 2026/07/23 - 10:02:50 | 200 |      3.9278ms |             ::1 | POST     "/api/products/list"

2026/07/23 10:02:50 [32mD:/Develop/Project_pos_mahenz/BE/repository/log_request_repository.go:32
[0m[33m[2.354ms] [34;1m[rows:1][0m INSERT INTO log_requests (id, method, endpoint, status_code, request_body, response_body, user_id, duration_ms, ip_address, error_message, created_at) VALUES ('9e37f1c4-9a46-44a0-9bd1-4d5a3f092946', 'GET', '/api/settings/pagination_sizes', 200, '', '{"code":"00","status":true,"message":"Detail pengaturan","data":{"key":"pagination_sizes","value":"[10,20,50]"}}', 2, 1, '::1', NULL, '2026-07-23 10:02:50.153')

2026/07/23 10:02:50 [32mD:/Develop/Project_pos_mahenz/BE/repository/log_request_repository.go:32
[0m[33m[2.897ms] [34;1m[rows:1][0m INSERT INTO log_requests (id, method, endpoint, status_code, request_body, response_body, user_id, duration_ms, ip_address, error_message, created_at) VALUES ('532b4a25-8add-4f98-90de-552a376ecf88', 'POST', '/api/products/list', 200, '{"page":1,"limit":10,"search":""}', '{"code":"00","status":true,"message":"Daftar produk","data":[{"id":4,"barcode":"4444444444444","sku":"MIN-5555","name":"Sanity Check Product","category_id":1,"category_name":"Minuman","purchase_price":0,"selling_price":1000,"stock":0,"reserved_qty":0,"min_stock":0,"unit_id":1,"unit_name":"Pcs","unit_abbreviation":"pcs","is_active":true,"extra_packages":0,"price_tiers_count":0},{"id":1,"barcode":"8990874779046","sku":"MIN-0001","name":"Teh Botol Sosro 350ml (Edited)","category_id":1,"category_name":"Minuman","purchase_price":3500,"selling_price":5800,"stock":50,"reserved_qty":0,"min_stock":10,"unit_id":1,"unit_name":"Pcs","unit_abbreviation":"pcs","is_active":true,"extra_packages":0,"price_tiers_count":0}],"pagination":{"page":1,"per_page":10,"total":2,"total_pages":1}}', 2, 3, '::1', NULL, '2026-07-23 10:02:50.156')

2026/07/23 10:02:52 [32mD:/Develop/Project_pos_mahenz/BE/domain/auth/repo/auth_repo.go:46
[0m[33m[1.048ms] [34;1m[rows:1][0m SELECT id, user_id, user_role, token, device_info, expires_at FROM sessions WHERE token = 'eyJhbGciOiJIUzI1NiIsInR5cCI6IkpXVCJ9.eyJhcHBzIjoid2ViIiwiZXhwIjoxNzg0ODA0NTY4LCJmdWxsX25hbWUiOiJBZG1pbmlzdHJhdG9yIiwicm9sZSI6ImFkbWluIiwidXNlcl9pZCI6MiwidXNlcm5hbWUiOiJhZG1pbiJ9.zlyxCBYPcHSPMM7hmP9b4sMmAVINpHKOBId7uLj8Nc8' LIMIT 1

2026/07/23 10:02:52 [32mD:/Develop/Project_pos_mahenz/BE/domain/menu/repo/menu_repo.go:121
[0m[33m[1.210ms] [34;1m[rows:-][0m 
		SELECT
			m.id,
			m.parent_id,
			m.key_name,
			m.label,
			m.icon,
			m.path,
			m.order_index,
			COALESCE(rma.can_view,   0),
			COALESCE(rma.can_create, 0),
			COALESCE(rma.can_edit,   0),
			COALESCE(rma.can_delete, 0)
		FROM menus m
		LEFT JOIN role_menu_access rma ON rma.menu_id = m.id
			AND rma.role_id = (SELECT id FROM roles WHERE name = 'admin' AND is_active = 1 LIMIT 1)
		WHERE m.is_active = 1
		ORDER BY m.order_index ASC, m.id ASC
		
[GIN] 2026/07/23 - 10:02:52 | 200 |      2.6053ms |             ::1 | POST     "/api/menus/my"

2026/07/23 10:02:52 [32mD:/Develop/Project_pos_mahenz/BE/repository/log_request_repository.go:32
[0m[33m[10.195ms] [34;1m[rows:1][0m INSERT INTO log_requests (id, method, endpoint, status_code, request_body, response_body, user_id, duration_ms, ip_address, error_message, created_at) VALUES ('9e067b0e-4a14-4aaa-8bb0-23149a14730f', 'POST', '/api/menus/my', 200, '{}', '{"code":"00","status":true,"message":"Menu akses","data":[{"key_name":"beranda","label":"Beranda","icon":"Home","path":null,"order_index":1,"permission":{"can_view":true,"can_create":true,"can_edit":true,"can_delete":false},"children":[{"key_name":"beranda.dashboard","label":"Dashboard","icon":"LayoutDashboard","path":"/dashboard","order_index":1,"permission":{"can_view":true,"can_create":true,"can_edit":true,"can_delete":false},"children":[]}]},{"key_name":"penjualan","label":"Penjualan","icon":"ShoppingCart","path":null,"order_index":2,"permission":{"can_view":true,"can_create":true,"can_edit":true,"can_delete":false},"children":[{"key_name":"penjualan.kasir","label":"Kasir","icon":"ShoppingCart","path":"/kasir","order_index":1,"permission":{"can_view":true,"can_create":true,"can_edit":true,"can_delete":false},"children":[]},{"key_name":"penjualan.transaksi","label":"Transaksi","icon":"Receipt","path":"/transactions","order_index":2,"permission":{"can_view":true,"can_create":true,"can_edit":true,"can_delete":false},"children":[]}]},{"key_name":"produk","label":"Produk","icon":"Package","path":null,"order_index":3,"permission":{"can_view":true,"can_create":true,"can_edit":true,"can_delete":false},"children":[{"key_name":"produk.produk","label":"Produk","icon":"Package","path":"/products","order_index":1,"permission":{"can_view":true,"can_create":true,"can_edit":true,"can_delete":false},"children":[]},{"key_name":"produk.kategori","label":"Kategori","icon":"Tag","path":"/products/categories","order_index":2,"permission":{"can_view":true,"can_create":true,"can_edit":true,"can_delete":false},"children":[]},{"key_name":"produk.unit","label":"Unit","icon":"PackageSearch","path":"/products/units","order_index":3,"permission":{"can_view":true,"can_create":true,"can_edit":true,"can_delete":false},"children":[]}]},{"key_name":"pengadaan","label":"Pengadaan","icon":"Truck","path":null,"order_index":4,"permission":{"can_view":true,"can_create":true,"can_edit":true,"can_delete":false},"children":[{"key_name":"pengadaan.supplier","label":"Supplier","icon":"Truck","path":"/suppliers","order_index":1,"permission":{"can_view":true,"can_create":true,"can_edit":true,"can_delete":false},"children":[]},{"key_name":"pengadaan.pembelian","label":"Pembelian","icon":"ShoppingBag","path":"/suppliers/purchases","order_index":2,"permission":{"can_view":true,"can_create":true,"can_edit":true,"can_delete":false},"children":[]},{"key_name":"pengadaan.retur","label":"Retur","icon":"RotateCcw","path":"/suppliers/returns","order_index":3,"permission":{"can_view":true,"can_create":true,"can_edit":true,"can_delete":false},"children":[]}]},{"key_name":"pelanggan","label":"Pelanggan","icon":"Users","path":null,"order_index":5,"permission":{"can_view":true,"can_create":true,"can_edit":true,"can_delete":false},"children":[{"key_name":"pelanggan.pelanggan","label":"Pelanggan","icon":"Users","path":"/customers","order_index":1,"permission":{"can_view":true,"can_create":true,"can_edit":true,"can_delete":false},"children":[]},{"key_name":"pelanggan.piutang","label":"Piutang","icon":"CreditCard","path":"/receivables","order_index":2,"permission":{"can_view":true,"can_create":true,"can_edit":true,"can_delete":false},"children":[]}]},{"key_name":"keuangan","label":"Keuangan","icon":"Wallet","path":null,"order_index":6,"permission":{"can_view":true,"can_create":true,"can_edit":true,"can_delete":false},"children":[{"key_name":"keuangan.dashboard","label":"Dashboard Keuangan","icon":"Wallet","path":"/finance","order_index":1,"permission":{"can_view":true,"can_create":true,"can_edit":true,"can_delete":false},"children":[]},{"key_name":"keuangan.kas_harian","label":"Kas Harian","icon":"Landmark","path":"/finance/cash-drawer","order_index":2,"permission":{"can_view":true,"can_create":true,"can_edit":true,"can_delete":false},"children":[]},{"key_name":"keuangan.pengeluaran","label":"Pengeluaran","icon":"TrendingDown","path":"/finance/expenses","order_index":3,"permission":{"can_view":true,"can_create":true,"can_edit":true,"can_delete":false},"children":[]},{"key_name":"keuangan.kas_saya","label":"Kas Saya","icon":"Wallet","path":"/finance/my-cash","order_index":4,"permission":{"can_view":true,"can_create":true,"can_edit":true,"can_delete":false},"children":[]}]},{"key_name":"pelaporan","label":"Pelaporan","icon":"BarChart2","path":null,"order_index":7,"permission":{"can_view":true,"can_create":true,"can_edit":true,"can_delete":false},"children":[{"key_name":"pelaporan.penjualan","label":"Penjualan","icon":"TrendingUp","path":"/reports/sales","order_index":1,"permission":{"can_view":true,"can_create":true,"can_edit":true,"can_delete":false},"children":[]},{"key_name":"pelaporan.laba_rugi","label":"Laba Rugi","icon":"LineChart","path":"/reports/profit-loss","order_index":2,"permission":{"can_view":true,"can_create":true,"can_edit":true,"can_delete":false},"children":[]},{"key_name":"pelaporan.stok","label":"Stok","icon":"PackageSearch","path":"/reports/stock","order_index":3,"permission":{"can_view":true,"can_create":true,"can_edit":true,"can_delete":false},"children":[]},{"key_name":"pelaporan.kinerja_kasir","label":"Kinerja Kasir","icon":"BarChart2","path":"/reports/cashier","order_index":4,"permission":{"can_view":true,"can_create":true,"can_edit":true,"can_delete":false},"children":[]}]},{"key_name":"operasional","label":"Operasional","icon":"Clock","path":null,"order_index":8,"permission":{"can_view":true,"can_create":true,"can_edit":true,"can_delete":false},"children":[{"key_name":"operasional.shift","label":"Shift","icon":"Clock","path":"/shifts","order_index":1,"permission":{"can_view":true,"can_create":true,"can_edit":true,"can_delete":false},"children":[]},{"key_name":"operasional.sync","label":"Sync Center","icon":"RefreshCw","path":"/sync","order_index":2,"permission":{"can_view":true,"can_create":true,"can_edit":true,"can_delete":false},"children":[]}]},{"key_name":"sistem","label":"Sistem","icon":"Settings","path":null,"order_index":9,"permission":{"can_view":true,"can_create":true,"can_edit":true,"can_delete":false},"children":[{"key_name":"sistem.profil_toko","label":"Profil Toko","icon":"Settings","path":"/settings/store","order_index":1,"permission":{"can_view":true,"can_create":true,"can_edit":true,"can_delete":false},"children":[]},{"key_name":"sistem.roles","label":"Manajemen Role","icon":"Shield","path":"/settings/roles","order_index":3,"permission":{"can_view":true,"can_create":false,"can_edit":false,"can_delete":false},"children":[]},{"key_name":"sistem.menus","label":"Manajemen Menu","icon":"LayoutList","path":"/settings/menus","order_index":4,"permission":{"can_view":true,"can_create":false,"can_edit":false,"can_delete":false},"children":[]},{"key_name":"sistem.printer","label":"Printer","icon":"Printer","path":"/settings/printer","order_index":5,"permission":{"can_view":true,"can_create":true,"can_edit":true,"can_delete":false},"children":[]},{"key_name":"sistem.versi","label":"Versi Aplikasi","icon":"RefreshCw","path":"/settings/versions","order_index":6,"permission":{"can_view":true,"can_create":false,"can_edit":false,"can_delete":false},"children":[]},{"key_name":"sistem.backup","label":"Backup \u0026 Restore","icon":"DatabaseBackup","path":"/settings/backup","order_index":7,"permission":{"can_view":true,"can_create":true,"can_edit":true,"can_delete":false},"children":[]}]}]}', 2, 2, '::1', NULL, '2026-07-23 10:02:52.463')

2026/07/23 10:02:52 [32mD:/Develop/Project_pos_mahenz/BE/domain/auth/repo/auth_repo.go:46
[0m[33m[0.587ms] [34;1m[rows:1][0m SELECT id, user_id, user_role, token, device_info, expires_at FROM sessions WHERE token = 'eyJhbGciOiJIUzI1NiIsInR5cCI6IkpXVCJ9.eyJhcHBzIjoid2ViIiwiZXhwIjoxNzg0ODA0NTY4LCJmdWxsX25hbWUiOiJBZG1pbmlzdHJhdG9yIiwicm9sZSI6ImFkbWluIiwidXNlcl9pZCI6MiwidXNlcm5hbWUiOiJhZG1pbiJ9.zlyxCBYPcHSPMM7hmP9b4sMmAVINpHKOBId7uLj8Nc8' LIMIT 1

2026/07/23 10:02:52 [32mD:/Develop/Project_pos_mahenz/BE/domain/sync/repo/sync_repo.go:84
[0m[33m[0.000ms] [34;1m[rows:1][0m SELECT COUNT(*) FROM sync_conflicts WHERE status = 'pending'
[GIN] 2026/07/23 - 10:02:52 | 200 |      3.2375ms |             ::1 | GET      "/api/sync/conflicts/count"

2026/07/23 10:02:52 [32mD:/Develop/Project_pos_mahenz/BE/repository/log_request_repository.go:32
[0m[33m[7.556ms] [34;1m[rows:1][0m INSERT INTO log_requests (id, method, endpoint, status_code, request_body, response_body, user_id, duration_ms, ip_address, error_message, created_at) VALUES ('5a76fbde-bd1a-44b5-8751-2c4f60c76a06', 'GET', '/api/sync/conflicts/count', 200, '', '{"code":"00","status":true,"message":"Jumlah konflik pending","data":{"count":0}}', 2, 3, '::1', NULL, '2026-07-23 10:02:52.51')

2026/07/23 10:02:52 [32mD:/Develop/Project_pos_mahenz/BE/domain/auth/repo/auth_repo.go:46
[0m[33m[1.623ms] [34;1m[rows:1][0m SELECT id, user_id, user_role, token, device_info, expires_at FROM sessions WHERE token = 'eyJhbGciOiJIUzI1NiIsInR5cCI6IkpXVCJ9.eyJhcHBzIjoid2ViIiwiZXhwIjoxNzg0ODA0NTY4LCJmdWxsX25hbWUiOiJBZG1pbmlzdHJhdG9yIiwicm9sZSI6ImFkbWluIiwidXNlcl9pZCI6MiwidXNlcm5hbWUiOiJhZG1pbiJ9.zlyxCBYPcHSPMM7hmP9b4sMmAVINpHKOBId7uLj8Nc8' LIMIT 1

2026/07/23 10:02:52 [32mD:/Develop/Project_pos_mahenz/BE/domain/product_category/repo/product_category_repo.go:70
[0m[33m[0.605ms] [34;1m[rows:2][0m SELECT id, name FROM categories WHERE is_active = 1 ORDER BY name

2026/07/23 10:02:52 [32mD:/Develop/Project_pos_mahenz/BE/domain/auth/repo/auth_repo.go:46
[0m[33m[2.254ms] [34;1m[rows:1][0m SELECT id, user_id, user_role, token, device_info, expires_at FROM sessions WHERE token = 'eyJhbGciOiJIUzI1NiIsInR5cCI6IkpXVCJ9.eyJhcHBzIjoid2ViIiwiZXhwIjoxNzg0ODA0NTY4LCJmdWxsX25hbWUiOiJBZG1pbmlzdHJhdG9yIiwicm9sZSI6ImFkbWluIiwidXNlcl9pZCI6MiwidXNlcm5hbWUiOiJhZG1pbiJ9.zlyxCBYPcHSPMM7hmP9b4sMmAVINpHKOBId7uLj8Nc8' LIMIT 1
[GIN] 2026/07/23 - 10:02:52 | 200 |      3.3624ms |             ::1 | POST     "/api/categories/options"

2026/07/23 10:02:52 [32mD:/Develop/Project_pos_mahenz/BE/domain/product_unit/repo/unit_repo.go:72
[0m[33m[0.579ms] [34;1m[rows:1][0m SELECT id, name, abbreviation FROM units WHERE is_active = 1 ORDER BY name
[GIN] 2026/07/23 - 10:02:52 | 200 |      3.4492ms |             ::1 | POST     "/api/units/options"

2026/07/23 10:02:52 [32mD:/Develop/Project_pos_mahenz/BE/repository/log_request_repository.go:32
[0m[33m[3.817ms] [34;1m[rows:1][0m INSERT INTO log_requests (id, method, endpoint, status_code, request_body, response_body, user_id, duration_ms, ip_address, error_message, created_at) VALUES ('e2cac6e7-8424-45cb-a2e5-85bc79da03e6', 'POST', '/api/categories/options', 200, '{}', '{"code":"00","status":true,"message":"Opsi kategori","data":[{"id":2,"name":"Makanan"},{"id":1,"name":"Minuman"}]}', 2, 3, '::1', NULL, '2026-07-23 10:02:52.816')

2026/07/23 10:02:52 [32mD:/Develop/Project_pos_mahenz/BE/repository/log_request_repository.go:32
[0m[33m[4.131ms] [34;1m[rows:1][0m INSERT INTO log_requests (id, method, endpoint, status_code, request_body, response_body, user_id, duration_ms, ip_address, error_message, created_at) VALUES ('0b69702b-47ab-4ede-a0bc-41412260e42e', 'POST', '/api/units/options', 200, '{}', '{"code":"00","status":true,"message":"Opsi satuan","data":[{"id":1,"name":"Pcs","abbreviation":"pcs"}]}', 2, 3, '::1', NULL, '2026-07-23 10:02:52.818')

2026/07/23 10:02:52 [32mD:/Develop/Project_pos_mahenz/BE/domain/auth/repo/auth_repo.go:46
[0m[33m[0.646ms] [34;1m[rows:1][0m SELECT id, user_id, user_role, token, device_info, expires_at FROM sessions WHERE token = 'eyJhbGciOiJIUzI1NiIsInR5cCI6IkpXVCJ9.eyJhcHBzIjoid2ViIiwiZXhwIjoxNzg0ODA0NTY4LCJmdWxsX25hbWUiOiJBZG1pbmlzdHJhdG9yIiwicm9sZSI6ImFkbWluIiwidXNlcl9pZCI6MiwidXNlcm5hbWUiOiJhZG1pbiJ9.zlyxCBYPcHSPMM7hmP9b4sMmAVINpHKOBId7uLj8Nc8' LIMIT 1

2026/07/23 10:02:52 [32mD:/Develop/Project_pos_mahenz/BE/domain/auth/repo/auth_repo.go:46
[0m[33m[0.646ms] [34;1m[rows:1][0m SELECT id, user_id, user_role, token, device_info, expires_at FROM sessions WHERE token = 'eyJhbGciOiJIUzI1NiIsInR5cCI6IkpXVCJ9.eyJhcHBzIjoid2ViIiwiZXhwIjoxNzg0ODA0NTY4LCJmdWxsX25hbWUiOiJBZG1pbmlzdHJhdG9yIiwicm9sZSI6ImFkbWluIiwidXNlcl9pZCI6MiwidXNlcm5hbWUiOiJhZG1pbiJ9.zlyxCBYPcHSPMM7hmP9b4sMmAVINpHKOBId7uLj8Nc8' LIMIT 1

2026/07/23 10:02:52 [32mD:/Develop/Project_pos_mahenz/BE/domain/product/repo/product_repo.go:100
[0m[33m[0.000ms] [34;1m[rows:1][0m SELECT COUNT(*) FROM products p WHERE 1=1

2026/07/23 10:02:52 [32mD:/Develop/Project_pos_mahenz/BE/domain/setting/repo/setting_repo.go:32
[0m[33m[0.663ms] [34;1m[rows:-][0m SELECT setting_key, setting_value FROM settings WHERE setting_key = 'pagination_sizes'
[GIN] 2026/07/23 - 10:02:52 | 200 |      1.8694ms |             ::1 | GET      "/api/settings/pagination_sizes"

2026/07/23 10:02:52 [32mD:/Develop/Project_pos_mahenz/BE/domain/product/repo/product_repo.go:119
[0m[33m[1.616ms] [34;1m[rows:2][0m 
		SELECT p.id, p.barcode, COALESCE(p.sku, '') as sku, p.name, p.category_id, COALESCE(c.name, '') as category_name,
		       p.purchase_price, p.selling_price, p.stock, p.reserved_qty, p.min_stock,
		       COALESCE(p.unit_id, 0) as unit_id, COALESCE(u.name, '') as unit_name, COALESCE(u.abbreviation, '') as unit_abbreviation,
		       p.is_active,
		       (SELECT COUNT(*) FROM product_packages pp WHERE pp.product_id = p.id AND pp.is_default = 0) AS extra_packages,
		       (SELECT COUNT(*) FROM product_prices pr WHERE pr.product_id = p.id) AS price_tiers_count
		FROM products p
		LEFT JOIN categories c ON p.category_id = c.id
		LEFT JOIN units u ON u.id = p.unit_id
		WHERE 1=1 ORDER BY p.name ASC LIMIT 10 OFFSET 0
[GIN] 2026/07/23 - 10:02:52 | 200 |      2.9246ms |             ::1 | POST     "/api/products/list"

2026/07/23 10:02:52 [32mD:/Develop/Project_pos_mahenz/BE/repository/log_request_repository.go:32
[0m[33m[2.318ms] [34;1m[rows:1][0m INSERT INTO log_requests (id, method, endpoint, status_code, request_body, response_body, user_id, duration_ms, ip_address, error_message, created_at) VALUES ('1088a5cc-8af9-4eca-a9f4-ca155d896266', 'GET', '/api/settings/pagination_sizes', 200, '', '{"code":"00","status":true,"message":"Detail pengaturan","data":{"key":"pagination_sizes","value":"[10,20,50]"}}', 2, 1, '::1', NULL, '2026-07-23 10:02:52.916')

2026/07/23 10:02:52 [32mD:/Develop/Project_pos_mahenz/BE/repository/log_request_repository.go:32
[0m[33m[3.715ms] [34;1m[rows:1][0m INSERT INTO log_requests (id, method, endpoint, status_code, request_body, response_body, user_id, duration_ms, ip_address, error_message, created_at) VALUES ('3f3307ec-f22a-4ec6-8c7b-cb3bcbf9586d', 'POST', '/api/products/list', 200, '{"page":1,"limit":10,"search":""}', '{"code":"00","status":true,"message":"Daftar produk","data":[{"id":4,"barcode":"4444444444444","sku":"MIN-5555","name":"Sanity Check Product","category_id":1,"category_name":"Minuman","purchase_price":0,"selling_price":1000,"stock":0,"reserved_qty":0,"min_stock":0,"unit_id":1,"unit_name":"Pcs","unit_abbreviation":"pcs","is_active":true,"extra_packages":0,"price_tiers_count":0},{"id":1,"barcode":"8990874779046","sku":"MIN-0001","name":"Teh Botol Sosro 350ml (Edited)","category_id":1,"category_name":"Minuman","purchase_price":3500,"selling_price":5800,"stock":50,"reserved_qty":0,"min_stock":10,"unit_id":1,"unit_name":"Pcs","unit_abbreviation":"pcs","is_active":true,"extra_packages":0,"price_tiers_count":0}],"pagination":{"page":1,"per_page":10,"total":2,"total_pages":1}}', 2, 2, '::1', NULL, '2026-07-23 10:02:52.918')
[GIN] 2026/07/23 - 10:02:54 | 204 |            0s |             ::1 | OPTIONS  "/api/products/detail/1"
[GIN] 2026/07/23 - 10:02:54 | 204 |            0s |             ::1 | OPTIONS  "/api/products/1/packages/list"

2026/07/23 10:02:54 [32mD:/Develop/Project_pos_mahenz/BE/domain/auth/repo/auth_repo.go:46
[0m[33m[8.394ms] [34;1m[rows:1][0m SELECT id, user_id, user_role, token, device_info, expires_at FROM sessions WHERE token = 'eyJhbGciOiJIUzI1NiIsInR5cCI6IkpXVCJ9.eyJhcHBzIjoid2ViIiwiZXhwIjoxNzg0ODA0NTY4LCJmdWxsX25hbWUiOiJBZG1pbmlzdHJhdG9yIiwicm9sZSI6ImFkbWluIiwidXNlcl9pZCI6MiwidXNlcm5hbWUiOiJhZG1pbiJ9.zlyxCBYPcHSPMM7hmP9b4sMmAVINpHKOBId7uLj8Nc8' LIMIT 1

2026/07/23 10:02:54 [32mD:/Develop/Project_pos_mahenz/BE/domain/auth/repo/auth_repo.go:46
[0m[33m[12.180ms] [34;1m[rows:1][0m SELECT id, user_id, user_role, token, device_info, expires_at FROM sessions WHERE token = 'eyJhbGciOiJIUzI1NiIsInR5cCI6IkpXVCJ9.eyJhcHBzIjoid2ViIiwiZXhwIjoxNzg0ODA0NTY4LCJmdWxsX25hbWUiOiJBZG1pbmlzdHJhdG9yIiwicm9sZSI6ImFkbWluIiwidXNlcl9pZCI6MiwidXNlcm5hbWUiOiJhZG1pbiJ9.zlyxCBYPcHSPMM7hmP9b4sMmAVINpHKOBId7uLj8Nc8' LIMIT 1

2026/07/23 10:02:54 [32mD:/Develop/Project_pos_mahenz/BE/domain/product/repo/product_repo.go:136
[0m[33m[14.431ms] [34;1m[rows:1][0m 
		SELECT p.id, p.barcode, COALESCE(p.sku, '') as sku, p.name, p.category_id, COALESCE(c.name, '') as category_name,
		       p.purchase_price, p.selling_price, p.stock, p.reserved_qty, p.min_stock,
		       COALESCE(p.unit_id, 0) as unit_id, COALESCE(u.name, '') as unit_name, COALESCE(u.abbreviation, '') as unit_abbreviation,
		       p.is_active, p.created_at, p.updated_at,
		       (SELECT COUNT(*) FROM product_packages pp WHERE pp.product_id = p.id AND pp.is_default = 0) AS extra_packages,
		       (SELECT COUNT(*) FROM product_prices pr WHERE pr.product_id = p.id) AS price_tiers_count
		FROM products p
		LEFT JOIN categories c ON p.category_id = c.id
		LEFT JOIN units u ON u.id = p.unit_id
		WHERE p.id = 1 LIMIT 1
[GIN] 2026/07/23 - 10:02:54 | 200 |     30.2882ms |             ::1 | POST     "/api/products/detail/1"

2026/07/23 10:02:54 [32mD:/Develop/Project_pos_mahenz/BE/domain/product/repo/product_repo.go:136
[0m[33m[37.987ms] [34;1m[rows:1][0m 
		SELECT p.id, p.barcode, COALESCE(p.sku, '') as sku, p.name, p.category_id, COALESCE(c.name, '') as category_name,
		       p.purchase_price, p.selling_price, p.stock, p.reserved_qty, p.min_stock,
		       COALESCE(p.unit_id, 0) as unit_id, COALESCE(u.name, '') as unit_name, COALESCE(u.abbreviation, '') as unit_abbreviation,
		       p.is_active, p.created_at, p.updated_at,
		       (SELECT COUNT(*) FROM product_packages pp WHERE pp.product_id = p.id AND pp.is_default = 0) AS extra_packages,
		       (SELECT COUNT(*) FROM product_prices pr WHERE pr.product_id = p.id) AS price_tiers_count
		FROM products p
		LEFT JOIN categories c ON p.category_id = c.id
		LEFT JOIN units u ON u.id = p.unit_id
		WHERE p.id = 1 LIMIT 1

2026/07/23 10:02:54 [32mD:/Develop/Project_pos_mahenz/BE/domain/product/repo/product_package_repo.go:23
[0m[33m[1.352ms] [34;1m[rows:1][0m 
		SELECT pp.id, pp.product_id, pp.unit_id, COALESCE(u.name, '') AS unit_name, COALESCE(u.abbreviation, '') AS abbreviation,
		       COALESCE(pp.package_name, '') AS package_name, pp.ref_package_id, pp.qty, pp.ref_qty, pp.purchase_price, pp.selling_price, pp.is_default
		FROM product_packages pp
		JOIN units u ON u.id = pp.unit_id
		WHERE pp.product_id = 1
[GIN] 2026/07/23 - 10:02:54 | 200 |     54.7461ms |             ::1 | POST     "/api/products/1/packages/list"

2026/07/23 10:02:54 [32mD:/Develop/Project_pos_mahenz/BE/repository/log_request_repository.go:32
[0m[33m[24.051ms] [34;1m[rows:1][0m INSERT INTO log_requests (id, method, endpoint, status_code, request_body, response_body, user_id, duration_ms, ip_address, error_message, created_at) VALUES ('06ad8c19-5753-4580-9ecc-401630d49488', 'POST', '/api/products/detail/1', 200, '{}', '{"code":"00","status":true,"message":"Detail produk","data":{"id":1,"barcode":"8990874779046","sku":"MIN-0001","name":"Teh Botol Sosro 350ml (Edited)","category_id":1,"category_name":"Minuman","purchase_price":3500,"selling_price":5800,"stock":50,"reserved_qty":0,"min_stock":10,"unit_id":1,"unit_name":"Pcs","unit_abbreviation":"pcs","is_active":true,"extra_packages":0,"price_tiers_count":0}}', 2, 30, '::1', NULL, '2026-07-23 10:02:54.098')

2026/07/23 10:02:54 [32mD:/Develop/Project_pos_mahenz/BE/repository/log_request_repository.go:32
[0m[33m[2.759ms] [34;1m[rows:1][0m INSERT INTO log_requests (id, method, endpoint, status_code, request_body, response_body, user_id, duration_ms, ip_address, error_message, created_at) VALUES ('db22731c-6e9c-42f7-be38-cfa2b1d91453', 'POST', '/api/products/1/packages/list', 200, '{}', '{"code":"00","status":true,"message":"Daftar paket produk","data":[{"id":1,"product_id":1,"unit_id":1,"unit_name":"Pcs","abbreviation":"pcs","package_name":"","ref_package_id":null,"qty":1,"ref_qty":null,"resolved_factor":1,"purchase_price":3500,"selling_price":5800,"is_default":true}]}', 2, 52, '::1', NULL, '2026-07-23 10:02:54.121')

2026/07/23 10:02:55 [32mD:/Develop/Project_pos_mahenz/BE/domain/auth/repo/auth_repo.go:17
[0m[33m[1.300ms] [34;1m[rows:1][0m SELECT u.id, u.username, u.password, u.full_name, u.role_id, r.name AS role_name, u.is_active FROM users u INNER JOIN roles r ON r.id = u.role_id WHERE u.username = 'owner' LIMIT 1

2026/07/23 10:02:56 [32mD:/Develop/Project_pos_mahenz/BE/domain/auth/repo/auth_repo.go:67
[0m[33m[4.356ms] [34;1m[rows:1][0m DELETE FROM sessions WHERE user_id = 1

2026/07/23 10:02:56 [32mD:/Develop/Project_pos_mahenz/BE/domain/auth/repo/auth_repo.go:38
[0m[33m[1.881ms] [34;1m[rows:1][0m INSERT INTO sessions (user_id, user_role, token, refresh_token, device_info, ip_address, expires_at) VALUES (1, 'owner', 'eyJhbGciOiJIUzI1NiIsInR5cCI6IkpXVCJ9.eyJhcHBzIjoid2ViIiwiZXhwIjoxNzg0ODA0NTc2LCJmdWxsX25hbWUiOiJPd25lciIsInJvbGUiOiJvd25lciIsInVzZXJfaWQiOjEsInVzZXJuYW1lIjoib3duZXIifQ.1GihqBVoi-iy0jQxYbMROq8dfo6NiXKriRtRKZEN2ps', 'f6609beba3d533dcff236cc4aef5feb8f5fd732ffb58ef94fc8152d91927123e', 'web', '::1', '2026-07-30 10:02:56.066') ON DUPLICATE KEY UPDATE user_role=VALUES(user_role), token=VALUES(token), refresh_token=VALUES(refresh_token), device_info=VALUES(device_info), ip_address=VALUES(ip_address), expires_at=VALUES(expires_at), created_at=NOW()
[GIN] 2026/07/23 - 10:02:56 | 200 |     81.4937ms |             ::1 | POST     "/api/auth/login"

2026/07/23 10:02:56 [32mD:/Develop/Project_pos_mahenz/BE/repository/log_request_repository.go:32
[0m[33m[2.195ms] [34;1m[rows:1][0m INSERT INTO log_requests (id, method, endpoint, status_code, request_body, response_body, user_id, duration_ms, ip_address, error_message, created_at) VALUES ('c63f2df6-0d65-4f21-8cd7-9b006a45f544', 'POST', '/api/auth/login', 200, '{"username":"owner","password":"owner123","device_info":"web"}', '{"code":"00","status":true,"message":"Login berhasil","data":{"token":"eyJhbGciOiJIUzI1NiIsInR5cCI6IkpXVCJ9.eyJhcHBzIjoid2ViIiwiZXhwIjoxNzg0ODA0NTc2LCJmdWxsX25hbWUiOiJPd25lciIsInJvbGUiOiJvd25lciIsInVzZXJfaWQiOjEsInVzZXJuYW1lIjoib3duZXIifQ.1GihqBVoi-iy0jQxYbMROq8dfo6NiXKriRtRKZEN2ps","refresh_token":"f6609beba3d533dcff236cc4aef5feb8f5fd732ffb58ef94fc8152d91927123e","expires_at":"2026-07-30T10:02:56.0660128+07:00","user":{"id":1,"username":"owner","full_name":"Owner","role_id":1,"role_name":"owner"}}}', NULL, 81, '::1', NULL, '2026-07-23 10:02:56.073')

2026/07/23 10:02:56 [32mD:/Develop/Project_pos_mahenz/BE/domain/auth/repo/auth_repo.go:46
[0m[33m[0.847ms] [34;1m[rows:1][0m SELECT id, user_id, user_role, token, device_info, expires_at FROM sessions WHERE token = 'eyJhbGciOiJIUzI1NiIsInR5cCI6IkpXVCJ9.eyJhcHBzIjoid2ViIiwiZXhwIjoxNzg0ODA0NTc2LCJmdWxsX25hbWUiOiJPd25lciIsInJvbGUiOiJvd25lciIsInVzZXJfaWQiOjEsInVzZXJuYW1lIjoib3duZXIifQ.1GihqBVoi-iy0jQxYbMROq8dfo6NiXKriRtRKZEN2ps' LIMIT 1

2026/07/23 10:02:56 [32mD:/Develop/Project_pos_mahenz/BE/domain/auth/repo/auth_repo.go:46
[0m[33m[0.364ms] [34;1m[rows:1][0m SELECT id, user_id, user_role, token, device_info, expires_at FROM sessions WHERE token = 'eyJhbGciOiJIUzI1NiIsInR5cCI6IkpXVCJ9.eyJhcHBzIjoid2ViIiwiZXhwIjoxNzg0ODA0NTc2LCJmdWxsX25hbWUiOiJPd25lciIsInJvbGUiOiJvd25lciIsInVzZXJfaWQiOjEsInVzZXJuYW1lIjoib3duZXIifQ.1GihqBVoi-iy0jQxYbMROq8dfo6NiXKriRtRKZEN2ps' LIMIT 1

2026/07/23 10:02:56 [32mD:/Develop/Project_pos_mahenz/BE/domain/menu/repo/menu_repo.go:121
[0m[33m[0.533ms] [34;1m[rows:-][0m 
		SELECT
			m.id,
			m.parent_id,
			m.key_name,
			m.label,
			m.icon,
			m.path,
			m.order_index,
			COALESCE(rma.can_view,   0),
			COALESCE(rma.can_create, 0),
			COALESCE(rma.can_edit,   0),
			COALESCE(rma.can_delete, 0)
		FROM menus m
		LEFT JOIN role_menu_access rma ON rma.menu_id = m.id
			AND rma.role_id = (SELECT id FROM roles WHERE name = 'owner' AND is_active = 1 LIMIT 1)
		WHERE m.is_active = 1
		ORDER BY m.order_index ASC, m.id ASC
		

2026/07/23 10:02:56 [32mD:/Develop/Project_pos_mahenz/BE/domain/menu/repo/menu_repo.go:121
[0m[33m[0.533ms] [34;1m[rows:-][0m 
		SELECT
			m.id,
			m.parent_id,
			m.key_name,
			m.label,
			m.icon,
			m.path,
			m.order_index,
			COALESCE(rma.can_view,   0),
			COALESCE(rma.can_create, 0),
			COALESCE(rma.can_edit,   0),
			COALESCE(rma.can_delete, 0)
		FROM menus m
		LEFT JOIN role_menu_access rma ON rma.menu_id = m.id
			AND rma.role_id = (SELECT id FROM roles WHERE name = 'owner' AND is_active = 1 LIMIT 1)
		WHERE m.is_active = 1
		ORDER BY m.order_index ASC, m.id ASC
		
[GIN] 2026/07/23 - 10:02:56 | 200 |      2.5296ms |             ::1 | POST     "/api/menus/my"
[GIN] 2026/07/23 - 10:02:56 | 200 |      3.5585ms |             ::1 | POST     "/api/menus/my"

2026/07/23 10:02:56 [32mD:/Develop/Project_pos_mahenz/BE/repository/log_request_repository.go:32
[0m[33m[15.305ms] [34;1m[rows:1][0m INSERT INTO log_requests (id, method, endpoint, status_code, request_body, response_body, user_id, duration_ms, ip_address, error_message, created_at) VALUES ('038104ba-35c6-424f-9334-f5217c2b28ed', 'POST', '/api/menus/my', 200, '{}', '{"code":"00","status":true,"message":"Menu akses","data":[{"key_name":"beranda","label":"Beranda","icon":"Home","path":null,"order_index":1,"permission":{"can_view":true,"can_create":true,"can_edit":true,"can_delete":true},"children":[{"key_name":"beranda.dashboard","label":"Dashboard","icon":"LayoutDashboard","path":"/dashboard","order_index":1,"permission":{"can_view":true,"can_create":true,"can_edit":true,"can_delete":true},"children":[]}]},{"key_name":"penjualan","label":"Penjualan","icon":"ShoppingCart","path":null,"order_index":2,"permission":{"can_view":true,"can_create":true,"can_edit":true,"can_delete":true},"children":[{"key_name":"penjualan.kasir","label":"Kasir","icon":"ShoppingCart","path":"/kasir","order_index":1,"permission":{"can_view":true,"can_create":true,"can_edit":true,"can_delete":true},"children":[]},{"key_name":"penjualan.transaksi","label":"Transaksi","icon":"Receipt","path":"/transactions","order_index":2,"permission":{"can_view":true,"can_create":true,"can_edit":true,"can_delete":true},"children":[]}]},{"key_name":"produk","label":"Produk","icon":"Package","path":null,"order_index":3,"permission":{"can_view":true,"can_create":true,"can_edit":true,"can_delete":true},"children":[{"key_name":"produk.produk","label":"Produk","icon":"Package","path":"/products","order_index":1,"permission":{"can_view":true,"can_create":true,"can_edit":true,"can_delete":true},"children":[]},{"key_name":"produk.kategori","label":"Kategori","icon":"Tag","path":"/products/categories","order_index":2,"permission":{"can_view":true,"can_create":true,"can_edit":true,"can_delete":true},"children":[]},{"key_name":"produk.unit","label":"Unit","icon":"PackageSearch","path":"/products/units","order_index":3,"permission":{"can_view":true,"can_create":true,"can_edit":true,"can_delete":true},"children":[]}]},{"key_name":"pengadaan","label":"Pengadaan","icon":"Truck","path":null,"order_index":4,"permission":{"can_view":true,"can_create":true,"can_edit":true,"can_delete":true},"children":[{"key_name":"pengadaan.supplier","label":"Supplier","icon":"Truck","path":"/suppliers","order_index":1,"permission":{"can_view":true,"can_create":true,"can_edit":true,"can_delete":true},"children":[]},{"key_name":"pengadaan.pembelian","label":"Pembelian","icon":"ShoppingBag","path":"/suppliers/purchases","order_index":2,"permission":{"can_view":true,"can_create":true,"can_edit":true,"can_delete":true},"children":[]},{"key_name":"pengadaan.retur","label":"Retur","icon":"RotateCcw","path":"/suppliers/returns","order_index":3,"permission":{"can_view":true,"can_create":true,"can_edit":true,"can_delete":true},"children":[]}]},{"key_name":"pelanggan","label":"Pelanggan","icon":"Users","path":null,"order_index":5,"permission":{"can_view":true,"can_create":true,"can_edit":true,"can_delete":true},"children":[{"key_name":"pelanggan.pelanggan","label":"Pelanggan","icon":"Users","path":"/customers","order_index":1,"permission":{"can_view":true,"can_create":true,"can_edit":true,"can_delete":true},"children":[]},{"key_name":"pelanggan.piutang","label":"Piutang","icon":"CreditCard","path":"/receivables","order_index":2,"permission":{"can_view":true,"can_create":true,"can_edit":true,"can_delete":true},"children":[]}]},{"key_name":"keuangan","label":"Keuangan","icon":"Wallet","path":null,"order_index":6,"permission":{"can_view":true,"can_create":true,"can_edit":true,"can_delete":true},"children":[{"key_name":"keuangan.dashboard","label":"Dashboard Keuangan","icon":"Wallet","path":"/finance","order_index":1,"permission":{"can_view":true,"can_create":true,"can_edit":true,"can_delete":true},"children":[]},{"key_name":"keuangan.kas_harian","label":"Kas Harian","icon":"Landmark","path":"/finance/cash-drawer","order_index":2,"permission":{"can_view":true,"can_create":true,"can_edit":true,"can_delete":true},"children":[]},{"key_name":"keuangan.pengeluaran","label":"Pengeluaran","icon":"TrendingDown","path":"/finance/expenses","order_index":3,"permission":{"can_view":true,"can_create":true,"can_edit":true,"can_delete":true},"children":[]},{"key_name":"keuangan.kas_saya","label":"Kas Saya","icon":"Wallet","path":"/finance/my-cash","order_index":4,"permission":{"can_view":true,"can_create":true,"can_edit":true,"can_delete":true},"children":[]}]},{"key_name":"pelaporan","label":"Pelaporan","icon":"BarChart2","path":null,"order_index":7,"permission":{"can_view":true,"can_create":true,"can_edit":true,"can_delete":true},"children":[{"key_name":"pelaporan.penjualan","label":"Penjualan","icon":"TrendingUp","path":"/reports/sales","order_index":1,"permission":{"can_view":true,"can_create":true,"can_edit":true,"can_delete":true},"children":[]},{"key_name":"pelaporan.laba_rugi","label":"Laba Rugi","icon":"LineChart","path":"/reports/profit-loss","order_index":2,"permission":{"can_view":true,"can_create":true,"can_edit":true,"can_delete":true},"children":[]},{"key_name":"pelaporan.stok","label":"Stok","icon":"PackageSearch","path":"/reports/stock","order_index":3,"permission":{"can_view":true,"can_create":true,"can_edit":true,"can_delete":true},"children":[]},{"key_name":"pelaporan.kinerja_kasir","label":"Kinerja Kasir","icon":"BarChart2","path":"/reports/cashier","order_index":4,"permission":{"can_view":true,"can_create":true,"can_edit":true,"can_delete":true},"children":[]}]},{"key_name":"operasional","label":"Operasional","icon":"Clock","path":null,"order_index":8,"permission":{"can_view":true,"can_create":true,"can_edit":true,"can_delete":true},"children":[{"key_name":"operasional.shift","label":"Shift","icon":"Clock","path":"/shifts","order_index":1,"permission":{"can_view":true,"can_create":true,"can_edit":true,"can_delete":true},"children":[]},{"key_name":"operasional.sync","label":"Sync Center","icon":"RefreshCw","path":"/sync","order_index":2,"permission":{"can_view":true,"can_create":true,"can_edit":true,"can_delete":true},"children":[]}]},{"key_name":"sistem","label":"Sistem","icon":"Settings","path":null,"order_index":9,"permission":{"can_view":true,"can_create":true,"can_edit":true,"can_delete":true},"children":[{"key_name":"sistem.profil_toko","label":"Profil Toko","icon":"Settings","path":"/settings/store","order_index":1,"permission":{"can_view":true,"can_create":true,"can_edit":true,"can_delete":true},"children":[]},{"key_name":"sistem.users","label":"Manajemen User","icon":"Users","path":"/settings/users","order_index":2,"permission":{"can_view":true,"can_create":true,"can_edit":true,"can_delete":true},"children":[]},{"key_name":"sistem.roles","label":"Manajemen Role","icon":"Shield","path":"/settings/roles","order_index":3,"permission":{"can_view":true,"can_create":true,"can_edit":true,"can_delete":true},"children":[]},{"key_name":"sistem.menus","label":"Manajemen Menu","icon":"LayoutList","path":"/settings/menus","order_index":4,"permission":{"can_view":true,"can_create":true,"can_edit":true,"can_delete":true},"children":[]},{"key_name":"sistem.printer","label":"Printer","icon":"Printer","path":"/settings/printer","order_index":5,"permission":{"can_view":true,"can_create":true,"can_edit":true,"can_delete":true},"children":[]},{"key_name":"sistem.versi","label":"Versi Aplikasi","icon":"RefreshCw","path":"/settings/versions","order_index":6,"permission":{"can_view":true,"can_create":true,"can_edit":true,"can_delete":true},"children":[]},{"key_name":"sistem.backup","label":"Backup \u0026 Restore","icon":"DatabaseBackup","path":"/settings/backup","order_index":7,"permission":{"can_view":true,"can_create":true,"can_edit":true,"can_delete":true},"children":[]}]}]}', 1, 2, '::1', NULL, '2026-07-23 10:02:56.081')

2026/07/23 10:02:56 [32mD:/Develop/Project_pos_mahenz/BE/repository/log_request_repository.go:32
[0m[33m[20.576ms] [34;1m[rows:1][0m INSERT INTO log_requests (id, method, endpoint, status_code, request_body, response_body, user_id, duration_ms, ip_address, error_message, created_at) VALUES ('9db4f0d2-41f2-4d49-b775-ae68479d7402', 'POST', '/api/menus/my', 200, '{}', '{"code":"00","status":true,"message":"Menu akses","data":[{"key_name":"beranda","label":"Beranda","icon":"Home","path":null,"order_index":1,"permission":{"can_view":true,"can_create":true,"can_edit":true,"can_delete":true},"children":[{"key_name":"beranda.dashboard","label":"Dashboard","icon":"LayoutDashboard","path":"/dashboard","order_index":1,"permission":{"can_view":true,"can_create":true,"can_edit":true,"can_delete":true},"children":[]}]},{"key_name":"penjualan","label":"Penjualan","icon":"ShoppingCart","path":null,"order_index":2,"permission":{"can_view":true,"can_create":true,"can_edit":true,"can_delete":true},"children":[{"key_name":"penjualan.kasir","label":"Kasir","icon":"ShoppingCart","path":"/kasir","order_index":1,"permission":{"can_view":true,"can_create":true,"can_edit":true,"can_delete":true},"children":[]},{"key_name":"penjualan.transaksi","label":"Transaksi","icon":"Receipt","path":"/transactions","order_index":2,"permission":{"can_view":true,"can_create":true,"can_edit":true,"can_delete":true},"children":[]}]},{"key_name":"produk","label":"Produk","icon":"Package","path":null,"order_index":3,"permission":{"can_view":true,"can_create":true,"can_edit":true,"can_delete":true},"children":[{"key_name":"produk.produk","label":"Produk","icon":"Package","path":"/products","order_index":1,"permission":{"can_view":true,"can_create":true,"can_edit":true,"can_delete":true},"children":[]},{"key_name":"produk.kategori","label":"Kategori","icon":"Tag","path":"/products/categories","order_index":2,"permission":{"can_view":true,"can_create":true,"can_edit":true,"can_delete":true},"children":[]},{"key_name":"produk.unit","label":"Unit","icon":"PackageSearch","path":"/products/units","order_index":3,"permission":{"can_view":true,"can_create":true,"can_edit":true,"can_delete":true},"children":[]}]},{"key_name":"pengadaan","label":"Pengadaan","icon":"Truck","path":null,"order_index":4,"permission":{"can_view":true,"can_create":true,"can_edit":true,"can_delete":true},"children":[{"key_name":"pengadaan.supplier","label":"Supplier","icon":"Truck","path":"/suppliers","order_index":1,"permission":{"can_view":true,"can_create":true,"can_edit":true,"can_delete":true},"children":[]},{"key_name":"pengadaan.pembelian","label":"Pembelian","icon":"ShoppingBag","path":"/suppliers/purchases","order_index":2,"permission":{"can_view":true,"can_create":true,"can_edit":true,"can_delete":true},"children":[]},{"key_name":"pengadaan.retur","label":"Retur","icon":"RotateCcw","path":"/suppliers/returns","order_index":3,"permission":{"can_view":true,"can_create":true,"can_edit":true,"can_delete":true},"children":[]}]},{"key_name":"pelanggan","label":"Pelanggan","icon":"Users","path":null,"order_index":5,"permission":{"can_view":true,"can_create":true,"can_edit":true,"can_delete":true},"children":[{"key_name":"pelanggan.pelanggan","label":"Pelanggan","icon":"Users","path":"/customers","order_index":1,"permission":{"can_view":true,"can_create":true,"can_edit":true,"can_delete":true},"children":[]},{"key_name":"pelanggan.piutang","label":"Piutang","icon":"CreditCard","path":"/receivables","order_index":2,"permission":{"can_view":true,"can_create":true,"can_edit":true,"can_delete":true},"children":[]}]},{"key_name":"keuangan","label":"Keuangan","icon":"Wallet","path":null,"order_index":6,"permission":{"can_view":true,"can_create":true,"can_edit":true,"can_delete":true},"children":[{"key_name":"keuangan.dashboard","label":"Dashboard Keuangan","icon":"Wallet","path":"/finance","order_index":1,"permission":{"can_view":true,"can_create":true,"can_edit":true,"can_delete":true},"children":[]},{"key_name":"keuangan.kas_harian","label":"Kas Harian","icon":"Landmark","path":"/finance/cash-drawer","order_index":2,"permission":{"can_view":true,"can_create":true,"can_edit":true,"can_delete":true},"children":[]},{"key_name":"keuangan.pengeluaran","label":"Pengeluaran","icon":"TrendingDown","path":"/finance/expenses","order_index":3,"permission":{"can_view":true,"can_create":true,"can_edit":true,"can_delete":true},"children":[]},{"key_name":"keuangan.kas_saya","label":"Kas Saya","icon":"Wallet","path":"/finance/my-cash","order_index":4,"permission":{"can_view":true,"can_create":true,"can_edit":true,"can_delete":true},"children":[]}]},{"key_name":"pelaporan","label":"Pelaporan","icon":"BarChart2","path":null,"order_index":7,"permission":{"can_view":true,"can_create":true,"can_edit":true,"can_delete":true},"children":[{"key_name":"pelaporan.penjualan","label":"Penjualan","icon":"TrendingUp","path":"/reports/sales","order_index":1,"permission":{"can_view":true,"can_create":true,"can_edit":true,"can_delete":true},"children":[]},{"key_name":"pelaporan.laba_rugi","label":"Laba Rugi","icon":"LineChart","path":"/reports/profit-loss","order_index":2,"permission":{"can_view":true,"can_create":true,"can_edit":true,"can_delete":true},"children":[]},{"key_name":"pelaporan.stok","label":"Stok","icon":"PackageSearch","path":"/reports/stock","order_index":3,"permission":{"can_view":true,"can_create":true,"can_edit":true,"can_delete":true},"children":[]},{"key_name":"pelaporan.kinerja_kasir","label":"Kinerja Kasir","icon":"BarChart2","path":"/reports/cashier","order_index":4,"permission":{"can_view":true,"can_create":true,"can_edit":true,"can_delete":true},"children":[]}]},{"key_name":"operasional","label":"Operasional","icon":"Clock","path":null,"order_index":8,"permission":{"can_view":true,"can_create":true,"can_edit":true,"can_delete":true},"children":[{"key_name":"operasional.shift","label":"Shift","icon":"Clock","path":"/shifts","order_index":1,"permission":{"can_view":true,"can_create":true,"can_edit":true,"can_delete":true},"children":[]},{"key_name":"operasional.sync","label":"Sync Center","icon":"RefreshCw","path":"/sync","order_index":2,"permission":{"can_view":true,"can_create":true,"can_edit":true,"can_delete":true},"children":[]}]},{"key_name":"sistem","label":"Sistem","icon":"Settings","path":null,"order_index":9,"permission":{"can_view":true,"can_create":true,"can_edit":true,"can_delete":true},"children":[{"key_name":"sistem.profil_toko","label":"Profil Toko","icon":"Settings","path":"/settings/store","order_index":1,"permission":{"can_view":true,"can_create":true,"can_edit":true,"can_delete":true},"children":[]},{"key_name":"sistem.users","label":"Manajemen User","icon":"Users","path":"/settings/users","order_index":2,"permission":{"can_view":true,"can_create":true,"can_edit":true,"can_delete":true},"children":[]},{"key_name":"sistem.roles","label":"Manajemen Role","icon":"Shield","path":"/settings/roles","order_index":3,"permission":{"can_view":true,"can_create":true,"can_edit":true,"can_delete":true},"children":[]},{"key_name":"sistem.menus","label":"Manajemen Menu","icon":"LayoutList","path":"/settings/menus","order_index":4,"permission":{"can_view":true,"can_create":true,"can_edit":true,"can_delete":true},"children":[]},{"key_name":"sistem.printer","label":"Printer","icon":"Printer","path":"/settings/printer","order_index":5,"permission":{"can_view":true,"can_create":true,"can_edit":true,"can_delete":true},"children":[]},{"key_name":"sistem.versi","label":"Versi Aplikasi","icon":"RefreshCw","path":"/settings/versions","order_index":6,"permission":{"can_view":true,"can_create":true,"can_edit":true,"can_delete":true},"children":[]},{"key_name":"sistem.backup","label":"Backup \u0026 Restore","icon":"DatabaseBackup","path":"/settings/backup","order_index":7,"permission":{"can_view":true,"can_create":true,"can_edit":true,"can_delete":true},"children":[]}]}]}', 1, 3, '::1', NULL, '2026-07-23 10:02:56.082')

2026/07/23 10:02:56 [32mD:/Develop/Project_pos_mahenz/BE/domain/auth/repo/auth_repo.go:46
[0m[33m[0.505ms] [34;1m[rows:1][0m SELECT id, user_id, user_role, token, device_info, expires_at FROM sessions WHERE token = 'eyJhbGciOiJIUzI1NiIsInR5cCI6IkpXVCJ9.eyJhcHBzIjoid2ViIiwiZXhwIjoxNzg0ODA0NTc2LCJmdWxsX25hbWUiOiJPd25lciIsInJvbGUiOiJvd25lciIsInVzZXJfaWQiOjEsInVzZXJuYW1lIjoib3duZXIifQ.1GihqBVoi-iy0jQxYbMROq8dfo6NiXKriRtRKZEN2ps' LIMIT 1

2026/07/23 10:02:56 [32mD:/Develop/Project_pos_mahenz/BE/domain/menu/repo/menu_repo.go:121
[0m[33m[0.528ms] [34;1m[rows:-][0m 
		SELECT
			m.id,
			m.parent_id,
			m.key_name,
			m.label,
			m.icon,
			m.path,
			m.order_index,
			COALESCE(rma.can_view,   0),
			COALESCE(rma.can_create, 0),
			COALESCE(rma.can_edit,   0),
			COALESCE(rma.can_delete, 0)
		FROM menus m
		LEFT JOIN role_menu_access rma ON rma.menu_id = m.id
			AND rma.role_id = (SELECT id FROM roles WHERE name = 'owner' AND is_active = 1 LIMIT 1)
		WHERE m.is_active = 1
		ORDER BY m.order_index ASC, m.id ASC
		
[GIN] 2026/07/23 - 10:02:56 | 200 |      1.7263ms |             ::1 | POST     "/api/menus/my"

2026/07/23 10:02:56 [32mD:/Develop/Project_pos_mahenz/BE/repository/log_request_repository.go:32
[0m[33m[2.851ms] [34;1m[rows:1][0m INSERT INTO log_requests (id, method, endpoint, status_code, request_body, response_body, user_id, duration_ms, ip_address, error_message, created_at) VALUES ('dd07a0f5-36be-4e88-9f78-4323df7e7233', 'POST', '/api/menus/my', 200, '{}', '{"code":"00","status":true,"message":"Menu akses","data":[{"key_name":"beranda","label":"Beranda","icon":"Home","path":null,"order_index":1,"permission":{"can_view":true,"can_create":true,"can_edit":true,"can_delete":true},"children":[{"key_name":"beranda.dashboard","label":"Dashboard","icon":"LayoutDashboard","path":"/dashboard","order_index":1,"permission":{"can_view":true,"can_create":true,"can_edit":true,"can_delete":true},"children":[]}]},{"key_name":"penjualan","label":"Penjualan","icon":"ShoppingCart","path":null,"order_index":2,"permission":{"can_view":true,"can_create":true,"can_edit":true,"can_delete":true},"children":[{"key_name":"penjualan.kasir","label":"Kasir","icon":"ShoppingCart","path":"/kasir","order_index":1,"permission":{"can_view":true,"can_create":true,"can_edit":true,"can_delete":true},"children":[]},{"key_name":"penjualan.transaksi","label":"Transaksi","icon":"Receipt","path":"/transactions","order_index":2,"permission":{"can_view":true,"can_create":true,"can_edit":true,"can_delete":true},"children":[]}]},{"key_name":"produk","label":"Produk","icon":"Package","path":null,"order_index":3,"permission":{"can_view":true,"can_create":true,"can_edit":true,"can_delete":true},"children":[{"key_name":"produk.produk","label":"Produk","icon":"Package","path":"/products","order_index":1,"permission":{"can_view":true,"can_create":true,"can_edit":true,"can_delete":true},"children":[]},{"key_name":"produk.kategori","label":"Kategori","icon":"Tag","path":"/products/categories","order_index":2,"permission":{"can_view":true,"can_create":true,"can_edit":true,"can_delete":true},"children":[]},{"key_name":"produk.unit","label":"Unit","icon":"PackageSearch","path":"/products/units","order_index":3,"permission":{"can_view":true,"can_create":true,"can_edit":true,"can_delete":true},"children":[]}]},{"key_name":"pengadaan","label":"Pengadaan","icon":"Truck","path":null,"order_index":4,"permission":{"can_view":true,"can_create":true,"can_edit":true,"can_delete":true},"children":[{"key_name":"pengadaan.supplier","label":"Supplier","icon":"Truck","path":"/suppliers","order_index":1,"permission":{"can_view":true,"can_create":true,"can_edit":true,"can_delete":true},"children":[]},{"key_name":"pengadaan.pembelian","label":"Pembelian","icon":"ShoppingBag","path":"/suppliers/purchases","order_index":2,"permission":{"can_view":true,"can_create":true,"can_edit":true,"can_delete":true},"children":[]},{"key_name":"pengadaan.retur","label":"Retur","icon":"RotateCcw","path":"/suppliers/returns","order_index":3,"permission":{"can_view":true,"can_create":true,"can_edit":true,"can_delete":true},"children":[]}]},{"key_name":"pelanggan","label":"Pelanggan","icon":"Users","path":null,"order_index":5,"permission":{"can_view":true,"can_create":true,"can_edit":true,"can_delete":true},"children":[{"key_name":"pelanggan.pelanggan","label":"Pelanggan","icon":"Users","path":"/customers","order_index":1,"permission":{"can_view":true,"can_create":true,"can_edit":true,"can_delete":true},"children":[]},{"key_name":"pelanggan.piutang","label":"Piutang","icon":"CreditCard","path":"/receivables","order_index":2,"permission":{"can_view":true,"can_create":true,"can_edit":true,"can_delete":true},"children":[]}]},{"key_name":"keuangan","label":"Keuangan","icon":"Wallet","path":null,"order_index":6,"permission":{"can_view":true,"can_create":true,"can_edit":true,"can_delete":true},"children":[{"key_name":"keuangan.dashboard","label":"Dashboard Keuangan","icon":"Wallet","path":"/finance","order_index":1,"permission":{"can_view":true,"can_create":true,"can_edit":true,"can_delete":true},"children":[]},{"key_name":"keuangan.kas_harian","label":"Kas Harian","icon":"Landmark","path":"/finance/cash-drawer","order_index":2,"permission":{"can_view":true,"can_create":true,"can_edit":true,"can_delete":true},"children":[]},{"key_name":"keuangan.pengeluaran","label":"Pengeluaran","icon":"TrendingDown","path":"/finance/expenses","order_index":3,"permission":{"can_view":true,"can_create":true,"can_edit":true,"can_delete":true},"children":[]},{"key_name":"keuangan.kas_saya","label":"Kas Saya","icon":"Wallet","path":"/finance/my-cash","order_index":4,"permission":{"can_view":true,"can_create":true,"can_edit":true,"can_delete":true},"children":[]}]},{"key_name":"pelaporan","label":"Pelaporan","icon":"BarChart2","path":null,"order_index":7,"permission":{"can_view":true,"can_create":true,"can_edit":true,"can_delete":true},"children":[{"key_name":"pelaporan.penjualan","label":"Penjualan","icon":"TrendingUp","path":"/reports/sales","order_index":1,"permission":{"can_view":true,"can_create":true,"can_edit":true,"can_delete":true},"children":[]},{"key_name":"pelaporan.laba_rugi","label":"Laba Rugi","icon":"LineChart","path":"/reports/profit-loss","order_index":2,"permission":{"can_view":true,"can_create":true,"can_edit":true,"can_delete":true},"children":[]},{"key_name":"pelaporan.stok","label":"Stok","icon":"PackageSearch","path":"/reports/stock","order_index":3,"permission":{"can_view":true,"can_create":true,"can_edit":true,"can_delete":true},"children":[]},{"key_name":"pelaporan.kinerja_kasir","label":"Kinerja Kasir","icon":"BarChart2","path":"/reports/cashier","order_index":4,"permission":{"can_view":true,"can_create":true,"can_edit":true,"can_delete":true},"children":[]}]},{"key_name":"operasional","label":"Operasional","icon":"Clock","path":null,"order_index":8,"permission":{"can_view":true,"can_create":true,"can_edit":true,"can_delete":true},"children":[{"key_name":"operasional.shift","label":"Shift","icon":"Clock","path":"/shifts","order_index":1,"permission":{"can_view":true,"can_create":true,"can_edit":true,"can_delete":true},"children":[]},{"key_name":"operasional.sync","label":"Sync Center","icon":"RefreshCw","path":"/sync","order_index":2,"permission":{"can_view":true,"can_create":true,"can_edit":true,"can_delete":true},"children":[]}]},{"key_name":"sistem","label":"Sistem","icon":"Settings","path":null,"order_index":9,"permission":{"can_view":true,"can_create":true,"can_edit":true,"can_delete":true},"children":[{"key_name":"sistem.profil_toko","label":"Profil Toko","icon":"Settings","path":"/settings/store","order_index":1,"permission":{"can_view":true,"can_create":true,"can_edit":true,"can_delete":true},"children":[]},{"key_name":"sistem.users","label":"Manajemen User","icon":"Users","path":"/settings/users","order_index":2,"permission":{"can_view":true,"can_create":true,"can_edit":true,"can_delete":true},"children":[]},{"key_name":"sistem.roles","label":"Manajemen Role","icon":"Shield","path":"/settings/roles","order_index":3,"permission":{"can_view":true,"can_create":true,"can_edit":true,"can_delete":true},"children":[]},{"key_name":"sistem.menus","label":"Manajemen Menu","icon":"LayoutList","path":"/settings/menus","order_index":4,"permission":{"can_view":true,"can_create":true,"can_edit":true,"can_delete":true},"children":[]},{"key_name":"sistem.printer","label":"Printer","icon":"Printer","path":"/settings/printer","order_index":5,"permission":{"can_view":true,"can_create":true,"can_edit":true,"can_delete":true},"children":[]},{"key_name":"sistem.versi","label":"Versi Aplikasi","icon":"RefreshCw","path":"/settings/versions","order_index":6,"permission":{"can_view":true,"can_create":true,"can_edit":true,"can_delete":true},"children":[]},{"key_name":"sistem.backup","label":"Backup \u0026 Restore","icon":"DatabaseBackup","path":"/settings/backup","order_index":7,"permission":{"can_view":true,"can_create":true,"can_edit":true,"can_delete":true},"children":[]}]}]}', 1, 1, '::1', NULL, '2026-07-23 10:02:56.256')

2026/07/23 10:02:56 [32mD:/Develop/Project_pos_mahenz/BE/domain/auth/repo/auth_repo.go:46
[0m[33m[0.505ms] [34;1m[rows:1][0m SELECT id, user_id, user_role, token, device_info, expires_at FROM sessions WHERE token = 'eyJhbGciOiJIUzI1NiIsInR5cCI6IkpXVCJ9.eyJhcHBzIjoid2ViIiwiZXhwIjoxNzg0ODA0NTc2LCJmdWxsX25hbWUiOiJPd25lciIsInJvbGUiOiJvd25lciIsInVzZXJfaWQiOjEsInVzZXJuYW1lIjoib3duZXIifQ.1GihqBVoi-iy0jQxYbMROq8dfo6NiXKriRtRKZEN2ps' LIMIT 1

2026/07/23 10:02:56 [32mD:/Develop/Project_pos_mahenz/BE/domain/access/repo/access_repo.go:55
[0m[33m[0.701ms] [34;1m[rows:37][0m 
SELECT
    m.key_name,
    COALESCE(rma.can_view,   0) AS can_view,
    COALESCE(rma.can_create, 0) AS can_create,
    COALESCE(rma.can_edit,   0) AS can_edit,
    COALESCE(rma.can_delete, 0) AS can_delete
FROM menus m
LEFT JOIN role_menu_access rma ON rma.menu_id = m.id
    AND rma.role_id = (SELECT id FROM roles WHERE name = 'owner' AND is_active = 1 LIMIT 1)
WHERE m.is_active = 1
ORDER BY m.id ASC

2026/07/23 10:02:56 [32mD:/Develop/Project_pos_mahenz/BE/domain/sync/repo/sync_repo.go:84
[0m[33m[0.521ms] [34;1m[rows:1][0m SELECT COUNT(*) FROM sync_conflicts WHERE status = 'pending'
[GIN] 2026/07/23 - 10:02:56 | 200 |       2.443ms |             ::1 | GET      "/api/sync/conflicts/count"

2026/07/23 10:02:56 [32mD:/Develop/Project_pos_mahenz/BE/repository/log_request_repository.go:32
[0m[33m[2.841ms] [34;1m[rows:1][0m INSERT INTO log_requests (id, method, endpoint, status_code, request_body, response_body, user_id, duration_ms, ip_address, error_message, created_at) VALUES ('c8fb1a0b-a030-41b6-b035-eb907301817c', 'GET', '/api/sync/conflicts/count', 200, '', '{"code":"00","status":true,"message":"Jumlah konflik pending","data":{"count":0}}', 1, 2, '::1', NULL, '2026-07-23 10:02:56.298')

2026/07/23 10:02:56 [32mD:/Develop/Project_pos_mahenz/BE/domain/auth/repo/auth_repo.go:46
[0m[33m[1.182ms] [34;1m[rows:1][0m SELECT id, user_id, user_role, token, device_info, expires_at FROM sessions WHERE token = 'eyJhbGciOiJIUzI1NiIsInR5cCI6IkpXVCJ9.eyJhcHBzIjoid2ViIiwiZXhwIjoxNzg0ODA0NTc2LCJmdWxsX25hbWUiOiJPd25lciIsInJvbGUiOiJvd25lciIsInVzZXJfaWQiOjEsInVzZXJuYW1lIjoib3duZXIifQ.1GihqBVoi-iy0jQxYbMROq8dfo6NiXKriRtRKZEN2ps' LIMIT 1

2026/07/23 10:02:56 [32mD:/Develop/Project_pos_mahenz/BE/domain/auth/repo/auth_repo.go:46
[0m[33m[1.267ms] [34;1m[rows:1][0m SELECT id, user_id, user_role, token, device_info, expires_at FROM sessions WHERE token = 'eyJhbGciOiJIUzI1NiIsInR5cCI6IkpXVCJ9.eyJhcHBzIjoid2ViIiwiZXhwIjoxNzg0ODA0NTc2LCJmdWxsX25hbWUiOiJPd25lciIsInJvbGUiOiJvd25lciIsInVzZXJfaWQiOjEsInVzZXJuYW1lIjoib3duZXIifQ.1GihqBVoi-iy0jQxYbMROq8dfo6NiXKriRtRKZEN2ps' LIMIT 1

2026/07/23 10:02:56 [32mD:/Develop/Project_pos_mahenz/BE/domain/auth/repo/auth_repo.go:46
[0m[33m[1.140ms] [34;1m[rows:1][0m SELECT id, user_id, user_role, token, device_info, expires_at FROM sessions WHERE token = 'eyJhbGciOiJIUzI1NiIsInR5cCI6IkpXVCJ9.eyJhcHBzIjoid2ViIiwiZXhwIjoxNzg0ODA0NTc2LCJmdWxsX25hbWUiOiJPd25lciIsInJvbGUiOiJvd25lciIsInVzZXJfaWQiOjEsInVzZXJuYW1lIjoib3duZXIifQ.1GihqBVoi-iy0jQxYbMROq8dfo6NiXKriRtRKZEN2ps' LIMIT 1

2026/07/23 10:02:56 [32mD:/Develop/Project_pos_mahenz/BE/domain/dashboard/repo/dashboard_repo.go:124
[0m[33m[0.545ms] [34;1m[rows:-][0m 
		SELECT COUNT(*) as total_transactions, COALESCE(SUM(total_amount),0) as total_sales,
		       COALESCE(SUM(discount),0) as total_discount
		FROM transactions WHERE DATE(transaction_date) BETWEEN '2026-07-23' AND '2026-07-23' AND status = 'completed'

2026/07/23 10:02:56 [32mD:/Develop/Project_pos_mahenz/BE/domain/dashboard/repo/dashboard_repo.go:177
[0m[33m[1.113ms] [34;1m[rows:-][0m 
		SELECT DATE_FORMAT(transaction_date, '%Y-%m-%d') as label,
		       COALESCE(SUM(total_amount),0) as total_sales,
		       COUNT(*) as total_transactions
		FROM transactions
		WHERE transaction_date >= DATE_SUB(NOW(), INTERVAL 7 DAY) AND status = 'completed'
		GROUP BY DATE(transaction_date) ORDER BY label
[GIN] 2026/07/23 - 10:02:56 | 200 |      2.9607ms |             ::1 | GET      "/api/dashboard/sales-trend?period=7days"

2026/07/23 10:02:56 [32mD:/Develop/Project_pos_mahenz/BE/domain/dashboard/repo/dashboard_repo.go:133
[0m[33m[0.000ms] [34;1m[rows:-][0m SELECT COALESCE(SUM(amount),0) as total FROM expenses WHERE expense_date BETWEEN '2026-07-23' AND '2026-07-23'

2026/07/23 10:02:56 [32mD:/Develop/Project_pos_mahenz/BE/domain/dashboard/repo/dashboard_repo.go:199
[0m[33m[1.135ms] [34;1m[rows:-][0m 
		SELECT ti.product_id, p.name as product_name,
		       SUM(ti.quantity) as total_qty,
		       SUM(ti.subtotal) as total_value
		FROM transaction_items ti
		LEFT JOIN products p ON ti.product_id = p.id
		LEFT JOIN transactions t ON ti.transaction_id = t.id
		WHERE DATE(t.transaction_date) BETWEEN '2026-07-17' AND '2026-07-23' AND t.status = 'completed'
		GROUP BY ti.product_id, p.name
		ORDER BY total_qty DESC LIMIT 10

2026/07/23 10:02:56 [32mD:/Develop/Project_pos_mahenz/BE/domain/dashboard/repo/dashboard_repo.go:142
[0m[33m[0.543ms] [34;1m[rows:-][0m 
		SELECT COUNT(*) as total_transactions, COALESCE(SUM(total_amount),0) as total_sales
		FROM transactions WHERE MONTH(transaction_date) = MONTH(NOW())
		AND YEAR(transaction_date) = YEAR(NOW()) AND status = 'completed'
[GIN] 2026/07/23 - 10:02:56 | 200 |      3.3865ms |             ::1 | GET      "/api/dashboard/top-products?start_date=2026-07-17&end_date=2026-07-23&limit=10"

2026/07/23 10:02:56 [32mD:/Develop/Project_pos_mahenz/BE/domain/dashboard/repo/dashboard_repo.go:151
[0m[33m[0.534ms] [34;1m[rows:-][0m 
		SELECT COALESCE(SUM(amount),0) as total FROM expenses
		WHERE MONTH(expense_date) = MONTH(NOW()) AND YEAR(expense_date) = YEAR(NOW())

2026/07/23 10:02:56 [32mD:/Develop/Project_pos_mahenz/BE/domain/dashboard/repo/dashboard_repo.go:160
[0m[33m[0.603ms] [34;1m[rows:-][0m SELECT COUNT(*) FROM products WHERE stock <= min_stock AND is_active = 1

2026/07/23 10:02:56 [32mD:/Develop/Project_pos_mahenz/BE/domain/dashboard/repo/dashboard_repo.go:169
[0m[33m[0.713ms] [34;1m[rows:-][0m SELECT COUNT(*) FROM receivables WHERE status != 'paid'
[GIN] 2026/07/23 - 10:02:56 | 200 |      6.4179ms |             ::1 | GET      "/api/dashboard/stats?period=today"

2026/07/23 10:02:56 [32mD:/Develop/Project_pos_mahenz/BE/repository/log_request_repository.go:32
[0m[33m[2.524ms] [34;1m[rows:1][0m INSERT INTO log_requests (id, method, endpoint, status_code, request_body, response_body, user_id, duration_ms, ip_address, error_message, created_at) VALUES ('6e7b1dcf-b450-414a-ac68-04fc00f8030f', 'GET', '/api/dashboard/top-products?start_date=2026-07-17&end_date=2026-07-23&limit=10', 200, '', '{"code":"00","status":true,"message":"Produk terlaris","data":[]}', 1, 3, '::1', NULL, '2026-07-23 10:02:56.602')

2026/07/23 10:02:56 [32mD:/Develop/Project_pos_mahenz/BE/repository/log_request_repository.go:32
[0m[33m[3.621ms] [34;1m[rows:1][0m INSERT INTO log_requests (id, method, endpoint, status_code, request_body, response_body, user_id, duration_ms, ip_address, error_message, created_at) VALUES ('49174ba6-ba94-4725-b243-6bcbd536ff3f', 'GET', '/api/dashboard/sales-trend?period=7days', 200, '', '{"code":"00","status":true,"message":"Tren penjualan","data":[]}', 1, 2, '::1', NULL, '2026-07-23 10:02:56.601')

2026/07/23 10:02:56 [32mD:/Develop/Project_pos_mahenz/BE/repository/log_request_repository.go:32
[0m[33m[2.869ms] [34;1m[rows:1][0m INSERT INTO log_requests (id, method, endpoint, status_code, request_body, response_body, user_id, duration_ms, ip_address, error_message, created_at) VALUES ('b2e81ef9-fdb1-4af1-8bf0-2c8bdb1967f4', 'GET', '/api/dashboard/stats?period=today', 200, '', '{"code":"00","status":true,"message":"Statistik dashboard","data":{"today":{"total_transactions":0,"total_sales":0,"total_discount":0,"total_expenses":0,"gross_profit":0},"this_month":{"total_transactions":0,"total_sales":0,"total_expenses":0,"gross_profit":0},"low_stock_count":1,"open_receivables":0}}', 1, 6, '::1', NULL, '2026-07-23 10:02:56.604')

2026/07/23 10:02:56 [32mD:/Develop/Project_pos_mahenz/BE/domain/auth/repo/auth_repo.go:46
[0m[33m[0.523ms] [34;1m[rows:1][0m SELECT id, user_id, user_role, token, device_info, expires_at FROM sessions WHERE token = 'eyJhbGciOiJIUzI1NiIsInR5cCI6IkpXVCJ9.eyJhcHBzIjoid2ViIiwiZXhwIjoxNzg0ODA0NTc2LCJmdWxsX25hbWUiOiJPd25lciIsInJvbGUiOiJvd25lciIsInVzZXJfaWQiOjEsInVzZXJuYW1lIjoib3duZXIifQ.1GihqBVoi-iy0jQxYbMROq8dfo6NiXKriRtRKZEN2ps' LIMIT 1

2026/07/23 10:02:56 [32mD:/Develop/Project_pos_mahenz/BE/domain/menu/repo/menu_repo.go:121
[0m[33m[1.270ms] [34;1m[rows:-][0m 
		SELECT
			m.id,
			m.parent_id,
			m.key_name,
			m.label,
			m.icon,
			m.path,
			m.order_index,
			COALESCE(rma.can_view,   0),
			COALESCE(rma.can_create, 0),
			COALESCE(rma.can_edit,   0),
			COALESCE(rma.can_delete, 0)
		FROM menus m
		LEFT JOIN role_menu_access rma ON rma.menu_id = m.id
			AND rma.role_id = (SELECT id FROM roles WHERE name = 'owner' AND is_active = 1 LIMIT 1)
		WHERE m.is_active = 1
		ORDER BY m.order_index ASC, m.id ASC
		
[GIN] 2026/07/23 - 10:02:56 | 200 |      2.3933ms |             ::1 | POST     "/api/menus/my"

2026/07/23 10:02:56 [32mD:/Develop/Project_pos_mahenz/BE/repository/log_request_repository.go:32
[0m[33m[9.618ms] [34;1m[rows:1][0m INSERT INTO log_requests (id, method, endpoint, status_code, request_body, response_body, user_id, duration_ms, ip_address, error_message, created_at) VALUES ('2ba79b08-b772-49d4-a21e-82a343540b1d', 'POST', '/api/menus/my', 200, '{}', '{"code":"00","status":true,"message":"Menu akses","data":[{"key_name":"beranda","label":"Beranda","icon":"Home","path":null,"order_index":1,"permission":{"can_view":true,"can_create":true,"can_edit":true,"can_delete":true},"children":[{"key_name":"beranda.dashboard","label":"Dashboard","icon":"LayoutDashboard","path":"/dashboard","order_index":1,"permission":{"can_view":true,"can_create":true,"can_edit":true,"can_delete":true},"children":[]}]},{"key_name":"penjualan","label":"Penjualan","icon":"ShoppingCart","path":null,"order_index":2,"permission":{"can_view":true,"can_create":true,"can_edit":true,"can_delete":true},"children":[{"key_name":"penjualan.kasir","label":"Kasir","icon":"ShoppingCart","path":"/kasir","order_index":1,"permission":{"can_view":true,"can_create":true,"can_edit":true,"can_delete":true},"children":[]},{"key_name":"penjualan.transaksi","label":"Transaksi","icon":"Receipt","path":"/transactions","order_index":2,"permission":{"can_view":true,"can_create":true,"can_edit":true,"can_delete":true},"children":[]}]},{"key_name":"produk","label":"Produk","icon":"Package","path":null,"order_index":3,"permission":{"can_view":true,"can_create":true,"can_edit":true,"can_delete":true},"children":[{"key_name":"produk.produk","label":"Produk","icon":"Package","path":"/products","order_index":1,"permission":{"can_view":true,"can_create":true,"can_edit":true,"can_delete":true},"children":[]},{"key_name":"produk.kategori","label":"Kategori","icon":"Tag","path":"/products/categories","order_index":2,"permission":{"can_view":true,"can_create":true,"can_edit":true,"can_delete":true},"children":[]},{"key_name":"produk.unit","label":"Unit","icon":"PackageSearch","path":"/products/units","order_index":3,"permission":{"can_view":true,"can_create":true,"can_edit":true,"can_delete":true},"children":[]}]},{"key_name":"pengadaan","label":"Pengadaan","icon":"Truck","path":null,"order_index":4,"permission":{"can_view":true,"can_create":true,"can_edit":true,"can_delete":true},"children":[{"key_name":"pengadaan.supplier","label":"Supplier","icon":"Truck","path":"/suppliers","order_index":1,"permission":{"can_view":true,"can_create":true,"can_edit":true,"can_delete":true},"children":[]},{"key_name":"pengadaan.pembelian","label":"Pembelian","icon":"ShoppingBag","path":"/suppliers/purchases","order_index":2,"permission":{"can_view":true,"can_create":true,"can_edit":true,"can_delete":true},"children":[]},{"key_name":"pengadaan.retur","label":"Retur","icon":"RotateCcw","path":"/suppliers/returns","order_index":3,"permission":{"can_view":true,"can_create":true,"can_edit":true,"can_delete":true},"children":[]}]},{"key_name":"pelanggan","label":"Pelanggan","icon":"Users","path":null,"order_index":5,"permission":{"can_view":true,"can_create":true,"can_edit":true,"can_delete":true},"children":[{"key_name":"pelanggan.pelanggan","label":"Pelanggan","icon":"Users","path":"/customers","order_index":1,"permission":{"can_view":true,"can_create":true,"can_edit":true,"can_delete":true},"children":[]},{"key_name":"pelanggan.piutang","label":"Piutang","icon":"CreditCard","path":"/receivables","order_index":2,"permission":{"can_view":true,"can_create":true,"can_edit":true,"can_delete":true},"children":[]}]},{"key_name":"keuangan","label":"Keuangan","icon":"Wallet","path":null,"order_index":6,"permission":{"can_view":true,"can_create":true,"can_edit":true,"can_delete":true},"children":[{"key_name":"keuangan.dashboard","label":"Dashboard Keuangan","icon":"Wallet","path":"/finance","order_index":1,"permission":{"can_view":true,"can_create":true,"can_edit":true,"can_delete":true},"children":[]},{"key_name":"keuangan.kas_harian","label":"Kas Harian","icon":"Landmark","path":"/finance/cash-drawer","order_index":2,"permission":{"can_view":true,"can_create":true,"can_edit":true,"can_delete":true},"children":[]},{"key_name":"keuangan.pengeluaran","label":"Pengeluaran","icon":"TrendingDown","path":"/finance/expenses","order_index":3,"permission":{"can_view":true,"can_create":true,"can_edit":true,"can_delete":true},"children":[]},{"key_name":"keuangan.kas_saya","label":"Kas Saya","icon":"Wallet","path":"/finance/my-cash","order_index":4,"permission":{"can_view":true,"can_create":true,"can_edit":true,"can_delete":true},"children":[]}]},{"key_name":"pelaporan","label":"Pelaporan","icon":"BarChart2","path":null,"order_index":7,"permission":{"can_view":true,"can_create":true,"can_edit":true,"can_delete":true},"children":[{"key_name":"pelaporan.penjualan","label":"Penjualan","icon":"TrendingUp","path":"/reports/sales","order_index":1,"permission":{"can_view":true,"can_create":true,"can_edit":true,"can_delete":true},"children":[]},{"key_name":"pelaporan.laba_rugi","label":"Laba Rugi","icon":"LineChart","path":"/reports/profit-loss","order_index":2,"permission":{"can_view":true,"can_create":true,"can_edit":true,"can_delete":true},"children":[]},{"key_name":"pelaporan.stok","label":"Stok","icon":"PackageSearch","path":"/reports/stock","order_index":3,"permission":{"can_view":true,"can_create":true,"can_edit":true,"can_delete":true},"children":[]},{"key_name":"pelaporan.kinerja_kasir","label":"Kinerja Kasir","icon":"BarChart2","path":"/reports/cashier","order_index":4,"permission":{"can_view":true,"can_create":true,"can_edit":true,"can_delete":true},"children":[]}]},{"key_name":"operasional","label":"Operasional","icon":"Clock","path":null,"order_index":8,"permission":{"can_view":true,"can_create":true,"can_edit":true,"can_delete":true},"children":[{"key_name":"operasional.shift","label":"Shift","icon":"Clock","path":"/shifts","order_index":1,"permission":{"can_view":true,"can_create":true,"can_edit":true,"can_delete":true},"children":[]},{"key_name":"operasional.sync","label":"Sync Center","icon":"RefreshCw","path":"/sync","order_index":2,"permission":{"can_view":true,"can_create":true,"can_edit":true,"can_delete":true},"children":[]}]},{"key_name":"sistem","label":"Sistem","icon":"Settings","path":null,"order_index":9,"permission":{"can_view":true,"can_create":true,"can_edit":true,"can_delete":true},"children":[{"key_name":"sistem.profil_toko","label":"Profil Toko","icon":"Settings","path":"/settings/store","order_index":1,"permission":{"can_view":true,"can_create":true,"can_edit":true,"can_delete":true},"children":[]},{"key_name":"sistem.users","label":"Manajemen User","icon":"Users","path":"/settings/users","order_index":2,"permission":{"can_view":true,"can_create":true,"can_edit":true,"can_delete":true},"children":[]},{"key_name":"sistem.roles","label":"Manajemen Role","icon":"Shield","path":"/settings/roles","order_index":3,"permission":{"can_view":true,"can_create":true,"can_edit":true,"can_delete":true},"children":[]},{"key_name":"sistem.menus","label":"Manajemen Menu","icon":"LayoutList","path":"/settings/menus","order_index":4,"permission":{"can_view":true,"can_create":true,"can_edit":true,"can_delete":true},"children":[]},{"key_name":"sistem.printer","label":"Printer","icon":"Printer","path":"/settings/printer","order_index":5,"permission":{"can_view":true,"can_create":true,"can_edit":true,"can_delete":true},"children":[]},{"key_name":"sistem.versi","label":"Versi Aplikasi","icon":"RefreshCw","path":"/settings/versions","order_index":6,"permission":{"can_view":true,"can_create":true,"can_edit":true,"can_delete":true},"children":[]},{"key_name":"sistem.backup","label":"Backup \u0026 Restore","icon":"DatabaseBackup","path":"/settings/backup","order_index":7,"permission":{"can_view":true,"can_create":true,"can_edit":true,"can_delete":true},"children":[]}]}]}', 1, 2, '::1', NULL, '2026-07-23 10:02:56.966')

2026/07/23 10:02:57 [32mD:/Develop/Project_pos_mahenz/BE/domain/auth/repo/auth_repo.go:46
[0m[33m[0.633ms] [34;1m[rows:1][0m SELECT id, user_id, user_role, token, device_info, expires_at FROM sessions WHERE token = 'eyJhbGciOiJIUzI1NiIsInR5cCI6IkpXVCJ9.eyJhcHBzIjoid2ViIiwiZXhwIjoxNzg0ODA0NTc2LCJmdWxsX25hbWUiOiJPd25lciIsInJvbGUiOiJvd25lciIsInVzZXJfaWQiOjEsInVzZXJuYW1lIjoib3duZXIifQ.1GihqBVoi-iy0jQxYbMROq8dfo6NiXKriRtRKZEN2ps' LIMIT 1

2026/07/23 10:02:57 [32mD:/Develop/Project_pos_mahenz/BE/domain/sync/repo/sync_repo.go:84
[0m[33m[0.000ms] [34;1m[rows:1][0m SELECT COUNT(*) FROM sync_conflicts WHERE status = 'pending'
[GIN] 2026/07/23 - 10:02:57 | 200 |      1.6939ms |             ::1 | GET      "/api/sync/conflicts/count"

2026/07/23 10:02:57 [32mD:/Develop/Project_pos_mahenz/BE/repository/log_request_repository.go:32
[0m[33m[2.022ms] [34;1m[rows:1][0m INSERT INTO log_requests (id, method, endpoint, status_code, request_body, response_body, user_id, duration_ms, ip_address, error_message, created_at) VALUES ('e2b6dbad-99a0-4b8d-82f9-a48c3b2eddc6', 'GET', '/api/sync/conflicts/count', 200, '', '{"code":"00","status":true,"message":"Jumlah konflik pending","data":{"count":0}}', 1, 1, '::1', NULL, '2026-07-23 10:02:57.007')

2026/07/23 10:02:57 [32mD:/Develop/Project_pos_mahenz/BE/domain/auth/repo/auth_repo.go:46
[0m[33m[1.480ms] [34;1m[rows:1][0m SELECT id, user_id, user_role, token, device_info, expires_at FROM sessions WHERE token = 'eyJhbGciOiJIUzI1NiIsInR5cCI6IkpXVCJ9.eyJhcHBzIjoid2ViIiwiZXhwIjoxNzg0ODA0NTc2LCJmdWxsX25hbWUiOiJPd25lciIsInJvbGUiOiJvd25lciIsInVzZXJfaWQiOjEsInVzZXJuYW1lIjoib3duZXIifQ.1GihqBVoi-iy0jQxYbMROq8dfo6NiXKriRtRKZEN2ps' LIMIT 1

2026/07/23 10:02:57 [32mD:/Develop/Project_pos_mahenz/BE/domain/product_category/repo/product_category_repo.go:70
[0m[33m[1.485ms] [34;1m[rows:2][0m SELECT id, name FROM categories WHERE is_active = 1 ORDER BY name

2026/07/23 10:02:57 [32mD:/Develop/Project_pos_mahenz/BE/domain/auth/repo/auth_repo.go:46
[0m[33m[2.000ms] [34;1m[rows:1][0m SELECT id, user_id, user_role, token, device_info, expires_at FROM sessions WHERE token = 'eyJhbGciOiJIUzI1NiIsInR5cCI6IkpXVCJ9.eyJhcHBzIjoid2ViIiwiZXhwIjoxNzg0ODA0NTc2LCJmdWxsX25hbWUiOiJPd25lciIsInJvbGUiOiJvd25lciIsInVzZXJfaWQiOjEsInVzZXJuYW1lIjoib3duZXIifQ.1GihqBVoi-iy0jQxYbMROq8dfo6NiXKriRtRKZEN2ps' LIMIT 1
[GIN] 2026/07/23 - 10:02:57 | 200 |      2.9655ms |             ::1 | POST     "/api/categories/options"

2026/07/23 10:02:57 [32mD:/Develop/Project_pos_mahenz/BE/domain/product_unit/repo/unit_repo.go:72
[0m[33m[1.565ms] [34;1m[rows:1][0m SELECT id, name, abbreviation FROM units WHERE is_active = 1 ORDER BY name
[GIN] 2026/07/23 - 10:02:57 | 200 |      4.6128ms |             ::1 | POST     "/api/units/options"

2026/07/23 10:02:57 [32mD:/Develop/Project_pos_mahenz/BE/repository/log_request_repository.go:32
[0m[33m[12.200ms] [34;1m[rows:1][0m INSERT INTO log_requests (id, method, endpoint, status_code, request_body, response_body, user_id, duration_ms, ip_address, error_message, created_at) VALUES ('12ba4f61-f476-438c-aaa7-5ef11fbe6d82', 'POST', '/api/categories/options', 200, '{}', '{"code":"00","status":true,"message":"Opsi kategori","data":[{"id":2,"name":"Makanan"},{"id":1,"name":"Minuman"}]}', 1, 2, '::1', NULL, '2026-07-23 10:02:57.316')

2026/07/23 10:02:57 [32mD:/Develop/Project_pos_mahenz/BE/repository/log_request_repository.go:32
[0m[33m[10.126ms] [34;1m[rows:1][0m INSERT INTO log_requests (id, method, endpoint, status_code, request_body, response_body, user_id, duration_ms, ip_address, error_message, created_at) VALUES ('15efa7dc-96a9-47af-90ee-d71d63bc733b', 'POST', '/api/units/options', 200, '{}', '{"code":"00","status":true,"message":"Opsi satuan","data":[{"id":1,"name":"Pcs","abbreviation":"pcs"}]}', 1, 4, '::1', NULL, '2026-07-23 10:02:57.318')

2026/07/23 10:02:57 [32mD:/Develop/Project_pos_mahenz/BE/domain/auth/repo/auth_repo.go:46
[0m[33m[0.569ms] [34;1m[rows:1][0m SELECT id, user_id, user_role, token, device_info, expires_at FROM sessions WHERE token = 'eyJhbGciOiJIUzI1NiIsInR5cCI6IkpXVCJ9.eyJhcHBzIjoid2ViIiwiZXhwIjoxNzg0ODA0NTc2LCJmdWxsX25hbWUiOiJPd25lciIsInJvbGUiOiJvd25lciIsInVzZXJfaWQiOjEsInVzZXJuYW1lIjoib3duZXIifQ.1GihqBVoi-iy0jQxYbMROq8dfo6NiXKriRtRKZEN2ps' LIMIT 1

2026/07/23 10:02:57 [32mD:/Develop/Project_pos_mahenz/BE/domain/auth/repo/auth_repo.go:46
[0m[33m[1.914ms] [34;1m[rows:1][0m SELECT id, user_id, user_role, token, device_info, expires_at FROM sessions WHERE token = 'eyJhbGciOiJIUzI1NiIsInR5cCI6IkpXVCJ9.eyJhcHBzIjoid2ViIiwiZXhwIjoxNzg0ODA0NTc2LCJmdWxsX25hbWUiOiJPd25lciIsInJvbGUiOiJvd25lciIsInVzZXJfaWQiOjEsInVzZXJuYW1lIjoib3duZXIifQ.1GihqBVoi-iy0jQxYbMROq8dfo6NiXKriRtRKZEN2ps' LIMIT 1

2026/07/23 10:02:57 [32mD:/Develop/Project_pos_mahenz/BE/domain/product/repo/product_repo.go:100
[0m[33m[1.050ms] [34;1m[rows:1][0m SELECT COUNT(*) FROM products p WHERE 1=1

2026/07/23 10:02:57 [32mD:/Develop/Project_pos_mahenz/BE/domain/setting/repo/setting_repo.go:32
[0m[33m[1.567ms] [34;1m[rows:-][0m SELECT setting_key, setting_value FROM settings WHERE setting_key = 'pagination_sizes'
[GIN] 2026/07/23 - 10:02:57 | 200 |      3.4805ms |             ::1 | GET      "/api/settings/pagination_sizes"

2026/07/23 10:02:57 [32mD:/Develop/Project_pos_mahenz/BE/domain/product/repo/product_repo.go:119
[0m[33m[2.213ms] [34;1m[rows:2][0m 
		SELECT p.id, p.barcode, COALESCE(p.sku, '') as sku, p.name, p.category_id, COALESCE(c.name, '') as category_name,
		       p.purchase_price, p.selling_price, p.stock, p.reserved_qty, p.min_stock,
		       COALESCE(p.unit_id, 0) as unit_id, COALESCE(u.name, '') as unit_name, COALESCE(u.abbreviation, '') as unit_abbreviation,
		       p.is_active,
		       (SELECT COUNT(*) FROM product_packages pp WHERE pp.product_id = p.id AND pp.is_default = 0) AS extra_packages,
		       (SELECT COUNT(*) FROM product_prices pr WHERE pr.product_id = p.id) AS price_tiers_count
		FROM products p
		LEFT JOIN categories c ON p.category_id = c.id
		LEFT JOIN units u ON u.id = p.unit_id
		WHERE 1=1 ORDER BY p.name ASC LIMIT 10 OFFSET 0
[GIN] 2026/07/23 - 10:02:57 | 200 |      4.8547ms |             ::1 | POST     "/api/products/list"

2026/07/23 10:02:57 [32mD:/Develop/Project_pos_mahenz/BE/repository/log_request_repository.go:32
[0m[33m[2.718ms] [34;1m[rows:1][0m INSERT INTO log_requests (id, method, endpoint, status_code, request_body, response_body, user_id, duration_ms, ip_address, error_message, created_at) VALUES ('454394fd-d2a1-438c-b38c-d10e3bbf356d', 'GET', '/api/settings/pagination_sizes', 200, '', '{"code":"00","status":true,"message":"Detail pengaturan","data":{"key":"pagination_sizes","value":"[10,20,50]"}}', 1, 3, '::1', NULL, '2026-07-23 10:02:57.433')

2026/07/23 10:02:57 [32mD:/Develop/Project_pos_mahenz/BE/repository/log_request_repository.go:32
[0m[33m[2.925ms] [34;1m[rows:1][0m INSERT INTO log_requests (id, method, endpoint, status_code, request_body, response_body, user_id, duration_ms, ip_address, error_message, created_at) VALUES ('cb5caafd-78cc-4943-bd37-14be7a461fa0', 'POST', '/api/products/list', 200, '{"page":1,"limit":10,"search":""}', '{"code":"00","status":true,"message":"Daftar produk","data":[{"id":4,"barcode":"4444444444444","sku":"MIN-5555","name":"Sanity Check Product","category_id":1,"category_name":"Minuman","purchase_price":0,"selling_price":1000,"stock":0,"reserved_qty":0,"min_stock":0,"unit_id":1,"unit_name":"Pcs","unit_abbreviation":"pcs","is_active":true,"extra_packages":0,"price_tiers_count":0},{"id":1,"barcode":"8990874779046","sku":"MIN-0001","name":"Teh Botol Sosro 350ml (Edited)","category_id":1,"category_name":"Minuman","purchase_price":3500,"selling_price":5800,"stock":50,"reserved_qty":0,"min_stock":10,"unit_id":1,"unit_name":"Pcs","unit_abbreviation":"pcs","is_active":true,"extra_packages":0,"price_tiers_count":0}],"pagination":{"page":1,"per_page":10,"total":2,"total_pages":1}}', 1, 4, '::1', NULL, '2026-07-23 10:02:57.435')

2026/07/23 10:02:59 [32mD:/Develop/Project_pos_mahenz/BE/domain/auth/repo/auth_repo.go:46
[0m[33m[0.506ms] [34;1m[rows:1][0m SELECT id, user_id, user_role, token, device_info, expires_at FROM sessions WHERE token = 'eyJhbGciOiJIUzI1NiIsInR5cCI6IkpXVCJ9.eyJhcHBzIjoid2ViIiwiZXhwIjoxNzg0ODA0NTc2LCJmdWxsX25hbWUiOiJPd25lciIsInJvbGUiOiJvd25lciIsInVzZXJfaWQiOjEsInVzZXJuYW1lIjoib3duZXIifQ.1GihqBVoi-iy0jQxYbMROq8dfo6NiXKriRtRKZEN2ps' LIMIT 1

2026/07/23 10:02:59 [32mD:/Develop/Project_pos_mahenz/BE/domain/menu/repo/menu_repo.go:121
[0m[33m[0.715ms] [34;1m[rows:-][0m 
		SELECT
			m.id,
			m.parent_id,
			m.key_name,
			m.label,
			m.icon,
			m.path,
			m.order_index,
			COALESCE(rma.can_view,   0),
			COALESCE(rma.can_create, 0),
			COALESCE(rma.can_edit,   0),
			COALESCE(rma.can_delete, 0)
		FROM menus m
		LEFT JOIN role_menu_access rma ON rma.menu_id = m.id
			AND rma.role_id = (SELECT id FROM roles WHERE name = 'owner' AND is_active = 1 LIMIT 1)
		WHERE m.is_active = 1
		ORDER BY m.order_index ASC, m.id ASC
		
[GIN] 2026/07/23 - 10:02:59 | 200 |      1.7814ms |             ::1 | POST     "/api/menus/my"

2026/07/23 10:02:59 [32mD:/Develop/Project_pos_mahenz/BE/repository/log_request_repository.go:32
[0m[33m[12.711ms] [34;1m[rows:1][0m INSERT INTO log_requests (id, method, endpoint, status_code, request_body, response_body, user_id, duration_ms, ip_address, error_message, created_at) VALUES ('9eb8cce4-7c8b-49d3-8827-1b7377bb8738', 'POST', '/api/menus/my', 200, '{}', '{"code":"00","status":true,"message":"Menu akses","data":[{"key_name":"beranda","label":"Beranda","icon":"Home","path":null,"order_index":1,"permission":{"can_view":true,"can_create":true,"can_edit":true,"can_delete":true},"children":[{"key_name":"beranda.dashboard","label":"Dashboard","icon":"LayoutDashboard","path":"/dashboard","order_index":1,"permission":{"can_view":true,"can_create":true,"can_edit":true,"can_delete":true},"children":[]}]},{"key_name":"penjualan","label":"Penjualan","icon":"ShoppingCart","path":null,"order_index":2,"permission":{"can_view":true,"can_create":true,"can_edit":true,"can_delete":true},"children":[{"key_name":"penjualan.kasir","label":"Kasir","icon":"ShoppingCart","path":"/kasir","order_index":1,"permission":{"can_view":true,"can_create":true,"can_edit":true,"can_delete":true},"children":[]},{"key_name":"penjualan.transaksi","label":"Transaksi","icon":"Receipt","path":"/transactions","order_index":2,"permission":{"can_view":true,"can_create":true,"can_edit":true,"can_delete":true},"children":[]}]},{"key_name":"produk","label":"Produk","icon":"Package","path":null,"order_index":3,"permission":{"can_view":true,"can_create":true,"can_edit":true,"can_delete":true},"children":[{"key_name":"produk.produk","label":"Produk","icon":"Package","path":"/products","order_index":1,"permission":{"can_view":true,"can_create":true,"can_edit":true,"can_delete":true},"children":[]},{"key_name":"produk.kategori","label":"Kategori","icon":"Tag","path":"/products/categories","order_index":2,"permission":{"can_view":true,"can_create":true,"can_edit":true,"can_delete":true},"children":[]},{"key_name":"produk.unit","label":"Unit","icon":"PackageSearch","path":"/products/units","order_index":3,"permission":{"can_view":true,"can_create":true,"can_edit":true,"can_delete":true},"children":[]}]},{"key_name":"pengadaan","label":"Pengadaan","icon":"Truck","path":null,"order_index":4,"permission":{"can_view":true,"can_create":true,"can_edit":true,"can_delete":true},"children":[{"key_name":"pengadaan.supplier","label":"Supplier","icon":"Truck","path":"/suppliers","order_index":1,"permission":{"can_view":true,"can_create":true,"can_edit":true,"can_delete":true},"children":[]},{"key_name":"pengadaan.pembelian","label":"Pembelian","icon":"ShoppingBag","path":"/suppliers/purchases","order_index":2,"permission":{"can_view":true,"can_create":true,"can_edit":true,"can_delete":true},"children":[]},{"key_name":"pengadaan.retur","label":"Retur","icon":"RotateCcw","path":"/suppliers/returns","order_index":3,"permission":{"can_view":true,"can_create":true,"can_edit":true,"can_delete":true},"children":[]}]},{"key_name":"pelanggan","label":"Pelanggan","icon":"Users","path":null,"order_index":5,"permission":{"can_view":true,"can_create":true,"can_edit":true,"can_delete":true},"children":[{"key_name":"pelanggan.pelanggan","label":"Pelanggan","icon":"Users","path":"/customers","order_index":1,"permission":{"can_view":true,"can_create":true,"can_edit":true,"can_delete":true},"children":[]},{"key_name":"pelanggan.piutang","label":"Piutang","icon":"CreditCard","path":"/receivables","order_index":2,"permission":{"can_view":true,"can_create":true,"can_edit":true,"can_delete":true},"children":[]}]},{"key_name":"keuangan","label":"Keuangan","icon":"Wallet","path":null,"order_index":6,"permission":{"can_view":true,"can_create":true,"can_edit":true,"can_delete":true},"children":[{"key_name":"keuangan.dashboard","label":"Dashboard Keuangan","icon":"Wallet","path":"/finance","order_index":1,"permission":{"can_view":true,"can_create":true,"can_edit":true,"can_delete":true},"children":[]},{"key_name":"keuangan.kas_harian","label":"Kas Harian","icon":"Landmark","path":"/finance/cash-drawer","order_index":2,"permission":{"can_view":true,"can_create":true,"can_edit":true,"can_delete":true},"children":[]},{"key_name":"keuangan.pengeluaran","label":"Pengeluaran","icon":"TrendingDown","path":"/finance/expenses","order_index":3,"permission":{"can_view":true,"can_create":true,"can_edit":true,"can_delete":true},"children":[]},{"key_name":"keuangan.kas_saya","label":"Kas Saya","icon":"Wallet","path":"/finance/my-cash","order_index":4,"permission":{"can_view":true,"can_create":true,"can_edit":true,"can_delete":true},"children":[]}]},{"key_name":"pelaporan","label":"Pelaporan","icon":"BarChart2","path":null,"order_index":7,"permission":{"can_view":true,"can_create":true,"can_edit":true,"can_delete":true},"children":[{"key_name":"pelaporan.penjualan","label":"Penjualan","icon":"TrendingUp","path":"/reports/sales","order_index":1,"permission":{"can_view":true,"can_create":true,"can_edit":true,"can_delete":true},"children":[]},{"key_name":"pelaporan.laba_rugi","label":"Laba Rugi","icon":"LineChart","path":"/reports/profit-loss","order_index":2,"permission":{"can_view":true,"can_create":true,"can_edit":true,"can_delete":true},"children":[]},{"key_name":"pelaporan.stok","label":"Stok","icon":"PackageSearch","path":"/reports/stock","order_index":3,"permission":{"can_view":true,"can_create":true,"can_edit":true,"can_delete":true},"children":[]},{"key_name":"pelaporan.kinerja_kasir","label":"Kinerja Kasir","icon":"BarChart2","path":"/reports/cashier","order_index":4,"permission":{"can_view":true,"can_create":true,"can_edit":true,"can_delete":true},"children":[]}]},{"key_name":"operasional","label":"Operasional","icon":"Clock","path":null,"order_index":8,"permission":{"can_view":true,"can_create":true,"can_edit":true,"can_delete":true},"children":[{"key_name":"operasional.shift","label":"Shift","icon":"Clock","path":"/shifts","order_index":1,"permission":{"can_view":true,"can_create":true,"can_edit":true,"can_delete":true},"children":[]},{"key_name":"operasional.sync","label":"Sync Center","icon":"RefreshCw","path":"/sync","order_index":2,"permission":{"can_view":true,"can_create":true,"can_edit":true,"can_delete":true},"children":[]}]},{"key_name":"sistem","label":"Sistem","icon":"Settings","path":null,"order_index":9,"permission":{"can_view":true,"can_create":true,"can_edit":true,"can_delete":true},"children":[{"key_name":"sistem.profil_toko","label":"Profil Toko","icon":"Settings","path":"/settings/store","order_index":1,"permission":{"can_view":true,"can_create":true,"can_edit":true,"can_delete":true},"children":[]},{"key_name":"sistem.users","label":"Manajemen User","icon":"Users","path":"/settings/users","order_index":2,"permission":{"can_view":true,"can_create":true,"can_edit":true,"can_delete":true},"children":[]},{"key_name":"sistem.roles","label":"Manajemen Role","icon":"Shield","path":"/settings/roles","order_index":3,"permission":{"can_view":true,"can_create":true,"can_edit":true,"can_delete":true},"children":[]},{"key_name":"sistem.menus","label":"Manajemen Menu","icon":"LayoutList","path":"/settings/menus","order_index":4,"permission":{"can_view":true,"can_create":true,"can_edit":true,"can_delete":true},"children":[]},{"key_name":"sistem.printer","label":"Printer","icon":"Printer","path":"/settings/printer","order_index":5,"permission":{"can_view":true,"can_create":true,"can_edit":true,"can_delete":true},"children":[]},{"key_name":"sistem.versi","label":"Versi Aplikasi","icon":"RefreshCw","path":"/settings/versions","order_index":6,"permission":{"can_view":true,"can_create":true,"can_edit":true,"can_delete":true},"children":[]},{"key_name":"sistem.backup","label":"Backup \u0026 Restore","icon":"DatabaseBackup","path":"/settings/backup","order_index":7,"permission":{"can_view":true,"can_create":true,"can_edit":true,"can_delete":true},"children":[]}]}]}', 1, 1, '::1', NULL, '2026-07-23 10:02:59.619')

2026/07/23 10:02:59 [32mD:/Develop/Project_pos_mahenz/BE/domain/auth/repo/auth_repo.go:46
[0m[33m[0.526ms] [34;1m[rows:1][0m SELECT id, user_id, user_role, token, device_info, expires_at FROM sessions WHERE token = 'eyJhbGciOiJIUzI1NiIsInR5cCI6IkpXVCJ9.eyJhcHBzIjoid2ViIiwiZXhwIjoxNzg0ODA0NTc2LCJmdWxsX25hbWUiOiJPd25lciIsInJvbGUiOiJvd25lciIsInVzZXJfaWQiOjEsInVzZXJuYW1lIjoib3duZXIifQ.1GihqBVoi-iy0jQxYbMROq8dfo6NiXKriRtRKZEN2ps' LIMIT 1

2026/07/23 10:02:59 [32mD:/Develop/Project_pos_mahenz/BE/domain/sync/repo/sync_repo.go:84
[0m[33m[0.517ms] [34;1m[rows:1][0m SELECT COUNT(*) FROM sync_conflicts WHERE status = 'pending'
[GIN] 2026/07/23 - 10:02:59 | 200 |      1.0426ms |             ::1 | GET      "/api/sync/conflicts/count"

2026/07/23 10:02:59 [32mD:/Develop/Project_pos_mahenz/BE/repository/log_request_repository.go:32
[0m[33m[1.676ms] [34;1m[rows:1][0m INSERT INTO log_requests (id, method, endpoint, status_code, request_body, response_body, user_id, duration_ms, ip_address, error_message, created_at) VALUES ('35c8b9eb-a9f8-420a-9637-febeab4a9cda', 'GET', '/api/sync/conflicts/count', 200, '', '{"code":"00","status":true,"message":"Jumlah konflik pending","data":{"count":0}}', 1, 1, '::1', NULL, '2026-07-23 10:02:59.655')

2026/07/23 10:02:59 [32mD:/Develop/Project_pos_mahenz/BE/domain/auth/repo/auth_repo.go:46
[0m[33m[2.730ms] [34;1m[rows:1][0m SELECT id, user_id, user_role, token, device_info, expires_at FROM sessions WHERE token = 'eyJhbGciOiJIUzI1NiIsInR5cCI6IkpXVCJ9.eyJhcHBzIjoid2ViIiwiZXhwIjoxNzg0ODA0NTc2LCJmdWxsX25hbWUiOiJPd25lciIsInJvbGUiOiJvd25lciIsInVzZXJfaWQiOjEsInVzZXJuYW1lIjoib3duZXIifQ.1GihqBVoi-iy0jQxYbMROq8dfo6NiXKriRtRKZEN2ps' LIMIT 1

2026/07/23 10:02:59 [32mD:/Develop/Project_pos_mahenz/BE/domain/auth/repo/auth_repo.go:46
[0m[33m[2.086ms] [34;1m[rows:1][0m SELECT id, user_id, user_role, token, device_info, expires_at FROM sessions WHERE token = 'eyJhbGciOiJIUzI1NiIsInR5cCI6IkpXVCJ9.eyJhcHBzIjoid2ViIiwiZXhwIjoxNzg0ODA0NTc2LCJmdWxsX25hbWUiOiJPd25lciIsInJvbGUiOiJvd25lciIsInVzZXJfaWQiOjEsInVzZXJuYW1lIjoib3duZXIifQ.1GihqBVoi-iy0jQxYbMROq8dfo6NiXKriRtRKZEN2ps' LIMIT 1

2026/07/23 10:02:59 [32mD:/Develop/Project_pos_mahenz/BE/domain/product_category/repo/product_category_repo.go:70
[0m[33m[1.229ms] [34;1m[rows:2][0m SELECT id, name FROM categories WHERE is_active = 1 ORDER BY name
[GIN] 2026/07/23 - 10:02:59 | 200 |      3.9592ms |             ::1 | POST     "/api/categories/options"

2026/07/23 10:02:59 [32mD:/Develop/Project_pos_mahenz/BE/domain/product_unit/repo/unit_repo.go:72
[0m[33m[1.291ms] [34;1m[rows:1][0m SELECT id, name, abbreviation FROM units WHERE is_active = 1 ORDER BY name
[GIN] 2026/07/23 - 10:02:59 | 200 |      4.6719ms |             ::1 | POST     "/api/units/options"

2026/07/23 10:02:59 [32mD:/Develop/Project_pos_mahenz/BE/repository/log_request_repository.go:32
[0m[33m[11.021ms] [34;1m[rows:1][0m INSERT INTO log_requests (id, method, endpoint, status_code, request_body, response_body, user_id, duration_ms, ip_address, error_message, created_at) VALUES ('a486cbb7-6949-4f31-a9d4-4635bbfecc9a', 'POST', '/api/units/options', 200, '{}', '{"code":"00","status":true,"message":"Opsi satuan","data":[{"id":1,"name":"Pcs","abbreviation":"pcs"}]}', 1, 4, '::1', NULL, '2026-07-23 10:02:59.968')

2026/07/23 10:02:59 [32mD:/Develop/Project_pos_mahenz/BE/repository/log_request_repository.go:32
[0m[33m[12.717ms] [34;1m[rows:1][0m INSERT INTO log_requests (id, method, endpoint, status_code, request_body, response_body, user_id, duration_ms, ip_address, error_message, created_at) VALUES ('052ccaa0-37a5-4faa-b7fd-6297c1d67c47', 'POST', '/api/categories/options', 200, '{}', '{"code":"00","status":true,"message":"Opsi kategori","data":[{"id":2,"name":"Makanan"},{"id":1,"name":"Minuman"}]}', 1, 3, '::1', NULL, '2026-07-23 10:02:59.968')

2026/07/23 10:03:00 [32mD:/Develop/Project_pos_mahenz/BE/domain/auth/repo/auth_repo.go:46
[0m[33m[0.665ms] [34;1m[rows:1][0m SELECT id, user_id, user_role, token, device_info, expires_at FROM sessions WHERE token = 'eyJhbGciOiJIUzI1NiIsInR5cCI6IkpXVCJ9.eyJhcHBzIjoid2ViIiwiZXhwIjoxNzg0ODA0NTc2LCJmdWxsX25hbWUiOiJPd25lciIsInJvbGUiOiJvd25lciIsInVzZXJfaWQiOjEsInVzZXJuYW1lIjoib3duZXIifQ.1GihqBVoi-iy0jQxYbMROq8dfo6NiXKriRtRKZEN2ps' LIMIT 1

2026/07/23 10:03:00 [32mD:/Develop/Project_pos_mahenz/BE/domain/auth/repo/auth_repo.go:46
[0m[33m[1.330ms] [34;1m[rows:1][0m SELECT id, user_id, user_role, token, device_info, expires_at FROM sessions WHERE token = 'eyJhbGciOiJIUzI1NiIsInR5cCI6IkpXVCJ9.eyJhcHBzIjoid2ViIiwiZXhwIjoxNzg0ODA0NTc2LCJmdWxsX25hbWUiOiJPd25lciIsInJvbGUiOiJvd25lciIsInVzZXJfaWQiOjEsInVzZXJuYW1lIjoib3duZXIifQ.1GihqBVoi-iy0jQxYbMROq8dfo6NiXKriRtRKZEN2ps' LIMIT 1

2026/07/23 10:03:00 [32mD:/Develop/Project_pos_mahenz/BE/domain/product/repo/product_repo.go:100
[0m[33m[0.000ms] [34;1m[rows:1][0m SELECT COUNT(*) FROM products p WHERE 1=1

2026/07/23 10:03:00 [32mD:/Develop/Project_pos_mahenz/BE/domain/setting/repo/setting_repo.go:32
[0m[33m[0.777ms] [34;1m[rows:-][0m SELECT setting_key, setting_value FROM settings WHERE setting_key = 'pagination_sizes'
[GIN] 2026/07/23 - 10:03:00 | 200 |      2.1067ms |             ::1 | GET      "/api/settings/pagination_sizes"

2026/07/23 10:03:00 [32mD:/Develop/Project_pos_mahenz/BE/domain/product/repo/product_repo.go:119
[0m[33m[1.849ms] [34;1m[rows:2][0m 
		SELECT p.id, p.barcode, COALESCE(p.sku, '') as sku, p.name, p.category_id, COALESCE(c.name, '') as category_name,
		       p.purchase_price, p.selling_price, p.stock, p.reserved_qty, p.min_stock,
		       COALESCE(p.unit_id, 0) as unit_id, COALESCE(u.name, '') as unit_name, COALESCE(u.abbreviation, '') as unit_abbreviation,
		       p.is_active,
		       (SELECT COUNT(*) FROM product_packages pp WHERE pp.product_id = p.id AND pp.is_default = 0) AS extra_packages,
		       (SELECT COUNT(*) FROM product_prices pr WHERE pr.product_id = p.id) AS price_tiers_count
		FROM products p
		LEFT JOIN categories c ON p.category_id = c.id
		LEFT JOIN units u ON u.id = p.unit_id
		WHERE 1=1 ORDER BY p.name ASC LIMIT 10 OFFSET 0
[GIN] 2026/07/23 - 10:03:00 | 200 |      3.1793ms |             ::1 | POST     "/api/products/list"

2026/07/23 10:03:00 [32mD:/Develop/Project_pos_mahenz/BE/repository/log_request_repository.go:32
[0m[33m[1.595ms] [34;1m[rows:1][0m INSERT INTO log_requests (id, method, endpoint, status_code, request_body, response_body, user_id, duration_ms, ip_address, error_message, created_at) VALUES ('648fa8e4-bd60-48c2-b58d-db4882cca0c6', 'GET', '/api/settings/pagination_sizes', 200, '', '{"code":"00","status":true,"message":"Detail pengaturan","data":{"key":"pagination_sizes","value":"[10,20,50]"}}', 1, 2, '::1', NULL, '2026-07-23 10:03:00.11')

2026/07/23 10:03:00 [32mD:/Develop/Project_pos_mahenz/BE/repository/log_request_repository.go:32
[0m[33m[2.474ms] [34;1m[rows:1][0m INSERT INTO log_requests (id, method, endpoint, status_code, request_body, response_body, user_id, duration_ms, ip_address, error_message, created_at) VALUES ('aae175d1-6555-4909-aa78-15931f673bc4', 'POST', '/api/products/list', 200, '{"page":1,"limit":10,"search":""}', '{"code":"00","status":true,"message":"Daftar produk","data":[{"id":4,"barcode":"4444444444444","sku":"MIN-5555","name":"Sanity Check Product","category_id":1,"category_name":"Minuman","purchase_price":0,"selling_price":1000,"stock":0,"reserved_qty":0,"min_stock":0,"unit_id":1,"unit_name":"Pcs","unit_abbreviation":"pcs","is_active":true,"extra_packages":0,"price_tiers_count":0},{"id":1,"barcode":"8990874779046","sku":"MIN-0001","name":"Teh Botol Sosro 350ml (Edited)","category_id":1,"category_name":"Minuman","purchase_price":3500,"selling_price":5800,"stock":50,"reserved_qty":0,"min_stock":10,"unit_id":1,"unit_name":"Pcs","unit_abbreviation":"pcs","is_active":true,"extra_packages":0,"price_tiers_count":0}],"pagination":{"page":1,"per_page":10,"total":2,"total_pages":1}}', 1, 3, '::1', NULL, '2026-07-23 10:03:00.111')

2026/07/23 10:03:01 [32mD:/Develop/Project_pos_mahenz/BE/domain/auth/repo/auth_repo.go:46
[0m[33m[0.504ms] [34;1m[rows:1][0m SELECT id, user_id, user_role, token, device_info, expires_at FROM sessions WHERE token = 'eyJhbGciOiJIUzI1NiIsInR5cCI6IkpXVCJ9.eyJhcHBzIjoid2ViIiwiZXhwIjoxNzg0ODA0NTc2LCJmdWxsX25hbWUiOiJPd25lciIsInJvbGUiOiJvd25lciIsInVzZXJfaWQiOjEsInVzZXJuYW1lIjoib3duZXIifQ.1GihqBVoi-iy0jQxYbMROq8dfo6NiXKriRtRKZEN2ps' LIMIT 1

2026/07/23 10:03:01 [32mD:/Develop/Project_pos_mahenz/BE/domain/auth/repo/auth_repo.go:46
[0m[33m[0.504ms] [34;1m[rows:1][0m SELECT id, user_id, user_role, token, device_info, expires_at FROM sessions WHERE token = 'eyJhbGciOiJIUzI1NiIsInR5cCI6IkpXVCJ9.eyJhcHBzIjoid2ViIiwiZXhwIjoxNzg0ODA0NTc2LCJmdWxsX25hbWUiOiJPd25lciIsInJvbGUiOiJvd25lciIsInVzZXJfaWQiOjEsInVzZXJuYW1lIjoib3duZXIifQ.1GihqBVoi-iy0jQxYbMROq8dfo6NiXKriRtRKZEN2ps' LIMIT 1

2026/07/23 10:03:01 [32mD:/Develop/Project_pos_mahenz/BE/domain/product/repo/product_repo.go:136
[0m[33m[0.521ms] [34;1m[rows:1][0m 
		SELECT p.id, p.barcode, COALESCE(p.sku, '') as sku, p.name, p.category_id, COALESCE(c.name, '') as category_name,
		       p.purchase_price, p.selling_price, p.stock, p.reserved_qty, p.min_stock,
		       COALESCE(p.unit_id, 0) as unit_id, COALESCE(u.name, '') as unit_name, COALESCE(u.abbreviation, '') as unit_abbreviation,
		       p.is_active, p.created_at, p.updated_at,
		       (SELECT COUNT(*) FROM product_packages pp WHERE pp.product_id = p.id AND pp.is_default = 0) AS extra_packages,
		       (SELECT COUNT(*) FROM product_prices pr WHERE pr.product_id = p.id) AS price_tiers_count
		FROM products p
		LEFT JOIN categories c ON p.category_id = c.id
		LEFT JOIN units u ON u.id = p.unit_id
		WHERE p.id = 1 LIMIT 1
[GIN] 2026/07/23 - 10:03:01 | 200 |      1.5683ms |             ::1 | POST     "/api/products/detail/1"

2026/07/23 10:03:01 [32mD:/Develop/Project_pos_mahenz/BE/domain/product/repo/product_repo.go:136
[0m[33m[1.073ms] [34;1m[rows:1][0m 
		SELECT p.id, p.barcode, COALESCE(p.sku, '') as sku, p.name, p.category_id, COALESCE(c.name, '') as category_name,
		       p.purchase_price, p.selling_price, p.stock, p.reserved_qty, p.min_stock,
		       COALESCE(p.unit_id, 0) as unit_id, COALESCE(u.name, '') as unit_name, COALESCE(u.abbreviation, '') as unit_abbreviation,
		       p.is_active, p.created_at, p.updated_at,
		       (SELECT COUNT(*) FROM product_packages pp WHERE pp.product_id = p.id AND pp.is_default = 0) AS extra_packages,
		       (SELECT COUNT(*) FROM product_prices pr WHERE pr.product_id = p.id) AS price_tiers_count
		FROM products p
		LEFT JOIN categories c ON p.category_id = c.id
		LEFT JOIN units u ON u.id = p.unit_id
		WHERE p.id = 1 LIMIT 1

2026/07/23 10:03:01 [32mD:/Develop/Project_pos_mahenz/BE/domain/product/repo/product_package_repo.go:23
[0m[33m[0.545ms] [34;1m[rows:1][0m 
		SELECT pp.id, pp.product_id, pp.unit_id, COALESCE(u.name, '') AS unit_name, COALESCE(u.abbreviation, '') AS abbreviation,
		       COALESCE(pp.package_name, '') AS package_name, pp.ref_package_id, pp.qty, pp.ref_qty, pp.purchase_price, pp.selling_price, pp.is_default
		FROM product_packages pp
		JOIN units u ON u.id = pp.unit_id
		WHERE pp.product_id = 1
[GIN] 2026/07/23 - 10:03:01 | 200 |      2.6655ms |             ::1 | POST     "/api/products/1/packages/list"

2026/07/23 10:03:01 [32mD:/Develop/Project_pos_mahenz/BE/repository/log_request_repository.go:32
[0m[33m[3.923ms] [34;1m[rows:1][0m INSERT INTO log_requests (id, method, endpoint, status_code, request_body, response_body, user_id, duration_ms, ip_address, error_message, created_at) VALUES ('c7ac6524-f1cd-4127-8c0d-baef982e7d51', 'POST', '/api/products/detail/1', 200, '{}', '{"code":"00","status":true,"message":"Detail produk","data":{"id":1,"barcode":"8990874779046","sku":"MIN-0001","name":"Teh Botol Sosro 350ml (Edited)","category_id":1,"category_name":"Minuman","purchase_price":3500,"selling_price":5800,"stock":50,"reserved_qty":0,"min_stock":10,"unit_id":1,"unit_name":"Pcs","unit_abbreviation":"pcs","is_active":true,"extra_packages":0,"price_tiers_count":0}}', 1, 1, '::1', NULL, '2026-07-23 10:03:01.224')

2026/07/23 10:03:01 [32mD:/Develop/Project_pos_mahenz/BE/repository/log_request_repository.go:32
[0m[33m[4.970ms] [34;1m[rows:1][0m INSERT INTO log_requests (id, method, endpoint, status_code, request_body, response_body, user_id, duration_ms, ip_address, error_message, created_at) VALUES ('41e380b4-ac77-4ac4-a473-23efbfc756d1', 'POST', '/api/products/1/packages/list', 200, '{}', '{"code":"00","status":true,"message":"Daftar paket produk","data":[{"id":1,"product_id":1,"unit_id":1,"unit_name":"Pcs","abbreviation":"pcs","package_name":"","ref_package_id":null,"qty":1,"ref_qty":null,"resolved_factor":1,"purchase_price":3500,"selling_price":5800,"is_default":true}]}', 1, 2, '::1', NULL, '2026-07-23 10:03:01.225')

2026/07/23 10:03:10 [32mD:/Develop/Project_pos_mahenz/BE/domain/auth/repo/auth_repo.go:17
[0m[33m[0.506ms] [34;1m[rows:1][0m SELECT u.id, u.username, u.password, u.full_name, u.role_id, r.name AS role_name, u.is_active FROM users u INNER JOIN roles r ON r.id = u.role_id WHERE u.username = 'owner' LIMIT 1

2026/07/23 10:03:11 [32mD:/Develop/Project_pos_mahenz/BE/domain/auth/repo/auth_repo.go:67
[0m[33m[5.045ms] [34;1m[rows:1][0m DELETE FROM sessions WHERE user_id = 1

2026/07/23 10:03:11 [32mD:/Develop/Project_pos_mahenz/BE/domain/auth/repo/auth_repo.go:38
[0m[33m[0.000ms] [34;1m[rows:1][0m INSERT INTO sessions (user_id, user_role, token, refresh_token, device_info, ip_address, expires_at) VALUES (1, 'owner', 'eyJhbGciOiJIUzI1NiIsInR5cCI6IkpXVCJ9.eyJhcHBzIjoiIiwiZXhwIjoxNzg0ODA0NTkxLCJmdWxsX25hbWUiOiJPd25lciIsInJvbGUiOiJvd25lciIsInVzZXJfaWQiOjEsInVzZXJuYW1lIjoib3duZXIifQ.MV1tcP1VJcXB2ItjAZsvC4ck93aMwg5cXbtrKp8KhkY', 'd7d4df49be20037d8e6f423b820b2355b36802c3f0be511810e37c10f1a5b4a9', '', '::1', '2026-07-30 10:03:11.033') ON DUPLICATE KEY UPDATE user_role=VALUES(user_role), token=VALUES(token), refresh_token=VALUES(refresh_token), device_info=VALUES(device_info), ip_address=VALUES(ip_address), expires_at=VALUES(expires_at), created_at=NOW()
[GIN] 2026/07/23 - 10:03:11 | 200 |    103.6834ms |             ::1 | POST     "/api/auth/login"

2026/07/23 10:03:11 [32mD:/Develop/Project_pos_mahenz/BE/repository/log_request_repository.go:32
[0m[33m[5.632ms] [34;1m[rows:1][0m INSERT INTO log_requests (id, method, endpoint, status_code, request_body, response_body, user_id, duration_ms, ip_address, error_message, created_at) VALUES ('bbce081e-df36-4c08-a9c1-6b1c2265b048', 'POST', '/api/auth/login', 200, '{"username":"owner","password":"owner123"}', '{"code":"00","status":true,"message":"Login berhasil","data":{"token":"eyJhbGciOiJIUzI1NiIsInR5cCI6IkpXVCJ9.eyJhcHBzIjoiIiwiZXhwIjoxNzg0ODA0NTkxLCJmdWxsX25hbWUiOiJPd25lciIsInJvbGUiOiJvd25lciIsInVzZXJfaWQiOjEsInVzZXJuYW1lIjoib3duZXIifQ.MV1tcP1VJcXB2ItjAZsvC4ck93aMwg5cXbtrKp8KhkY","refresh_token":"d7d4df49be20037d8e6f423b820b2355b36802c3f0be511810e37c10f1a5b4a9","expires_at":"2026-07-30T10:03:11.0335931+07:00","user":{"id":1,"username":"owner","full_name":"Owner","role_id":1,"role_name":"owner"}}}', NULL, 103, '::1', NULL, '2026-07-23 10:03:11.038')

2026/07/23 10:03:11 [32mD:/Develop/Project_pos_mahenz/BE/domain/auth/repo/auth_repo.go:46
[0m[33m[0.507ms] [34;1m[rows:1][0m SELECT id, user_id, user_role, token, device_info, expires_at FROM sessions WHERE token = 'eyJhbGciOiJIUzI1NiIsInR5cCI6IkpXVCJ9.eyJhcHBzIjoiIiwiZXhwIjoxNzg0ODA0NTkxLCJmdWxsX25hbWUiOiJPd25lciIsInJvbGUiOiJvd25lciIsInVzZXJfaWQiOjEsInVzZXJuYW1lIjoib3duZXIifQ.MV1tcP1VJcXB2ItjAZsvC4ck93aMwg5cXbtrKp8KhkY' LIMIT 1

2026/07/23 10:03:11 [32mD:/Develop/Project_pos_mahenz/BE/domain/product_category/repo/product_category_repo.go:79
[0m[33m[0.876ms] [34;1m[rows:1][0m SELECT c.id, c.name, COALESCE(c.code, '') as code, c.description, COALESCE(c.is_active, 1) as is_active, (SELECT COUNT(*) FROM products p WHERE p.category_id = c.id) AS product_count, (SELECT COUNT(*) FROM products p WHERE p.category_id = c.id AND p.is_active = 1) AS active_product_count, c.created_at FROM categories c WHERE c.id = 1 LIMIT 1

2026/07/23 10:03:11 [32mD:/Develop/Project_pos_mahenz/BE/domain/product_unit/repo/unit_repo.go:81
[0m[33m[0.000ms] [34;1m[rows:1][0m SELECT id, name, abbreviation, is_active, created_at FROM units WHERE id = 1 LIMIT 1

2026/07/23 10:03:11 [32mD:/Develop/Project_pos_mahenz/BE/domain/product/repo/product_generate_repo.go:12
[0m[33m[0.000ms] [34;1m[rows:0][0m SELECT id FROM products WHERE barcode = '5555555555555' AND id != 0 LIMIT 1

2026/07/23 10:03:11 [32mD:/Develop/Project_pos_mahenz/BE/domain/product/repo/product_generate_repo.go:21
[0m[33m[0.539ms] [34;1m[rows:0][0m SELECT id FROM products WHERE sku = 'MIN-BYP1' AND id != 0 LIMIT 1

2026/07/23 10:03:11 [32mD:/Develop/Project_pos_mahenz/BE/domain/product/repo/product_generate_repo.go:30
[0m[33m[0.000ms] [34;1m[rows:0][0m SELECT id FROM products WHERE LOWER(TRIM(name)) = LOWER(TRIM('Owner Bypass Stock Test')) AND id != 0 LIMIT 1

2026/07/23 10:03:11 [32mD:/Develop/Project_pos_mahenz/BE/domain/product/repo/product_repo.go:212
[0m[33m[0.551ms] [34;1m[rows:1][0m INSERT INTO products (barcode, sku, name, category_id, purchase_price, selling_price, stock, min_stock, unit_id) VALUES ('5555555555555', 'MIN-BYP1', 'Owner Bypass Stock Test', 1, 0, 1000, 0, 0, 1)

2026/07/23 10:03:11 [32mD:/Develop/Project_pos_mahenz/BE/domain/product/repo/product_repo.go:219
[0m[33m[0.522ms] [34;1m[rows:1][0m SELECT LAST_INSERT_ID()

2026/07/23 10:03:11 [32mD:/Develop/Project_pos_mahenz/BE/domain/product/repo/product_repo.go:223
[0m[33m[0.000ms] [34;1m[rows:1][0m INSERT INTO product_packages (product_id, unit_id, purchase_price, selling_price, is_default) VALUES (5, 1, 0, 1000, 1)

2026/07/23 10:03:11 [32mD:/Develop/Project_pos_mahenz/BE/domain/product/repo/product_repo.go:227
[0m[33m[0.000ms] [34;1m[rows:1][0m SELECT LAST_INSERT_ID()

2026/07/23 10:03:11 [32mD:/Develop/Project_pos_mahenz/BE/domain/product/repo/product_repo.go:136
[0m[33m[0.505ms] [34;1m[rows:1][0m 
		SELECT p.id, p.barcode, COALESCE(p.sku, '') as sku, p.name, p.category_id, COALESCE(c.name, '') as category_name,
		       p.purchase_price, p.selling_price, p.stock, p.reserved_qty, p.min_stock,
		       COALESCE(p.unit_id, 0) as unit_id, COALESCE(u.name, '') as unit_name, COALESCE(u.abbreviation, '') as unit_abbreviation,
		       p.is_active, p.created_at, p.updated_at,
		       (SELECT COUNT(*) FROM product_packages pp WHERE pp.product_id = p.id AND pp.is_default = 0) AS extra_packages,
		       (SELECT COUNT(*) FROM product_prices pr WHERE pr.product_id = p.id) AS price_tiers_count
		FROM products p
		LEFT JOIN categories c ON p.category_id = c.id
		LEFT JOIN units u ON u.id = p.unit_id
		WHERE p.id = 5 LIMIT 1
[GIN] 2026/07/23 - 10:03:11 | 201 |      7.7597ms |             ::1 | POST     "/api/products/create"

2026/07/23 10:03:11 [32mD:/Develop/Project_pos_mahenz/BE/repository/log_request_repository.go:32
[0m[33m[2.059ms] [34;1m[rows:1][0m INSERT INTO log_requests (id, method, endpoint, status_code, request_body, response_body, user_id, duration_ms, ip_address, error_message, created_at) VALUES ('2b9c34bd-ae8a-4d5c-b528-4e7651423d37', 'POST', '/api/products/create', 201, '{"name":"Owner Bypass Stock Test","sku":"MIN-BYP1","barcode":"5555555555555","category_id":1,"unit_id":1,"selling_price":1000,"stock":999}', '{"code":"00","status":true,"message":"Produk berhasil dibuat","data":{"id":5,"barcode":"5555555555555","sku":"MIN-BYP1","name":"Owner Bypass Stock Test","category_id":1,"category_name":"Minuman","purchase_price":0,"selling_price":1000,"stock":0,"reserved_qty":0,"min_stock":0,"unit_id":1,"unit_name":"Pcs","unit_abbreviation":"pcs","is_active":true,"extra_packages":0,"price_tiers_count":0}}', 1, 7, '::1', NULL, '2026-07-23 10:03:11.164')

2026/07/23 10:03:11 [32mD:/Develop/Project_pos_mahenz/BE/domain/auth/repo/auth_repo.go:46
[0m[33m[1.346ms] [34;1m[rows:1][0m SELECT id, user_id, user_role, token, device_info, expires_at FROM sessions WHERE token = 'eyJhbGciOiJIUzI1NiIsInR5cCI6IkpXVCJ9.eyJhcHBzIjoiIiwiZXhwIjoxNzg0ODA0NTkxLCJmdWxsX25hbWUiOiJPd25lciIsInJvbGUiOiJvd25lciIsInVzZXJfaWQiOjEsInVzZXJuYW1lIjoib3duZXIifQ.MV1tcP1VJcXB2ItjAZsvC4ck93aMwg5cXbtrKp8KhkY' LIMIT 1

2026/07/23 10:03:11 [32mD:/Develop/Project_pos_mahenz/BE/domain/product/repo/product_repo.go:136
[0m[33m[0.719ms] [34;1m[rows:1][0m 
		SELECT p.id, p.barcode, COALESCE(p.sku, '') as sku, p.name, p.category_id, COALESCE(c.name, '') as category_name,
		       p.purchase_price, p.selling_price, p.stock, p.reserved_qty, p.min_stock,
		       COALESCE(p.unit_id, 0) as unit_id, COALESCE(u.name, '') as unit_name, COALESCE(u.abbreviation, '') as unit_abbreviation,
		       p.is_active, p.created_at, p.updated_at,
		       (SELECT COUNT(*) FROM product_packages pp WHERE pp.product_id = p.id AND pp.is_default = 0) AS extra_packages,
		       (SELECT COUNT(*) FROM product_prices pr WHERE pr.product_id = p.id) AS price_tiers_count
		FROM products p
		LEFT JOIN categories c ON p.category_id = c.id
		LEFT JOIN units u ON u.id = p.unit_id
		WHERE p.id = 1 LIMIT 1

2026/07/23 10:03:11 [32mD:/Develop/Project_pos_mahenz/BE/domain/product_category/repo/product_category_repo.go:79
[0m[33m[0.532ms] [34;1m[rows:1][0m SELECT c.id, c.name, COALESCE(c.code, '') as code, c.description, COALESCE(c.is_active, 1) as is_active, (SELECT COUNT(*) FROM products p WHERE p.category_id = c.id) AS product_count, (SELECT COUNT(*) FROM products p WHERE p.category_id = c.id AND p.is_active = 1) AS active_product_count, c.created_at FROM categories c WHERE c.id = 1 LIMIT 1

2026/07/23 10:03:11 [32mD:/Develop/Project_pos_mahenz/BE/domain/product/repo/product_generate_repo.go:12
[0m[33m[0.000ms] [34;1m[rows:0][0m SELECT id FROM products WHERE barcode = '8990874779046' AND id != 1 LIMIT 1

2026/07/23 10:03:11 [32mD:/Develop/Project_pos_mahenz/BE/domain/product/repo/product_generate_repo.go:21
[0m[33m[0.545ms] [34;1m[rows:0][0m SELECT id FROM products WHERE sku = 'MIN-0001' AND id != 1 LIMIT 1

2026/07/23 10:03:11 [32mD:/Develop/Project_pos_mahenz/BE/domain/product/repo/product_generate_repo.go:30
[0m[33m[0.608ms] [34;1m[rows:0][0m SELECT id FROM products WHERE LOWER(TRIM(name)) = LOWER(TRIM('Teh Botol Sosro 350ml (Edited)')) AND id != 1 LIMIT 1

2026/07/23 10:03:11 [32mD:/Develop/Project_pos_mahenz/BE/domain/product/repo/product_repo.go:269
[0m[33m[0.585ms] [34;1m[rows:1][0m UPDATE products SET barcode='8990874779046', sku='MIN-0001', name='Teh Botol Sosro 350ml (Edited)', category_id=1, purchase_price=3500, selling_price=5800, stock=50, min_stock=10, updated_at=NOW() WHERE id=1

2026/07/23 10:03:11 [32mD:/Develop/Project_pos_mahenz/BE/domain/product/repo/product_repo.go:276
[0m[33m[0.000ms] [34;1m[rows:1][0m UPDATE product_packages SET purchase_price=3500, selling_price=5800, updated_at=NOW() WHERE product_id=1 AND is_default=1

2026/07/23 10:03:11 [32mD:/Develop/Project_pos_mahenz/BE/domain/product/repo/product_repo.go:136
[0m[33m[0.528ms] [34;1m[rows:1][0m 
		SELECT p.id, p.barcode, COALESCE(p.sku, '') as sku, p.name, p.category_id, COALESCE(c.name, '') as category_name,
		       p.purchase_price, p.selling_price, p.stock, p.reserved_qty, p.min_stock,
		       COALESCE(p.unit_id, 0) as unit_id, COALESCE(u.name, '') as unit_name, COALESCE(u.abbreviation, '') as unit_abbreviation,
		       p.is_active, p.created_at, p.updated_at,
		       (SELECT COUNT(*) FROM product_packages pp WHERE pp.product_id = p.id AND pp.is_default = 0) AS extra_packages,
		       (SELECT COUNT(*) FROM product_prices pr WHERE pr.product_id = p.id) AS price_tiers_count
		FROM products p
		LEFT JOIN categories c ON p.category_id = c.id
		LEFT JOIN units u ON u.id = p.unit_id
		WHERE p.id = 1 LIMIT 1
[GIN] 2026/07/23 - 10:03:11 | 200 |      9.8995ms |             ::1 | POST     "/api/products/update/1"

2026/07/23 10:03:11 [32mD:/Develop/Project_pos_mahenz/BE/repository/log_request_repository.go:32
[0m[33m[2.140ms] [34;1m[rows:1][0m INSERT INTO log_requests (id, method, endpoint, status_code, request_body, response_body, user_id, duration_ms, ip_address, error_message, created_at) VALUES ('c548bc21-eafc-4531-a7a2-9a3ce01f0a87', 'POST', '/api/products/update/1', 200, '{"name":"Teh Botol Sosro 350ml (Edited)","sku":"MIN-0001","barcode":"8990874779046","category_id":1,"purchase_price":3500,"selling_price":5800,"stock":12345,"min_stock":10}', '{"code":"00","status":true,"message":"Produk berhasil diperbarui","data":{"id":1,"barcode":"8990874779046","sku":"MIN-0001","name":"Teh Botol Sosro 350ml (Edited)","category_id":1,"category_name":"Minuman","purchase_price":3500,"selling_price":5800,"stock":50,"reserved_qty":0,"min_stock":10,"unit_id":1,"unit_name":"Pcs","unit_abbreviation":"pcs","is_active":true,"extra_packages":0,"price_tiers_count":0}}', 1, 9, '::1', NULL, '2026-07-23 10:03:11.279')

2026/07/23 10:03:29 [32mD:/Develop/Project_pos_mahenz/BE/domain/auth/repo/auth_repo.go:17
[0m[33m[0.508ms] [34;1m[rows:1][0m SELECT u.id, u.username, u.password, u.full_name, u.role_id, r.name AS role_name, u.is_active FROM users u INNER JOIN roles r ON r.id = u.role_id WHERE u.username = 'owner' LIMIT 1

2026/07/23 10:03:29 [32mD:/Develop/Project_pos_mahenz/BE/domain/auth/repo/auth_repo.go:67
[0m[33m[5.073ms] [34;1m[rows:1][0m DELETE FROM sessions WHERE user_id = 1

2026/07/23 10:03:29 [32mD:/Develop/Project_pos_mahenz/BE/domain/auth/repo/auth_repo.go:38
[0m[33m[2.308ms] [34;1m[rows:1][0m INSERT INTO sessions (user_id, user_role, token, refresh_token, device_info, ip_address, expires_at) VALUES (1, 'owner', 'eyJhbGciOiJIUzI1NiIsInR5cCI6IkpXVCJ9.eyJhcHBzIjoiIiwiZXhwIjoxNzg0ODA0NjA5LCJmdWxsX25hbWUiOiJPd25lciIsInJvbGUiOiJvd25lciIsInVzZXJfaWQiOjEsInVzZXJuYW1lIjoib3duZXIifQ.jalLIrLwNKQ3Ueo_cEExcvEndWKioZUhNDknWjbD3AY', 'ed67c8df8460748d22800d33929f8246dcafb055be9df8d95149b23e0947b6a9', '', '::1', '2026-07-30 10:03:29.734') ON DUPLICATE KEY UPDATE user_role=VALUES(user_role), token=VALUES(token), refresh_token=VALUES(refresh_token), device_info=VALUES(device_info), ip_address=VALUES(ip_address), expires_at=VALUES(expires_at), created_at=NOW()
[GIN] 2026/07/23 - 10:03:29 | 200 |     193.985ms |             ::1 | POST     "/api/auth/login"

2026/07/23 10:03:29 [32mD:/Develop/Project_pos_mahenz/BE/repository/log_request_repository.go:32
[0m[33m[2.154ms] [34;1m[rows:1][0m INSERT INTO log_requests (id, method, endpoint, status_code, request_body, response_body, user_id, duration_ms, ip_address, error_message, created_at) VALUES ('227ffbd1-98f0-4e1d-85da-1826ce19aab9', 'POST', '/api/auth/login', 200, '{"username":"owner","password":"owner123"}', '{"code":"00","status":true,"message":"Login berhasil","data":{"token":"eyJhbGciOiJIUzI1NiIsInR5cCI6IkpXVCJ9.eyJhcHBzIjoiIiwiZXhwIjoxNzg0ODA0NjA5LCJmdWxsX25hbWUiOiJPd25lciIsInJvbGUiOiJvd25lciIsInVzZXJfaWQiOjEsInVzZXJuYW1lIjoib3duZXIifQ.jalLIrLwNKQ3Ueo_cEExcvEndWKioZUhNDknWjbD3AY","refresh_token":"ed67c8df8460748d22800d33929f8246dcafb055be9df8d95149b23e0947b6a9","expires_at":"2026-07-30T10:03:29.734514+07:00","user":{"id":1,"username":"owner","full_name":"Owner","role_id":1,"role_name":"owner"}}}', NULL, 193, '::1', NULL, '2026-07-23 10:03:29.742')

2026/07/23 10:03:29 [32mD:/Develop/Project_pos_mahenz/BE/domain/auth/repo/auth_repo.go:46
[0m[33m[1.044ms] [34;1m[rows:1][0m SELECT id, user_id, user_role, token, device_info, expires_at FROM sessions WHERE token = 'eyJhbGciOiJIUzI1NiIsInR5cCI6IkpXVCJ9.eyJhcHBzIjoiIiwiZXhwIjoxNzg0ODA0NjA5LCJmdWxsX25hbWUiOiJPd25lciIsInJvbGUiOiJvd25lciIsInVzZXJfaWQiOjEsInVzZXJuYW1lIjoib3duZXIifQ.jalLIrLwNKQ3Ueo_cEExcvEndWKioZUhNDknWjbD3AY' LIMIT 1

2026/07/23 10:03:29 [32mD:/Develop/Project_pos_mahenz/BE/domain/product_category/repo/product_category_repo.go:79
[0m[33m[1.025ms] [34;1m[rows:1][0m SELECT c.id, c.name, COALESCE(c.code, '') as code, c.description, COALESCE(c.is_active, 1) as is_active, (SELECT COUNT(*) FROM products p WHERE p.category_id = c.id) AS product_count, (SELECT COUNT(*) FROM products p WHERE p.category_id = c.id AND p.is_active = 1) AS active_product_count, c.created_at FROM categories c WHERE c.id = 1 LIMIT 1

2026/07/23 10:03:29 [32mD:/Develop/Project_pos_mahenz/BE/domain/product_unit/repo/unit_repo.go:81
[0m[33m[0.000ms] [34;1m[rows:1][0m SELECT id, name, abbreviation, is_active, created_at FROM units WHERE id = 1 LIMIT 1

2026/07/23 10:03:29 [32mD:/Develop/Project_pos_mahenz/BE/domain/product/repo/product_generate_repo.go:12
[0m[33m[0.000ms] [34;1m[rows:0][0m SELECT id FROM products WHERE barcode = '6666666666666' AND id != 0 LIMIT 1

2026/07/23 10:03:29 [32mD:/Develop/Project_pos_mahenz/BE/domain/product/repo/product_generate_repo.go:21
[0m[33m[0.000ms] [34;1m[rows:0][0m SELECT id FROM products WHERE sku = 'MIN-SPF1' AND id != 0 LIMIT 1

2026/07/23 10:03:29 [32mD:/Develop/Project_pos_mahenz/BE/domain/product/repo/product_generate_repo.go:30
[0m[33m[0.000ms] [34;1m[rows:0][0m SELECT id FROM products WHERE LOWER(TRIM(name)) = LOWER(TRIM('Owner Spoof Role Test')) AND id != 0 LIMIT 1

2026/07/23 10:03:29 [32mD:/Develop/Project_pos_mahenz/BE/domain/product/repo/product_repo.go:212
[0m[33m[0.543ms] [34;1m[rows:1][0m INSERT INTO products (barcode, sku, name, category_id, purchase_price, selling_price, stock, min_stock, unit_id) VALUES ('6666666666666', 'MIN-SPF1', 'Owner Spoof Role Test', 1, 0, 1000, 0, 0, 1)

2026/07/23 10:03:29 [32mD:/Develop/Project_pos_mahenz/BE/domain/product/repo/product_repo.go:219
[0m[33m[0.000ms] [34;1m[rows:1][0m SELECT LAST_INSERT_ID()

2026/07/23 10:03:29 [32mD:/Develop/Project_pos_mahenz/BE/domain/product/repo/product_repo.go:223
[0m[33m[0.646ms] [34;1m[rows:1][0m INSERT INTO product_packages (product_id, unit_id, purchase_price, selling_price, is_default) VALUES (6, 1, 0, 1000, 1)

2026/07/23 10:03:29 [32mD:/Develop/Project_pos_mahenz/BE/domain/product/repo/product_repo.go:227
[0m[33m[0.000ms] [34;1m[rows:1][0m SELECT LAST_INSERT_ID()

2026/07/23 10:03:29 [32mD:/Develop/Project_pos_mahenz/BE/domain/product/repo/product_repo.go:136
[0m[33m[1.068ms] [34;1m[rows:1][0m 
		SELECT p.id, p.barcode, COALESCE(p.sku, '') as sku, p.name, p.category_id, COALESCE(c.name, '') as category_name,
		       p.purchase_price, p.selling_price, p.stock, p.reserved_qty, p.min_stock,
		       COALESCE(p.unit_id, 0) as unit_id, COALESCE(u.name, '') as unit_name, COALESCE(u.abbreviation, '') as unit_abbreviation,
		       p.is_active, p.created_at, p.updated_at,
		       (SELECT COUNT(*) FROM product_packages pp WHERE pp.product_id = p.id AND pp.is_default = 0) AS extra_packages,
		       (SELECT COUNT(*) FROM product_prices pr WHERE pr.product_id = p.id) AS price_tiers_count
		FROM products p
		LEFT JOIN categories c ON p.category_id = c.id
		LEFT JOIN units u ON u.id = p.unit_id
		WHERE p.id = 6 LIMIT 1
[GIN] 2026/07/23 - 10:03:29 | 201 |      6.7166ms |             ::1 | POST     "/api/products/create"

2026/07/23 10:03:29 [32mD:/Develop/Project_pos_mahenz/BE/repository/log_request_repository.go:32
[0m[33m[1.703ms] [34;1m[rows:1][0m INSERT INTO log_requests (id, method, endpoint, status_code, request_body, response_body, user_id, duration_ms, ip_address, error_message, created_at) VALUES ('7072c35c-488b-4de9-9627-92a56f10f603', 'POST', '/api/products/create', 201, '{"name":"Owner Spoof Role Test","sku":"MIN-SPF1","barcode":"6666666666666","category_id":1,"unit_id":1,"selling_price":1000,"stock":500,"role":"admin"}', '{"code":"00","status":true,"message":"Produk berhasil dibuat","data":{"id":6,"barcode":"6666666666666","sku":"MIN-SPF1","name":"Owner Spoof Role Test","category_id":1,"category_name":"Minuman","purchase_price":0,"selling_price":1000,"stock":0,"reserved_qty":0,"min_stock":0,"unit_id":1,"unit_name":"Pcs","unit_abbreviation":"pcs","is_active":true,"extra_packages":0,"price_tiers_count":0}}', 1, 6, '::1', NULL, '2026-07-23 10:03:29.897')
[GIN] 2026/07/23 - 10:04:55 | 200 |            0s |             ::1 | GET      "/api/health"

2026/07/23 10:04:55 [32mD:/Develop/Project_pos_mahenz/BE/repository/log_request_repository.go:32
[0m[33m[18.887ms] [34;1m[rows:1][0m INSERT INTO log_requests (id, method, endpoint, status_code, request_body, response_body, user_id, duration_ms, ip_address, error_message, created_at) VALUES ('abddf6e7-23d9-4ff9-b42d-f2c700568e15', 'GET', '/api/health', 200, '', '{"code":"00","data":null,"message":"OK","status":true}', NULL, 0, '::1', NULL, '2026-07-23 10:04:55.566')

2026/07/23 10:05:28 [32mD:/Develop/Project_pos_mahenz/BE/domain/auth/repo/auth_repo.go:17
[0m[33m[0.810ms] [34;1m[rows:1][0m SELECT u.id, u.username, u.password, u.full_name, u.role_id, r.name AS role_name, u.is_active FROM users u INNER JOIN roles r ON r.id = u.role_id WHERE u.username = 'admin' LIMIT 1

2026/07/23 10:05:29 [32mD:/Develop/Project_pos_mahenz/BE/domain/auth/repo/auth_repo.go:67
[0m[33m[7.755ms] [34;1m[rows:1][0m DELETE FROM sessions WHERE user_id = 2

2026/07/23 10:05:29 [32mD:/Develop/Project_pos_mahenz/BE/domain/auth/repo/auth_repo.go:38
[0m[33m[2.729ms] [34;1m[rows:1][0m INSERT INTO sessions (user_id, user_role, token, refresh_token, device_info, ip_address, expires_at) VALUES (2, 'admin', 'eyJhbGciOiJIUzI1NiIsInR5cCI6IkpXVCJ9.eyJhcHBzIjoiIiwiZXhwIjoxNzg0ODA0NzI5LCJmdWxsX25hbWUiOiJBZG1pbmlzdHJhdG9yIiwicm9sZSI6ImFkbWluIiwidXNlcl9pZCI6MiwidXNlcm5hbWUiOiJhZG1pbiJ9.gESOfu0xjJqmpDqj6tuFCfLZgH4LDG4MOGs-eY9fhuI', '586addf5fead77b2ce6418dce4e44dc0382ca22f0f3e5441f8f9abdd10f0aab4', '', '::1', '2026-07-30 10:05:29.008') ON DUPLICATE KEY UPDATE user_role=VALUES(user_role), token=VALUES(token), refresh_token=VALUES(refresh_token), device_info=VALUES(device_info), ip_address=VALUES(ip_address), expires_at=VALUES(expires_at), created_at=NOW()
[GIN] 2026/07/23 - 10:05:29 | 200 |    282.8308ms |             ::1 | POST     "/api/auth/login"

2026/07/23 10:05:29 [32mD:/Develop/Project_pos_mahenz/BE/repository/log_request_repository.go:32
[0m[33m[3.659ms] [34;1m[rows:1][0m INSERT INTO log_requests (id, method, endpoint, status_code, request_body, response_body, user_id, duration_ms, ip_address, error_message, created_at) VALUES ('3c3a006a-75ed-4d05-b1ff-42cc89b2146c', 'POST', '/api/auth/login', 200, '{"username":"admin","password":"admin123"}', '{"code":"00","status":true,"message":"Login berhasil","data":{"token":"eyJhbGciOiJIUzI1NiIsInR5cCI6IkpXVCJ9.eyJhcHBzIjoiIiwiZXhwIjoxNzg0ODA0NzI5LCJmdWxsX25hbWUiOiJBZG1pbmlzdHJhdG9yIiwicm9sZSI6ImFkbWluIiwidXNlcl9pZCI6MiwidXNlcm5hbWUiOiJhZG1pbiJ9.gESOfu0xjJqmpDqj6tuFCfLZgH4LDG4MOGs-eY9fhuI","refresh_token":"586addf5fead77b2ce6418dce4e44dc0382ca22f0f3e5441f8f9abdd10f0aab4","expires_at":"2026-07-30T10:05:29.0087867+07:00","user":{"id":2,"username":"admin","full_name":"Administrator","role_id":2,"role_name":"admin"}}}', NULL, 282, '::1', NULL, '2026-07-23 10:05:29.021')

2026/07/23 10:05:29 [32mD:/Develop/Project_pos_mahenz/BE/domain/auth/repo/auth_repo.go:46
[0m[33m[0.544ms] [34;1m[rows:1][0m SELECT id, user_id, user_role, token, device_info, expires_at FROM sessions WHERE token = 'eyJhbGciOiJIUzI1NiIsInR5cCI6IkpXVCJ9.eyJhcHBzIjoiIiwiZXhwIjoxNzg0ODA0NzI5LCJmdWxsX25hbWUiOiJBZG1pbmlzdHJhdG9yIiwicm9sZSI6ImFkbWluIiwidXNlcl9pZCI6MiwidXNlcm5hbWUiOiJhZG1pbiJ9.gESOfu0xjJqmpDqj6tuFCfLZgH4LDG4MOGs-eY9fhuI' LIMIT 1
[GIN] 2026/07/23 - 10:05:29 | 200 |       1.485ms |             ::1 | POST     "/api/products/generate-barcode"

2026/07/23 10:05:29 [32mD:/Develop/Project_pos_mahenz/BE/repository/log_request_repository.go:32
[0m[33m[1.817ms] [34;1m[rows:1][0m INSERT INTO log_requests (id, method, endpoint, status_code, request_body, response_body, user_id, duration_ms, ip_address, error_message, created_at) VALUES ('3e733c62-e71d-4e5e-be66-a8f581719bfa', 'POST', '/api/products/generate-barcode', 200, '{}', '{"code":"00","status":true,"message":"Barcode berhasil digenerate","data":{"barcode":"8995251118098"}}', 2, 1, '::1', NULL, '2026-07-23 10:05:29.199')

2026/07/23 10:05:29 [32mD:/Develop/Project_pos_mahenz/BE/domain/auth/repo/auth_repo.go:46
[0m[33m[0.505ms] [34;1m[rows:1][0m SELECT id, user_id, user_role, token, device_info, expires_at FROM sessions WHERE token = 'eyJhbGciOiJIUzI1NiIsInR5cCI6IkpXVCJ9.eyJhcHBzIjoiIiwiZXhwIjoxNzg0ODA0NzI5LCJmdWxsX25hbWUiOiJBZG1pbmlzdHJhdG9yIiwicm9sZSI6ImFkbWluIiwidXNlcl9pZCI6MiwidXNlcm5hbWUiOiJhZG1pbiJ9.gESOfu0xjJqmpDqj6tuFCfLZgH4LDG4MOGs-eY9fhuI' LIMIT 1
[GIN] 2026/07/23 - 10:05:29 | 200 |      1.0353ms |             ::1 | POST     "/api/products/generate-barcode"

2026/07/23 10:05:29 [32mD:/Develop/Project_pos_mahenz/BE/repository/log_request_repository.go:32
[0m[33m[2.471ms] [34;1m[rows:1][0m INSERT INTO log_requests (id, method, endpoint, status_code, request_body, response_body, user_id, duration_ms, ip_address, error_message, created_at) VALUES ('678e266f-286d-4c02-9a4d-f0d870fca508', 'POST', '/api/products/generate-barcode', 200, '{}', '{"code":"00","status":true,"message":"Barcode berhasil digenerate","data":{"barcode":"8998657365547"}}', 2, 1, '::1', NULL, '2026-07-23 10:05:29.288')

2026/07/23 10:05:29 [32mD:/Develop/Project_pos_mahenz/BE/domain/auth/repo/auth_repo.go:46
[0m[33m[0.506ms] [34;1m[rows:1][0m SELECT id, user_id, user_role, token, device_info, expires_at FROM sessions WHERE token = 'eyJhbGciOiJIUzI1NiIsInR5cCI6IkpXVCJ9.eyJhcHBzIjoiIiwiZXhwIjoxNzg0ODA0NzI5LCJmdWxsX25hbWUiOiJBZG1pbmlzdHJhdG9yIiwicm9sZSI6ImFkbWluIiwidXNlcl9pZCI6MiwidXNlcm5hbWUiOiJhZG1pbiJ9.gESOfu0xjJqmpDqj6tuFCfLZgH4LDG4MOGs-eY9fhuI' LIMIT 1

2026/07/23 10:05:29 [32mD:/Develop/Project_pos_mahenz/BE/domain/product_category/repo/product_category_repo.go:79
[0m[33m[0.000ms] [34;1m[rows:1][0m SELECT c.id, c.name, COALESCE(c.code, '') as code, c.description, COALESCE(c.is_active, 1) as is_active, (SELECT COUNT(*) FROM products p WHERE p.category_id = c.id) AS product_count, (SELECT COUNT(*) FROM products p WHERE p.category_id = c.id AND p.is_active = 1) AS active_product_count, c.created_at FROM categories c WHERE c.id = 1 LIMIT 1

2026/07/23 10:05:29 [32mD:/Develop/Project_pos_mahenz/BE/domain/product/repo/product_generate_repo.go:39
[0m[33m[0.000ms] [34;1m[rows:1][0m SELECT COUNT(*) FROM products WHERE category_id = 1
[GIN] 2026/07/23 - 10:05:29 | 200 |      1.5666ms |             ::1 | POST     "/api/products/generate-sku"

2026/07/23 10:05:29 [32mD:/Develop/Project_pos_mahenz/BE/repository/log_request_repository.go:32
[0m[33m[2.451ms] [34;1m[rows:1][0m INSERT INTO log_requests (id, method, endpoint, status_code, request_body, response_body, user_id, duration_ms, ip_address, error_message, created_at) VALUES ('774cca67-a1ff-402a-9ec5-7fab40efce44', 'POST', '/api/products/generate-sku', 200, '{"category_id":1}', '{"code":"00","status":true,"message":"SKU berhasil digenerate","data":{"sku":"MIN-0005"}}', 2, 1, '::1', NULL, '2026-07-23 10:05:29.376')

2026/07/23 10:05:29 [32mD:/Develop/Project_pos_mahenz/BE/domain/auth/repo/auth_repo.go:46
[0m[33m[0.505ms] [34;1m[rows:1][0m SELECT id, user_id, user_role, token, device_info, expires_at FROM sessions WHERE token = 'eyJhbGciOiJIUzI1NiIsInR5cCI6IkpXVCJ9.eyJhcHBzIjoiIiwiZXhwIjoxNzg0ODA0NzI5LCJmdWxsX25hbWUiOiJBZG1pbmlzdHJhdG9yIiwicm9sZSI6ImFkbWluIiwidXNlcl9pZCI6MiwidXNlcm5hbWUiOiJhZG1pbiJ9.gESOfu0xjJqmpDqj6tuFCfLZgH4LDG4MOGs-eY9fhuI' LIMIT 1

2026/07/23 10:05:29 [32mD:/Develop/Project_pos_mahenz/BE/domain/product_category/repo/product_category_repo.go:79
[0m[33m[0.511ms] [34;1m[rows:1][0m SELECT c.id, c.name, COALESCE(c.code, '') as code, c.description, COALESCE(c.is_active, 1) as is_active, (SELECT COUNT(*) FROM products p WHERE p.category_id = c.id) AS product_count, (SELECT COUNT(*) FROM products p WHERE p.category_id = c.id AND p.is_active = 1) AS active_product_count, c.created_at FROM categories c WHERE c.id = 1 LIMIT 1

2026/07/23 10:05:29 [32mD:/Develop/Project_pos_mahenz/BE/domain/product/repo/product_generate_repo.go:39
[0m[33m[0.000ms] [34;1m[rows:1][0m SELECT COUNT(*) FROM products WHERE category_id = 1
[GIN] 2026/07/23 - 10:05:29 | 200 |      2.3303ms |             ::1 | POST     "/api/products/generate-sku"

2026/07/23 10:05:29 [32mD:/Develop/Project_pos_mahenz/BE/repository/log_request_repository.go:32
[0m[33m[1.946ms] [34;1m[rows:1][0m INSERT INTO log_requests (id, method, endpoint, status_code, request_body, response_body, user_id, duration_ms, ip_address, error_message, created_at) VALUES ('acd6c7a9-ddd4-4ec3-a66a-df5bd8160715', 'POST', '/api/products/generate-sku', 200, '{"category_id":1}', '{"code":"00","status":true,"message":"SKU berhasil digenerate","data":{"sku":"MIN-0005"}}', 2, 2, '::1', NULL, '2026-07-23 10:05:29.462')

2026/07/23 10:05:29 [32mD:/Develop/Project_pos_mahenz/BE/domain/auth/repo/auth_repo.go:46
[0m[33m[0.505ms] [34;1m[rows:1][0m SELECT id, user_id, user_role, token, device_info, expires_at FROM sessions WHERE token = 'eyJhbGciOiJIUzI1NiIsInR5cCI6IkpXVCJ9.eyJhcHBzIjoiIiwiZXhwIjoxNzg0ODA0NzI5LCJmdWxsX25hbWUiOiJBZG1pbmlzdHJhdG9yIiwicm9sZSI6ImFkbWluIiwidXNlcl9pZCI6MiwidXNlcm5hbWUiOiJhZG1pbiJ9.gESOfu0xjJqmpDqj6tuFCfLZgH4LDG4MOGs-eY9fhuI' LIMIT 1
[GIN] 2026/07/23 - 10:05:29 | 200 |      2.3424ms |             ::1 | POST     "/api/products/generate-barcode"

2026/07/23 10:05:29 [32mD:/Develop/Project_pos_mahenz/BE/repository/log_request_repository.go:32
[0m[33m[1.787ms] [34;1m[rows:1][0m INSERT INTO log_requests (id, method, endpoint, status_code, request_body, response_body, user_id, duration_ms, ip_address, error_message, created_at) VALUES ('ef0483ab-4b45-4d4d-96db-c6ac1f848636', 'POST', '/api/products/generate-barcode', 200, '{}', '{"code":"00","status":true,"message":"Barcode berhasil digenerate","data":{"barcode":"8990200639501"}}', 2, 2, '::1', NULL, '2026-07-23 10:05:29.651')

2026/07/23 10:05:29 [32mD:/Develop/Project_pos_mahenz/BE/domain/auth/repo/auth_repo.go:46
[0m[33m[0.506ms] [34;1m[rows:1][0m SELECT id, user_id, user_role, token, device_info, expires_at FROM sessions WHERE token = 'eyJhbGciOiJIUzI1NiIsInR5cCI6IkpXVCJ9.eyJhcHBzIjoiIiwiZXhwIjoxNzg0ODA0NzI5LCJmdWxsX25hbWUiOiJBZG1pbmlzdHJhdG9yIiwicm9sZSI6ImFkbWluIiwidXNlcl9pZCI6MiwidXNlcm5hbWUiOiJhZG1pbiJ9.gESOfu0xjJqmpDqj6tuFCfLZgH4LDG4MOGs-eY9fhuI' LIMIT 1
[GIN] 2026/07/23 - 10:05:29 | 200 |      1.1682ms |             ::1 | POST     "/api/products/generate-barcode"

2026/07/23 10:05:29 [32mD:/Develop/Project_pos_mahenz/BE/repository/log_request_repository.go:32
[0m[33m[1.482ms] [34;1m[rows:1][0m INSERT INTO log_requests (id, method, endpoint, status_code, request_body, response_body, user_id, duration_ms, ip_address, error_message, created_at) VALUES ('9344d2d2-bdc0-4220-9be2-3a8501d76043', 'POST', '/api/products/generate-barcode', 200, '{}', '{"code":"00","status":true,"message":"Barcode berhasil digenerate","data":{"barcode":"8994122257447"}}', 2, 1, '::1', NULL, '2026-07-23 10:05:29.679')

2026/07/23 10:05:29 [32mD:/Develop/Project_pos_mahenz/BE/domain/auth/repo/auth_repo.go:46
[0m[33m[0.769ms] [34;1m[rows:1][0m SELECT id, user_id, user_role, token, device_info, expires_at FROM sessions WHERE token = 'eyJhbGciOiJIUzI1NiIsInR5cCI6IkpXVCJ9.eyJhcHBzIjoiIiwiZXhwIjoxNzg0ODA0NzI5LCJmdWxsX25hbWUiOiJBZG1pbmlzdHJhdG9yIiwicm9sZSI6ImFkbWluIiwidXNlcl9pZCI6MiwidXNlcm5hbWUiOiJhZG1pbiJ9.gESOfu0xjJqmpDqj6tuFCfLZgH4LDG4MOGs-eY9fhuI' LIMIT 1
[GIN] 2026/07/23 - 10:05:29 | 200 |      1.4198ms |             ::1 | POST     "/api/products/generate-barcode"

2026/07/23 10:05:29 [32mD:/Develop/Project_pos_mahenz/BE/repository/log_request_repository.go:32
[0m[33m[2.246ms] [34;1m[rows:1][0m INSERT INTO log_requests (id, method, endpoint, status_code, request_body, response_body, user_id, duration_ms, ip_address, error_message, created_at) VALUES ('d0d10836-71df-4754-84f3-c51b36085772', 'POST', '/api/products/generate-barcode', 200, '{}', '{"code":"00","status":true,"message":"Barcode berhasil digenerate","data":{"barcode":"8992312277060"}}', 2, 1, '::1', NULL, '2026-07-23 10:05:29.704')

2026/07/23 10:05:29 [32mD:/Develop/Project_pos_mahenz/BE/domain/auth/repo/auth_repo.go:46
[0m[33m[0.000ms] [34;1m[rows:1][0m SELECT id, user_id, user_role, token, device_info, expires_at FROM sessions WHERE token = 'eyJhbGciOiJIUzI1NiIsInR5cCI6IkpXVCJ9.eyJhcHBzIjoiIiwiZXhwIjoxNzg0ODA0NzI5LCJmdWxsX25hbWUiOiJBZG1pbmlzdHJhdG9yIiwicm9sZSI6ImFkbWluIiwidXNlcl9pZCI6MiwidXNlcm5hbWUiOiJhZG1pbiJ9.gESOfu0xjJqmpDqj6tuFCfLZgH4LDG4MOGs-eY9fhuI' LIMIT 1
[GIN] 2026/07/23 - 10:05:29 | 200 |      1.9966ms |             ::1 | POST     "/api/products/generate-barcode"

2026/07/23 10:05:29 [32mD:/Develop/Project_pos_mahenz/BE/repository/log_request_repository.go:32
[0m[33m[2.039ms] [34;1m[rows:1][0m INSERT INTO log_requests (id, method, endpoint, status_code, request_body, response_body, user_id, duration_ms, ip_address, error_message, created_at) VALUES ('027965c8-9087-485d-87e2-56613c985a26', 'POST', '/api/products/generate-barcode', 200, '{}', '{"code":"00","status":true,"message":"Barcode berhasil digenerate","data":{"barcode":"8998143269601"}}', 2, 1, '::1', NULL, '2026-07-23 10:05:29.763')

2026/07/23 10:05:29 [32mD:/Develop/Project_pos_mahenz/BE/domain/auth/repo/auth_repo.go:46
[0m[33m[0.606ms] [34;1m[rows:1][0m SELECT id, user_id, user_role, token, device_info, expires_at FROM sessions WHERE token = 'eyJhbGciOiJIUzI1NiIsInR5cCI6IkpXVCJ9.eyJhcHBzIjoiIiwiZXhwIjoxNzg0ODA0NzI5LCJmdWxsX25hbWUiOiJBZG1pbmlzdHJhdG9yIiwicm9sZSI6ImFkbWluIiwidXNlcl9pZCI6MiwidXNlcm5hbWUiOiJhZG1pbiJ9.gESOfu0xjJqmpDqj6tuFCfLZgH4LDG4MOGs-eY9fhuI' LIMIT 1
[GIN] 2026/07/23 - 10:05:29 | 200 |      1.1915ms |             ::1 | POST     "/api/products/generate-barcode"

2026/07/23 10:05:29 [32mD:/Develop/Project_pos_mahenz/BE/repository/log_request_repository.go:32
[0m[33m[1.851ms] [34;1m[rows:1][0m INSERT INTO log_requests (id, method, endpoint, status_code, request_body, response_body, user_id, duration_ms, ip_address, error_message, created_at) VALUES ('5cba7185-92a1-4f04-bf99-c866bfefb3a8', 'POST', '/api/products/generate-barcode', 200, '{}', '{"code":"00","status":true,"message":"Barcode berhasil digenerate","data":{"barcode":"8998112375289"}}', 2, 1, '::1', NULL, '2026-07-23 10:05:29.789')

2026/07/23 10:05:29 [32mD:/Develop/Project_pos_mahenz/BE/domain/auth/repo/auth_repo.go:46
[0m[33m[0.504ms] [34;1m[rows:1][0m SELECT id, user_id, user_role, token, device_info, expires_at FROM sessions WHERE token = 'eyJhbGciOiJIUzI1NiIsInR5cCI6IkpXVCJ9.eyJhcHBzIjoiIiwiZXhwIjoxNzg0ODA0NzI5LCJmdWxsX25hbWUiOiJBZG1pbmlzdHJhdG9yIiwicm9sZSI6ImFkbWluIiwidXNlcl9pZCI6MiwidXNlcm5hbWUiOiJhZG1pbiJ9.gESOfu0xjJqmpDqj6tuFCfLZgH4LDG4MOGs-eY9fhuI' LIMIT 1

2026/07/23 10:05:29 [32mD:/Develop/Project_pos_mahenz/BE/domain/product_category/repo/product_category_repo.go:79
[0m[33m[0.529ms] [34;1m[rows:1][0m SELECT c.id, c.name, COALESCE(c.code, '') as code, c.description, COALESCE(c.is_active, 1) as is_active, (SELECT COUNT(*) FROM products p WHERE p.category_id = c.id) AS product_count, (SELECT COUNT(*) FROM products p WHERE p.category_id = c.id AND p.is_active = 1) AS active_product_count, c.created_at FROM categories c WHERE c.id = 1 LIMIT 1

2026/07/23 10:05:29 [32mD:/Develop/Project_pos_mahenz/BE/domain/product/repo/product_generate_repo.go:39
[0m[33m[0.000ms] [34;1m[rows:1][0m SELECT COUNT(*) FROM products WHERE category_id = 1
[GIN] 2026/07/23 - 10:05:29 | 200 |      3.1818ms |             ::1 | POST     "/api/products/generate-sku"

2026/07/23 10:05:29 [32mD:/Develop/Project_pos_mahenz/BE/repository/log_request_repository.go:32
[0m[33m[1.917ms] [34;1m[rows:1][0m INSERT INTO log_requests (id, method, endpoint, status_code, request_body, response_body, user_id, duration_ms, ip_address, error_message, created_at) VALUES ('090cf75b-0cbb-4cf6-b97f-03cc9caeccd2', 'POST', '/api/products/generate-sku', 200, '{"category_id":1}', '{"code":"00","status":true,"message":"SKU berhasil digenerate","data":{"sku":"MIN-0005"}}', 2, 3, '::1', NULL, '2026-07-23 10:05:29.882')

2026/07/23 10:05:29 [32mD:/Develop/Project_pos_mahenz/BE/domain/auth/repo/auth_repo.go:46
[0m[33m[0.556ms] [34;1m[rows:1][0m SELECT id, user_id, user_role, token, device_info, expires_at FROM sessions WHERE token = 'eyJhbGciOiJIUzI1NiIsInR5cCI6IkpXVCJ9.eyJhcHBzIjoiIiwiZXhwIjoxNzg0ODA0NzI5LCJmdWxsX25hbWUiOiJBZG1pbmlzdHJhdG9yIiwicm9sZSI6ImFkbWluIiwidXNlcl9pZCI6MiwidXNlcm5hbWUiOiJhZG1pbiJ9.gESOfu0xjJqmpDqj6tuFCfLZgH4LDG4MOGs-eY9fhuI' LIMIT 1

2026/07/23 10:05:29 [32mD:/Develop/Project_pos_mahenz/BE/domain/product_category/repo/product_category_repo.go:79
[0m[33m[0.780ms] [34;1m[rows:1][0m SELECT c.id, c.name, COALESCE(c.code, '') as code, c.description, COALESCE(c.is_active, 1) as is_active, (SELECT COUNT(*) FROM products p WHERE p.category_id = c.id) AS product_count, (SELECT COUNT(*) FROM products p WHERE p.category_id = c.id AND p.is_active = 1) AS active_product_count, c.created_at FROM categories c WHERE c.id = 1 LIMIT 1

2026/07/23 10:05:29 [32mD:/Develop/Project_pos_mahenz/BE/domain/product/repo/product_generate_repo.go:39
[0m[33m[0.576ms] [34;1m[rows:1][0m SELECT COUNT(*) FROM products WHERE category_id = 1
[GIN] 2026/07/23 - 10:05:29 | 200 |      3.5258ms |             ::1 | POST     "/api/products/generate-sku"

2026/07/23 10:05:29 [32mD:/Develop/Project_pos_mahenz/BE/repository/log_request_repository.go:32
[0m[33m[3.404ms] [34;1m[rows:1][0m INSERT INTO log_requests (id, method, endpoint, status_code, request_body, response_body, user_id, duration_ms, ip_address, error_message, created_at) VALUES ('b404dff6-7ecc-403b-a28c-97e0c8150a9e', 'POST', '/api/products/generate-sku', 200, '{"category_id":1}', '{"code":"00","status":true,"message":"SKU berhasil digenerate","data":{"sku":"MIN-0005"}}', 2, 3, '::1', NULL, '2026-07-23 10:05:29.968')

2026/07/23 10:05:30 [32mD:/Develop/Project_pos_mahenz/BE/domain/auth/repo/auth_repo.go:46
[0m[33m[1.221ms] [34;1m[rows:1][0m SELECT id, user_id, user_role, token, device_info, expires_at FROM sessions WHERE token = 'eyJhbGciOiJIUzI1NiIsInR5cCI6IkpXVCJ9.eyJhcHBzIjoiIiwiZXhwIjoxNzg0ODA0NzI5LCJmdWxsX25hbWUiOiJBZG1pbmlzdHJhdG9yIiwicm9sZSI6ImFkbWluIiwidXNlcl9pZCI6MiwidXNlcm5hbWUiOiJhZG1pbiJ9.gESOfu0xjJqmpDqj6tuFCfLZgH4LDG4MOGs-eY9fhuI' LIMIT 1

2026/07/23 10:05:30 [32mD:/Develop/Project_pos_mahenz/BE/domain/product_category/repo/product_category_repo.go:79
[0m[33m[0.523ms] [34;1m[rows:1][0m SELECT c.id, c.name, COALESCE(c.code, '') as code, c.description, COALESCE(c.is_active, 1) as is_active, (SELECT COUNT(*) FROM products p WHERE p.category_id = c.id) AS product_count, (SELECT COUNT(*) FROM products p WHERE p.category_id = c.id AND p.is_active = 1) AS active_product_count, c.created_at FROM categories c WHERE c.id = 1 LIMIT 1

2026/07/23 10:05:30 [32mD:/Develop/Project_pos_mahenz/BE/domain/product/repo/product_generate_repo.go:39
[0m[33m[0.507ms] [34;1m[rows:1][0m SELECT COUNT(*) FROM products WHERE category_id = 1
[GIN] 2026/07/23 - 10:05:30 | 200 |      3.7837ms |             ::1 | POST     "/api/products/generate-sku"

2026/07/23 10:05:30 [32mD:/Develop/Project_pos_mahenz/BE/repository/log_request_repository.go:32
[0m[33m[2.160ms] [34;1m[rows:1][0m INSERT INTO log_requests (id, method, endpoint, status_code, request_body, response_body, user_id, duration_ms, ip_address, error_message, created_at) VALUES ('d271aa39-3157-4f3b-821c-7ff7d294bbf7', 'POST', '/api/products/generate-sku', 200, '{"category_id":1}', '{"code":"00","status":true,"message":"SKU berhasil digenerate","data":{"sku":"MIN-0005"}}', 2, 3, '::1', NULL, '2026-07-23 10:05:30.012')

2026/07/23 10:05:30 [32mD:/Develop/Project_pos_mahenz/BE/domain/auth/repo/auth_repo.go:46
[0m[33m[1.208ms] [34;1m[rows:1][0m SELECT id, user_id, user_role, token, device_info, expires_at FROM sessions WHERE token = 'eyJhbGciOiJIUzI1NiIsInR5cCI6IkpXVCJ9.eyJhcHBzIjoiIiwiZXhwIjoxNzg0ODA0NzI5LCJmdWxsX25hbWUiOiJBZG1pbmlzdHJhdG9yIiwicm9sZSI6ImFkbWluIiwidXNlcl9pZCI6MiwidXNlcm5hbWUiOiJhZG1pbiJ9.gESOfu0xjJqmpDqj6tuFCfLZgH4LDG4MOGs-eY9fhuI' LIMIT 1

2026/07/23 10:05:30 [32mD:/Develop/Project_pos_mahenz/BE/domain/product_category/repo/product_category_repo.go:79
[0m[33m[2.287ms] [34;1m[rows:1][0m SELECT c.id, c.name, COALESCE(c.code, '') as code, c.description, COALESCE(c.is_active, 1) as is_active, (SELECT COUNT(*) FROM products p WHERE p.category_id = c.id) AS product_count, (SELECT COUNT(*) FROM products p WHERE p.category_id = c.id AND p.is_active = 1) AS active_product_count, c.created_at FROM categories c WHERE c.id = 1 LIMIT 1

2026/07/23 10:05:30 [32mD:/Develop/Project_pos_mahenz/BE/domain/product/repo/product_generate_repo.go:39
[0m[33m[3.040ms] [34;1m[rows:1][0m SELECT COUNT(*) FROM products WHERE category_id = 1
[GIN] 2026/07/23 - 10:05:30 | 200 |      6.5345ms |             ::1 | POST     "/api/products/generate-sku"

2026/07/23 10:05:30 [32mD:/Develop/Project_pos_mahenz/BE/repository/log_request_repository.go:32
[0m[33m[2.304ms] [34;1m[rows:1][0m INSERT INTO log_requests (id, method, endpoint, status_code, request_body, response_body, user_id, duration_ms, ip_address, error_message, created_at) VALUES ('868ae099-deba-40fb-83ba-2895d022cd0a', 'POST', '/api/products/generate-sku', 200, '{"category_id":1}', '{"code":"00","status":true,"message":"SKU berhasil digenerate","data":{"sku":"MIN-0005"}}', 2, 6, '::1', NULL, '2026-07-23 10:05:30.046')

2026/07/23 10:05:30 [32mD:/Develop/Project_pos_mahenz/BE/domain/auth/repo/auth_repo.go:46
[0m[33m[0.506ms] [34;1m[rows:1][0m SELECT id, user_id, user_role, token, device_info, expires_at FROM sessions WHERE token = 'eyJhbGciOiJIUzI1NiIsInR5cCI6IkpXVCJ9.eyJhcHBzIjoiIiwiZXhwIjoxNzg0ODA0NzI5LCJmdWxsX25hbWUiOiJBZG1pbmlzdHJhdG9yIiwicm9sZSI6ImFkbWluIiwidXNlcl9pZCI6MiwidXNlcm5hbWUiOiJhZG1pbiJ9.gESOfu0xjJqmpDqj6tuFCfLZgH4LDG4MOGs-eY9fhuI' LIMIT 1

2026/07/23 10:05:30 [32mD:/Develop/Project_pos_mahenz/BE/domain/product_category/repo/product_category_repo.go:79
[0m[33m[0.599ms] [34;1m[rows:1][0m SELECT c.id, c.name, COALESCE(c.code, '') as code, c.description, COALESCE(c.is_active, 1) as is_active, (SELECT COUNT(*) FROM products p WHERE p.category_id = c.id) AS product_count, (SELECT COUNT(*) FROM products p WHERE p.category_id = c.id AND p.is_active = 1) AS active_product_count, c.created_at FROM categories c WHERE c.id = 1 LIMIT 1

2026/07/23 10:05:30 [32mD:/Develop/Project_pos_mahenz/BE/domain/product/repo/product_generate_repo.go:39
[0m[33m[0.000ms] [34;1m[rows:1][0m SELECT COUNT(*) FROM products WHERE category_id = 1
[GIN] 2026/07/23 - 10:05:30 | 200 |       1.636ms |             ::1 | POST     "/api/products/generate-sku"

2026/07/23 10:05:30 [32mD:/Develop/Project_pos_mahenz/BE/repository/log_request_repository.go:32
[0m[33m[2.293ms] [34;1m[rows:1][0m INSERT INTO log_requests (id, method, endpoint, status_code, request_body, response_body, user_id, duration_ms, ip_address, error_message, created_at) VALUES ('83f4a425-60bc-4a51-88eb-1148bc01b93a', 'POST', '/api/products/generate-sku', 200, '{"category_id":1}', '{"code":"00","status":true,"message":"SKU berhasil digenerate","data":{"sku":"MIN-0005"}}', 2, 1, '::1', NULL, '2026-07-23 10:05:30.079')

2026/07/23 10:05:54 [32mD:/Develop/Project_pos_mahenz/BE/domain/auth/repo/auth_repo.go:17
[0m[33m[0.590ms] [34;1m[rows:1][0m SELECT u.id, u.username, u.password, u.full_name, u.role_id, r.name AS role_name, u.is_active FROM users u INNER JOIN roles r ON r.id = u.role_id WHERE u.username = 'owner' LIMIT 1

2026/07/23 10:05:54 [32mD:/Develop/Project_pos_mahenz/BE/domain/auth/repo/auth_repo.go:67
[0m[33m[5.326ms] [34;1m[rows:1][0m DELETE FROM sessions WHERE user_id = 1

2026/07/23 10:05:54 [32mD:/Develop/Project_pos_mahenz/BE/domain/auth/repo/auth_repo.go:38
[0m[33m[2.401ms] [34;1m[rows:1][0m INSERT INTO sessions (user_id, user_role, token, refresh_token, device_info, ip_address, expires_at) VALUES (1, 'owner', 'eyJhbGciOiJIUzI1NiIsInR5cCI6IkpXVCJ9.eyJhcHBzIjoiIiwiZXhwIjoxNzg0ODA0NzU0LCJmdWxsX25hbWUiOiJPd25lciIsInJvbGUiOiJvd25lciIsInVzZXJfaWQiOjEsInVzZXJuYW1lIjoib3duZXIifQ.FM0rlsARcAE028iKmK1M2G5wkNO2DCjxXTRCu3FyBAs', '5ed1f60317a470f14c75f7bc0e43c619c4e033781aad3e80336b0b0f20b90504', '', '::1', '2026-07-30 10:05:54.648') ON DUPLICATE KEY UPDATE user_role=VALUES(user_role), token=VALUES(token), refresh_token=VALUES(refresh_token), device_info=VALUES(device_info), ip_address=VALUES(ip_address), expires_at=VALUES(expires_at), created_at=NOW()
[GIN] 2026/07/23 - 10:05:54 | 200 |    227.5128ms |             ::1 | POST     "/api/auth/login"

2026/07/23 10:05:54 [32mD:/Develop/Project_pos_mahenz/BE/repository/log_request_repository.go:32
[0m[33m[2.343ms] [34;1m[rows:1][0m INSERT INTO log_requests (id, method, endpoint, status_code, request_body, response_body, user_id, duration_ms, ip_address, error_message, created_at) VALUES ('175a156e-f731-44b8-ade4-4c147a233b02', 'POST', '/api/auth/login', 200, '{"username":"owner","password":"owner123"}', '{"code":"00","status":true,"message":"Login berhasil","data":{"token":"eyJhbGciOiJIUzI1NiIsInR5cCI6IkpXVCJ9.eyJhcHBzIjoiIiwiZXhwIjoxNzg0ODA0NzU0LCJmdWxsX25hbWUiOiJPd25lciIsInJvbGUiOiJvd25lciIsInVzZXJfaWQiOjEsInVzZXJuYW1lIjoib3duZXIifQ.FM0rlsARcAE028iKmK1M2G5wkNO2DCjxXTRCu3FyBAs","refresh_token":"5ed1f60317a470f14c75f7bc0e43c619c4e033781aad3e80336b0b0f20b90504","expires_at":"2026-07-30T10:05:54.6488275+07:00","user":{"id":1,"username":"owner","full_name":"Owner","role_id":1,"role_name":"owner"}}}', NULL, 227, '::1', NULL, '2026-07-23 10:05:54.656')

2026/07/23 10:05:54 [32mD:/Develop/Project_pos_mahenz/BE/domain/auth/repo/auth_repo.go:46
[0m[33m[0.540ms] [34;1m[rows:1][0m SELECT id, user_id, user_role, token, device_info, expires_at FROM sessions WHERE token = 'eyJhbGciOiJIUzI1NiIsInR5cCI6IkpXVCJ9.eyJhcHBzIjoiIiwiZXhwIjoxNzg0ODA0NzU0LCJmdWxsX25hbWUiOiJPd25lciIsInJvbGUiOiJvd25lciIsInVzZXJfaWQiOjEsInVzZXJuYW1lIjoib3duZXIifQ.FM0rlsARcAE028iKmK1M2G5wkNO2DCjxXTRCu3FyBAs' LIMIT 1

2026/07/23 10:05:54 [32mD:/Develop/Project_pos_mahenz/BE/domain/product/repo/product_repo.go:100
[0m[33m[0.694ms] [34;1m[rows:1][0m SELECT COUNT(*) FROM products p WHERE 1=1 AND p.category_id = 1

2026/07/23 10:05:54 [32mD:/Develop/Project_pos_mahenz/BE/domain/product/repo/product_repo.go:119
[0m[33m[0.549ms] [34;1m[rows:4][0m 
		SELECT p.id, p.barcode, COALESCE(p.sku, '') as sku, p.name, p.category_id, COALESCE(c.name, '') as category_name,
		       p.purchase_price, p.selling_price, p.stock, p.reserved_qty, p.min_stock,
		       COALESCE(p.unit_id, 0) as unit_id, COALESCE(u.name, '') as unit_name, COALESCE(u.abbreviation, '') as unit_abbreviation,
		       p.is_active,
		       (SELECT COUNT(*) FROM product_packages pp WHERE pp.product_id = p.id AND pp.is_default = 0) AS extra_packages,
		       (SELECT COUNT(*) FROM product_prices pr WHERE pr.product_id = p.id) AS price_tiers_count
		FROM products p
		LEFT JOIN categories c ON p.category_id = c.id
		LEFT JOIN units u ON u.id = p.unit_id
		WHERE 1=1 AND p.category_id = 1 ORDER BY p.name ASC LIMIT 50 OFFSET 0
[GIN] 2026/07/23 - 10:05:54 | 200 |      1.7829ms |             ::1 | POST     "/api/products/list"

2026/07/23 10:05:54 [32mD:/Develop/Project_pos_mahenz/BE/repository/log_request_repository.go:32
[0m[33m[2.211ms] [34;1m[rows:1][0m INSERT INTO log_requests (id, method, endpoint, status_code, request_body, response_body, user_id, duration_ms, ip_address, error_message, created_at) VALUES ('a2e32f46-28d0-4c9b-9971-b7cc10a7a26e', 'POST', '/api/products/list', 200, '{"page":1,"limit":50,"category_id":1}', '{"code":"00","status":true,"message":"Daftar produk","data":[{"id":5,"barcode":"5555555555555","sku":"MIN-BYP1","name":"Owner Bypass Stock Test","category_id":1,"category_name":"Minuman","purchase_price":0,"selling_price":1000,"stock":0,"reserved_qty":0,"min_stock":0,"unit_id":1,"unit_name":"Pcs","unit_abbreviation":"pcs","is_active":true,"extra_packages":0,"price_tiers_count":0},{"id":6,"barcode":"6666666666666","sku":"MIN-SPF1","name":"Owner Spoof Role Test","category_id":1,"category_name":"Minuman","purchase_price":0,"selling_price":1000,"stock":0,"reserved_qty":0,"min_stock":0,"unit_id":1,"unit_name":"Pcs","unit_abbreviation":"pcs","is_active":true,"extra_packages":0,"price_tiers_count":0},{"id":4,"barcode":"4444444444444","sku":"MIN-5555","name":"Sanity Check Product","category_id":1,"category_name":"Minuman","purchase_price":0,"selling_price":1000,"stock":0,"reserved_qty":0,"min_stock":0,"unit_id":1,"unit_name":"Pcs","unit_abbreviation":"pcs","is_active":true,"extra_packages":0,"price_tiers_count":0},{"id":1,"barcode":"8990874779046","sku":"MIN-0001","name":"Teh Botol Sosro 350ml (Edited)","category_id":1,"category_name":"Minuman","purchase_price":3500,"selling_price":5800,"stock":50,"reserved_qty":0,"min_stock":10,"unit_id":1,"unit_name":"Pcs","unit_abbreviation":"pcs","is_active":true,"extra_packages":0,"price_tiers_count":0}],"pagination":{"page":1,"per_page":50,"total":4,"total_pages":1}}', 1, 1, '::1', NULL, '2026-07-23 10:05:54.78')

2026/07/23 10:06:05 [32mD:/Develop/Project_pos_mahenz/BE/domain/auth/repo/auth_repo.go:17
[0m[33m[0.506ms] [34;1m[rows:1][0m SELECT u.id, u.username, u.password, u.full_name, u.role_id, r.name AS role_name, u.is_active FROM users u INNER JOIN roles r ON r.id = u.role_id WHERE u.username = 'owner' LIMIT 1

2026/07/23 10:06:05 [32mD:/Develop/Project_pos_mahenz/BE/domain/auth/repo/auth_repo.go:67
[0m[33m[0.000ms] [34;1m[rows:1][0m DELETE FROM sessions WHERE user_id = 1

2026/07/23 10:06:05 [32mD:/Develop/Project_pos_mahenz/BE/domain/auth/repo/auth_repo.go:38
[0m[33m[0.000ms] [34;1m[rows:1][0m INSERT INTO sessions (user_id, user_role, token, refresh_token, device_info, ip_address, expires_at) VALUES (1, 'owner', 'eyJhbGciOiJIUzI1NiIsInR5cCI6IkpXVCJ9.eyJhcHBzIjoiIiwiZXhwIjoxNzg0ODA0NzY1LCJmdWxsX25hbWUiOiJPd25lciIsInJvbGUiOiJvd25lciIsInVzZXJfaWQiOjEsInVzZXJuYW1lIjoib3duZXIifQ.l0Bw8S9nOxu3gGHmoiIEug1lQwUkwz0ZSCJanNbA9uc', '0261445c5711c11d1d7282d29ee938ccd0affbdbe261d764428cbadb5f5ed691', '', '::1', '2026-07-30 10:06:05.931') ON DUPLICATE KEY UPDATE user_role=VALUES(user_role), token=VALUES(token), refresh_token=VALUES(refresh_token), device_info=VALUES(device_info), ip_address=VALUES(ip_address), expires_at=VALUES(expires_at), created_at=NOW()
[GIN] 2026/07/23 - 10:06:05 | 200 |    142.4499ms |             ::1 | POST     "/api/auth/login"

2026/07/23 10:06:05 [32mD:/Develop/Project_pos_mahenz/BE/repository/log_request_repository.go:32
[0m[33m[0.000ms] [34;1m[rows:1][0m INSERT INTO log_requests (id, method, endpoint, status_code, request_body, response_body, user_id, duration_ms, ip_address, error_message, created_at) VALUES ('67dbd96c-809e-409d-af86-58b2bb77b95a', 'POST', '/api/auth/login', 200, '{"username":"owner","password":"owner123"}', '{"code":"00","status":true,"message":"Login berhasil","data":{"token":"eyJhbGciOiJIUzI1NiIsInR5cCI6IkpXVCJ9.eyJhcHBzIjoiIiwiZXhwIjoxNzg0ODA0NzY1LCJmdWxsX25hbWUiOiJPd25lciIsInJvbGUiOiJvd25lciIsInVzZXJfaWQiOjEsInVzZXJuYW1lIjoib3duZXIifQ.l0Bw8S9nOxu3gGHmoiIEug1lQwUkwz0ZSCJanNbA9uc","refresh_token":"0261445c5711c11d1d7282d29ee938ccd0affbdbe261d764428cbadb5f5ed691","expires_at":"2026-07-30T10:06:05.9312665+07:00","user":{"id":1,"username":"owner","full_name":"Owner","role_id":1,"role_name":"owner"}}}', NULL, 142, '::1', NULL, '2026-07-23 10:06:05.931')

2026/07/23 10:06:06 [32mD:/Develop/Project_pos_mahenz/BE/domain/auth/repo/auth_repo.go:46
[0m[33m[0.544ms] [34;1m[rows:1][0m SELECT id, user_id, user_role, token, device_info, expires_at FROM sessions WHERE token = 'eyJhbGciOiJIUzI1NiIsInR5cCI6IkpXVCJ9.eyJhcHBzIjoiIiwiZXhwIjoxNzg0ODA0NzY1LCJmdWxsX25hbWUiOiJPd25lciIsInJvbGUiOiJvd25lciIsInVzZXJfaWQiOjEsInVzZXJuYW1lIjoib3duZXIifQ.l0Bw8S9nOxu3gGHmoiIEug1lQwUkwz0ZSCJanNbA9uc' LIMIT 1

2026/07/23 10:06:06 [32mD:/Develop/Project_pos_mahenz/BE/domain/product_category/repo/product_category_repo.go:79
[0m[33m[0.000ms] [34;1m[rows:1][0m SELECT c.id, c.name, COALESCE(c.code, '') as code, c.description, COALESCE(c.is_active, 1) as is_active, (SELECT COUNT(*) FROM products p WHERE p.category_id = c.id) AS product_count, (SELECT COUNT(*) FROM products p WHERE p.category_id = c.id AND p.is_active = 1) AS active_product_count, c.created_at FROM categories c WHERE c.id = 1 LIMIT 1

2026/07/23 10:06:06 [32mD:/Develop/Project_pos_mahenz/BE/domain/product_unit/repo/unit_repo.go:81
[0m[33m[0.000ms] [34;1m[rows:1][0m SELECT id, name, abbreviation, is_active, created_at FROM units WHERE id = 1 LIMIT 1

2026/07/23 10:06:06 [32mD:/Develop/Project_pos_mahenz/BE/domain/product/repo/product_generate_repo.go:12
[0m[33m[0.539ms] [34;1m[rows:0][0m SELECT id FROM products WHERE barcode = '7777777777777' AND id != 0 LIMIT 1

2026/07/23 10:06:06 [32mD:/Develop/Project_pos_mahenz/BE/domain/product/repo/product_generate_repo.go:21
[0m[33m[0.000ms] [34;1m[rows:0][0m SELECT id FROM products WHERE sku = 'MIN-0005' AND id != 0 LIMIT 1

2026/07/23 10:06:06 [32mD:/Develop/Project_pos_mahenz/BE/domain/product/repo/product_generate_repo.go:30
[0m[33m[0.000ms] [34;1m[rows:0][0m SELECT id FROM products WHERE LOWER(TRIM(name)) = LOWER(TRIM('Manual SKU Jump Test')) AND id != 0 LIMIT 1

2026/07/23 10:06:06 [32mD:/Develop/Project_pos_mahenz/BE/domain/product/repo/product_repo.go:212
[0m[33m[0.000ms] [34;1m[rows:1][0m INSERT INTO products (barcode, sku, name, category_id, purchase_price, selling_price, stock, min_stock, unit_id) VALUES ('7777777777777', 'MIN-0005', 'Manual SKU Jump Test', 1, 0, 1000, 0, 0, 1)

2026/07/23 10:06:06 [32mD:/Develop/Project_pos_mahenz/BE/domain/product/repo/product_repo.go:219
[0m[33m[0.000ms] [34;1m[rows:1][0m SELECT LAST_INSERT_ID()

2026/07/23 10:06:06 [32mD:/Develop/Project_pos_mahenz/BE/domain/product/repo/product_repo.go:223
[0m[33m[0.000ms] [34;1m[rows:1][0m INSERT INTO product_packages (product_id, unit_id, purchase_price, selling_price, is_default) VALUES (7, 1, 0, 1000, 1)

2026/07/23 10:06:06 [32mD:/Develop/Project_pos_mahenz/BE/domain/product/repo/product_repo.go:227
[0m[33m[0.000ms] [34;1m[rows:1][0m SELECT LAST_INSERT_ID()

2026/07/23 10:06:06 [32mD:/Develop/Project_pos_mahenz/BE/domain/product/repo/product_repo.go:136
[0m[33m[1.407ms] [34;1m[rows:1][0m 
		SELECT p.id, p.barcode, COALESCE(p.sku, '') as sku, p.name, p.category_id, COALESCE(c.name, '') as category_name,
		       p.purchase_price, p.selling_price, p.stock, p.reserved_qty, p.min_stock,
		       COALESCE(p.unit_id, 0) as unit_id, COALESCE(u.name, '') as unit_name, COALESCE(u.abbreviation, '') as unit_abbreviation,
		       p.is_active, p.created_at, p.updated_at,
		       (SELECT COUNT(*) FROM product_packages pp WHERE pp.product_id = p.id AND pp.is_default = 0) AS extra_packages,
		       (SELECT COUNT(*) FROM product_prices pr WHERE pr.product_id = p.id) AS price_tiers_count
		FROM products p
		LEFT JOIN categories c ON p.category_id = c.id
		LEFT JOIN units u ON u.id = p.unit_id
		WHERE p.id = 7 LIMIT 1
[GIN] 2026/07/23 - 10:06:06 | 201 |      5.8876ms |             ::1 | POST     "/api/products/create"

2026/07/23 10:06:06 [32mD:/Develop/Project_pos_mahenz/BE/repository/log_request_repository.go:32
[0m[33m[2.026ms] [34;1m[rows:1][0m INSERT INTO log_requests (id, method, endpoint, status_code, request_body, response_body, user_id, duration_ms, ip_address, error_message, created_at) VALUES ('8c271b67-4616-46c6-9267-d9726a9241d7', 'POST', '/api/products/create', 201, '{"name":"Manual SKU Jump Test","sku":"MIN-0005","barcode":"7777777777777","category_id":1,"unit_id":1,"selling_price":1000}', '{"code":"00","status":true,"message":"Produk berhasil dibuat","data":{"id":7,"barcode":"7777777777777","sku":"MIN-0005","name":"Manual SKU Jump Test","category_id":1,"category_name":"Minuman","purchase_price":0,"selling_price":1000,"stock":0,"reserved_qty":0,"min_stock":0,"unit_id":1,"unit_name":"Pcs","unit_abbreviation":"pcs","is_active":true,"extra_packages":0,"price_tiers_count":0}}', 1, 5, '::1', NULL, '2026-07-23 10:06:06.087')

2026/07/23 10:06:06 [32mD:/Develop/Project_pos_mahenz/BE/domain/auth/repo/auth_repo.go:46
[0m[33m[0.544ms] [34;1m[rows:1][0m SELECT id, user_id, user_role, token, device_info, expires_at FROM sessions WHERE token = 'eyJhbGciOiJIUzI1NiIsInR5cCI6IkpXVCJ9.eyJhcHBzIjoiIiwiZXhwIjoxNzg0ODA0NzY1LCJmdWxsX25hbWUiOiJPd25lciIsInJvbGUiOiJvd25lciIsInVzZXJfaWQiOjEsInVzZXJuYW1lIjoib3duZXIifQ.l0Bw8S9nOxu3gGHmoiIEug1lQwUkwz0ZSCJanNbA9uc' LIMIT 1

2026/07/23 10:06:06 [32mD:/Develop/Project_pos_mahenz/BE/domain/product_category/repo/product_category_repo.go:79
[0m[33m[0.603ms] [34;1m[rows:1][0m SELECT c.id, c.name, COALESCE(c.code, '') as code, c.description, COALESCE(c.is_active, 1) as is_active, (SELECT COUNT(*) FROM products p WHERE p.category_id = c.id) AS product_count, (SELECT COUNT(*) FROM products p WHERE p.category_id = c.id AND p.is_active = 1) AS active_product_count, c.created_at FROM categories c WHERE c.id = 1 LIMIT 1

2026/07/23 10:06:06 [32mD:/Develop/Project_pos_mahenz/BE/domain/product/repo/product_generate_repo.go:39
[0m[33m[0.000ms] [34;1m[rows:1][0m SELECT COUNT(*) FROM products WHERE category_id = 1
[GIN] 2026/07/23 - 10:06:06 | 200 |      1.7509ms |             ::1 | POST     "/api/products/generate-sku"

2026/07/23 10:06:06 [32mD:/Develop/Project_pos_mahenz/BE/repository/log_request_repository.go:32
[0m[33m[1.505ms] [34;1m[rows:1][0m INSERT INTO log_requests (id, method, endpoint, status_code, request_body, response_body, user_id, duration_ms, ip_address, error_message, created_at) VALUES ('0bdf65fe-72f7-45b2-8154-362bcca8b857', 'POST', '/api/products/generate-sku', 200, '{"category_id":1}', '{"code":"00","status":true,"message":"SKU berhasil digenerate","data":{"sku":"MIN-0006"}}', 1, 1, '::1', NULL, '2026-07-23 10:06:06.2')
exit status 0xffffffff
