
2026/07/26 00:30:28 [32mD:/Develop/Project_pos_mahenz/BE/database/migrate.go:99
[0m[33m[0.635ms] [34;1m[rows:0][0m CREATE TABLE IF NOT EXISTS migrations_history (
		id          INT AUTO_INCREMENT PRIMARY KEY,
		filename    VARCHAR(255) UNIQUE NOT NULL,
		executed_at DATETIME DEFAULT CURRENT_TIMESTAMP
	) DEFAULT CHARSET=utf8

2026/07/26 00:30:28 [32mD:/Develop/Project_pos_mahenz/BE/database/migrate.go:27
[0m[33m[0.509ms] [34;1m[rows:1][0m SELECT COUNT(*) FROM migrations_history

2026/07/26 00:30:28 [32mD:/Develop/Project_pos_mahenz/BE/database/migrate.go:28
[0m[33m[1.980ms] [34;1m[rows:1][0m SELECT COUNT(*) FROM information_schema.tables WHERE table_schema = DATABASE() AND table_name != 'migrations_history'

2026/07/26 00:30:28 [32mD:/Develop/Project_pos_mahenz/BE/database/migrate.go:104
[0m[33m[0.507ms] [34;1m[rows:1][0m SELECT COUNT(*) FROM migrations_history WHERE filename = '001_init_schema.sql'

2026/07/26 00:30:28 [32mD:/Develop/Project_pos_mahenz/BE/database/migrate.go:104
[0m[33m[0.773ms] [34;1m[rows:1][0m SELECT COUNT(*) FROM migrations_history WHERE filename = '002_seed_data.sql'
2026/07/26 00:30:28 [37mServer running on port[0m :8080
2026/07/26 00:30:28 [37mRoutes:[0m
2026/07/26 00:30:28 [32mPOST[0m   [34m/api/supplier-purchases/detail/:id           [0m   [37mpos_api/domain/supplier_purchase/handler.(*PurchaseHandler).GetByID-fm[0m
2026/07/26 00:30:28 [32mPOST[0m   [34m/api/supplier-purchases/delete/:id           [0m   [37mpos_api/domain/supplier_purchase/handler.(*PurchaseHandler).Delete-fm[0m
2026/07/26 00:30:28 [32mPOST[0m   [34m/api/supplier-purchases/generate-code        [0m   [37mpos_api/domain/supplier_purchase/handler.(*PurchaseHandler).GenerateCode-fm[0m
2026/07/26 00:30:28 [32mPOST[0m   [34m/api/supplier-purchases/list                 [0m   [37mpos_api/domain/supplier_purchase/handler.(*PurchaseHandler).GetAll-fm[0m
2026/07/26 00:30:28 [32mPOST[0m   [34m/api/supplier-purchases/create               [0m   [37mpos_api/domain/supplier_purchase/handler.(*PurchaseHandler).Create-fm[0m
2026/07/26 00:30:28 [32mPOST[0m   [34m/api/supplier-purchases/update/:id           [0m   [37mpos_api/domain/supplier_purchase/handler.(*PurchaseHandler).Update-fm[0m
2026/07/26 00:30:28 [32mPOST[0m   [34m/api/supplier-purchases/pay/:id              [0m   [37mpos_api/domain/supplier_purchase/handler.(*PurchaseHandler).Pay-fm[0m
2026/07/26 00:30:28 [32mPOST[0m   [34m/api/supplier-purchases/void/:id             [0m   [37mpos_api/domain/supplier_purchase/handler.(*PurchaseHandler).Void-fm[0m
2026/07/26 00:30:28 [32mPOST[0m   [34m/api/supplier-purchases/:id/payments         [0m   [37mpos_api/domain/supplier_purchase/handler.(*PurchaseHandler).GetPayments-fm[0m
2026/07/26 00:30:28 [32mPOST[0m   [34m/api/supplier-purchases/:id/add-items        [0m   [37mpos_api/domain/supplier_purchase/handler.(*PurchaseHandler).AddItems-fm[0m
2026/07/26 00:30:28 [32mPOST[0m   [34m/api/supplier-returns/detail/:id             [0m   [37mpos_api/domain/supplier_return/handler.(*SupplierReturnHandler).GetByID-fm[0m
2026/07/26 00:30:28 [32mPOST[0m   [34m/api/supplier-returns/delete/:id             [0m   [37mpos_api/domain/supplier_return/handler.(*SupplierReturnHandler).Delete-fm[0m
2026/07/26 00:30:28 [32mPOST[0m   [34m/api/supplier-returns/list                   [0m   [37mpos_api/domain/supplier_return/handler.(*SupplierReturnHandler).GetAll-fm[0m
2026/07/26 00:30:28 [32mPOST[0m   [34m/api/supplier-returns/create                 [0m   [37mpos_api/domain/supplier_return/handler.(*SupplierReturnHandler).Create-fm[0m
2026/07/26 00:30:28 [32mPOST[0m   [34m/api/supplier-returns/update-status/:id      [0m   [37mpos_api/domain/supplier_return/handler.(*SupplierReturnHandler).UpdateStatus-fm[0m
2026/07/26 00:30:28 [32mPOST[0m   [34m/api/suppliers/detail/:id                    [0m   [37mpos_api/domain/supplier/handler.(*SupplierHandler).GetDetail-fm[0m
2026/07/26 00:30:28 [32mPOST[0m   [34m/api/suppliers/delete/:id                    [0m   [37mpos_api/domain/supplier/handler.(*SupplierHandler).Delete-fm[0m
2026/07/26 00:30:28 [32mPOST[0m   [34m/api/suppliers/list                          [0m   [37mpos_api/domain/supplier/handler.(*SupplierHandler).GetAll-fm[0m
2026/07/26 00:30:28 [32mPOST[0m   [34m/api/suppliers/options                       [0m   [37mpos_api/domain/supplier/handler.(*SupplierHandler).GetOptions-fm[0m
2026/07/26 00:30:28 [32mPOST[0m   [34m/api/suppliers/create                        [0m   [37mpos_api/domain/supplier/handler.(*SupplierHandler).Create-fm[0m
2026/07/26 00:30:28 [32mPOST[0m   [34m/api/suppliers/update/:id                    [0m   [37mpos_api/domain/supplier/handler.(*SupplierHandler).Update-fm[0m
2026/07/26 00:30:28 [32mPOST[0m   [34m/api/suppliers/toggle-status/:id             [0m   [37mpos_api/domain/supplier/handler.(*SupplierHandler).ToggleStatus-fm[0m
2026/07/26 00:30:28 [32mPOST[0m   [34m/api/shifts/detail/:id                       [0m   [37mpos_api/domain/shift/handler.(*ShiftHandler).GetByID-fm[0m
2026/07/26 00:30:28 [32mPOST[0m   [34m/api/shifts/delete/:id                       [0m   [37mpos_api/domain/shift/handler.(*ShiftHandler).Delete-fm[0m
2026/07/26 00:30:28 [32mPOST[0m   [34m/api/shifts/list                             [0m   [37mpos_api/domain/shift/handler.(*ShiftHandler).GetAll-fm[0m
2026/07/26 00:30:28 [32mPOST[0m   [34m/api/shifts/active                           [0m   [37mpos_api/domain/shift/handler.(*ShiftHandler).GetOptions-fm[0m
2026/07/26 00:30:28 [32mPOST[0m   [34m/api/shifts/summary                          [0m   [37mpos_api/domain/shift/handler.(*ShiftHandler).GetSummary-fm[0m
2026/07/26 00:30:28 [32mPOST[0m   [34m/api/shifts/create                           [0m   [37mpos_api/domain/shift/handler.(*ShiftHandler).Create-fm[0m
2026/07/26 00:30:28 [32mPOST[0m   [34m/api/shifts/update/:id                       [0m   [37mpos_api/domain/shift/handler.(*ShiftHandler).Update-fm[0m
2026/07/26 00:30:28 [32mPOST[0m   [34m/api/shifts/toggle-status/:id                [0m   [37mpos_api/domain/shift/handler.(*ShiftHandler).ToggleStatus-fm[0m
2026/07/26 00:30:28 [32mPOST[0m   [34m/api/settings                                [0m   [37mpos_api/domain/setting/handler.(*SettingHandler).Save-fm[0m
2026/07/26 00:30:28 [32mPOST[0m   [34m/api/settings/reset                          [0m   [37mpos_api/domain/setting/handler.(*SettingHandler).Reset-fm[0m
2026/07/26 00:30:28 [32mPOST[0m   [34m/api/settings/store                          [0m   [37mpos_api/domain/setting/handler.(*SettingHandler).UpdateStoreProfile-fm[0m
2026/07/26 00:30:28 [32mPOST[0m   [34m/api/settings/printer                        [0m   [37mpos_api/domain/setting/handler.(*SettingHandler).UpdatePrinterSettings-fm[0m
2026/07/26 00:30:28 [32mPOST[0m   [34m/api/stock-mutations/list                    [0m   [37mpos_api/domain/stock_mutation/handler.(*StockMutationHandler).GetAll-fm[0m
2026/07/26 00:30:28 [32mPOST[0m   [34m/api/stock-mutations/product/:product_id     [0m   [37mpos_api/domain/stock_mutation/handler.(*StockMutationHandler).GetByProduct-fm[0m
2026/07/26 00:30:28 [32mPOST[0m   [34m/api/sync/conflicts/:id/resolve              [0m   [37mpos_api/domain/sync/handler.(*SyncHandler).ResolveConflict-fm[0m
2026/07/26 00:30:28 [32mPOST[0m   [34m/api/sync/push                               [0m   [37mpos_api/domain/sync/handler.(*SyncHandler).PushSync-fm[0m
2026/07/26 00:30:28 [32mPOST[0m   [34m/api/products/import-preview                 [0m   [37mpos_api/domain/product/handler.(*ProductImportHandler).ImportPreview-fm[0m
2026/07/26 00:30:28 [32mPOST[0m   [34m/api/products/import-bulk                    [0m   [37mpos_api/domain/product/handler.(*ProductImportHandler).ImportBulk-fm[0m
2026/07/26 00:30:28 [32mPOST[0m   [34m/api/products/import-template                [0m   [37mpos_api/domain/product/handler.(*ProductImportHandler).DownloadImportTemplate-fm[0m
2026/07/26 00:30:28 [32mPOST[0m   [34m/api/products/detail/:id                     [0m   [37mpos_api/domain/product/handler.(*ProductHandler).GetByID-fm[0m
2026/07/26 00:30:28 [32mPOST[0m   [34m/api/products/delete/:id                     [0m   [37mpos_api/domain/product/handler.(*ProductHandler).Delete-fm[0m
2026/07/26 00:30:28 [32mPOST[0m   [34m/api/products/generate-barcode               [0m   [37mpos_api/domain/product/handler.(*ProductGenerateHandler).GenerateBarcode-fm[0m
2026/07/26 00:30:28 [32mPOST[0m   [34m/api/products/generate-sku                   [0m   [37mpos_api/domain/product/handler.(*ProductGenerateHandler).GenerateSku-fm[0m
2026/07/26 00:30:28 [32mPOST[0m   [34m/api/products/list                           [0m   [37mpos_api/domain/product/handler.(*ProductHandler).GetAll-fm[0m
2026/07/26 00:30:28 [32mPOST[0m   [34m/api/products/options                        [0m   [37mpos_api/domain/product/handler.(*ProductHandler).GetOptions-fm[0m
2026/07/26 00:30:28 [32mPOST[0m   [34m/api/products/search                         [0m   [37mpos_api/domain/product/handler.(*ProductHandler).Search-fm[0m
2026/07/26 00:30:28 [32mPOST[0m   [34m/api/products/by-barcode/:barcode            [0m   [37mpos_api/domain/product/handler.(*ProductHandler).GetByBarcode-fm[0m
2026/07/26 00:30:28 [32mPOST[0m   [34m/api/products/create                         [0m   [37mpos_api/domain/product/handler.(*ProductHandler).Create-fm[0m
2026/07/26 00:30:28 [32mPOST[0m   [34m/api/products/update/:id                     [0m   [37mpos_api/domain/product/handler.(*ProductHandler).Update-fm[0m
2026/07/26 00:30:28 [32mPOST[0m   [34m/api/products/toggle-status/:id              [0m   [37mpos_api/domain/product/handler.(*ProductHandler).ToggleStatus-fm[0m
2026/07/26 00:30:28 [32mPOST[0m   [34m/api/products/:id/packages/list              [0m   [37mpos_api/domain/product/handler.(*ProductPackageHandler).GetPackagesByProduct-fm[0m
2026/07/26 00:30:28 [32mPOST[0m   [34m/api/products/:id/packages/create            [0m   [37mpos_api/domain/product/handler.(*ProductPackageHandler).CreatePackage-fm[0m
2026/07/26 00:30:28 [32mPOST[0m   [34m/api/products/:id/packages/update/:package_id[0m   [37mpos_api/domain/product/handler.(*ProductPackageHandler).UpdatePackage-fm[0m
2026/07/26 00:30:28 [32mPOST[0m   [34m/api/products/:id/packages/delete/:package_id[0m   [37mpos_api/domain/product/handler.(*ProductPackageHandler).DeletePackage-fm[0m
2026/07/26 00:30:28 [32mPOST[0m   [34m/api/products/:id/prices/list                [0m   [37mpos_api/domain/product/handler.(*ProductPriceHandler).GetPricesByProduct-fm[0m
2026/07/26 00:30:28 [32mPOST[0m   [34m/api/pin/set                                 [0m   [37mpos_api/domain/pin/handler.(*PinHandler).SetPin-fm[0m
2026/07/26 00:30:28 [32mPOST[0m   [34m/api/pin/verify                              [0m   [37mpos_api/domain/pin/handler.(*PinHandler).VerifyPin-fm[0m
2026/07/26 00:30:28 [32mPOST[0m   [34m/api/pin/change                              [0m   [37mpos_api/domain/pin/handler.(*PinHandler).ChangePin-fm[0m
2026/07/26 00:30:28 [32mPOST[0m   [34m/api/payment-statuses/list                   [0m   [37mpos_api/domain/payment_status/handler.(*PaymentStatusHandler).GetAll-fm[0m
2026/07/26 00:30:28 [32mPOST[0m   [34m/api/payment-methods/list                    [0m   [37mpos_api/domain/payment_method/handler.(*PaymentMethodHandler).GetAll-fm[0m
2026/07/26 00:30:28 [32mPOST[0m   [34m/api/cash-drawer/current                     [0m   [37mpos_api/domain/cash_drawer/handler.(*CashDrawerHandler).GetCurrent-fm[0m
2026/07/26 00:30:28 [32mPOST[0m   [34m/api/cash-drawer/close/:id                   [0m   [37mpos_api/domain/cash_drawer/handler.(*CashDrawerHandler).Close-fm[0m
2026/07/26 00:30:28 [32mPOST[0m   [34m/api/cash-drawer/update-sales/:id            [0m   [37mpos_api/domain/cash_drawer/handler.(*CashDrawerHandler).UpdateSales-fm[0m
2026/07/26 00:30:28 [32mPOST[0m   [34m/api/cash-drawer/update-expenses/:id         [0m   [37mpos_api/domain/cash_drawer/handler.(*CashDrawerHandler).UpdateExpenses-fm[0m
2026/07/26 00:30:28 [32mPOST[0m   [34m/api/cash-drawer/my-cash                     [0m   [37mpos_api/domain/cash_drawer/handler.(*CashDrawerHandler).GetMyCash-fm[0m
2026/07/26 00:30:28 [32mPOST[0m   [34m/api/cash-drawer/list                        [0m   [37mpos_api/domain/cash_drawer/handler.(*CashDrawerHandler).GetHistory-fm[0m
2026/07/26 00:30:28 [32mPOST[0m   [34m/api/cash-drawer/summary                     [0m   [37mpos_api/domain/cash_drawer/handler.(*CashDrawerHandler).GetSummary-fm[0m
2026/07/26 00:30:28 [32mPOST[0m   [34m/api/cash-drawer/kasir-options               [0m   [37mpos_api/domain/cash_drawer/handler.(*CashDrawerHandler).GetKasirOptions-fm[0m
2026/07/26 00:30:28 [32mPOST[0m   [34m/api/cash-drawer/detail/:id                  [0m   [37mpos_api/domain/cash_drawer/handler.(*CashDrawerHandler).GetByID-fm[0m
2026/07/26 00:30:28 [32mPOST[0m   [34m/api/cash-drawer/open                        [0m   [37mpos_api/domain/cash_drawer/handler.(*CashDrawerHandler).Open-fm[0m
2026/07/26 00:30:28 [32mPOST[0m   [34m/api/categories/detail/:id                   [0m   [37mpos_api/domain/product_category/handler.(*CategoryHandler).GetByID-fm[0m
2026/07/26 00:30:28 [32mPOST[0m   [34m/api/categories/delete/:id                   [0m   [37mpos_api/domain/product_category/handler.(*CategoryHandler).Delete-fm[0m
2026/07/26 00:30:28 [32mPOST[0m   [34m/api/categories/list                         [0m   [37mpos_api/domain/product_category/handler.(*CategoryHandler).GetAll-fm[0m
2026/07/26 00:30:28 [32mPOST[0m   [34m/api/categories/options                      [0m   [37mpos_api/domain/product_category/handler.(*CategoryHandler).GetOptions-fm[0m
2026/07/26 00:30:28 [32mPOST[0m   [34m/api/categories/create                       [0m   [37mpos_api/domain/product_category/handler.(*CategoryHandler).Create-fm[0m
2026/07/26 00:30:28 [32mPOST[0m   [34m/api/categories/update/:id                   [0m   [37mpos_api/domain/product_category/handler.(*CategoryHandler).Update-fm[0m
2026/07/26 00:30:28 [32mPOST[0m   [34m/api/categories/toggle-status/:id            [0m   [37mpos_api/domain/product_category/handler.(*CategoryHandler).ToggleStatus-fm[0m
2026/07/26 00:30:28 [32mPOST[0m   [34m/api/customers/detail/:id                    [0m   [37mpos_api/domain/customer/handler.(*CustomerHandler).GetByID-fm[0m
2026/07/26 00:30:28 [32mPOST[0m   [34m/api/customers/delete/:id                    [0m   [37mpos_api/domain/customer/handler.(*CustomerHandler).Delete-fm[0m
2026/07/26 00:30:28 [32mPOST[0m   [34m/api/customers/list                          [0m   [37mpos_api/domain/customer/handler.(*CustomerHandler).GetAll-fm[0m
2026/07/26 00:30:28 [32mPOST[0m   [34m/api/customers/active                        [0m   [37mpos_api/domain/customer/handler.(*CustomerHandler).GetOptions-fm[0m
2026/07/26 00:30:28 [32mPOST[0m   [34m/api/customers/create                        [0m   [37mpos_api/domain/customer/handler.(*CustomerHandler).Create-fm[0m
2026/07/26 00:30:28 [32mPOST[0m   [34m/api/customers/update/:id                    [0m   [37mpos_api/domain/customer/handler.(*CustomerHandler).Update-fm[0m
2026/07/26 00:30:28 [32mPOST[0m   [34m/api/customers/toggle-status/:id             [0m   [37mpos_api/domain/customer/handler.(*CustomerHandler).ToggleStatus-fm[0m
2026/07/26 00:30:28 [32mPOST[0m   [34m/api/reports/sales/list                      [0m   [37mpos_api/domain/report/handler.(*ReportHandler).GetSalesList-fm[0m
2026/07/26 00:30:28 [32mPOST[0m   [34m/api/reports/sales/summary                   [0m   [37mpos_api/domain/report/handler.(*ReportHandler).GetSalesSummaryData-fm[0m
2026/07/26 00:30:28 [32mPOST[0m   [34m/api/reports/stock/list                      [0m   [37mpos_api/domain/report/handler.(*ReportHandler).GetStockList-fm[0m
2026/07/26 00:30:28 [32mPOST[0m   [34m/api/reports/stock/summary                   [0m   [37mpos_api/domain/report/handler.(*ReportHandler).GetStockSummaryData-fm[0m
2026/07/26 00:30:28 [32mPOST[0m   [34m/api/reports/profit-loss/data                [0m   [37mpos_api/domain/report/handler.(*ReportHandler).GetProfitLossData-fm[0m
2026/07/26 00:30:28 [32mPOST[0m   [34m/api/reports/cashier/list                    [0m   [37mpos_api/domain/report/handler.(*ReportHandler).GetCashierList-fm[0m
2026/07/26 00:30:28 [32mPOST[0m   [34m/api/receivables/payments/:id                [0m   [37mpos_api/domain/receivable/handler.(*ReceivableHandler).GetPayments-fm[0m
2026/07/26 00:30:28 [32mPOST[0m   [34m/api/receivables/pay/:id                     [0m   [37mpos_api/domain/receivable/handler.(*ReceivableHandler).Pay-fm[0m
2026/07/26 00:30:28 [32mPOST[0m   [34m/api/receivables/list                        [0m   [37mpos_api/domain/receivable/handler.(*ReceivableHandler).GetAll-fm[0m
2026/07/26 00:30:28 [32mPOST[0m   [34m/api/receivables/summary                     [0m   [37mpos_api/domain/receivable/handler.(*ReceivableHandler).GetSummary-fm[0m
2026/07/26 00:30:28 [32mPOST[0m   [34m/api/receivables/detail/:id                  [0m   [37mpos_api/domain/receivable/handler.(*ReceivableHandler).GetByID-fm[0m
2026/07/26 00:30:28 [32mPOST[0m   [34m/api/restore                                 [0m   [37mpos_api/domain/backup/handler.(*BackupHandler).Restore-fm[0m
2026/07/26 00:30:28 [32mPOST[0m   [34m/api/roles/detail/:id                        [0m   [37mpos_api/domain/role/handler.(*RoleHandler).GetByID-fm[0m
2026/07/26 00:30:28 [32mPOST[0m   [34m/api/roles/delete/:id                        [0m   [37mpos_api/domain/role/handler.(*RoleHandler).Delete-fm[0m
2026/07/26 00:30:28 [32mPOST[0m   [34m/api/roles/list                              [0m   [37mpos_api/domain/role/handler.(*RoleHandler).GetAll-fm[0m
2026/07/26 00:30:28 [32mPOST[0m   [34m/api/roles/options                           [0m   [37mpos_api/domain/role/handler.(*RoleHandler).GetOptions-fm[0m
2026/07/26 00:30:28 [32mPOST[0m   [34m/api/roles/create                            [0m   [37mpos_api/domain/role/handler.(*RoleHandler).Create-fm[0m
2026/07/26 00:30:28 [32mPOST[0m   [34m/api/roles/update/:id                        [0m   [37mpos_api/domain/role/handler.(*RoleHandler).Update-fm[0m
2026/07/26 00:30:28 [32mPOST[0m   [34m/api/roles/toggle-status/:id                 [0m   [37mpos_api/domain/role/handler.(*RoleHandler).ToggleStatus-fm[0m
2026/07/26 00:30:28 [32mPOST[0m   [34m/api/roles/:id/menus/list                    [0m   [37mpos_api/domain/access/handler.(*AccessHandler).GetByRoleID-fm[0m
2026/07/26 00:30:28 [32mPOST[0m   [34m/api/roles/:id/menus/set                     [0m   [37mpos_api/domain/access/handler.(*AccessHandler).SetRoleAccess-fm[0m
2026/07/26 00:30:28 [32mPOST[0m   [34m/api/route-registry/options                  [0m   [37mpos_api/domain/route_registry/handler.(*RouteRegistryHandler).GetOptions-fm[0m
2026/07/26 00:30:28 [32mPOST[0m   [34m/api/users/create                            [0m   [37mpos_api/domain/user/handler.(*UserHandler).Create-fm[0m
2026/07/26 00:30:28 [32mPOST[0m   [34m/api/users/change-password/:id               [0m   [37mpos_api/domain/user/handler.(*UserHandler).ChangePassword-fm[0m
2026/07/26 00:30:28 [32mPOST[0m   [34m/api/users/detail/:id                        [0m   [37mpos_api/domain/user/handler.(*UserHandler).GetByID-fm[0m
2026/07/26 00:30:28 [32mPOST[0m   [34m/api/users/delete/:id                        [0m   [37mpos_api/domain/user/handler.(*UserHandler).Delete-fm[0m
2026/07/26 00:30:28 [32mPOST[0m   [34m/api/users/list                              [0m   [37mpos_api/domain/user/handler.(*UserHandler).GetAll-fm[0m
2026/07/26 00:30:28 [32mPOST[0m   [34m/api/users/update/:id                        [0m   [37mpos_api/domain/user/handler.(*UserHandler).Update-fm[0m
2026/07/26 00:30:28 [32mPOST[0m   [34m/api/users/toggle-status/:id                 [0m   [37mpos_api/domain/user/handler.(*UserHandler).ToggleStatus-fm[0m
2026/07/26 00:30:28 [32mPOST[0m   [34m/api/units/detail/:id                        [0m   [37mpos_api/domain/product_unit/handler.(*UnitHandler).GetByID-fm[0m
2026/07/26 00:30:28 [32mPOST[0m   [34m/api/units/delete/:id                        [0m   [37mpos_api/domain/product_unit/handler.(*UnitHandler).Delete-fm[0m
2026/07/26 00:30:28 [32mPOST[0m   [34m/api/units/list                              [0m   [37mpos_api/domain/product_unit/handler.(*UnitHandler).GetAll-fm[0m
2026/07/26 00:30:28 [32mPOST[0m   [34m/api/units/options                           [0m   [37mpos_api/domain/product_unit/handler.(*UnitHandler).GetOptions-fm[0m
2026/07/26 00:30:28 [32mPOST[0m   [34m/api/units/create                            [0m   [37mpos_api/domain/product_unit/handler.(*UnitHandler).Create-fm[0m
2026/07/26 00:30:28 [32mPOST[0m   [34m/api/units/update/:id                        [0m   [37mpos_api/domain/product_unit/handler.(*UnitHandler).Update-fm[0m
2026/07/26 00:30:28 [32mPOST[0m   [34m/api/units/toggle-status/:id                 [0m   [37mpos_api/domain/product_unit/handler.(*UnitHandler).ToggleStatus-fm[0m
2026/07/26 00:30:28 [32mPOST[0m   [34m/api/expenses/detail/:id                     [0m   [37mpos_api/domain/expense/handler.(*ExpenseHandler).GetByID-fm[0m
2026/07/26 00:30:28 [32mPOST[0m   [34m/api/expenses/delete/:id                     [0m   [37mpos_api/domain/expense/handler.(*ExpenseHandler).Delete-fm[0m
2026/07/26 00:30:28 [32mPOST[0m   [34m/api/expenses/list                           [0m   [37mpos_api/domain/expense/handler.(*ExpenseHandler).GetAll-fm[0m
2026/07/26 00:30:28 [32mPOST[0m   [34m/api/expenses/create                         [0m   [37mpos_api/domain/expense/handler.(*ExpenseHandler).Create-fm[0m
2026/07/26 00:30:28 [32mPOST[0m   [34m/api/expenses/update/:id                     [0m   [37mpos_api/domain/expense/handler.(*ExpenseHandler).Update-fm[0m
2026/07/26 00:30:28 [32mPOST[0m   [34m/api/expiry-batches/warnings                 [0m   [37mpos_api/domain/expiry_batch/handler.(*ExpiryBatchHandler).GetWarnings-fm[0m
2026/07/26 00:30:28 [32mPOST[0m   [34m/api/expiry-batches/write-off/:id            [0m   [37mpos_api/domain/expiry_batch/handler.(*ExpiryBatchHandler).WriteOff-fm[0m
2026/07/26 00:30:28 [32mPOST[0m   [34m/api/expiry-batches/product/:id              [0m   [37mpos_api/domain/expiry_batch/handler.(*ExpiryBatchHandler).GetByProduct-fm[0m
2026/07/26 00:30:28 [32mPOST[0m   [34m/api/expiry-batches/confirm/:id              [0m   [37mpos_api/domain/expiry_batch/handler.(*ExpiryBatchHandler).Confirm-fm[0m
2026/07/26 00:30:28 [32mPOST[0m   [34m/api/menus/detail/:id                        [0m   [37mpos_api/domain/menu/handler.(*MenuHandler).GetByID-fm[0m
2026/07/26 00:30:28 [32mPOST[0m   [34m/api/menus/delete/:id                        [0m   [37mpos_api/domain/menu/handler.(*MenuHandler).Delete-fm[0m
2026/07/26 00:30:28 [32mPOST[0m   [34m/api/menus/my                                [0m   [37mpos_api/domain/menu/handler.(*MenuHandler).GetMyMenus-fm[0m
2026/07/26 00:30:28 [32mPOST[0m   [34m/api/menus/options                           [0m   [37mpos_api/domain/menu/handler.(*MenuHandler).GetOptions-fm[0m
2026/07/26 00:30:28 [32mPOST[0m   [34m/api/menus/list                              [0m   [37mpos_api/domain/menu/handler.(*MenuHandler).GetAll-fm[0m
2026/07/26 00:30:28 [32mPOST[0m   [34m/api/menus/create                            [0m   [37mpos_api/domain/menu/handler.(*MenuHandler).Create-fm[0m
2026/07/26 00:30:28 [32mPOST[0m   [34m/api/menus/update/:id                        [0m   [37mpos_api/domain/menu/handler.(*MenuHandler).Update-fm[0m
2026/07/26 00:30:28 [32mPOST[0m   [34m/api/menus/reorder                           [0m   [37mpos_api/domain/menu/handler.(*MenuHandler).Reorder-fm[0m
2026/07/26 00:30:28 [32mPOST[0m   [34m/api/auth/login                              [0m   [37mpos_api/domain/auth/handler.(*AuthHandler).Login-fm[0m
2026/07/26 00:30:28 [32mPOST[0m   [34m/api/auth/logout                             [0m   [37mpos_api/domain/auth/handler.(*AuthHandler).Logout-fm[0m
2026/07/26 00:30:28 [32mPOST[0m   [34m/api/auth/refresh                            [0m   [37mpos_api/domain/auth/handler.(*AuthHandler).RefreshToken-fm[0m
2026/07/26 00:30:28 [32mPOST[0m   [34m/api/auth/verify-token                       [0m   [37mpos_api/domain/auth/handler.(*AuthHandler).VerifyToken-fm[0m
2026/07/26 00:30:28 [32mPOST[0m   [34m/api/auth/me                                 [0m   [37mpos_api/domain/auth/handler.(*AuthHandler).GetMe-fm[0m
2026/07/26 00:30:28 [32mPOST[0m   [34m/api/transactions/list                       [0m   [37mpos_api/domain/transaction/handler.(*TransactionHandler).GetAll-fm[0m
2026/07/26 00:30:28 [32mPOST[0m   [34m/api/transactions/detail/:id                 [0m   [37mpos_api/domain/transaction/handler.(*TransactionHandler).GetByID-fm[0m
2026/07/26 00:30:28 [32mPOST[0m   [34m/api/transactions/create                     [0m   [37mpos_api/domain/transaction/handler.(*TransactionHandler).Create-fm[0m
2026/07/26 00:30:28 [32mPOST[0m   [34m/api/transactions/void/:id                   [0m   [37mpos_api/domain/transaction/handler.(*TransactionHandler).Void-fm[0m
2026/07/26 00:30:28 [32mPOST[0m   [34m/api/finance/summary                         [0m   [37mpos_api/domain/finance/handler.(*FinanceHandler).GetSummary-fm[0m
2026/07/26 00:30:28 [32mPOST[0m   [34m/api/finance/cashflow                        [0m   [37mpos_api/domain/finance/handler.(*FinanceHandler).GetCashflow-fm[0m
2026/07/26 00:30:28 [32mPOST[0m   [34m/api/version/list                            [0m   [37mpos_api/domain/version/handler.(*VersionHandler).GetAll-fm[0m
2026/07/26 00:30:28 [32mPOST[0m   [34m/api/version/android                         [0m   [37mpos_api/domain/version/handler.(*VersionHandler).UpdateAndroidVersion-fm[0m
2026/07/26 00:30:28 [32mPOST[0m   [34m/api/backup                                  [0m   [37mpos_api/domain/backup/handler.(*BackupHandler).Create-fm[0m
2026/07/26 00:30:28 [32mGET [0m   [34m/api/reports/business-summary/stats          [0m   [37mpos_api/domain/business_summary/handler.(*BusinessSummaryHandler).GetStats-fm[0m
2026/07/26 00:30:28 [32mGET [0m   [34m/api/reports/business-summary/sales-trend    [0m   [37mpos_api/domain/business_summary/handler.(*BusinessSummaryHandler).GetSalesTrend-fm[0m
2026/07/26 00:30:28 [32mGET [0m   [34m/api/reports/business-summary/summary-extra  [0m   [37mpos_api/domain/business_summary/handler.(*BusinessSummaryHandler).GetSummaryExtra-fm[0m
2026/07/26 00:30:28 [32mGET [0m   [34m/api/reports/business-summary/top-products   [0m   [37mpos_api/domain/business_summary/handler.(*BusinessSummaryHandler).GetTopProducts-fm[0m
2026/07/26 00:30:28 [32mGET [0m   [34m/api/reports/business-summary/top-categories [0m   [37mpos_api/domain/business_summary/handler.(*BusinessSummaryHandler).GetTopCategories-fm[0m
2026/07/26 00:30:28 [32mGET [0m   [34m/api/reports/business-summary/payment-methods[0m   [37mpos_api/domain/business_summary/handler.(*BusinessSummaryHandler).GetPaymentMethods-fm[0m
2026/07/26 00:30:28 [32mGET [0m   [34m/api/reports/sales                           [0m   [37mpos_api/domain/report/handler.(*ReportHandler).GetSalesReport-fm[0m
2026/07/26 00:30:28 [32mGET [0m   [34m/api/reports/sales/chart                     [0m   [37mpos_api/domain/report/handler.(*ReportHandler).GetSalesChart-fm[0m
2026/07/26 00:30:28 [32mGET [0m   [34m/api/reports/sales/export                    [0m   [37mpos_api/domain/report/handler.(*ReportHandler).ExportSalesReport-fm[0m
2026/07/26 00:30:28 [32mGET [0m   [34m/api/reports/stock                           [0m   [37mpos_api/domain/report/handler.(*ReportHandler).GetStockReport-fm[0m
2026/07/26 00:30:28 [32mGET [0m   [34m/api/reports/stock/export                    [0m   [37mpos_api/domain/report/handler.(*ReportHandler).ExportStockReport-fm[0m
2026/07/26 00:30:28 [32mGET [0m   [34m/api/reports/profit-loss                     [0m   [37mpos_api/domain/report/handler.(*ReportHandler).GetProfitLoss-fm[0m
2026/07/26 00:30:28 [32mGET [0m   [34m/api/reports/profit-loss/export              [0m   [37mpos_api/domain/report/handler.(*ReportHandler).ExportProfitLoss-fm[0m
2026/07/26 00:30:28 [32mGET [0m   [34m/api/reports/cashier                         [0m   [37mpos_api/domain/report/handler.(*ReportHandler).GetCashierReport-fm[0m
2026/07/26 00:30:28 [32mGET [0m   [34m/api/reports/cashier/export                  [0m   [37mpos_api/domain/report/handler.(*ReportHandler).ExportCashierReport-fm[0m
2026/07/26 00:30:28 [32mGET [0m   [34m/api/settings                                [0m   [37mpos_api/domain/setting/handler.(*SettingHandler).GetAll-fm[0m
2026/07/26 00:30:28 [32mGET [0m   [34m/api/settings/store                          [0m   [37mpos_api/domain/setting/handler.(*SettingHandler).GetStoreProfile-fm[0m
2026/07/26 00:30:28 [32mGET [0m   [34m/api/settings/printer                        [0m   [37mpos_api/domain/setting/handler.(*SettingHandler).GetPrinterSettings-fm[0m
2026/07/26 00:30:28 [32mGET [0m   [34m/api/settings/:key                           [0m   [37mpos_api/domain/setting/handler.(*SettingHandler).GetByKey-fm[0m
2026/07/26 00:30:28 [32mGET [0m   [34m/api/sync/conflicts                          [0m   [37mpos_api/domain/sync/handler.(*SyncHandler).GetConflicts-fm[0m
2026/07/26 00:30:28 [32mGET [0m   [34m/api/sync/conflicts/count                    [0m   [37mpos_api/domain/sync/handler.(*SyncHandler).GetConflictCount-fm[0m
2026/07/26 00:30:28 [32mGET [0m   [34m/api/sync/queue                              [0m   [37mpos_api/domain/sync/handler.(*SyncHandler).GetQueue-fm[0m
2026/07/26 00:30:28 [32mGET [0m   [34m/api/sync/history                            [0m   [37mpos_api/domain/sync/handler.(*SyncHandler).GetHistory-fm[0m
2026/07/26 00:30:28 [32mGET [0m   [34m/api/dashboard/recent-transactions           [0m   [37mpos_api/domain/dashboard/handler.(*DashboardHandler).GetRecentTransactions-fm[0m
2026/07/26 00:30:28 [32mGET [0m   [34m/api/dashboard/today-summary                 [0m   [37mpos_api/domain/dashboard/handler.(*DashboardHandler).GetTodaySummary-fm[0m
2026/07/26 00:30:28 [32mGET [0m   [34m/api/backup/list                             [0m   [37mpos_api/domain/backup/handler.(*BackupHandler).GetList-fm[0m
2026/07/26 00:30:28 [32mGET [0m   [34m/api/backup/download/:filename               [0m   [37mpos_api/domain/backup/handler.(*BackupHandler).Download-fm[0m
2026/07/26 00:30:28 [32mGET [0m   [34m/api/version/android                         [0m   [37mpos_api/domain/version/handler.(*VersionHandler).CheckAndroid-fm[0m
2026/07/26 00:30:28 [32mGET [0m   [34m/api/health                                  [0m   [37mpos_api/routes.publicRoutes.func1[0m
2026/07/26 00:30:28 [32mGET [0m   [34m/api/pin/check                               [0m   [37mpos_api/domain/pin/handler.(*PinHandler).CheckPin-fm[0m
[GIN] 2026/07/26 - 00:30:32 | 200 |            0s |             ::1 | GET      "/api/health"

2026/07/26 00:30:32 [32mD:/Develop/Project_pos_mahenz/BE/repository/log_request_repository.go:32
[0m[33m[3.863ms] [34;1m[rows:1][0m INSERT INTO log_requests (id, method, endpoint, status_code, request_body, response_body, user_id, duration_ms, ip_address, error_message, created_at) VALUES ('f45c32ba-65fc-4947-94e1-97330991c326', 'GET', '/api/health', 200, '', '{"code":"00","data":null,"message":"OK","status":true}', NULL, 0, '::1', NULL, '2026-07-26 00:30:32.084')

2026/07/26 00:30:49 [32mD:/Develop/Project_pos_mahenz/BE/domain/auth/repo/auth_repo.go:17
[0m[33m[0.507ms] [34;1m[rows:1][0m SELECT u.id, u.username, u.password, u.full_name, u.role_id, r.name AS role_name, u.is_active FROM users u INNER JOIN roles r ON r.id = u.role_id WHERE u.username = 'admin' LIMIT 1

2026/07/26 00:30:49 [32mD:/Develop/Project_pos_mahenz/BE/domain/auth/repo/auth_repo.go:67
[0m[33m[0.377ms] [34;1m[rows:1][0m DELETE FROM sessions WHERE user_id = 2

2026/07/26 00:30:49 [32mD:/Develop/Project_pos_mahenz/BE/domain/auth/repo/auth_repo.go:38
[0m[33m[0.000ms] [34;1m[rows:1][0m INSERT INTO sessions (user_id, user_role, token, refresh_token, device_info, ip_address, expires_at) VALUES (2, 'admin', 'eyJhbGciOiJIUzI1NiIsInR5cCI6IkpXVCJ9.eyJhcHBzIjoiIiwiZXhwIjoxNzg1MDI5NDQ5LCJmdWxsX25hbWUiOiJBZG1pbmlzdHJhdG9yIiwicm9sZSI6ImFkbWluIiwidXNlcl9pZCI6MiwidXNlcm5hbWUiOiJhZG1pbiJ9.GKaCu7-S6gI9JBegS8LNBEoo1GXs34hTnQdkK7eNACs', '4c594c8b079d1d74061aefa3214cb35d30293b22a6cbca570da5fb79d77d81b8', '', '::1', '2026-08-02 00:30:49.774') ON DUPLICATE KEY UPDATE user_role=VALUES(user_role), token=VALUES(token), refresh_token=VALUES(refresh_token), device_info=VALUES(device_info), ip_address=VALUES(ip_address), expires_at=VALUES(expires_at), created_at=NOW()
[GIN] 2026/07/26 - 00:30:49 | 200 |     57.5999ms |             ::1 | POST     "/api/auth/login"

2026/07/26 00:30:49 [32mD:/Develop/Project_pos_mahenz/BE/repository/log_request_repository.go:32
[0m[33m[0.000ms] [34;1m[rows:1][0m INSERT INTO log_requests (id, method, endpoint, status_code, request_body, response_body, user_id, duration_ms, ip_address, error_message, created_at) VALUES ('73262e18-6b18-454f-8e94-82f9e023db79', 'POST', '/api/auth/login', 200, '{"username":"admin","password":"admin123"}', '{"code":"00","status":true,"message":"Login berhasil","data":{"token":"eyJhbGciOiJIUzI1NiIsInR5cCI6IkpXVCJ9.eyJhcHBzIjoiIiwiZXhwIjoxNzg1MDI5NDQ5LCJmdWxsX25hbWUiOiJBZG1pbmlzdHJhdG9yIiwicm9sZSI6ImFkbWluIiwidXNlcl9pZCI6MiwidXNlcm5hbWUiOiJhZG1pbiJ9.GKaCu7-S6gI9JBegS8LNBEoo1GXs34hTnQdkK7eNACs","refresh_token":"4c594c8b079d1d74061aefa3214cb35d30293b22a6cbca570da5fb79d77d81b8","expires_at":"2026-08-02T00:30:49.7742198+07:00","user":{"id":2,"username":"admin","full_name":"Administrator","role_id":2,"role_name":"admin"}}}', NULL, 57, '::1', NULL, '2026-07-26 00:30:49.774')

2026/07/26 00:30:49 [32mD:/Develop/Project_pos_mahenz/BE/domain/auth/repo/auth_repo.go:46
[0m[33m[0.507ms] [34;1m[rows:1][0m SELECT id, user_id, user_role, token, device_info, expires_at FROM sessions WHERE token = 'eyJhbGciOiJIUzI1NiIsInR5cCI6IkpXVCJ9.eyJhcHBzIjoiIiwiZXhwIjoxNzg1MDI5NDQ5LCJmdWxsX25hbWUiOiJBZG1pbmlzdHJhdG9yIiwicm9sZSI6ImFkbWluIiwidXNlcl9pZCI6MiwidXNlcm5hbWUiOiJhZG1pbiJ9.GKaCu7-S6gI9JBegS8LNBEoo1GXs34hTnQdkK7eNACs' LIMIT 1

2026/07/26 00:30:49 [32mD:/Develop/Project_pos_mahenz/BE/domain/access/repo/access_repo.go:55
[0m[33m[0.584ms] [34;1m[rows:38][0m 
SELECT
    m.key_name,
    COALESCE(rma.can_view,   0) AS can_view,
    COALESCE(rma.can_create, 0) AS can_create,
    COALESCE(rma.can_edit,   0) AS can_edit,
    COALESCE(rma.can_delete, 0) AS can_delete
FROM menus m
LEFT JOIN role_menu_access rma ON rma.menu_id = m.id
    AND rma.role_id = (SELECT id FROM roles WHERE name = 'admin' AND is_active = 1 LIMIT 1)
WHERE m.is_active = 1
ORDER BY m.id ASC
[GIN] 2026/07/26 - 00:30:49 | 400 |      1.6811ms |             ::1 | POST     "/api/supplier-purchases/create"
Error #01: Diskon (5000.00) tidak boleh lebih besar dari subtotal (2000.00)

2026/07/26 00:30:49 [32mD:/Develop/Project_pos_mahenz/BE/repository/log_request_repository.go:32
[0m[33m[3.343ms] [34;1m[rows:1][0m INSERT INTO log_requests (id, method, endpoint, status_code, request_body, response_body, user_id, duration_ms, ip_address, error_message, created_at) VALUES ('e7a049e3-b981-40e0-9fe6-ad7cea680278', 'POST', '/api/supplier-purchases/create', 400, '{
  "invoice_number":"INV-QA-DISKON-BUG-2",
  "supplier_id":1,
  "purchase_date":"2026-07-26",
  "discount_amount":5000,
  "payment_status":"unpaid",
  "items":[{"product_id":12,"quantity":2,"unit":"Batang","conversion_qty":1,"purchase_price":1000}]
}', '{"code":"40","status":false,"message":"Diskon (5000.00) tidak boleh lebih besar dari subtotal (2000.00)","data":null}', 2, 1, '::1', 'Diskon (5000.00) tidak boleh lebih besar dari subtotal (2000.00)', '2026-07-26 00:30:49.886')

2026/07/26 00:30:50 [32mD:/Develop/Project_pos_mahenz/BE/domain/auth/repo/auth_repo.go:46
[0m[33m[0.505ms] [34;1m[rows:1][0m SELECT id, user_id, user_role, token, device_info, expires_at FROM sessions WHERE token = 'eyJhbGciOiJIUzI1NiIsInR5cCI6IkpXVCJ9.eyJhcHBzIjoiIiwiZXhwIjoxNzg1MDI5NDQ5LCJmdWxsX25hbWUiOiJBZG1pbmlzdHJhdG9yIiwicm9sZSI6ImFkbWluIiwidXNlcl9pZCI6MiwidXNlcm5hbWUiOiJhZG1pbiJ9.GKaCu7-S6gI9JBegS8LNBEoo1GXs34hTnQdkK7eNACs' LIMIT 1
[GIN] 2026/07/26 - 00:30:50 | 400 |      1.0654ms |             ::1 | POST     "/api/supplier-purchases/create"
Error #01: Item ke-2: produk sudah dipilih di baris lain

2026/07/26 00:30:50 [32mD:/Develop/Project_pos_mahenz/BE/repository/log_request_repository.go:32
[0m[33m[2.224ms] [34;1m[rows:1][0m INSERT INTO log_requests (id, method, endpoint, status_code, request_body, response_body, user_id, duration_ms, ip_address, error_message, created_at) VALUES ('cb1c13c5-edb5-472d-9df1-2e592cca33f8', 'POST', '/api/supplier-purchases/create', 400, '{
  "invoice_number":"INV-QA-DUP-2",
  "supplier_id":1,
  "purchase_date":"2026-07-26",
  "discount_amount":0,
  "payment_status":"unpaid",
  "items":[
    {"product_id":12,"quantity":3,"unit":"Batang","conversion_qty":1,"purchase_price":1000},
    {"product_id":12,"quantity":5,"unit":"Batang","conversion_qty":1,"purchase_price":1000}
  ]
}', '{"code":"40","status":false,"message":"Item ke-2: produk sudah dipilih di baris lain","data":null}', 2, 1, '::1', 'Item ke-2: produk sudah dipilih di baris lain', '2026-07-26 00:30:50.01')

2026/07/26 00:30:50 [32mD:/Develop/Project_pos_mahenz/BE/domain/auth/repo/auth_repo.go:46
[0m[33m[0.545ms] [34;1m[rows:1][0m SELECT id, user_id, user_role, token, device_info, expires_at FROM sessions WHERE token = 'eyJhbGciOiJIUzI1NiIsInR5cCI6IkpXVCJ9.eyJhcHBzIjoiIiwiZXhwIjoxNzg1MDI5NDQ5LCJmdWxsX25hbWUiOiJBZG1pbmlzdHJhdG9yIiwicm9sZSI6ImFkbWluIiwidXNlcl9pZCI6MiwidXNlcm5hbWUiOiJhZG1pbiJ9.GKaCu7-S6gI9JBegS8LNBEoo1GXs34hTnQdkK7eNACs' LIMIT 1

2026/07/26 00:30:50 [32mD:/Develop/Project_pos_mahenz/BE/domain/supplier_purchase/repo/purchase_repo.go:284
[0m[33m[0.000ms] [34;1m[rows:1][0m SELECT COUNT(*) FROM purchases WHERE DATE(purchase_date) = '2026-07-26'

2026/07/26 00:30:50 [32mD:/Develop/Project_pos_mahenz/BE/domain/supplier_purchase/repo/purchase_repo.go:304
[0m[33m[0.553ms] [34;1m[rows:1][0m INSERT INTO purchases (purchase_code, invoice_number, supplier_id, purchase_date, discount_amount, total_amount, payment_status, paid_amount, remaining_amount, user_id, notes) VALUES ('PO-20260726-003', 'INV-QA-DISKON-PAS', 1, '2026-07-26', 2000, 0, 'unpaid', 0, 0, 2, '')

2026/07/26 00:30:50 [32mD:/Develop/Project_pos_mahenz/BE/domain/supplier_purchase/repo/purchase_repo.go:311
[0m[33m[0.000ms] [34;1m[rows:1][0m SELECT LAST_INSERT_ID()

2026/07/26 00:30:50 [32mD:/Develop/Project_pos_mahenz/BE/domain/supplier_purchase/repo/purchase_repo.go:332
[0m[33m[0.521ms] [34;1m[rows:1][0m INSERT INTO purchase_items (purchase_id, product_id, quantity, unit, conversion_qty, purchase_price, subtotal) VALUES (5, 12, 2, 'Batang', 1, 1000, 2000)

2026/07/26 00:30:50 [32mD:/Develop/Project_pos_mahenz/BE/domain/supplier_purchase/repo/purchase_repo.go:350
[0m[33m[0.511ms] [34;1m[rows:1][0m SELECT stock FROM products WHERE id = 12 LIMIT 1

2026/07/26 00:30:50 [32mD:/Develop/Project_pos_mahenz/BE/domain/supplier_purchase/repo/purchase_repo.go:354
[0m[33m[0.600ms] [34;1m[rows:1][0m UPDATE products SET stock = stock + 2, updated_at = NOW() WHERE id = 12

2026/07/26 00:30:50 [32mD:/Develop/Project_pos_mahenz/BE/domain/supplier_purchase/repo/purchase_repo.go:360
[0m[33m[0.943ms] [34;1m[rows:1][0m INSERT INTO stock_mutations (product_id, mutation_type, quantity, stock_before, stock_after, reference_type, reference_id, notes, user_id) VALUES (12, 'in', 2, 1020, 1022, 'purchase', 5, 'Purchase Order PO-20260726-003', 2)

2026/07/26 00:30:50 [32mD:/Develop/Project_pos_mahenz/BE/domain/supplier_purchase/repo/purchase_repo.go:166
[0m[33m[1.299ms] [34;1m[rows:-][0m SELECT p.id, p.purchase_code, p.invoice_number, p.supplier_id, COALESCE(s.name, '') as supplier_name, p.purchase_date, p.discount_amount, p.total_amount, p.payment_status, p.paid_amount, p.remaining_amount, p.status, COALESCE(u.full_name, '') as user_name, p.notes FROM purchases p LEFT JOIN users u ON p.user_id = u.id LEFT JOIN suppliers s ON p.supplier_id = s.id WHERE p.id = 5

2026/07/26 00:30:50 [32mD:/Develop/Project_pos_mahenz/BE/domain/supplier_purchase/repo/purchase_repo.go:208
[0m[33m[0.000ms] [34;1m[rows:-][0m SELECT pi.id, pi.product_id, COALESCE(p.name, '') as product_name, pi.quantity, pi.unit, COALESCE(pi.conversion_qty, 1) as conversion_qty, pi.purchase_price, pi.subtotal FROM purchase_items pi LEFT JOIN products p ON pi.product_id = p.id WHERE pi.purchase_id = 5

2026/07/26 00:30:50 [32mD:/Develop/Project_pos_mahenz/BE/domain/supplier_purchase/repo/purchase_repo.go:242
[0m[33m[0.000ms] [34;1m[rows:0][0m SELECT qty, expired_date FROM product_expiry_batches WHERE purchase_item_id = 9 ORDER BY expired_date ASC
[GIN] 2026/07/26 - 00:30:50 | 201 |      8.9212ms |             ::1 | POST     "/api/supplier-purchases/create"

2026/07/26 00:30:50 [32mD:/Develop/Project_pos_mahenz/BE/repository/log_request_repository.go:32
[0m[33m[2.969ms] [34;1m[rows:1][0m INSERT INTO log_requests (id, method, endpoint, status_code, request_body, response_body, user_id, duration_ms, ip_address, error_message, created_at) VALUES ('9479b7c9-f1d8-4abc-aa8e-666cad16c896', 'POST', '/api/supplier-purchases/create', 201, '{
  "invoice_number":"INV-QA-DISKON-PAS",
  "supplier_id":1,
  "purchase_date":"2026-07-26",
  "discount_amount":2000,
  "payment_status":"unpaid",
  "items":[{"product_id":12,"quantity":2,"unit":"Batang","conversion_qty":1,"purchase_price":1000}]
}', '{"code":"21","status":true,"message":"Purchase order berhasil dibuat","data":{"id":5,"purchase_code":"PO-20260726-003","invoice_number":"INV-QA-DISKON-PAS","supplier_id":1,"supplier_name":"Supplier Test Fase14","purchase_date":"2026-07-26T00:00:00+07:00","discount_amount":2000,"total_amount":0,"payment_status":"unpaid","paid_amount":0,"remaining_amount":0,"status":"active","user_name":"Administrator","notes":"","items":[{"id":9,"product_id":12,"product_name":"Rokok Test Berantai","quantity":2,"unit":"Batang","conversion_qty":1,"purchase_price":1000,"subtotal":2000}]}}', 2, 8, '::1', NULL, '2026-07-26 00:30:50.105')

2026/07/26 00:30:50 [32mD:/Develop/Project_pos_mahenz/BE/domain/auth/repo/auth_repo.go:46
[0m[33m[0.508ms] [34;1m[rows:1][0m SELECT id, user_id, user_role, token, device_info, expires_at FROM sessions WHERE token = 'eyJhbGciOiJIUzI1NiIsInR5cCI6IkpXVCJ9.eyJhcHBzIjoiIiwiZXhwIjoxNzg1MDI5NDQ5LCJmdWxsX25hbWUiOiJBZG1pbmlzdHJhdG9yIiwicm9sZSI6ImFkbWluIiwidXNlcl9pZCI6MiwidXNlcm5hbWUiOiJhZG1pbiJ9.GKaCu7-S6gI9JBegS8LNBEoo1GXs34hTnQdkK7eNACs' LIMIT 1

2026/07/26 00:30:50 [32mD:/Develop/Project_pos_mahenz/BE/domain/supplier_purchase/repo/purchase_repo.go:284
[0m[33m[0.619ms] [34;1m[rows:1][0m SELECT COUNT(*) FROM purchases WHERE DATE(purchase_date) = '2026-07-26'

2026/07/26 00:30:50 [32mD:/Develop/Project_pos_mahenz/BE/domain/supplier_purchase/repo/purchase_repo.go:304
[0m[33m[1.077ms] [34;1m[rows:1][0m INSERT INTO purchases (purchase_code, invoice_number, supplier_id, purchase_date, discount_amount, total_amount, payment_status, paid_amount, remaining_amount, user_id, notes) VALUES ('PO-20260726-004', 'INV-QA-NORMAL', 1, '2026-07-26', 500, 2500, 'unpaid', 0, 2500, 2, '')

2026/07/26 00:30:50 [32mD:/Develop/Project_pos_mahenz/BE/domain/supplier_purchase/repo/purchase_repo.go:311
[0m[33m[0.507ms] [34;1m[rows:1][0m SELECT LAST_INSERT_ID()

2026/07/26 00:30:50 [32mD:/Develop/Project_pos_mahenz/BE/domain/supplier_purchase/repo/purchase_repo.go:332
[0m[33m[0.690ms] [34;1m[rows:1][0m INSERT INTO purchase_items (purchase_id, product_id, quantity, unit, conversion_qty, purchase_price, subtotal) VALUES (6, 12, 2, 'Batang', 1, 1000, 2000)

2026/07/26 00:30:50 [32mD:/Develop/Project_pos_mahenz/BE/domain/supplier_purchase/repo/purchase_repo.go:350
[0m[33m[0.747ms] [34;1m[rows:1][0m SELECT stock FROM products WHERE id = 12 LIMIT 1

2026/07/26 00:30:50 [32mD:/Develop/Project_pos_mahenz/BE/domain/supplier_purchase/repo/purchase_repo.go:354
[0m[33m[0.000ms] [34;1m[rows:1][0m UPDATE products SET stock = stock + 2, updated_at = NOW() WHERE id = 12

2026/07/26 00:30:50 [32mD:/Develop/Project_pos_mahenz/BE/domain/supplier_purchase/repo/purchase_repo.go:360
[0m[33m[0.000ms] [34;1m[rows:1][0m INSERT INTO stock_mutations (product_id, mutation_type, quantity, stock_before, stock_after, reference_type, reference_id, notes, user_id) VALUES (12, 'in', 2, 1022, 1024, 'purchase', 6, 'Purchase Order PO-20260726-004', 2)

2026/07/26 00:30:50 [32mD:/Develop/Project_pos_mahenz/BE/domain/supplier_purchase/repo/purchase_repo.go:332
[0m[33m[0.549ms] [34;1m[rows:1][0m INSERT INTO purchase_items (purchase_id, product_id, quantity, unit, conversion_qty, purchase_price, subtotal) VALUES (6, 8, 1, 'Pieces', 1, 1000, 1000)

2026/07/26 00:30:50 [32mD:/Develop/Project_pos_mahenz/BE/domain/supplier_purchase/repo/purchase_repo.go:350
[0m[33m[0.562ms] [34;1m[rows:1][0m SELECT stock FROM products WHERE id = 8 LIMIT 1

2026/07/26 00:30:50 [32mD:/Develop/Project_pos_mahenz/BE/domain/supplier_purchase/repo/purchase_repo.go:354
[0m[33m[0.000ms] [34;1m[rows:1][0m UPDATE products SET stock = stock + 1, updated_at = NOW() WHERE id = 8

2026/07/26 00:30:50 [32mD:/Develop/Project_pos_mahenz/BE/domain/supplier_purchase/repo/purchase_repo.go:360
[0m[33m[0.000ms] [34;1m[rows:1][0m INSERT INTO stock_mutations (product_id, mutation_type, quantity, stock_before, stock_after, reference_type, reference_id, notes, user_id) VALUES (8, 'in', 1, 5, 6, 'purchase', 6, 'Purchase Order PO-20260726-004', 2)

2026/07/26 00:30:50 [32mD:/Develop/Project_pos_mahenz/BE/domain/supplier_purchase/repo/purchase_repo.go:166
[0m[33m[1.434ms] [34;1m[rows:-][0m SELECT p.id, p.purchase_code, p.invoice_number, p.supplier_id, COALESCE(s.name, '') as supplier_name, p.purchase_date, p.discount_amount, p.total_amount, p.payment_status, p.paid_amount, p.remaining_amount, p.status, COALESCE(u.full_name, '') as user_name, p.notes FROM purchases p LEFT JOIN users u ON p.user_id = u.id LEFT JOIN suppliers s ON p.supplier_id = s.id WHERE p.id = 6

2026/07/26 00:30:50 [32mD:/Develop/Project_pos_mahenz/BE/domain/supplier_purchase/repo/purchase_repo.go:208
[0m[33m[0.539ms] [34;1m[rows:-][0m SELECT pi.id, pi.product_id, COALESCE(p.name, '') as product_name, pi.quantity, pi.unit, COALESCE(pi.conversion_qty, 1) as conversion_qty, pi.purchase_price, pi.subtotal FROM purchase_items pi LEFT JOIN products p ON pi.product_id = p.id WHERE pi.purchase_id = 6

2026/07/26 00:30:50 [32mD:/Develop/Project_pos_mahenz/BE/domain/supplier_purchase/repo/purchase_repo.go:242
[0m[33m[0.696ms] [34;1m[rows:0][0m SELECT qty, expired_date FROM product_expiry_batches WHERE purchase_item_id = 10 ORDER BY expired_date ASC

2026/07/26 00:30:50 [32mD:/Develop/Project_pos_mahenz/BE/domain/supplier_purchase/repo/purchase_repo.go:242
[0m[33m[0.000ms] [34;1m[rows:0][0m SELECT qty, expired_date FROM product_expiry_batches WHERE purchase_item_id = 11 ORDER BY expired_date ASC
[GIN] 2026/07/26 - 00:30:50 | 201 |     11.3318ms |             ::1 | POST     "/api/supplier-purchases/create"

2026/07/26 00:30:50 [32mD:/Develop/Project_pos_mahenz/BE/repository/log_request_repository.go:32
[0m[33m[2.134ms] [34;1m[rows:1][0m INSERT INTO log_requests (id, method, endpoint, status_code, request_body, response_body, user_id, duration_ms, ip_address, error_message, created_at) VALUES ('16a58f36-d413-4c5a-80a4-54ba6866230c', 'POST', '/api/supplier-purchases/create', 201, '{
  "invoice_number":"INV-QA-NORMAL",
  "supplier_id":1,
  "purchase_date":"2026-07-26",
  "discount_amount":500,
  "payment_status":"unpaid",
  "items":[
    {"product_id":12,"quantity":2,"unit":"Batang","conversion_qty":1,"purchase_price":1000},
    {"product_id":8,"quantity":1,"unit":"Pieces","conversion_qty":1,"purchase_price":1000}
  ]
}', '{"code":"21","status":true,"message":"Purchase order berhasil dibuat","data":{"id":6,"purchase_code":"PO-20260726-004","invoice_number":"INV-QA-NORMAL","supplier_id":1,"supplier_name":"Supplier Test Fase14","purchase_date":"2026-07-26T00:00:00+07:00","discount_amount":500,"total_amount":2500,"payment_status":"unpaid","paid_amount":0,"remaining_amount":2500,"status":"active","user_name":"Administrator","notes":"","items":[{"id":10,"product_id":12,"product_name":"Rokok Test Berantai","quantity":2,"unit":"Batang","conversion_qty":1,"purchase_price":1000,"subtotal":2000},{"id":11,"product_id":8,"product_name":"Import Nama Duplikat","quantity":1,"unit":"Pieces","conversion_qty":1,"purchase_price":1000,"subtotal":1000}]}}', 2, 10, '::1', NULL, '2026-07-26 00:30:50.231')

2026/07/26 00:31:05 [32mD:/Develop/Project_pos_mahenz/BE/domain/auth/repo/auth_repo.go:17
[0m[33m[0.545ms] [34;1m[rows:1][0m SELECT u.id, u.username, u.password, u.full_name, u.role_id, r.name AS role_name, u.is_active FROM users u INNER JOIN roles r ON r.id = u.role_id WHERE u.username = 'admin' LIMIT 1

2026/07/26 00:31:05 [32mD:/Develop/Project_pos_mahenz/BE/domain/auth/repo/auth_repo.go:67
[0m[33m[3.912ms] [34;1m[rows:1][0m DELETE FROM sessions WHERE user_id = 2

2026/07/26 00:31:05 [32mD:/Develop/Project_pos_mahenz/BE/domain/auth/repo/auth_repo.go:38
[0m[33m[2.519ms] [34;1m[rows:1][0m INSERT INTO sessions (user_id, user_role, token, refresh_token, device_info, ip_address, expires_at) VALUES (2, 'admin', 'eyJhbGciOiJIUzI1NiIsInR5cCI6IkpXVCJ9.eyJhcHBzIjoiIiwiZXhwIjoxNzg1MDI5NDY1LCJmdWxsX25hbWUiOiJBZG1pbmlzdHJhdG9yIiwicm9sZSI6ImFkbWluIiwidXNlcl9pZCI6MiwidXNlcm5hbWUiOiJhZG1pbiJ9.7xfbBMuUJk-VXvrauHaDKBhN-BDSuJQewZWQ4Q8SFZU', '907b725611cbf563fb7bd492c2568b41e50cb064d93226c260848ce6c69d0e78', '', '::1', '2026-08-02 00:31:05.524') ON DUPLICATE KEY UPDATE user_role=VALUES(user_role), token=VALUES(token), refresh_token=VALUES(refresh_token), device_info=VALUES(device_info), ip_address=VALUES(ip_address), expires_at=VALUES(expires_at), created_at=NOW()
[GIN] 2026/07/26 - 00:31:05 | 200 |     83.0348ms |             ::1 | POST     "/api/auth/login"

2026/07/26 00:31:05 [32mD:/Develop/Project_pos_mahenz/BE/repository/log_request_repository.go:32
[0m[33m[2.357ms] [34;1m[rows:1][0m INSERT INTO log_requests (id, method, endpoint, status_code, request_body, response_body, user_id, duration_ms, ip_address, error_message, created_at) VALUES ('09c088c9-5d7f-4379-a2db-ffa7bc1a099c', 'POST', '/api/auth/login', 200, '{"username":"admin","password":"admin123"}', '{"code":"00","status":true,"message":"Login berhasil","data":{"token":"eyJhbGciOiJIUzI1NiIsInR5cCI6IkpXVCJ9.eyJhcHBzIjoiIiwiZXhwIjoxNzg1MDI5NDY1LCJmdWxsX25hbWUiOiJBZG1pbmlzdHJhdG9yIiwicm9sZSI6ImFkbWluIiwidXNlcl9pZCI6MiwidXNlcm5hbWUiOiJhZG1pbiJ9.7xfbBMuUJk-VXvrauHaDKBhN-BDSuJQewZWQ4Q8SFZU","refresh_token":"907b725611cbf563fb7bd492c2568b41e50cb064d93226c260848ce6c69d0e78","expires_at":"2026-08-02T00:31:05.524469+07:00","user":{"id":2,"username":"admin","full_name":"Administrator","role_id":2,"role_name":"admin"}}}', NULL, 83, '::1', NULL, '2026-07-26 00:31:05.532')

2026/07/26 00:31:05 [32mD:/Develop/Project_pos_mahenz/BE/domain/auth/repo/auth_repo.go:46
[0m[33m[2.442ms] [34;1m[rows:1][0m SELECT id, user_id, user_role, token, device_info, expires_at FROM sessions WHERE token = 'eyJhbGciOiJIUzI1NiIsInR5cCI6IkpXVCJ9.eyJhcHBzIjoiIiwiZXhwIjoxNzg1MDI5NDY1LCJmdWxsX25hbWUiOiJBZG1pbmlzdHJhdG9yIiwicm9sZSI6ImFkbWluIiwidXNlcl9pZCI6MiwidXNlcm5hbWUiOiJhZG1pbiJ9.7xfbBMuUJk-VXvrauHaDKBhN-BDSuJQewZWQ4Q8SFZU' LIMIT 1
[GIN] 2026/07/26 - 00:31:05 | 422 |      2.7795ms |             ::1 | POST     "/api/supplier-purchases/create"
Error #01: Key: 'CreateRequest.supplier_id' Error:Field validation for 'supplier_id' failed on the 'required' tag

2026/07/26 00:31:05 [32mD:/Develop/Project_pos_mahenz/BE/repository/log_request_repository.go:32
[0m[33m[2.341ms] [34;1m[rows:1][0m INSERT INTO log_requests (id, method, endpoint, status_code, request_body, response_body, user_id, duration_ms, ip_address, error_message, created_at) VALUES ('ceea8a4d-7b59-4c27-9e2b-d003d874a030', 'POST', '/api/supplier-purchases/create', 422, '{
  "invoice_number":"INV-QA-NOSUP",
  "purchase_date":"2026-07-26",
  "discount_amount":0,
  "payment_status":"unpaid",
  "items":[{"product_id":12,"quantity":2,"unit":"Batang","conversion_qty":1,"purchase_price":1000}]
}', '{"code":"42","status":false,"message":"Invalid Request","data":null,"errors":{"supplier_id":"supplier id wajib diisi"}}', 2, 2, '::1', 'Key: ''CreateRequest.supplier_id'' Error:Field validation for ''supplier_id'' failed on the ''required'' tag', '2026-07-26 00:31:05.661')

2026/07/26 00:31:05 [32mD:/Develop/Project_pos_mahenz/BE/domain/auth/repo/auth_repo.go:46
[0m[33m[0.522ms] [34;1m[rows:1][0m SELECT id, user_id, user_role, token, device_info, expires_at FROM sessions WHERE token = 'eyJhbGciOiJIUzI1NiIsInR5cCI6IkpXVCJ9.eyJhcHBzIjoiIiwiZXhwIjoxNzg1MDI5NDY1LCJmdWxsX25hbWUiOiJBZG1pbmlzdHJhdG9yIiwicm9sZSI6ImFkbWluIiwidXNlcl9pZCI6MiwidXNlcm5hbWUiOiJhZG1pbiJ9.7xfbBMuUJk-VXvrauHaDKBhN-BDSuJQewZWQ4Q8SFZU' LIMIT 1
[GIN] 2026/07/26 - 00:31:05 | 422 |      1.0692ms |             ::1 | POST     "/api/supplier-purchases/create"
Error #01: Key: 'CreateRequest.items' Error:Field validation for 'items' failed on the 'min' tag

2026/07/26 00:31:05 [32mD:/Develop/Project_pos_mahenz/BE/repository/log_request_repository.go:32
[0m[33m[2.067ms] [34;1m[rows:1][0m INSERT INTO log_requests (id, method, endpoint, status_code, request_body, response_body, user_id, duration_ms, ip_address, error_message, created_at) VALUES ('800bec21-60b3-4000-b721-2f0661544cff', 'POST', '/api/supplier-purchases/create', 422, '{
  "invoice_number":"INV-QA-NOITEM",
  "supplier_id":1,
  "purchase_date":"2026-07-26",
  "discount_amount":0,
  "payment_status":"unpaid",
  "items":[]
}', '{"code":"42","status":false,"message":"Invalid Request","data":null,"errors":{"items":"items harus berisi minimal 1 item"}}', 2, 1, '::1', 'Key: ''CreateRequest.items'' Error:Field validation for ''items'' failed on the ''min'' tag', '2026-07-26 00:31:05.756')

2026/07/26 00:31:05 [32mD:/Develop/Project_pos_mahenz/BE/domain/auth/repo/auth_repo.go:46
[0m[33m[0.511ms] [34;1m[rows:1][0m SELECT id, user_id, user_role, token, device_info, expires_at FROM sessions WHERE token = 'eyJhbGciOiJIUzI1NiIsInR5cCI6IkpXVCJ9.eyJhcHBzIjoiIiwiZXhwIjoxNzg1MDI5NDY1LCJmdWxsX25hbWUiOiJBZG1pbmlzdHJhdG9yIiwicm9sZSI6ImFkbWluIiwidXNlcl9pZCI6MiwidXNlcm5hbWUiOiJhZG1pbiJ9.7xfbBMuUJk-VXvrauHaDKBhN-BDSuJQewZWQ4Q8SFZU' LIMIT 1
[GIN] 2026/07/26 - 00:31:05 | 422 |      1.1613ms |             ::1 | POST     "/api/supplier-purchases/create"
Error #01: Key: 'CreateRequest.items[0].product_id' Error:Field validation for 'product_id' failed on the 'required' tag

2026/07/26 00:31:05 [32mD:/Develop/Project_pos_mahenz/BE/repository/log_request_repository.go:32
[0m[33m[2.160ms] [34;1m[rows:1][0m INSERT INTO log_requests (id, method, endpoint, status_code, request_body, response_body, user_id, duration_ms, ip_address, error_message, created_at) VALUES ('103f3b9e-0b42-498c-9cde-76622817d41d', 'POST', '/api/supplier-purchases/create', 422, '{
  "invoice_number":"INV-QA-NOPRODUCT",
  "supplier_id":1,
  "purchase_date":"2026-07-26",
  "discount_amount":0,
  "payment_status":"unpaid",
  "items":[{"product_id":0,"quantity":2,"unit":"Batang","conversion_qty":1,"purchase_price":1000}]
}', '{"code":"42","status":false,"message":"Invalid Request","data":null,"errors":{"product_id":"product id wajib diisi"}}', 2, 1, '::1', 'Key: ''CreateRequest.items[0].product_id'' Error:Field validation for ''product_id'' failed on the ''required'' tag', '2026-07-26 00:31:05.871')

2026/07/26 00:31:55 [32mD:/Develop/Project_pos_mahenz/BE/domain/auth/repo/auth_repo.go:17
[0m[33m[0.786ms] [34;1m[rows:1][0m SELECT u.id, u.username, u.password, u.full_name, u.role_id, r.name AS role_name, u.is_active FROM users u INNER JOIN roles r ON r.id = u.role_id WHERE u.username = 'admin' LIMIT 1

2026/07/26 00:31:55 [32mD:/Develop/Project_pos_mahenz/BE/domain/auth/repo/auth_repo.go:67
[0m[33m[2.508ms] [34;1m[rows:1][0m DELETE FROM sessions WHERE user_id = 2

2026/07/26 00:31:55 [32mD:/Develop/Project_pos_mahenz/BE/domain/auth/repo/auth_repo.go:38
[0m[33m[2.690ms] [34;1m[rows:1][0m INSERT INTO sessions (user_id, user_role, token, refresh_token, device_info, ip_address, expires_at) VALUES (2, 'admin', 'eyJhbGciOiJIUzI1NiIsInR5cCI6IkpXVCJ9.eyJhcHBzIjoiIiwiZXhwIjoxNzg1MDI5NTE1LCJmdWxsX25hbWUiOiJBZG1pbmlzdHJhdG9yIiwicm9sZSI6ImFkbWluIiwidXNlcl9pZCI6MiwidXNlcm5hbWUiOiJhZG1pbiJ9.kWuCuc9wzFzgqutQNEB29o5hZ0_V_4QgrNk0-v_EaJ4', '5800ab750855b7afe36de6eaadbab3affd0acb816ac919f25ed1e1b7d6c76204', '', '::1', '2026-08-02 00:31:55.578') ON DUPLICATE KEY UPDATE user_role=VALUES(user_role), token=VALUES(token), refresh_token=VALUES(refresh_token), device_info=VALUES(device_info), ip_address=VALUES(ip_address), expires_at=VALUES(expires_at), created_at=NOW()
[GIN] 2026/07/26 - 00:31:55 | 200 |     94.1245ms |             ::1 | POST     "/api/auth/login"

2026/07/26 00:31:55 [32mD:/Develop/Project_pos_mahenz/BE/repository/log_request_repository.go:32
[0m[33m[2.385ms] [34;1m[rows:1][0m INSERT INTO log_requests (id, method, endpoint, status_code, request_body, response_body, user_id, duration_ms, ip_address, error_message, created_at) VALUES ('c40a48e5-e904-47bf-ab1a-e50e6275f6f0', 'POST', '/api/auth/login', 200, '{"username":"admin","password":"admin123"}', '{"code":"00","status":true,"message":"Login berhasil","data":{"token":"eyJhbGciOiJIUzI1NiIsInR5cCI6IkpXVCJ9.eyJhcHBzIjoiIiwiZXhwIjoxNzg1MDI5NTE1LCJmdWxsX25hbWUiOiJBZG1pbmlzdHJhdG9yIiwicm9sZSI6ImFkbWluIiwidXNlcl9pZCI6MiwidXNlcm5hbWUiOiJhZG1pbiJ9.kWuCuc9wzFzgqutQNEB29o5hZ0_V_4QgrNk0-v_EaJ4","refresh_token":"5800ab750855b7afe36de6eaadbab3affd0acb816ac919f25ed1e1b7d6c76204","expires_at":"2026-08-02T00:31:55.5782737+07:00","user":{"id":2,"username":"admin","full_name":"Administrator","role_id":2,"role_name":"admin"}}}', NULL, 94, '::1', NULL, '2026-07-26 00:31:55.583')

2026/07/26 00:31:55 [32mD:/Develop/Project_pos_mahenz/BE/domain/auth/repo/auth_repo.go:46
[0m[33m[0.508ms] [34;1m[rows:1][0m SELECT id, user_id, user_role, token, device_info, expires_at FROM sessions WHERE token = 'eyJhbGciOiJIUzI1NiIsInR5cCI6IkpXVCJ9.eyJhcHBzIjoiIiwiZXhwIjoxNzg1MDI5NTE1LCJmdWxsX25hbWUiOiJBZG1pbmlzdHJhdG9yIiwicm9sZSI6ImFkbWluIiwidXNlcl9pZCI6MiwidXNlcm5hbWUiOiJhZG1pbiJ9.kWuCuc9wzFzgqutQNEB29o5hZ0_V_4QgrNk0-v_EaJ4' LIMIT 1

2026/07/26 00:31:55 [32mD:/Develop/Project_pos_mahenz/BE/domain/supplier_purchase/repo/purchase_repo.go:124
[0m[33m[0.000ms] [34;1m[rows:1][0m SELECT COUNT(*) FROM purchases p WHERE 1=1 AND (p.invoice_number LIKE '%INV-QA-DBLCLICK%' OR p.purchase_code LIKE '%INV-QA-DBLCLICK%')

2026/07/26 00:31:55 [32mD:/Develop/Project_pos_mahenz/BE/domain/supplier_purchase/repo/purchase_repo.go:141
[0m[33m[0.000ms] [34;1m[rows:-][0m SELECT p.id, p.purchase_code, p.invoice_number, p.supplier_id, COALESCE(s.name, '') as supplier_name, p.purchase_date, p.discount_amount, p.total_amount, p.payment_status, p.paid_amount, p.remaining_amount, p.status, COALESCE(u.full_name, '') as user_name, p.notes FROM purchases p LEFT JOIN users u ON p.user_id = u.id LEFT JOIN suppliers s ON p.supplier_id = s.id WHERE 1=1 AND (p.invoice_number LIKE '%INV-QA-DBLCLICK%' OR p.purchase_code LIKE '%INV-QA-DBLCLICK%') ORDER BY p.purchase_date DESC, p.id DESC LIMIT 1 OFFSET 0
[GIN] 2026/07/26 - 00:31:55 | 200 |      2.1317ms |             ::1 | POST     "/api/supplier-purchases/list"

2026/07/26 00:31:55 [32mD:/Develop/Project_pos_mahenz/BE/repository/log_request_repository.go:32
[0m[33m[2.368ms] [34;1m[rows:1][0m INSERT INTO log_requests (id, method, endpoint, status_code, request_body, response_body, user_id, duration_ms, ip_address, error_message, created_at) VALUES ('ef1e860d-1a91-4d55-8e36-3e157a812442', 'POST', '/api/supplier-purchases/list', 200, '{"page":1,"limit":1,"search":"INV-QA-DBLCLICK"}', '{"code":"00","status":true,"message":"Daftar purchase order","data":[],"pagination":{"page":1,"per_page":1,"total":0,"total_pages":0}}', 2, 2, '::1', NULL, '2026-07-26 00:31:55.777')
[GIN] 2026/07/26 - 00:32:10 | 204 |            0s |             ::1 | OPTIONS  "/api/auth/login"

2026/07/26 00:32:10 [32mD:/Develop/Project_pos_mahenz/BE/domain/auth/repo/auth_repo.go:17
[0m[33m[0.515ms] [34;1m[rows:1][0m SELECT u.id, u.username, u.password, u.full_name, u.role_id, r.name AS role_name, u.is_active FROM users u INNER JOIN roles r ON r.id = u.role_id WHERE u.username = 'admin' LIMIT 1

2026/07/26 00:32:10 [32mD:/Develop/Project_pos_mahenz/BE/domain/auth/repo/auth_repo.go:67
[0m[33m[10.082ms] [34;1m[rows:1][0m DELETE FROM sessions WHERE user_id = 2

2026/07/26 00:32:10 [32mD:/Develop/Project_pos_mahenz/BE/domain/auth/repo/auth_repo.go:38
[0m[33m[3.409ms] [34;1m[rows:1][0m INSERT INTO sessions (user_id, user_role, token, refresh_token, device_info, ip_address, expires_at) VALUES (2, 'admin', 'eyJhbGciOiJIUzI1NiIsInR5cCI6IkpXVCJ9.eyJhcHBzIjoid2ViIiwiZXhwIjoxNzg1MDI5NTMwLCJmdWxsX25hbWUiOiJBZG1pbmlzdHJhdG9yIiwicm9sZSI6ImFkbWluIiwidXNlcl9pZCI6MiwidXNlcm5hbWUiOiJhZG1pbiJ9.Aegck2gXVTCmnPZrNkrKoXI0tRxg0wb8myjnapepO-o', '1982b1f08809d2223ce95abc748d0d114a8cb224392a64baffdbc6bc23aac292', 'web', '::1', '2026-08-02 00:32:10.445') ON DUPLICATE KEY UPDATE user_role=VALUES(user_role), token=VALUES(token), refresh_token=VALUES(refresh_token), device_info=VALUES(device_info), ip_address=VALUES(ip_address), expires_at=VALUES(expires_at), created_at=NOW()
[GIN] 2026/07/26 - 00:32:10 | 200 |     61.7927ms |             ::1 | POST     "/api/auth/login"

2026/07/26 00:32:10 [32mD:/Develop/Project_pos_mahenz/BE/repository/log_request_repository.go:32
[0m[33m[2.078ms] [34;1m[rows:1][0m INSERT INTO log_requests (id, method, endpoint, status_code, request_body, response_body, user_id, duration_ms, ip_address, error_message, created_at) VALUES ('831dcc89-5755-4fd4-b1ae-82b9f2142645', 'POST', '/api/auth/login', 200, '{"username":"admin","password":"admin123","device_info":"web"}', '{"code":"00","status":true,"message":"Login berhasil","data":{"token":"eyJhbGciOiJIUzI1NiIsInR5cCI6IkpXVCJ9.eyJhcHBzIjoid2ViIiwiZXhwIjoxNzg1MDI5NTMwLCJmdWxsX25hbWUiOiJBZG1pbmlzdHJhdG9yIiwicm9sZSI6ImFkbWluIiwidXNlcl9pZCI6MiwidXNlcm5hbWUiOiJhZG1pbiJ9.Aegck2gXVTCmnPZrNkrKoXI0tRxg0wb8myjnapepO-o","refresh_token":"1982b1f08809d2223ce95abc748d0d114a8cb224392a64baffdbc6bc23aac292","expires_at":"2026-08-02T00:32:10.4455091+07:00","user":{"id":2,"username":"admin","full_name":"Administrator","role_id":2,"role_name":"admin"}}}', NULL, 61, '::1', NULL, '2026-07-26 00:32:10.459')
[GIN] 2026/07/26 - 00:32:10 | 204 |            0s |             ::1 | OPTIONS  "/api/menus/my"
[GIN] 2026/07/26 - 00:32:10 | 204 |            0s |             ::1 | OPTIONS  "/api/menus/my"

2026/07/26 00:32:10 [32mD:/Develop/Project_pos_mahenz/BE/domain/auth/repo/auth_repo.go:46
[0m[33m[0.504ms] [34;1m[rows:1][0m SELECT id, user_id, user_role, token, device_info, expires_at FROM sessions WHERE token = 'eyJhbGciOiJIUzI1NiIsInR5cCI6IkpXVCJ9.eyJhcHBzIjoid2ViIiwiZXhwIjoxNzg1MDI5NTMwLCJmdWxsX25hbWUiOiJBZG1pbmlzdHJhdG9yIiwicm9sZSI6ImFkbWluIiwidXNlcl9pZCI6MiwidXNlcm5hbWUiOiJhZG1pbiJ9.Aegck2gXVTCmnPZrNkrKoXI0tRxg0wb8myjnapepO-o' LIMIT 1

2026/07/26 00:32:10 [32mD:/Develop/Project_pos_mahenz/BE/domain/menu/repo/menu_repo.go:121
[0m[33m[1.108ms] [34;1m[rows:-][0m 
		SELECT
			m.id,
			m.parent_id,
			m.key_name,
			m.label,
			m.icon,
			m.path,
			m.order_index,
			COALESCE(rma.can_view,   0),
			COALESCE(rma.can_create, 0),
			COALESCE(rma.can_edit,   0),
			COALESCE(rma.can_delete, 0)
		FROM menus m
		LEFT JOIN role_menu_access rma ON rma.menu_id = m.id
			AND rma.role_id = (SELECT id FROM roles WHERE name = 'admin' AND is_active = 1 LIMIT 1)
		WHERE m.is_active = 1
		ORDER BY m.order_index ASC, m.id ASC
		
[GIN] 2026/07/26 - 00:32:10 | 200 |      2.1739ms |             ::1 | POST     "/api/menus/my"

2026/07/26 00:32:10 [32mD:/Develop/Project_pos_mahenz/BE/domain/auth/repo/auth_repo.go:46
[0m[33m[2.346ms] [34;1m[rows:1][0m SELECT id, user_id, user_role, token, device_info, expires_at FROM sessions WHERE token = 'eyJhbGciOiJIUzI1NiIsInR5cCI6IkpXVCJ9.eyJhcHBzIjoid2ViIiwiZXhwIjoxNzg1MDI5NTMwLCJmdWxsX25hbWUiOiJBZG1pbmlzdHJhdG9yIiwicm9sZSI6ImFkbWluIiwidXNlcl9pZCI6MiwidXNlcm5hbWUiOiJhZG1pbiJ9.Aegck2gXVTCmnPZrNkrKoXI0tRxg0wb8myjnapepO-o' LIMIT 1

2026/07/26 00:32:10 [32mD:/Develop/Project_pos_mahenz/BE/domain/menu/repo/menu_repo.go:121
[0m[33m[0.719ms] [34;1m[rows:-][0m 
		SELECT
			m.id,
			m.parent_id,
			m.key_name,
			m.label,
			m.icon,
			m.path,
			m.order_index,
			COALESCE(rma.can_view,   0),
			COALESCE(rma.can_create, 0),
			COALESCE(rma.can_edit,   0),
			COALESCE(rma.can_delete, 0)
		FROM menus m
		LEFT JOIN role_menu_access rma ON rma.menu_id = m.id
			AND rma.role_id = (SELECT id FROM roles WHERE name = 'admin' AND is_active = 1 LIMIT 1)
		WHERE m.is_active = 1
		ORDER BY m.order_index ASC, m.id ASC
		
[GIN] 2026/07/26 - 00:32:10 | 200 |      3.4943ms |             ::1 | POST     "/api/menus/my"

2026/07/26 00:32:10 [32mD:/Develop/Project_pos_mahenz/BE/repository/log_request_repository.go:32
[0m[33m[6.720ms] [34;1m[rows:1][0m INSERT INTO log_requests (id, method, endpoint, status_code, request_body, response_body, user_id, duration_ms, ip_address, error_message, created_at) VALUES ('eb72668d-5f93-4ef8-9f90-31ee8370c913', 'POST', '/api/menus/my', 200, '{}', '{"code":"00","status":true,"message":"Menu akses","data":[{"key_name":"beranda","label":"Beranda","icon":"Home","path":null,"order_index":1,"permission":{"can_view":true,"can_create":true,"can_edit":true,"can_delete":true},"children":[{"key_name":"beranda.dashboard","label":"Dashboard","icon":"LayoutDashboard","path":"/dashboard","order_index":1,"permission":{"can_view":true,"can_create":true,"can_edit":true,"can_delete":true},"children":[]}]},{"key_name":"penjualan","label":"Penjualan","icon":"ShoppingCart","path":null,"order_index":2,"permission":{"can_view":true,"can_create":true,"can_edit":true,"can_delete":true},"children":[{"key_name":"penjualan.kasir","label":"Kasir","icon":"ShoppingCart","path":"/kasir","order_index":1,"permission":{"can_view":true,"can_create":true,"can_edit":true,"can_delete":true},"children":[]},{"key_name":"penjualan.transaksi","label":"Transaksi","icon":"Receipt","path":"/transactions","order_index":2,"permission":{"can_view":true,"can_create":true,"can_edit":true,"can_delete":true},"children":[]}]},{"key_name":"produk","label":"Produk","icon":"Package","path":null,"order_index":3,"permission":{"can_view":true,"can_create":true,"can_edit":true,"can_delete":true},"children":[{"key_name":"produk.produk","label":"Produk","icon":"Package","path":"/products","order_index":1,"permission":{"can_view":true,"can_create":true,"can_edit":true,"can_delete":true},"children":[]},{"key_name":"produk.kategori","label":"Kategori","icon":"Tag","path":"/products/categories","order_index":2,"permission":{"can_view":true,"can_create":true,"can_edit":true,"can_delete":true},"children":[]},{"key_name":"produk.unit","label":"Unit","icon":"PackageSearch","path":"/products/units","order_index":3,"permission":{"can_view":true,"can_create":true,"can_edit":true,"can_delete":true},"children":[]}]},{"key_name":"pengadaan","label":"Pengadaan","icon":"Truck","path":null,"order_index":4,"permission":{"can_view":true,"can_create":true,"can_edit":true,"can_delete":true},"children":[{"key_name":"pengadaan.supplier","label":"Supplier","icon":"Truck","path":"/suppliers","order_index":1,"permission":{"can_view":true,"can_create":true,"can_edit":true,"can_delete":true},"children":[]},{"key_name":"pengadaan.pembelian","label":"Pembelian","icon":"ShoppingBag","path":"/suppliers/purchases","order_index":2,"permission":{"can_view":true,"can_create":true,"can_edit":true,"can_delete":true},"children":[]},{"key_name":"pengadaan.retur","label":"Retur","icon":"RotateCcw","path":"/suppliers/returns","order_index":3,"permission":{"can_view":true,"can_create":true,"can_edit":true,"can_delete":true},"children":[]}]},{"key_name":"pelanggan","label":"Pelanggan","icon":"Users","path":null,"order_index":5,"permission":{"can_view":true,"can_create":true,"can_edit":true,"can_delete":true},"children":[{"key_name":"pelanggan.pelanggan","label":"Pelanggan","icon":"Users","path":"/customers","order_index":1,"permission":{"can_view":true,"can_create":true,"can_edit":true,"can_delete":true},"children":[]},{"key_name":"pelanggan.piutang","label":"Piutang","icon":"CreditCard","path":"/receivables","order_index":2,"permission":{"can_view":true,"can_create":true,"can_edit":true,"can_delete":true},"children":[]}]},{"key_name":"keuangan","label":"Keuangan","icon":"Wallet","path":null,"order_index":6,"permission":{"can_view":true,"can_create":true,"can_edit":true,"can_delete":true},"children":[{"key_name":"keuangan.dashboard","label":"Dashboard Keuangan","icon":"Wallet","path":"/finance","order_index":1,"permission":{"can_view":true,"can_create":true,"can_edit":true,"can_delete":true},"children":[]},{"key_name":"keuangan.kas_harian","label":"Kas Harian","icon":"Landmark","path":"/finance/cash-drawer","order_index":2,"permission":{"can_view":true,"can_create":true,"can_edit":true,"can_delete":true},"children":[]},{"key_name":"keuangan.pengeluaran","label":"Pengeluaran","icon":"TrendingDown","path":"/finance/expenses","order_index":3,"permission":{"can_view":true,"can_create":true,"can_edit":true,"can_delete":true},"children":[]},{"key_name":"keuangan.kas_saya","label":"Kas Saya","icon":"Wallet","path":"/finance/my-cash","order_index":4,"permission":{"can_view":true,"can_create":true,"can_edit":true,"can_delete":true},"children":[]}]},{"key_name":"pelaporan","label":"Pelaporan","icon":"BarChart2","path":null,"order_index":7,"permission":{"can_view":true,"can_create":true,"can_edit":true,"can_delete":true},"children":[{"key_name":"pelaporan.penjualan","label":"Penjualan","icon":"TrendingUp","path":"/reports/sales","order_index":1,"permission":{"can_view":true,"can_create":true,"can_edit":true,"can_delete":true},"children":[]},{"key_name":"pelaporan.laba_rugi","label":"Laba Rugi","icon":"LineChart","path":"/reports/profit-loss","order_index":2,"permission":{"can_view":true,"can_create":true,"can_edit":true,"can_delete":true},"children":[]},{"key_name":"pelaporan.stok","label":"Stok","icon":"PackageSearch","path":"/reports/stock","order_index":3,"permission":{"can_view":true,"can_create":true,"can_edit":true,"can_delete":true},"children":[]},{"key_name":"pelaporan.kinerja_kasir","label":"Kinerja Kasir","icon":"BarChart2","path":"/reports/cashier","order_index":4,"permission":{"can_view":true,"can_create":true,"can_edit":true,"can_delete":true},"children":[]},{"key_name":"pelaporan.ringkasan_bisnis","label":"Ringkasan Bisnis","icon":"BarChart3","path":"/reports/business-summary","order_index":5,"permission":{"can_view":true,"can_create":true,"can_edit":true,"can_delete":true},"children":[]}]},{"key_name":"operasional","label":"Operasional","icon":"Clock","path":null,"order_index":8,"permission":{"can_view":true,"can_create":true,"can_edit":true,"can_delete":true},"children":[{"key_name":"operasional.shift","label":"Shift","icon":"Clock","path":"/shifts","order_index":1,"permission":{"can_view":true,"can_create":true,"can_edit":true,"can_delete":true},"children":[]},{"key_name":"operasional.sync","label":"Sync Center","icon":"RefreshCw","path":"/sync","order_index":2,"permission":{"can_view":true,"can_create":true,"can_edit":true,"can_delete":true},"children":[]}]},{"key_name":"sistem","label":"Sistem","icon":"Settings","path":null,"order_index":9,"permission":{"can_view":true,"can_create":true,"can_edit":true,"can_delete":true},"children":[{"key_name":"sistem.profil_toko","label":"Profil Toko","icon":"Settings","path":"/settings/store","order_index":1,"permission":{"can_view":true,"can_create":true,"can_edit":true,"can_delete":true},"children":[]},{"key_name":"sistem.users","label":"Manajemen User","icon":"Users","path":"/settings/users","order_index":2,"permission":{"can_view":true,"can_create":true,"can_edit":true,"can_delete":true},"children":[]},{"key_name":"sistem.roles","label":"Manajemen Role","icon":"Shield","path":"/settings/roles","order_index":3,"permission":{"can_view":true,"can_create":true,"can_edit":true,"can_delete":true},"children":[]},{"key_name":"sistem.menus","label":"Manajemen Menu","icon":"LayoutList","path":"/settings/menus","order_index":4,"permission":{"can_view":true,"can_create":true,"can_edit":true,"can_delete":true},"children":[]},{"key_name":"sistem.printer","label":"Printer","icon":"Printer","path":"/settings/printer","order_index":5,"permission":{"can_view":true,"can_create":true,"can_edit":true,"can_delete":true},"children":[]},{"key_name":"sistem.versi","label":"Versi Aplikasi","icon":"RefreshCw","path":"/settings/versions","order_index":6,"permission":{"can_view":true,"can_create":true,"can_edit":true,"can_delete":true},"children":[]},{"key_name":"sistem.backup","label":"Backup \u0026 Restore","icon":"DatabaseBackup","path":"/settings/backup","order_index":7,"permission":{"can_view":true,"can_create":true,"can_edit":true,"can_delete":true},"children":[]}]}]}', 2, 3, '::1', NULL, '2026-07-26 00:32:10.471')

2026/07/26 00:32:10 [32mD:/Develop/Project_pos_mahenz/BE/repository/log_request_repository.go:32
[0m[33m[9.639ms] [34;1m[rows:1][0m INSERT INTO log_requests (id, method, endpoint, status_code, request_body, response_body, user_id, duration_ms, ip_address, error_message, created_at) VALUES ('92ef3f06-7775-483e-a059-8dbd9857f4b0', 'POST', '/api/menus/my', 200, '{}', '{"code":"00","status":true,"message":"Menu akses","data":[{"key_name":"beranda","label":"Beranda","icon":"Home","path":null,"order_index":1,"permission":{"can_view":true,"can_create":true,"can_edit":true,"can_delete":true},"children":[{"key_name":"beranda.dashboard","label":"Dashboard","icon":"LayoutDashboard","path":"/dashboard","order_index":1,"permission":{"can_view":true,"can_create":true,"can_edit":true,"can_delete":true},"children":[]}]},{"key_name":"penjualan","label":"Penjualan","icon":"ShoppingCart","path":null,"order_index":2,"permission":{"can_view":true,"can_create":true,"can_edit":true,"can_delete":true},"children":[{"key_name":"penjualan.kasir","label":"Kasir","icon":"ShoppingCart","path":"/kasir","order_index":1,"permission":{"can_view":true,"can_create":true,"can_edit":true,"can_delete":true},"children":[]},{"key_name":"penjualan.transaksi","label":"Transaksi","icon":"Receipt","path":"/transactions","order_index":2,"permission":{"can_view":true,"can_create":true,"can_edit":true,"can_delete":true},"children":[]}]},{"key_name":"produk","label":"Produk","icon":"Package","path":null,"order_index":3,"permission":{"can_view":true,"can_create":true,"can_edit":true,"can_delete":true},"children":[{"key_name":"produk.produk","label":"Produk","icon":"Package","path":"/products","order_index":1,"permission":{"can_view":true,"can_create":true,"can_edit":true,"can_delete":true},"children":[]},{"key_name":"produk.kategori","label":"Kategori","icon":"Tag","path":"/products/categories","order_index":2,"permission":{"can_view":true,"can_create":true,"can_edit":true,"can_delete":true},"children":[]},{"key_name":"produk.unit","label":"Unit","icon":"PackageSearch","path":"/products/units","order_index":3,"permission":{"can_view":true,"can_create":true,"can_edit":true,"can_delete":true},"children":[]}]},{"key_name":"pengadaan","label":"Pengadaan","icon":"Truck","path":null,"order_index":4,"permission":{"can_view":true,"can_create":true,"can_edit":true,"can_delete":true},"children":[{"key_name":"pengadaan.supplier","label":"Supplier","icon":"Truck","path":"/suppliers","order_index":1,"permission":{"can_view":true,"can_create":true,"can_edit":true,"can_delete":true},"children":[]},{"key_name":"pengadaan.pembelian","label":"Pembelian","icon":"ShoppingBag","path":"/suppliers/purchases","order_index":2,"permission":{"can_view":true,"can_create":true,"can_edit":true,"can_delete":true},"children":[]},{"key_name":"pengadaan.retur","label":"Retur","icon":"RotateCcw","path":"/suppliers/returns","order_index":3,"permission":{"can_view":true,"can_create":true,"can_edit":true,"can_delete":true},"children":[]}]},{"key_name":"pelanggan","label":"Pelanggan","icon":"Users","path":null,"order_index":5,"permission":{"can_view":true,"can_create":true,"can_edit":true,"can_delete":true},"children":[{"key_name":"pelanggan.pelanggan","label":"Pelanggan","icon":"Users","path":"/customers","order_index":1,"permission":{"can_view":true,"can_create":true,"can_edit":true,"can_delete":true},"children":[]},{"key_name":"pelanggan.piutang","label":"Piutang","icon":"CreditCard","path":"/receivables","order_index":2,"permission":{"can_view":true,"can_create":true,"can_edit":true,"can_delete":true},"children":[]}]},{"key_name":"keuangan","label":"Keuangan","icon":"Wallet","path":null,"order_index":6,"permission":{"can_view":true,"can_create":true,"can_edit":true,"can_delete":true},"children":[{"key_name":"keuangan.dashboard","label":"Dashboard Keuangan","icon":"Wallet","path":"/finance","order_index":1,"permission":{"can_view":true,"can_create":true,"can_edit":true,"can_delete":true},"children":[]},{"key_name":"keuangan.kas_harian","label":"Kas Harian","icon":"Landmark","path":"/finance/cash-drawer","order_index":2,"permission":{"can_view":true,"can_create":true,"can_edit":true,"can_delete":true},"children":[]},{"key_name":"keuangan.pengeluaran","label":"Pengeluaran","icon":"TrendingDown","path":"/finance/expenses","order_index":3,"permission":{"can_view":true,"can_create":true,"can_edit":true,"can_delete":true},"children":[]},{"key_name":"keuangan.kas_saya","label":"Kas Saya","icon":"Wallet","path":"/finance/my-cash","order_index":4,"permission":{"can_view":true,"can_create":true,"can_edit":true,"can_delete":true},"children":[]}]},{"key_name":"pelaporan","label":"Pelaporan","icon":"BarChart2","path":null,"order_index":7,"permission":{"can_view":true,"can_create":true,"can_edit":true,"can_delete":true},"children":[{"key_name":"pelaporan.penjualan","label":"Penjualan","icon":"TrendingUp","path":"/reports/sales","order_index":1,"permission":{"can_view":true,"can_create":true,"can_edit":true,"can_delete":true},"children":[]},{"key_name":"pelaporan.laba_rugi","label":"Laba Rugi","icon":"LineChart","path":"/reports/profit-loss","order_index":2,"permission":{"can_view":true,"can_create":true,"can_edit":true,"can_delete":true},"children":[]},{"key_name":"pelaporan.stok","label":"Stok","icon":"PackageSearch","path":"/reports/stock","order_index":3,"permission":{"can_view":true,"can_create":true,"can_edit":true,"can_delete":true},"children":[]},{"key_name":"pelaporan.kinerja_kasir","label":"Kinerja Kasir","icon":"BarChart2","path":"/reports/cashier","order_index":4,"permission":{"can_view":true,"can_create":true,"can_edit":true,"can_delete":true},"children":[]},{"key_name":"pelaporan.ringkasan_bisnis","label":"Ringkasan Bisnis","icon":"BarChart3","path":"/reports/business-summary","order_index":5,"permission":{"can_view":true,"can_create":true,"can_edit":true,"can_delete":true},"children":[]}]},{"key_name":"operasional","label":"Operasional","icon":"Clock","path":null,"order_index":8,"permission":{"can_view":true,"can_create":true,"can_edit":true,"can_delete":true},"children":[{"key_name":"operasional.shift","label":"Shift","icon":"Clock","path":"/shifts","order_index":1,"permission":{"can_view":true,"can_create":true,"can_edit":true,"can_delete":true},"children":[]},{"key_name":"operasional.sync","label":"Sync Center","icon":"RefreshCw","path":"/sync","order_index":2,"permission":{"can_view":true,"can_create":true,"can_edit":true,"can_delete":true},"children":[]}]},{"key_name":"sistem","label":"Sistem","icon":"Settings","path":null,"order_index":9,"permission":{"can_view":true,"can_create":true,"can_edit":true,"can_delete":true},"children":[{"key_name":"sistem.profil_toko","label":"Profil Toko","icon":"Settings","path":"/settings/store","order_index":1,"permission":{"can_view":true,"can_create":true,"can_edit":true,"can_delete":true},"children":[]},{"key_name":"sistem.users","label":"Manajemen User","icon":"Users","path":"/settings/users","order_index":2,"permission":{"can_view":true,"can_create":true,"can_edit":true,"can_delete":true},"children":[]},{"key_name":"sistem.roles","label":"Manajemen Role","icon":"Shield","path":"/settings/roles","order_index":3,"permission":{"can_view":true,"can_create":true,"can_edit":true,"can_delete":true},"children":[]},{"key_name":"sistem.menus","label":"Manajemen Menu","icon":"LayoutList","path":"/settings/menus","order_index":4,"permission":{"can_view":true,"can_create":true,"can_edit":true,"can_delete":true},"children":[]},{"key_name":"sistem.printer","label":"Printer","icon":"Printer","path":"/settings/printer","order_index":5,"permission":{"can_view":true,"can_create":true,"can_edit":true,"can_delete":true},"children":[]},{"key_name":"sistem.versi","label":"Versi Aplikasi","icon":"RefreshCw","path":"/settings/versions","order_index":6,"permission":{"can_view":true,"can_create":true,"can_edit":true,"can_delete":true},"children":[]},{"key_name":"sistem.backup","label":"Backup \u0026 Restore","icon":"DatabaseBackup","path":"/settings/backup","order_index":7,"permission":{"can_view":true,"can_create":true,"can_edit":true,"can_delete":true},"children":[]}]}]}', 2, 2, '::1', NULL, '2026-07-26 00:32:10.468')

2026/07/26 00:32:10 [32mD:/Develop/Project_pos_mahenz/BE/domain/auth/repo/auth_repo.go:46
[0m[33m[0.506ms] [34;1m[rows:1][0m SELECT id, user_id, user_role, token, device_info, expires_at FROM sessions WHERE token = 'eyJhbGciOiJIUzI1NiIsInR5cCI6IkpXVCJ9.eyJhcHBzIjoid2ViIiwiZXhwIjoxNzg1MDI5NTMwLCJmdWxsX25hbWUiOiJBZG1pbmlzdHJhdG9yIiwicm9sZSI6ImFkbWluIiwidXNlcl9pZCI6MiwidXNlcm5hbWUiOiJhZG1pbiJ9.Aegck2gXVTCmnPZrNkrKoXI0tRxg0wb8myjnapepO-o' LIMIT 1

2026/07/26 00:32:10 [32mD:/Develop/Project_pos_mahenz/BE/domain/menu/repo/menu_repo.go:121
[0m[33m[0.715ms] [34;1m[rows:-][0m 
		SELECT
			m.id,
			m.parent_id,
			m.key_name,
			m.label,
			m.icon,
			m.path,
			m.order_index,
			COALESCE(rma.can_view,   0),
			COALESCE(rma.can_create, 0),
			COALESCE(rma.can_edit,   0),
			COALESCE(rma.can_delete, 0)
		FROM menus m
		LEFT JOIN role_menu_access rma ON rma.menu_id = m.id
			AND rma.role_id = (SELECT id FROM roles WHERE name = 'admin' AND is_active = 1 LIMIT 1)
		WHERE m.is_active = 1
		ORDER BY m.order_index ASC, m.id ASC
		
[GIN] 2026/07/26 - 00:32:10 | 200 |      3.6616ms |             ::1 | POST     "/api/menus/my"

2026/07/26 00:32:10 [32mD:/Develop/Project_pos_mahenz/BE/repository/log_request_repository.go:32
[0m[33m[4.302ms] [34;1m[rows:1][0m INSERT INTO log_requests (id, method, endpoint, status_code, request_body, response_body, user_id, duration_ms, ip_address, error_message, created_at) VALUES ('5a05d907-c84f-4b66-ae2f-b732e449a33c', 'POST', '/api/menus/my', 200, '{}', '{"code":"00","status":true,"message":"Menu akses","data":[{"key_name":"beranda","label":"Beranda","icon":"Home","path":null,"order_index":1,"permission":{"can_view":true,"can_create":true,"can_edit":true,"can_delete":true},"children":[{"key_name":"beranda.dashboard","label":"Dashboard","icon":"LayoutDashboard","path":"/dashboard","order_index":1,"permission":{"can_view":true,"can_create":true,"can_edit":true,"can_delete":true},"children":[]}]},{"key_name":"penjualan","label":"Penjualan","icon":"ShoppingCart","path":null,"order_index":2,"permission":{"can_view":true,"can_create":true,"can_edit":true,"can_delete":true},"children":[{"key_name":"penjualan.kasir","label":"Kasir","icon":"ShoppingCart","path":"/kasir","order_index":1,"permission":{"can_view":true,"can_create":true,"can_edit":true,"can_delete":true},"children":[]},{"key_name":"penjualan.transaksi","label":"Transaksi","icon":"Receipt","path":"/transactions","order_index":2,"permission":{"can_view":true,"can_create":true,"can_edit":true,"can_delete":true},"children":[]}]},{"key_name":"produk","label":"Produk","icon":"Package","path":null,"order_index":3,"permission":{"can_view":true,"can_create":true,"can_edit":true,"can_delete":true},"children":[{"key_name":"produk.produk","label":"Produk","icon":"Package","path":"/products","order_index":1,"permission":{"can_view":true,"can_create":true,"can_edit":true,"can_delete":true},"children":[]},{"key_name":"produk.kategori","label":"Kategori","icon":"Tag","path":"/products/categories","order_index":2,"permission":{"can_view":true,"can_create":true,"can_edit":true,"can_delete":true},"children":[]},{"key_name":"produk.unit","label":"Unit","icon":"PackageSearch","path":"/products/units","order_index":3,"permission":{"can_view":true,"can_create":true,"can_edit":true,"can_delete":true},"children":[]}]},{"key_name":"pengadaan","label":"Pengadaan","icon":"Truck","path":null,"order_index":4,"permission":{"can_view":true,"can_create":true,"can_edit":true,"can_delete":true},"children":[{"key_name":"pengadaan.supplier","label":"Supplier","icon":"Truck","path":"/suppliers","order_index":1,"permission":{"can_view":true,"can_create":true,"can_edit":true,"can_delete":true},"children":[]},{"key_name":"pengadaan.pembelian","label":"Pembelian","icon":"ShoppingBag","path":"/suppliers/purchases","order_index":2,"permission":{"can_view":true,"can_create":true,"can_edit":true,"can_delete":true},"children":[]},{"key_name":"pengadaan.retur","label":"Retur","icon":"RotateCcw","path":"/suppliers/returns","order_index":3,"permission":{"can_view":true,"can_create":true,"can_edit":true,"can_delete":true},"children":[]}]},{"key_name":"pelanggan","label":"Pelanggan","icon":"Users","path":null,"order_index":5,"permission":{"can_view":true,"can_create":true,"can_edit":true,"can_delete":true},"children":[{"key_name":"pelanggan.pelanggan","label":"Pelanggan","icon":"Users","path":"/customers","order_index":1,"permission":{"can_view":true,"can_create":true,"can_edit":true,"can_delete":true},"children":[]},{"key_name":"pelanggan.piutang","label":"Piutang","icon":"CreditCard","path":"/receivables","order_index":2,"permission":{"can_view":true,"can_create":true,"can_edit":true,"can_delete":true},"children":[]}]},{"key_name":"keuangan","label":"Keuangan","icon":"Wallet","path":null,"order_index":6,"permission":{"can_view":true,"can_create":true,"can_edit":true,"can_delete":true},"children":[{"key_name":"keuangan.dashboard","label":"Dashboard Keuangan","icon":"Wallet","path":"/finance","order_index":1,"permission":{"can_view":true,"can_create":true,"can_edit":true,"can_delete":true},"children":[]},{"key_name":"keuangan.kas_harian","label":"Kas Harian","icon":"Landmark","path":"/finance/cash-drawer","order_index":2,"permission":{"can_view":true,"can_create":true,"can_edit":true,"can_delete":true},"children":[]},{"key_name":"keuangan.pengeluaran","label":"Pengeluaran","icon":"TrendingDown","path":"/finance/expenses","order_index":3,"permission":{"can_view":true,"can_create":true,"can_edit":true,"can_delete":true},"children":[]},{"key_name":"keuangan.kas_saya","label":"Kas Saya","icon":"Wallet","path":"/finance/my-cash","order_index":4,"permission":{"can_view":true,"can_create":true,"can_edit":true,"can_delete":true},"children":[]}]},{"key_name":"pelaporan","label":"Pelaporan","icon":"BarChart2","path":null,"order_index":7,"permission":{"can_view":true,"can_create":true,"can_edit":true,"can_delete":true},"children":[{"key_name":"pelaporan.penjualan","label":"Penjualan","icon":"TrendingUp","path":"/reports/sales","order_index":1,"permission":{"can_view":true,"can_create":true,"can_edit":true,"can_delete":true},"children":[]},{"key_name":"pelaporan.laba_rugi","label":"Laba Rugi","icon":"LineChart","path":"/reports/profit-loss","order_index":2,"permission":{"can_view":true,"can_create":true,"can_edit":true,"can_delete":true},"children":[]},{"key_name":"pelaporan.stok","label":"Stok","icon":"PackageSearch","path":"/reports/stock","order_index":3,"permission":{"can_view":true,"can_create":true,"can_edit":true,"can_delete":true},"children":[]},{"key_name":"pelaporan.kinerja_kasir","label":"Kinerja Kasir","icon":"BarChart2","path":"/reports/cashier","order_index":4,"permission":{"can_view":true,"can_create":true,"can_edit":true,"can_delete":true},"children":[]},{"key_name":"pelaporan.ringkasan_bisnis","label":"Ringkasan Bisnis","icon":"BarChart3","path":"/reports/business-summary","order_index":5,"permission":{"can_view":true,"can_create":true,"can_edit":true,"can_delete":true},"children":[]}]},{"key_name":"operasional","label":"Operasional","icon":"Clock","path":null,"order_index":8,"permission":{"can_view":true,"can_create":true,"can_edit":true,"can_delete":true},"children":[{"key_name":"operasional.shift","label":"Shift","icon":"Clock","path":"/shifts","order_index":1,"permission":{"can_view":true,"can_create":true,"can_edit":true,"can_delete":true},"children":[]},{"key_name":"operasional.sync","label":"Sync Center","icon":"RefreshCw","path":"/sync","order_index":2,"permission":{"can_view":true,"can_create":true,"can_edit":true,"can_delete":true},"children":[]}]},{"key_name":"sistem","label":"Sistem","icon":"Settings","path":null,"order_index":9,"permission":{"can_view":true,"can_create":true,"can_edit":true,"can_delete":true},"children":[{"key_name":"sistem.profil_toko","label":"Profil Toko","icon":"Settings","path":"/settings/store","order_index":1,"permission":{"can_view":true,"can_create":true,"can_edit":true,"can_delete":true},"children":[]},{"key_name":"sistem.users","label":"Manajemen User","icon":"Users","path":"/settings/users","order_index":2,"permission":{"can_view":true,"can_create":true,"can_edit":true,"can_delete":true},"children":[]},{"key_name":"sistem.roles","label":"Manajemen Role","icon":"Shield","path":"/settings/roles","order_index":3,"permission":{"can_view":true,"can_create":true,"can_edit":true,"can_delete":true},"children":[]},{"key_name":"sistem.menus","label":"Manajemen Menu","icon":"LayoutList","path":"/settings/menus","order_index":4,"permission":{"can_view":true,"can_create":true,"can_edit":true,"can_delete":true},"children":[]},{"key_name":"sistem.printer","label":"Printer","icon":"Printer","path":"/settings/printer","order_index":5,"permission":{"can_view":true,"can_create":true,"can_edit":true,"can_delete":true},"children":[]},{"key_name":"sistem.versi","label":"Versi Aplikasi","icon":"RefreshCw","path":"/settings/versions","order_index":6,"permission":{"can_view":true,"can_create":true,"can_edit":true,"can_delete":true},"children":[]},{"key_name":"sistem.backup","label":"Backup \u0026 Restore","icon":"DatabaseBackup","path":"/settings/backup","order_index":7,"permission":{"can_view":true,"can_create":true,"can_edit":true,"can_delete":true},"children":[]}]}]}', 2, 3, '::1', NULL, '2026-07-26 00:32:10.824')
[GIN] 2026/07/26 - 00:32:10 | 204 |            0s |             ::1 | OPTIONS  "/api/sync/conflicts/count"

2026/07/26 00:32:10 [32mD:/Develop/Project_pos_mahenz/BE/domain/auth/repo/auth_repo.go:46
[0m[33m[0.506ms] [34;1m[rows:1][0m SELECT id, user_id, user_role, token, device_info, expires_at FROM sessions WHERE token = 'eyJhbGciOiJIUzI1NiIsInR5cCI6IkpXVCJ9.eyJhcHBzIjoid2ViIiwiZXhwIjoxNzg1MDI5NTMwLCJmdWxsX25hbWUiOiJBZG1pbmlzdHJhdG9yIiwicm9sZSI6ImFkbWluIiwidXNlcl9pZCI6MiwidXNlcm5hbWUiOiJhZG1pbiJ9.Aegck2gXVTCmnPZrNkrKoXI0tRxg0wb8myjnapepO-o' LIMIT 1

2026/07/26 00:32:10 [32mD:/Develop/Project_pos_mahenz/BE/domain/sync/repo/sync_repo.go:84
[0m[33m[0.700ms] [34;1m[rows:1][0m SELECT COUNT(*) FROM sync_conflicts WHERE status = 'pending'
[GIN] 2026/07/26 - 00:32:10 | 200 |       2.276ms |             ::1 | GET      "/api/sync/conflicts/count"

2026/07/26 00:32:10 [32mD:/Develop/Project_pos_mahenz/BE/repository/log_request_repository.go:32
[0m[33m[2.306ms] [34;1m[rows:1][0m INSERT INTO log_requests (id, method, endpoint, status_code, request_body, response_body, user_id, duration_ms, ip_address, error_message, created_at) VALUES ('2a8349fb-b42e-46b5-b0fa-97fd38482640', 'GET', '/api/sync/conflicts/count', 200, '', '{"code":"00","status":true,"message":"Jumlah konflik pending","data":{"count":0}}', 2, 2, '::1', NULL, '2026-07-26 00:32:10.893')
[GIN] 2026/07/26 - 00:32:11 | 204 |            0s |             ::1 | OPTIONS  "/api/cash-drawer/current"
[GIN] 2026/07/26 - 00:32:11 | 204 |            0s |             ::1 | OPTIONS  "/api/shifts/active"
[GIN] 2026/07/26 - 00:32:11 | 204 |            0s |             ::1 | OPTIONS  "/api/dashboard/today-summary"
[GIN] 2026/07/26 - 00:32:11 | 204 |            0s |             ::1 | OPTIONS  "/api/dashboard/recent-transactions?limit=5"

2026/07/26 00:32:11 [32mD:/Develop/Project_pos_mahenz/BE/domain/auth/repo/auth_repo.go:46
[0m[33m[4.112ms] [34;1m[rows:1][0m SELECT id, user_id, user_role, token, device_info, expires_at FROM sessions WHERE token = 'eyJhbGciOiJIUzI1NiIsInR5cCI6IkpXVCJ9.eyJhcHBzIjoid2ViIiwiZXhwIjoxNzg1MDI5NTMwLCJmdWxsX25hbWUiOiJBZG1pbmlzdHJhdG9yIiwicm9sZSI6ImFkbWluIiwidXNlcl9pZCI6MiwidXNlcm5hbWUiOiJhZG1pbiJ9.Aegck2gXVTCmnPZrNkrKoXI0tRxg0wb8myjnapepO-o' LIMIT 1

2026/07/26 00:32:11 [32mD:/Develop/Project_pos_mahenz/BE/domain/auth/repo/auth_repo.go:46
[0m[33m[2.641ms] [34;1m[rows:1][0m SELECT id, user_id, user_role, token, device_info, expires_at FROM sessions WHERE token = 'eyJhbGciOiJIUzI1NiIsInR5cCI6IkpXVCJ9.eyJhcHBzIjoid2ViIiwiZXhwIjoxNzg1MDI5NTMwLCJmdWxsX25hbWUiOiJBZG1pbmlzdHJhdG9yIiwicm9sZSI6ImFkbWluIiwidXNlcl9pZCI6MiwidXNlcm5hbWUiOiJhZG1pbiJ9.Aegck2gXVTCmnPZrNkrKoXI0tRxg0wb8myjnapepO-o' LIMIT 1

2026/07/26 00:32:11 [32mD:/Develop/Project_pos_mahenz/BE/domain/dashboard/repo/dashboard_repo.go:42
[0m[33m[0.767ms] [34;1m[rows:-][0m 
		SELECT COUNT(*) as total_transactions, COALESCE(SUM(total_amount),0) as total_sales
		FROM transactions
		WHERE user_id = 2 AND DATE(transaction_date) = '2026-07-26' AND status = 'completed'

2026/07/26 00:32:11 [32mD:/Develop/Project_pos_mahenz/BE/domain/cash_drawer/repo/cash_drawer_repo.go:137
[0m[33m[1.518ms] [34;1m[rows:0][0m SELECT cd.id, cd.user_id, u.full_name as user_name, cd.shift_id, s.name as shift_name, s.start_time as shift_start, s.end_time as shift_end, cd.open_time, cd.opening_balance, cd.total_sales, cd.total_cash_sales, cd.total_expenses, (cd.opening_balance + COALESCE((SELECT SUM(total_amount) FROM transactions WHERE user_id = cd.user_id AND payment_method = 'cash' AND status = 'completed' AND transaction_date >= cd.open_time), 0) - COALESCE((SELECT SUM(amount) FROM expenses WHERE user_id = cd.user_id AND created_at >= cd.open_time), 0)) as expected_balance, cd.status, cd.open_notes FROM cash_drawer cd LEFT JOIN users u ON cd.user_id = u.id LEFT JOIN shifts s ON cd.shift_id = s.id WHERE cd.user_id = 2 AND cd.status = 'open' LIMIT 1
[GIN] 2026/07/26 - 00:32:11 | 200 |      4.6485ms |             ::1 | GET      "/api/dashboard/today-summary"
[GIN] 2026/07/26 - 00:32:11 | 200 |      6.7631ms |             ::1 | POST     "/api/cash-drawer/current"

2026/07/26 00:32:11 [32mD:/Develop/Project_pos_mahenz/BE/domain/auth/repo/auth_repo.go:46
[0m[33m[3.648ms] [34;1m[rows:1][0m SELECT id, user_id, user_role, token, device_info, expires_at FROM sessions WHERE token = 'eyJhbGciOiJIUzI1NiIsInR5cCI6IkpXVCJ9.eyJhcHBzIjoid2ViIiwiZXhwIjoxNzg1MDI5NTMwLCJmdWxsX25hbWUiOiJBZG1pbmlzdHJhdG9yIiwicm9sZSI6ImFkbWluIiwidXNlcl9pZCI6MiwidXNlcm5hbWUiOiJhZG1pbiJ9.Aegck2gXVTCmnPZrNkrKoXI0tRxg0wb8myjnapepO-o' LIMIT 1

2026/07/26 00:32:11 [32mD:/Develop/Project_pos_mahenz/BE/domain/shift/repo/shift_repo.go:66
[0m[33m[1.262ms] [34;1m[rows:1][0m SELECT id, name, start_time, end_time FROM shifts WHERE is_active = 1 ORDER BY start_time
[GIN] 2026/07/26 - 00:32:11 | 200 |      5.4183ms |             ::1 | POST     "/api/shifts/active"

2026/07/26 00:32:11 [32mD:/Develop/Project_pos_mahenz/BE/domain/auth/repo/auth_repo.go:46
[0m[33m[3.704ms] [34;1m[rows:1][0m SELECT id, user_id, user_role, token, device_info, expires_at FROM sessions WHERE token = 'eyJhbGciOiJIUzI1NiIsInR5cCI6IkpXVCJ9.eyJhcHBzIjoid2ViIiwiZXhwIjoxNzg1MDI5NTMwLCJmdWxsX25hbWUiOiJBZG1pbmlzdHJhdG9yIiwicm9sZSI6ImFkbWluIiwidXNlcl9pZCI6MiwidXNlcm5hbWUiOiJhZG1pbiJ9.Aegck2gXVTCmnPZrNkrKoXI0tRxg0wb8myjnapepO-o' LIMIT 1

2026/07/26 00:32:11 [32mD:/Develop/Project_pos_mahenz/BE/repository/log_request_repository.go:32
[0m[33m[2.448ms] [34;1m[rows:1][0m INSERT INTO log_requests (id, method, endpoint, status_code, request_body, response_body, user_id, duration_ms, ip_address, error_message, created_at) VALUES ('310233a1-f4fa-4b7d-b4f5-7375cffd23c1', 'GET', '/api/dashboard/today-summary', 200, '', '{"code":"00","status":true,"message":"Performa hari ini","data":{"total_transactions":0,"total_sales":0}}', 2, 4, '::1', NULL, '2026-07-26 00:32:11.211')

2026/07/26 00:32:11 [32mD:/Develop/Project_pos_mahenz/BE/domain/dashboard/repo/dashboard_repo.go:23
[0m[33m[0.671ms] [34;1m[rows:-][0m 
		SELECT id, transaction_code, transaction_date, total_amount, payment_method, status
		FROM transactions
		WHERE user_id = 2 AND status != 'pending'
		ORDER BY transaction_date DESC LIMIT 5
[GIN] 2026/07/26 - 00:32:11 | 200 |      4.9069ms |             ::1 | GET      "/api/dashboard/recent-transactions?limit=5"

2026/07/26 00:32:11 [32mD:/Develop/Project_pos_mahenz/BE/repository/log_request_repository.go:32
[0m[33m[3.143ms] [34;1m[rows:1][0m INSERT INTO log_requests (id, method, endpoint, status_code, request_body, response_body, user_id, duration_ms, ip_address, error_message, created_at) VALUES ('2b983d41-7cb4-4866-92d0-1d2739d812d5', 'POST', '/api/cash-drawer/current', 200, '{}', '{"code":"00","status":true,"message":"Status kas harian","data":null}', 2, 6, '::1', NULL, '2026-07-26 00:32:11.211')

2026/07/26 00:32:11 [32mD:/Develop/Project_pos_mahenz/BE/repository/log_request_repository.go:32
[0m[33m[2.735ms] [34;1m[rows:1][0m INSERT INTO log_requests (id, method, endpoint, status_code, request_body, response_body, user_id, duration_ms, ip_address, error_message, created_at) VALUES ('682f4d49-721e-4f28-a975-b25b7b933b3a', 'POST', '/api/shifts/active', 200, '{}', '{"code":"00","status":true,"message":"Daftar shift aktif","data":[{"id":1,"name":"Shift Test","start_time":"08:00:00","end_time":"17:00:00"}]}', 2, 5, '::1', NULL, '2026-07-26 00:32:11.213')

2026/07/26 00:32:11 [32mD:/Develop/Project_pos_mahenz/BE/repository/log_request_repository.go:32
[0m[33m[3.209ms] [34;1m[rows:1][0m INSERT INTO log_requests (id, method, endpoint, status_code, request_body, response_body, user_id, duration_ms, ip_address, error_message, created_at) VALUES ('e2151a14-d268-422f-a08c-f7618fc67235', 'GET', '/api/dashboard/recent-transactions?limit=5', 200, '', '{"code":"00","status":true,"message":"Transaksi terakhir","data":[]}', 2, 4, '::1', NULL, '2026-07-26 00:32:11.214')

2026/07/26 00:32:40 [32mD:/Develop/Project_pos_mahenz/BE/domain/auth/repo/auth_repo.go:46
[0m[33m[0.518ms] [34;1m[rows:1][0m SELECT id, user_id, user_role, token, device_info, expires_at FROM sessions WHERE token = 'eyJhbGciOiJIUzI1NiIsInR5cCI6IkpXVCJ9.eyJhcHBzIjoid2ViIiwiZXhwIjoxNzg1MDI5NTMwLCJmdWxsX25hbWUiOiJBZG1pbmlzdHJhdG9yIiwicm9sZSI6ImFkbWluIiwidXNlcl9pZCI6MiwidXNlcm5hbWUiOiJhZG1pbiJ9.Aegck2gXVTCmnPZrNkrKoXI0tRxg0wb8myjnapepO-o' LIMIT 1

2026/07/26 00:32:40 [32mD:/Develop/Project_pos_mahenz/BE/domain/sync/repo/sync_repo.go:84
[0m[33m[0.712ms] [34;1m[rows:1][0m SELECT COUNT(*) FROM sync_conflicts WHERE status = 'pending'
[GIN] 2026/07/26 - 00:32:40 | 200 |      1.2292ms |             ::1 | GET      "/api/sync/conflicts/count"

2026/07/26 00:32:40 [32mD:/Develop/Project_pos_mahenz/BE/repository/log_request_repository.go:32
[0m[33m[2.749ms] [34;1m[rows:1][0m INSERT INTO log_requests (id, method, endpoint, status_code, request_body, response_body, user_id, duration_ms, ip_address, error_message, created_at) VALUES ('0a0a7c4a-5d74-4393-9692-0bd3dad50242', 'GET', '/api/sync/conflicts/count', 200, '', '{"code":"00","status":true,"message":"Jumlah konflik pending","data":{"count":0}}', 2, 1, '::1', NULL, '2026-07-26 00:32:40.918')
[GIN] 2026/07/26 - 00:32:54 | 204 |      1.0062ms |             ::1 | OPTIONS  "/api/auth/login"

2026/07/26 00:32:54 [32mD:/Develop/Project_pos_mahenz/BE/domain/auth/repo/auth_repo.go:17
[0m[33m[1.007ms] [34;1m[rows:1][0m SELECT u.id, u.username, u.password, u.full_name, u.role_id, r.name AS role_name, u.is_active FROM users u INNER JOIN roles r ON r.id = u.role_id WHERE u.username = 'admin' LIMIT 1

2026/07/26 00:32:54 [32mD:/Develop/Project_pos_mahenz/BE/domain/auth/repo/auth_repo.go:67
[0m[33m[2.095ms] [34;1m[rows:1][0m DELETE FROM sessions WHERE user_id = 2

2026/07/26 00:32:54 [32mD:/Develop/Project_pos_mahenz/BE/domain/auth/repo/auth_repo.go:38
[0m[33m[2.015ms] [34;1m[rows:1][0m INSERT INTO sessions (user_id, user_role, token, refresh_token, device_info, ip_address, expires_at) VALUES (2, 'admin', 'eyJhbGciOiJIUzI1NiIsInR5cCI6IkpXVCJ9.eyJhcHBzIjoid2ViIiwiZXhwIjoxNzg1MDI5NTc0LCJmdWxsX25hbWUiOiJBZG1pbmlzdHJhdG9yIiwicm9sZSI6ImFkbWluIiwidXNlcl9pZCI6MiwidXNlcm5hbWUiOiJhZG1pbiJ9.OkoYiQgL5UUDPHmtCjPSziOF3wT7BDguGuJY1FADXsA', '3ee93b4229e36965f0b4b28a25630fb4f3bc1f4d28d8d93a1b6085c2f13c6234', 'web', '::1', '2026-08-02 00:32:54.679') ON DUPLICATE KEY UPDATE user_role=VALUES(user_role), token=VALUES(token), refresh_token=VALUES(refresh_token), device_info=VALUES(device_info), ip_address=VALUES(ip_address), expires_at=VALUES(expires_at), created_at=NOW()
[GIN] 2026/07/26 - 00:32:54 | 200 |    158.4793ms |             ::1 | POST     "/api/auth/login"

2026/07/26 00:32:54 [32mD:/Develop/Project_pos_mahenz/BE/repository/log_request_repository.go:32
[0m[33m[1.544ms] [34;1m[rows:1][0m INSERT INTO log_requests (id, method, endpoint, status_code, request_body, response_body, user_id, duration_ms, ip_address, error_message, created_at) VALUES ('9c0052da-96e5-469e-a4cc-8c8519c14781', 'POST', '/api/auth/login', 200, '{"username":"admin","password":"admin123","device_info":"web"}', '{"code":"00","status":true,"message":"Login berhasil","data":{"token":"eyJhbGciOiJIUzI1NiIsInR5cCI6IkpXVCJ9.eyJhcHBzIjoid2ViIiwiZXhwIjoxNzg1MDI5NTc0LCJmdWxsX25hbWUiOiJBZG1pbmlzdHJhdG9yIiwicm9sZSI6ImFkbWluIiwidXNlcl9pZCI6MiwidXNlcm5hbWUiOiJhZG1pbiJ9.OkoYiQgL5UUDPHmtCjPSziOF3wT7BDguGuJY1FADXsA","refresh_token":"3ee93b4229e36965f0b4b28a25630fb4f3bc1f4d28d8d93a1b6085c2f13c6234","expires_at":"2026-08-02T00:32:54.6796315+07:00","user":{"id":2,"username":"admin","full_name":"Administrator","role_id":2,"role_name":"admin"}}}', NULL, 158, '::1', NULL, '2026-07-26 00:32:54.683')
[GIN] 2026/07/26 - 00:32:54 | 204 |            0s |             ::1 | OPTIONS  "/api/menus/my"
[GIN] 2026/07/26 - 00:32:54 | 204 |            0s |             ::1 | OPTIONS  "/api/menus/my"

2026/07/26 00:32:54 [32mD:/Develop/Project_pos_mahenz/BE/domain/auth/repo/auth_repo.go:46
[0m[33m[0.505ms] [34;1m[rows:1][0m SELECT id, user_id, user_role, token, device_info, expires_at FROM sessions WHERE token = 'eyJhbGciOiJIUzI1NiIsInR5cCI6IkpXVCJ9.eyJhcHBzIjoid2ViIiwiZXhwIjoxNzg1MDI5NTc0LCJmdWxsX25hbWUiOiJBZG1pbmlzdHJhdG9yIiwicm9sZSI6ImFkbWluIiwidXNlcl9pZCI6MiwidXNlcm5hbWUiOiJhZG1pbiJ9.OkoYiQgL5UUDPHmtCjPSziOF3wT7BDguGuJY1FADXsA' LIMIT 1

2026/07/26 00:32:54 [32mD:/Develop/Project_pos_mahenz/BE/domain/auth/repo/auth_repo.go:46
[0m[33m[0.000ms] [34;1m[rows:1][0m SELECT id, user_id, user_role, token, device_info, expires_at FROM sessions WHERE token = 'eyJhbGciOiJIUzI1NiIsInR5cCI6IkpXVCJ9.eyJhcHBzIjoid2ViIiwiZXhwIjoxNzg1MDI5NTc0LCJmdWxsX25hbWUiOiJBZG1pbmlzdHJhdG9yIiwicm9sZSI6ImFkbWluIiwidXNlcl9pZCI6MiwidXNlcm5hbWUiOiJhZG1pbiJ9.OkoYiQgL5UUDPHmtCjPSziOF3wT7BDguGuJY1FADXsA' LIMIT 1

2026/07/26 00:32:54 [32mD:/Develop/Project_pos_mahenz/BE/domain/menu/repo/menu_repo.go:121
[0m[33m[1.201ms] [34;1m[rows:-][0m 
		SELECT
			m.id,
			m.parent_id,
			m.key_name,
			m.label,
			m.icon,
			m.path,
			m.order_index,
			COALESCE(rma.can_view,   0),
			COALESCE(rma.can_create, 0),
			COALESCE(rma.can_edit,   0),
			COALESCE(rma.can_delete, 0)
		FROM menus m
		LEFT JOIN role_menu_access rma ON rma.menu_id = m.id
			AND rma.role_id = (SELECT id FROM roles WHERE name = 'admin' AND is_active = 1 LIMIT 1)
		WHERE m.is_active = 1
		ORDER BY m.order_index ASC, m.id ASC
		
[GIN] 2026/07/26 - 00:32:54 | 200 |      1.7063ms |             ::1 | POST     "/api/menus/my"

2026/07/26 00:32:54 [32mD:/Develop/Project_pos_mahenz/BE/domain/menu/repo/menu_repo.go:121
[0m[33m[0.565ms] [34;1m[rows:-][0m 
		SELECT
			m.id,
			m.parent_id,
			m.key_name,
			m.label,
			m.icon,
			m.path,
			m.order_index,
			COALESCE(rma.can_view,   0),
			COALESCE(rma.can_create, 0),
			COALESCE(rma.can_edit,   0),
			COALESCE(rma.can_delete, 0)
		FROM menus m
		LEFT JOIN role_menu_access rma ON rma.menu_id = m.id
			AND rma.role_id = (SELECT id FROM roles WHERE name = 'admin' AND is_active = 1 LIMIT 1)
		WHERE m.is_active = 1
		ORDER BY m.order_index ASC, m.id ASC
		
[GIN] 2026/07/26 - 00:32:54 | 200 |      1.7657ms |             ::1 | POST     "/api/menus/my"

2026/07/26 00:32:54 [32mD:/Develop/Project_pos_mahenz/BE/repository/log_request_repository.go:32
[0m[33m[2.582ms] [34;1m[rows:1][0m INSERT INTO log_requests (id, method, endpoint, status_code, request_body, response_body, user_id, duration_ms, ip_address, error_message, created_at) VALUES ('c6cde3e1-09a6-4b41-830d-69cf2e5f8b75', 'POST', '/api/menus/my', 200, '{}', '{"code":"00","status":true,"message":"Menu akses","data":[{"key_name":"beranda","label":"Beranda","icon":"Home","path":null,"order_index":1,"permission":{"can_view":true,"can_create":true,"can_edit":true,"can_delete":true},"children":[{"key_name":"beranda.dashboard","label":"Dashboard","icon":"LayoutDashboard","path":"/dashboard","order_index":1,"permission":{"can_view":true,"can_create":true,"can_edit":true,"can_delete":true},"children":[]}]},{"key_name":"penjualan","label":"Penjualan","icon":"ShoppingCart","path":null,"order_index":2,"permission":{"can_view":true,"can_create":true,"can_edit":true,"can_delete":true},"children":[{"key_name":"penjualan.kasir","label":"Kasir","icon":"ShoppingCart","path":"/kasir","order_index":1,"permission":{"can_view":true,"can_create":true,"can_edit":true,"can_delete":true},"children":[]},{"key_name":"penjualan.transaksi","label":"Transaksi","icon":"Receipt","path":"/transactions","order_index":2,"permission":{"can_view":true,"can_create":true,"can_edit":true,"can_delete":true},"children":[]}]},{"key_name":"produk","label":"Produk","icon":"Package","path":null,"order_index":3,"permission":{"can_view":true,"can_create":true,"can_edit":true,"can_delete":true},"children":[{"key_name":"produk.produk","label":"Produk","icon":"Package","path":"/products","order_index":1,"permission":{"can_view":true,"can_create":true,"can_edit":true,"can_delete":true},"children":[]},{"key_name":"produk.kategori","label":"Kategori","icon":"Tag","path":"/products/categories","order_index":2,"permission":{"can_view":true,"can_create":true,"can_edit":true,"can_delete":true},"children":[]},{"key_name":"produk.unit","label":"Unit","icon":"PackageSearch","path":"/products/units","order_index":3,"permission":{"can_view":true,"can_create":true,"can_edit":true,"can_delete":true},"children":[]}]},{"key_name":"pengadaan","label":"Pengadaan","icon":"Truck","path":null,"order_index":4,"permission":{"can_view":true,"can_create":true,"can_edit":true,"can_delete":true},"children":[{"key_name":"pengadaan.supplier","label":"Supplier","icon":"Truck","path":"/suppliers","order_index":1,"permission":{"can_view":true,"can_create":true,"can_edit":true,"can_delete":true},"children":[]},{"key_name":"pengadaan.pembelian","label":"Pembelian","icon":"ShoppingBag","path":"/suppliers/purchases","order_index":2,"permission":{"can_view":true,"can_create":true,"can_edit":true,"can_delete":true},"children":[]},{"key_name":"pengadaan.retur","label":"Retur","icon":"RotateCcw","path":"/suppliers/returns","order_index":3,"permission":{"can_view":true,"can_create":true,"can_edit":true,"can_delete":true},"children":[]}]},{"key_name":"pelanggan","label":"Pelanggan","icon":"Users","path":null,"order_index":5,"permission":{"can_view":true,"can_create":true,"can_edit":true,"can_delete":true},"children":[{"key_name":"pelanggan.pelanggan","label":"Pelanggan","icon":"Users","path":"/customers","order_index":1,"permission":{"can_view":true,"can_create":true,"can_edit":true,"can_delete":true},"children":[]},{"key_name":"pelanggan.piutang","label":"Piutang","icon":"CreditCard","path":"/receivables","order_index":2,"permission":{"can_view":true,"can_create":true,"can_edit":true,"can_delete":true},"children":[]}]},{"key_name":"keuangan","label":"Keuangan","icon":"Wallet","path":null,"order_index":6,"permission":{"can_view":true,"can_create":true,"can_edit":true,"can_delete":true},"children":[{"key_name":"keuangan.dashboard","label":"Dashboard Keuangan","icon":"Wallet","path":"/finance","order_index":1,"permission":{"can_view":true,"can_create":true,"can_edit":true,"can_delete":true},"children":[]},{"key_name":"keuangan.kas_harian","label":"Kas Harian","icon":"Landmark","path":"/finance/cash-drawer","order_index":2,"permission":{"can_view":true,"can_create":true,"can_edit":true,"can_delete":true},"children":[]},{"key_name":"keuangan.pengeluaran","label":"Pengeluaran","icon":"TrendingDown","path":"/finance/expenses","order_index":3,"permission":{"can_view":true,"can_create":true,"can_edit":true,"can_delete":true},"children":[]},{"key_name":"keuangan.kas_saya","label":"Kas Saya","icon":"Wallet","path":"/finance/my-cash","order_index":4,"permission":{"can_view":true,"can_create":true,"can_edit":true,"can_delete":true},"children":[]}]},{"key_name":"pelaporan","label":"Pelaporan","icon":"BarChart2","path":null,"order_index":7,"permission":{"can_view":true,"can_create":true,"can_edit":true,"can_delete":true},"children":[{"key_name":"pelaporan.penjualan","label":"Penjualan","icon":"TrendingUp","path":"/reports/sales","order_index":1,"permission":{"can_view":true,"can_create":true,"can_edit":true,"can_delete":true},"children":[]},{"key_name":"pelaporan.laba_rugi","label":"Laba Rugi","icon":"LineChart","path":"/reports/profit-loss","order_index":2,"permission":{"can_view":true,"can_create":true,"can_edit":true,"can_delete":true},"children":[]},{"key_name":"pelaporan.stok","label":"Stok","icon":"PackageSearch","path":"/reports/stock","order_index":3,"permission":{"can_view":true,"can_create":true,"can_edit":true,"can_delete":true},"children":[]},{"key_name":"pelaporan.kinerja_kasir","label":"Kinerja Kasir","icon":"BarChart2","path":"/reports/cashier","order_index":4,"permission":{"can_view":true,"can_create":true,"can_edit":true,"can_delete":true},"children":[]},{"key_name":"pelaporan.ringkasan_bisnis","label":"Ringkasan Bisnis","icon":"BarChart3","path":"/reports/business-summary","order_index":5,"permission":{"can_view":true,"can_create":true,"can_edit":true,"can_delete":true},"children":[]}]},{"key_name":"operasional","label":"Operasional","icon":"Clock","path":null,"order_index":8,"permission":{"can_view":true,"can_create":true,"can_edit":true,"can_delete":true},"children":[{"key_name":"operasional.shift","label":"Shift","icon":"Clock","path":"/shifts","order_index":1,"permission":{"can_view":true,"can_create":true,"can_edit":true,"can_delete":true},"children":[]},{"key_name":"operasional.sync","label":"Sync Center","icon":"RefreshCw","path":"/sync","order_index":2,"permission":{"can_view":true,"can_create":true,"can_edit":true,"can_delete":true},"children":[]}]},{"key_name":"sistem","label":"Sistem","icon":"Settings","path":null,"order_index":9,"permission":{"can_view":true,"can_create":true,"can_edit":true,"can_delete":true},"children":[{"key_name":"sistem.profil_toko","label":"Profil Toko","icon":"Settings","path":"/settings/store","order_index":1,"permission":{"can_view":true,"can_create":true,"can_edit":true,"can_delete":true},"children":[]},{"key_name":"sistem.users","label":"Manajemen User","icon":"Users","path":"/settings/users","order_index":2,"permission":{"can_view":true,"can_create":true,"can_edit":true,"can_delete":true},"children":[]},{"key_name":"sistem.roles","label":"Manajemen Role","icon":"Shield","path":"/settings/roles","order_index":3,"permission":{"can_view":true,"can_create":true,"can_edit":true,"can_delete":true},"children":[]},{"key_name":"sistem.menus","label":"Manajemen Menu","icon":"LayoutList","path":"/settings/menus","order_index":4,"permission":{"can_view":true,"can_create":true,"can_edit":true,"can_delete":true},"children":[]},{"key_name":"sistem.printer","label":"Printer","icon":"Printer","path":"/settings/printer","order_index":5,"permission":{"can_view":true,"can_create":true,"can_edit":true,"can_delete":true},"children":[]},{"key_name":"sistem.versi","label":"Versi Aplikasi","icon":"RefreshCw","path":"/settings/versions","order_index":6,"permission":{"can_view":true,"can_create":true,"can_edit":true,"can_delete":true},"children":[]},{"key_name":"sistem.backup","label":"Backup \u0026 Restore","icon":"DatabaseBackup","path":"/settings/backup","order_index":7,"permission":{"can_view":true,"can_create":true,"can_edit":true,"can_delete":true},"children":[]}]}]}', 2, 1, '::1', NULL, '2026-07-26 00:32:54.694')

2026/07/26 00:32:54 [32mD:/Develop/Project_pos_mahenz/BE/repository/log_request_repository.go:32
[0m[33m[3.147ms] [34;1m[rows:1][0m INSERT INTO log_requests (id, method, endpoint, status_code, request_body, response_body, user_id, duration_ms, ip_address, error_message, created_at) VALUES ('cb8c062d-fc5b-4aed-a1b1-3788c6dc19b1', 'POST', '/api/menus/my', 200, '{}', '{"code":"00","status":true,"message":"Menu akses","data":[{"key_name":"beranda","label":"Beranda","icon":"Home","path":null,"order_index":1,"permission":{"can_view":true,"can_create":true,"can_edit":true,"can_delete":true},"children":[{"key_name":"beranda.dashboard","label":"Dashboard","icon":"LayoutDashboard","path":"/dashboard","order_index":1,"permission":{"can_view":true,"can_create":true,"can_edit":true,"can_delete":true},"children":[]}]},{"key_name":"penjualan","label":"Penjualan","icon":"ShoppingCart","path":null,"order_index":2,"permission":{"can_view":true,"can_create":true,"can_edit":true,"can_delete":true},"children":[{"key_name":"penjualan.kasir","label":"Kasir","icon":"ShoppingCart","path":"/kasir","order_index":1,"permission":{"can_view":true,"can_create":true,"can_edit":true,"can_delete":true},"children":[]},{"key_name":"penjualan.transaksi","label":"Transaksi","icon":"Receipt","path":"/transactions","order_index":2,"permission":{"can_view":true,"can_create":true,"can_edit":true,"can_delete":true},"children":[]}]},{"key_name":"produk","label":"Produk","icon":"Package","path":null,"order_index":3,"permission":{"can_view":true,"can_create":true,"can_edit":true,"can_delete":true},"children":[{"key_name":"produk.produk","label":"Produk","icon":"Package","path":"/products","order_index":1,"permission":{"can_view":true,"can_create":true,"can_edit":true,"can_delete":true},"children":[]},{"key_name":"produk.kategori","label":"Kategori","icon":"Tag","path":"/products/categories","order_index":2,"permission":{"can_view":true,"can_create":true,"can_edit":true,"can_delete":true},"children":[]},{"key_name":"produk.unit","label":"Unit","icon":"PackageSearch","path":"/products/units","order_index":3,"permission":{"can_view":true,"can_create":true,"can_edit":true,"can_delete":true},"children":[]}]},{"key_name":"pengadaan","label":"Pengadaan","icon":"Truck","path":null,"order_index":4,"permission":{"can_view":true,"can_create":true,"can_edit":true,"can_delete":true},"children":[{"key_name":"pengadaan.supplier","label":"Supplier","icon":"Truck","path":"/suppliers","order_index":1,"permission":{"can_view":true,"can_create":true,"can_edit":true,"can_delete":true},"children":[]},{"key_name":"pengadaan.pembelian","label":"Pembelian","icon":"ShoppingBag","path":"/suppliers/purchases","order_index":2,"permission":{"can_view":true,"can_create":true,"can_edit":true,"can_delete":true},"children":[]},{"key_name":"pengadaan.retur","label":"Retur","icon":"RotateCcw","path":"/suppliers/returns","order_index":3,"permission":{"can_view":true,"can_create":true,"can_edit":true,"can_delete":true},"children":[]}]},{"key_name":"pelanggan","label":"Pelanggan","icon":"Users","path":null,"order_index":5,"permission":{"can_view":true,"can_create":true,"can_edit":true,"can_delete":true},"children":[{"key_name":"pelanggan.pelanggan","label":"Pelanggan","icon":"Users","path":"/customers","order_index":1,"permission":{"can_view":true,"can_create":true,"can_edit":true,"can_delete":true},"children":[]},{"key_name":"pelanggan.piutang","label":"Piutang","icon":"CreditCard","path":"/receivables","order_index":2,"permission":{"can_view":true,"can_create":true,"can_edit":true,"can_delete":true},"children":[]}]},{"key_name":"keuangan","label":"Keuangan","icon":"Wallet","path":null,"order_index":6,"permission":{"can_view":true,"can_create":true,"can_edit":true,"can_delete":true},"children":[{"key_name":"keuangan.dashboard","label":"Dashboard Keuangan","icon":"Wallet","path":"/finance","order_index":1,"permission":{"can_view":true,"can_create":true,"can_edit":true,"can_delete":true},"children":[]},{"key_name":"keuangan.kas_harian","label":"Kas Harian","icon":"Landmark","path":"/finance/cash-drawer","order_index":2,"permission":{"can_view":true,"can_create":true,"can_edit":true,"can_delete":true},"children":[]},{"key_name":"keuangan.pengeluaran","label":"Pengeluaran","icon":"TrendingDown","path":"/finance/expenses","order_index":3,"permission":{"can_view":true,"can_create":true,"can_edit":true,"can_delete":true},"children":[]},{"key_name":"keuangan.kas_saya","label":"Kas Saya","icon":"Wallet","path":"/finance/my-cash","order_index":4,"permission":{"can_view":true,"can_create":true,"can_edit":true,"can_delete":true},"children":[]}]},{"key_name":"pelaporan","label":"Pelaporan","icon":"BarChart2","path":null,"order_index":7,"permission":{"can_view":true,"can_create":true,"can_edit":true,"can_delete":true},"children":[{"key_name":"pelaporan.penjualan","label":"Penjualan","icon":"TrendingUp","path":"/reports/sales","order_index":1,"permission":{"can_view":true,"can_create":true,"can_edit":true,"can_delete":true},"children":[]},{"key_name":"pelaporan.laba_rugi","label":"Laba Rugi","icon":"LineChart","path":"/reports/profit-loss","order_index":2,"permission":{"can_view":true,"can_create":true,"can_edit":true,"can_delete":true},"children":[]},{"key_name":"pelaporan.stok","label":"Stok","icon":"PackageSearch","path":"/reports/stock","order_index":3,"permission":{"can_view":true,"can_create":true,"can_edit":true,"can_delete":true},"children":[]},{"key_name":"pelaporan.kinerja_kasir","label":"Kinerja Kasir","icon":"BarChart2","path":"/reports/cashier","order_index":4,"permission":{"can_view":true,"can_create":true,"can_edit":true,"can_delete":true},"children":[]},{"key_name":"pelaporan.ringkasan_bisnis","label":"Ringkasan Bisnis","icon":"BarChart3","path":"/reports/business-summary","order_index":5,"permission":{"can_view":true,"can_create":true,"can_edit":true,"can_delete":true},"children":[]}]},{"key_name":"operasional","label":"Operasional","icon":"Clock","path":null,"order_index":8,"permission":{"can_view":true,"can_create":true,"can_edit":true,"can_delete":true},"children":[{"key_name":"operasional.shift","label":"Shift","icon":"Clock","path":"/shifts","order_index":1,"permission":{"can_view":true,"can_create":true,"can_edit":true,"can_delete":true},"children":[]},{"key_name":"operasional.sync","label":"Sync Center","icon":"RefreshCw","path":"/sync","order_index":2,"permission":{"can_view":true,"can_create":true,"can_edit":true,"can_delete":true},"children":[]}]},{"key_name":"sistem","label":"Sistem","icon":"Settings","path":null,"order_index":9,"permission":{"can_view":true,"can_create":true,"can_edit":true,"can_delete":true},"children":[{"key_name":"sistem.profil_toko","label":"Profil Toko","icon":"Settings","path":"/settings/store","order_index":1,"permission":{"can_view":true,"can_create":true,"can_edit":true,"can_delete":true},"children":[]},{"key_name":"sistem.users","label":"Manajemen User","icon":"Users","path":"/settings/users","order_index":2,"permission":{"can_view":true,"can_create":true,"can_edit":true,"can_delete":true},"children":[]},{"key_name":"sistem.roles","label":"Manajemen Role","icon":"Shield","path":"/settings/roles","order_index":3,"permission":{"can_view":true,"can_create":true,"can_edit":true,"can_delete":true},"children":[]},{"key_name":"sistem.menus","label":"Manajemen Menu","icon":"LayoutList","path":"/settings/menus","order_index":4,"permission":{"can_view":true,"can_create":true,"can_edit":true,"can_delete":true},"children":[]},{"key_name":"sistem.printer","label":"Printer","icon":"Printer","path":"/settings/printer","order_index":5,"permission":{"can_view":true,"can_create":true,"can_edit":true,"can_delete":true},"children":[]},{"key_name":"sistem.versi","label":"Versi Aplikasi","icon":"RefreshCw","path":"/settings/versions","order_index":6,"permission":{"can_view":true,"can_create":true,"can_edit":true,"can_delete":true},"children":[]},{"key_name":"sistem.backup","label":"Backup \u0026 Restore","icon":"DatabaseBackup","path":"/settings/backup","order_index":7,"permission":{"can_view":true,"can_create":true,"can_edit":true,"can_delete":true},"children":[]}]}]}', 2, 1, '::1', NULL, '2026-07-26 00:32:54.694')

2026/07/26 00:32:55 [32mD:/Develop/Project_pos_mahenz/BE/domain/auth/repo/auth_repo.go:46
[0m[33m[0.506ms] [34;1m[rows:1][0m SELECT id, user_id, user_role, token, device_info, expires_at FROM sessions WHERE token = 'eyJhbGciOiJIUzI1NiIsInR5cCI6IkpXVCJ9.eyJhcHBzIjoid2ViIiwiZXhwIjoxNzg1MDI5NTc0LCJmdWxsX25hbWUiOiJBZG1pbmlzdHJhdG9yIiwicm9sZSI6ImFkbWluIiwidXNlcl9pZCI6MiwidXNlcm5hbWUiOiJhZG1pbiJ9.OkoYiQgL5UUDPHmtCjPSziOF3wT7BDguGuJY1FADXsA' LIMIT 1

2026/07/26 00:32:55 [32mD:/Develop/Project_pos_mahenz/BE/domain/menu/repo/menu_repo.go:121
[0m[33m[0.649ms] [34;1m[rows:-][0m 
		SELECT
			m.id,
			m.parent_id,
			m.key_name,
			m.label,
			m.icon,
			m.path,
			m.order_index,
			COALESCE(rma.can_view,   0),
			COALESCE(rma.can_create, 0),
			COALESCE(rma.can_edit,   0),
			COALESCE(rma.can_delete, 0)
		FROM menus m
		LEFT JOIN role_menu_access rma ON rma.menu_id = m.id
			AND rma.role_id = (SELECT id FROM roles WHERE name = 'admin' AND is_active = 1 LIMIT 1)
		WHERE m.is_active = 1
		ORDER BY m.order_index ASC, m.id ASC
		
[GIN] 2026/07/26 - 00:32:55 | 200 |      1.5453ms |             ::1 | POST     "/api/menus/my"

2026/07/26 00:32:55 [32mD:/Develop/Project_pos_mahenz/BE/repository/log_request_repository.go:32
[0m[33m[10.098ms] [34;1m[rows:1][0m INSERT INTO log_requests (id, method, endpoint, status_code, request_body, response_body, user_id, duration_ms, ip_address, error_message, created_at) VALUES ('a4e0c863-b5bd-44bb-9931-b9bcf90aa94e', 'POST', '/api/menus/my', 200, '{}', '{"code":"00","status":true,"message":"Menu akses","data":[{"key_name":"beranda","label":"Beranda","icon":"Home","path":null,"order_index":1,"permission":{"can_view":true,"can_create":true,"can_edit":true,"can_delete":true},"children":[{"key_name":"beranda.dashboard","label":"Dashboard","icon":"LayoutDashboard","path":"/dashboard","order_index":1,"permission":{"can_view":true,"can_create":true,"can_edit":true,"can_delete":true},"children":[]}]},{"key_name":"penjualan","label":"Penjualan","icon":"ShoppingCart","path":null,"order_index":2,"permission":{"can_view":true,"can_create":true,"can_edit":true,"can_delete":true},"children":[{"key_name":"penjualan.kasir","label":"Kasir","icon":"ShoppingCart","path":"/kasir","order_index":1,"permission":{"can_view":true,"can_create":true,"can_edit":true,"can_delete":true},"children":[]},{"key_name":"penjualan.transaksi","label":"Transaksi","icon":"Receipt","path":"/transactions","order_index":2,"permission":{"can_view":true,"can_create":true,"can_edit":true,"can_delete":true},"children":[]}]},{"key_name":"produk","label":"Produk","icon":"Package","path":null,"order_index":3,"permission":{"can_view":true,"can_create":true,"can_edit":true,"can_delete":true},"children":[{"key_name":"produk.produk","label":"Produk","icon":"Package","path":"/products","order_index":1,"permission":{"can_view":true,"can_create":true,"can_edit":true,"can_delete":true},"children":[]},{"key_name":"produk.kategori","label":"Kategori","icon":"Tag","path":"/products/categories","order_index":2,"permission":{"can_view":true,"can_create":true,"can_edit":true,"can_delete":true},"children":[]},{"key_name":"produk.unit","label":"Unit","icon":"PackageSearch","path":"/products/units","order_index":3,"permission":{"can_view":true,"can_create":true,"can_edit":true,"can_delete":true},"children":[]}]},{"key_name":"pengadaan","label":"Pengadaan","icon":"Truck","path":null,"order_index":4,"permission":{"can_view":true,"can_create":true,"can_edit":true,"can_delete":true},"children":[{"key_name":"pengadaan.supplier","label":"Supplier","icon":"Truck","path":"/suppliers","order_index":1,"permission":{"can_view":true,"can_create":true,"can_edit":true,"can_delete":true},"children":[]},{"key_name":"pengadaan.pembelian","label":"Pembelian","icon":"ShoppingBag","path":"/suppliers/purchases","order_index":2,"permission":{"can_view":true,"can_create":true,"can_edit":true,"can_delete":true},"children":[]},{"key_name":"pengadaan.retur","label":"Retur","icon":"RotateCcw","path":"/suppliers/returns","order_index":3,"permission":{"can_view":true,"can_create":true,"can_edit":true,"can_delete":true},"children":[]}]},{"key_name":"pelanggan","label":"Pelanggan","icon":"Users","path":null,"order_index":5,"permission":{"can_view":true,"can_create":true,"can_edit":true,"can_delete":true},"children":[{"key_name":"pelanggan.pelanggan","label":"Pelanggan","icon":"Users","path":"/customers","order_index":1,"permission":{"can_view":true,"can_create":true,"can_edit":true,"can_delete":true},"children":[]},{"key_name":"pelanggan.piutang","label":"Piutang","icon":"CreditCard","path":"/receivables","order_index":2,"permission":{"can_view":true,"can_create":true,"can_edit":true,"can_delete":true},"children":[]}]},{"key_name":"keuangan","label":"Keuangan","icon":"Wallet","path":null,"order_index":6,"permission":{"can_view":true,"can_create":true,"can_edit":true,"can_delete":true},"children":[{"key_name":"keuangan.dashboard","label":"Dashboard Keuangan","icon":"Wallet","path":"/finance","order_index":1,"permission":{"can_view":true,"can_create":true,"can_edit":true,"can_delete":true},"children":[]},{"key_name":"keuangan.kas_harian","label":"Kas Harian","icon":"Landmark","path":"/finance/cash-drawer","order_index":2,"permission":{"can_view":true,"can_create":true,"can_edit":true,"can_delete":true},"children":[]},{"key_name":"keuangan.pengeluaran","label":"Pengeluaran","icon":"TrendingDown","path":"/finance/expenses","order_index":3,"permission":{"can_view":true,"can_create":true,"can_edit":true,"can_delete":true},"children":[]},{"key_name":"keuangan.kas_saya","label":"Kas Saya","icon":"Wallet","path":"/finance/my-cash","order_index":4,"permission":{"can_view":true,"can_create":true,"can_edit":true,"can_delete":true},"children":[]}]},{"key_name":"pelaporan","label":"Pelaporan","icon":"BarChart2","path":null,"order_index":7,"permission":{"can_view":true,"can_create":true,"can_edit":true,"can_delete":true},"children":[{"key_name":"pelaporan.penjualan","label":"Penjualan","icon":"TrendingUp","path":"/reports/sales","order_index":1,"permission":{"can_view":true,"can_create":true,"can_edit":true,"can_delete":true},"children":[]},{"key_name":"pelaporan.laba_rugi","label":"Laba Rugi","icon":"LineChart","path":"/reports/profit-loss","order_index":2,"permission":{"can_view":true,"can_create":true,"can_edit":true,"can_delete":true},"children":[]},{"key_name":"pelaporan.stok","label":"Stok","icon":"PackageSearch","path":"/reports/stock","order_index":3,"permission":{"can_view":true,"can_create":true,"can_edit":true,"can_delete":true},"children":[]},{"key_name":"pelaporan.kinerja_kasir","label":"Kinerja Kasir","icon":"BarChart2","path":"/reports/cashier","order_index":4,"permission":{"can_view":true,"can_create":true,"can_edit":true,"can_delete":true},"children":[]},{"key_name":"pelaporan.ringkasan_bisnis","label":"Ringkasan Bisnis","icon":"BarChart3","path":"/reports/business-summary","order_index":5,"permission":{"can_view":true,"can_create":true,"can_edit":true,"can_delete":true},"children":[]}]},{"key_name":"operasional","label":"Operasional","icon":"Clock","path":null,"order_index":8,"permission":{"can_view":true,"can_create":true,"can_edit":true,"can_delete":true},"children":[{"key_name":"operasional.shift","label":"Shift","icon":"Clock","path":"/shifts","order_index":1,"permission":{"can_view":true,"can_create":true,"can_edit":true,"can_delete":true},"children":[]},{"key_name":"operasional.sync","label":"Sync Center","icon":"RefreshCw","path":"/sync","order_index":2,"permission":{"can_view":true,"can_create":true,"can_edit":true,"can_delete":true},"children":[]}]},{"key_name":"sistem","label":"Sistem","icon":"Settings","path":null,"order_index":9,"permission":{"can_view":true,"can_create":true,"can_edit":true,"can_delete":true},"children":[{"key_name":"sistem.profil_toko","label":"Profil Toko","icon":"Settings","path":"/settings/store","order_index":1,"permission":{"can_view":true,"can_create":true,"can_edit":true,"can_delete":true},"children":[]},{"key_name":"sistem.users","label":"Manajemen User","icon":"Users","path":"/settings/users","order_index":2,"permission":{"can_view":true,"can_create":true,"can_edit":true,"can_delete":true},"children":[]},{"key_name":"sistem.roles","label":"Manajemen Role","icon":"Shield","path":"/settings/roles","order_index":3,"permission":{"can_view":true,"can_create":true,"can_edit":true,"can_delete":true},"children":[]},{"key_name":"sistem.menus","label":"Manajemen Menu","icon":"LayoutList","path":"/settings/menus","order_index":4,"permission":{"can_view":true,"can_create":true,"can_edit":true,"can_delete":true},"children":[]},{"key_name":"sistem.printer","label":"Printer","icon":"Printer","path":"/settings/printer","order_index":5,"permission":{"can_view":true,"can_create":true,"can_edit":true,"can_delete":true},"children":[]},{"key_name":"sistem.versi","label":"Versi Aplikasi","icon":"RefreshCw","path":"/settings/versions","order_index":6,"permission":{"can_view":true,"can_create":true,"can_edit":true,"can_delete":true},"children":[]},{"key_name":"sistem.backup","label":"Backup \u0026 Restore","icon":"DatabaseBackup","path":"/settings/backup","order_index":7,"permission":{"can_view":true,"can_create":true,"can_edit":true,"can_delete":true},"children":[]}]}]}', 2, 1, '::1', NULL, '2026-07-26 00:32:55.228')
[GIN] 2026/07/26 - 00:32:55 | 204 |            0s |             ::1 | OPTIONS  "/api/sync/conflicts/count"

2026/07/26 00:32:55 [32mD:/Develop/Project_pos_mahenz/BE/domain/auth/repo/auth_repo.go:46
[0m[33m[0.848ms] [34;1m[rows:1][0m SELECT id, user_id, user_role, token, device_info, expires_at FROM sessions WHERE token = 'eyJhbGciOiJIUzI1NiIsInR5cCI6IkpXVCJ9.eyJhcHBzIjoid2ViIiwiZXhwIjoxNzg1MDI5NTc0LCJmdWxsX25hbWUiOiJBZG1pbmlzdHJhdG9yIiwicm9sZSI6ImFkbWluIiwidXNlcl9pZCI6MiwidXNlcm5hbWUiOiJhZG1pbiJ9.OkoYiQgL5UUDPHmtCjPSziOF3wT7BDguGuJY1FADXsA' LIMIT 1

2026/07/26 00:32:55 [32mD:/Develop/Project_pos_mahenz/BE/domain/sync/repo/sync_repo.go:84
[0m[33m[0.504ms] [34;1m[rows:1][0m SELECT COUNT(*) FROM sync_conflicts WHERE status = 'pending'
[GIN] 2026/07/26 - 00:32:55 | 200 |      2.1572ms |             ::1 | GET      "/api/sync/conflicts/count"

2026/07/26 00:32:55 [32mD:/Develop/Project_pos_mahenz/BE/repository/log_request_repository.go:32
[0m[33m[2.478ms] [34;1m[rows:1][0m INSERT INTO log_requests (id, method, endpoint, status_code, request_body, response_body, user_id, duration_ms, ip_address, error_message, created_at) VALUES ('8a3a48ea-6952-4296-a52d-beb4aaedd774', 'GET', '/api/sync/conflicts/count', 200, '', '{"code":"00","status":true,"message":"Jumlah konflik pending","data":{"count":0}}', 2, 2, '::1', NULL, '2026-07-26 00:32:55.286')
[GIN] 2026/07/26 - 00:32:55 | 204 |            0s |             ::1 | OPTIONS  "/api/cash-drawer/current"
[GIN] 2026/07/26 - 00:32:55 | 204 |            0s |             ::1 | OPTIONS  "/api/shifts/active"
[GIN] 2026/07/26 - 00:32:55 | 204 |            0s |             ::1 | OPTIONS  "/api/dashboard/today-summary"
[GIN] 2026/07/26 - 00:32:55 | 204 |            0s |             ::1 | OPTIONS  "/api/dashboard/recent-transactions?limit=5"

2026/07/26 00:32:55 [32mD:/Develop/Project_pos_mahenz/BE/domain/auth/repo/auth_repo.go:46
[0m[33m[1.111ms] [34;1m[rows:1][0m SELECT id, user_id, user_role, token, device_info, expires_at FROM sessions WHERE token = 'eyJhbGciOiJIUzI1NiIsInR5cCI6IkpXVCJ9.eyJhcHBzIjoid2ViIiwiZXhwIjoxNzg1MDI5NTc0LCJmdWxsX25hbWUiOiJBZG1pbmlzdHJhdG9yIiwicm9sZSI6ImFkbWluIiwidXNlcl9pZCI6MiwidXNlcm5hbWUiOiJhZG1pbiJ9.OkoYiQgL5UUDPHmtCjPSziOF3wT7BDguGuJY1FADXsA' LIMIT 1

2026/07/26 00:32:55 [32mD:/Develop/Project_pos_mahenz/BE/domain/auth/repo/auth_repo.go:46
[0m[33m[1.261ms] [34;1m[rows:1][0m SELECT id, user_id, user_role, token, device_info, expires_at FROM sessions WHERE token = 'eyJhbGciOiJIUzI1NiIsInR5cCI6IkpXVCJ9.eyJhcHBzIjoid2ViIiwiZXhwIjoxNzg1MDI5NTc0LCJmdWxsX25hbWUiOiJBZG1pbmlzdHJhdG9yIiwicm9sZSI6ImFkbWluIiwidXNlcl9pZCI6MiwidXNlcm5hbWUiOiJhZG1pbiJ9.OkoYiQgL5UUDPHmtCjPSziOF3wT7BDguGuJY1FADXsA' LIMIT 1

2026/07/26 00:32:55 [32mD:/Develop/Project_pos_mahenz/BE/domain/shift/repo/shift_repo.go:66
[0m[33m[0.556ms] [34;1m[rows:1][0m SELECT id, name, start_time, end_time FROM shifts WHERE is_active = 1 ORDER BY start_time
[GIN] 2026/07/26 - 00:32:55 | 200 |      2.9181ms |             ::1 | POST     "/api/shifts/active"

2026/07/26 00:32:55 [32mD:/Develop/Project_pos_mahenz/BE/domain/cash_drawer/repo/cash_drawer_repo.go:137
[0m[33m[1.222ms] [34;1m[rows:0][0m SELECT cd.id, cd.user_id, u.full_name as user_name, cd.shift_id, s.name as shift_name, s.start_time as shift_start, s.end_time as shift_end, cd.open_time, cd.opening_balance, cd.total_sales, cd.total_cash_sales, cd.total_expenses, (cd.opening_balance + COALESCE((SELECT SUM(total_amount) FROM transactions WHERE user_id = cd.user_id AND payment_method = 'cash' AND status = 'completed' AND transaction_date >= cd.open_time), 0) - COALESCE((SELECT SUM(amount) FROM expenses WHERE user_id = cd.user_id AND created_at >= cd.open_time), 0)) as expected_balance, cd.status, cd.open_notes FROM cash_drawer cd LEFT JOIN users u ON cd.user_id = u.id LEFT JOIN shifts s ON cd.shift_id = s.id WHERE cd.user_id = 2 AND cd.status = 'open' LIMIT 1
[GIN] 2026/07/26 - 00:32:55 | 200 |      4.1016ms |             ::1 | POST     "/api/cash-drawer/current"

2026/07/26 00:32:55 [32mD:/Develop/Project_pos_mahenz/BE/domain/auth/repo/auth_repo.go:46
[0m[33m[0.667ms] [34;1m[rows:1][0m SELECT id, user_id, user_role, token, device_info, expires_at FROM sessions WHERE token = 'eyJhbGciOiJIUzI1NiIsInR5cCI6IkpXVCJ9.eyJhcHBzIjoid2ViIiwiZXhwIjoxNzg1MDI5NTc0LCJmdWxsX25hbWUiOiJBZG1pbmlzdHJhdG9yIiwicm9sZSI6ImFkbWluIiwidXNlcl9pZCI6MiwidXNlcm5hbWUiOiJhZG1pbiJ9.OkoYiQgL5UUDPHmtCjPSziOF3wT7BDguGuJY1FADXsA' LIMIT 1

2026/07/26 00:32:55 [32mD:/Develop/Project_pos_mahenz/BE/domain/auth/repo/auth_repo.go:46
[0m[33m[0.560ms] [34;1m[rows:1][0m SELECT id, user_id, user_role, token, device_info, expires_at FROM sessions WHERE token = 'eyJhbGciOiJIUzI1NiIsInR5cCI6IkpXVCJ9.eyJhcHBzIjoid2ViIiwiZXhwIjoxNzg1MDI5NTc0LCJmdWxsX25hbWUiOiJBZG1pbmlzdHJhdG9yIiwicm9sZSI6ImFkbWluIiwidXNlcl9pZCI6MiwidXNlcm5hbWUiOiJhZG1pbiJ9.OkoYiQgL5UUDPHmtCjPSziOF3wT7BDguGuJY1FADXsA' LIMIT 1

2026/07/26 00:32:55 [32mD:/Develop/Project_pos_mahenz/BE/domain/dashboard/repo/dashboard_repo.go:42
[0m[33m[0.555ms] [34;1m[rows:-][0m 
		SELECT COUNT(*) as total_transactions, COALESCE(SUM(total_amount),0) as total_sales
		FROM transactions
		WHERE user_id = 2 AND DATE(transaction_date) = '2026-07-26' AND status = 'completed'
[GIN] 2026/07/26 - 00:32:55 | 200 |      1.7817ms |             ::1 | GET      "/api/dashboard/today-summary"

2026/07/26 00:32:55 [32mD:/Develop/Project_pos_mahenz/BE/domain/dashboard/repo/dashboard_repo.go:23
[0m[33m[0.555ms] [34;1m[rows:-][0m 
		SELECT id, transaction_code, transaction_date, total_amount, payment_method, status
		FROM transactions
		WHERE user_id = 2 AND status != 'pending'
		ORDER BY transaction_date DESC LIMIT 5
[GIN] 2026/07/26 - 00:32:55 | 200 |      1.7523ms |             ::1 | GET      "/api/dashboard/recent-transactions?limit=5"

2026/07/26 00:32:55 [32mD:/Develop/Project_pos_mahenz/BE/repository/log_request_repository.go:32
[0m[33m[9.394ms] [34;1m[rows:1][0m INSERT INTO log_requests (id, method, endpoint, status_code, request_body, response_body, user_id, duration_ms, ip_address, error_message, created_at) VALUES ('fae4041b-8449-4312-970c-5172b355b5d5', 'POST', '/api/shifts/active', 200, '{}', '{"code":"00","status":true,"message":"Daftar shift aktif","data":[{"id":1,"name":"Shift Test","start_time":"08:00:00","end_time":"17:00:00"}]}', 2, 2, '::1', NULL, '2026-07-26 00:32:55.605')

2026/07/26 00:32:55 [32mD:/Develop/Project_pos_mahenz/BE/repository/log_request_repository.go:32
[0m[33m[9.128ms] [34;1m[rows:1][0m INSERT INTO log_requests (id, method, endpoint, status_code, request_body, response_body, user_id, duration_ms, ip_address, error_message, created_at) VALUES ('3694df73-0b52-4d7b-88d7-95a73f119382', 'POST', '/api/cash-drawer/current', 200, '{}', '{"code":"00","status":true,"message":"Status kas harian","data":null}', 2, 4, '::1', NULL, '2026-07-26 00:32:55.606')

2026/07/26 00:32:55 [32mD:/Develop/Project_pos_mahenz/BE/repository/log_request_repository.go:32
[0m[33m[8.013ms] [34;1m[rows:1][0m INSERT INTO log_requests (id, method, endpoint, status_code, request_body, response_body, user_id, duration_ms, ip_address, error_message, created_at) VALUES ('33e9127f-4ae8-414b-9ce3-76524340d6cc', 'GET', '/api/dashboard/today-summary', 200, '', '{"code":"00","status":true,"message":"Performa hari ini","data":{"total_transactions":0,"total_sales":0}}', 2, 1, '::1', NULL, '2026-07-26 00:32:55.607')

2026/07/26 00:32:55 [32mD:/Develop/Project_pos_mahenz/BE/repository/log_request_repository.go:32
[0m[33m[7.376ms] [34;1m[rows:1][0m INSERT INTO log_requests (id, method, endpoint, status_code, request_body, response_body, user_id, duration_ms, ip_address, error_message, created_at) VALUES ('9ff645a9-5eb1-4e0f-b2a5-ba80250486ab', 'GET', '/api/dashboard/recent-transactions?limit=5', 200, '', '{"code":"00","status":true,"message":"Transaksi terakhir","data":[]}', 2, 1, '::1', NULL, '2026-07-26 00:32:55.607')
[GIN] 2026/07/26 - 00:33:21 | 204 |            0s |             ::1 | OPTIONS  "/api/auth/login"

2026/07/26 00:33:21 [32mD:/Develop/Project_pos_mahenz/BE/domain/auth/repo/auth_repo.go:17
[0m[33m[0.506ms] [34;1m[rows:1][0m SELECT u.id, u.username, u.password, u.full_name, u.role_id, r.name AS role_name, u.is_active FROM users u INNER JOIN roles r ON r.id = u.role_id WHERE u.username = 'admin' LIMIT 1

2026/07/26 00:33:21 [32mD:/Develop/Project_pos_mahenz/BE/domain/auth/repo/auth_repo.go:67
[0m[33m[9.576ms] [34;1m[rows:1][0m DELETE FROM sessions WHERE user_id = 2

2026/07/26 00:33:21 [32mD:/Develop/Project_pos_mahenz/BE/domain/auth/repo/auth_repo.go:38
[0m[33m[4.010ms] [34;1m[rows:1][0m INSERT INTO sessions (user_id, user_role, token, refresh_token, device_info, ip_address, expires_at) VALUES (2, 'admin', 'eyJhbGciOiJIUzI1NiIsInR5cCI6IkpXVCJ9.eyJhcHBzIjoid2ViIiwiZXhwIjoxNzg1MDI5NjAxLCJmdWxsX25hbWUiOiJBZG1pbmlzdHJhdG9yIiwicm9sZSI6ImFkbWluIiwidXNlcl9pZCI6MiwidXNlcm5hbWUiOiJhZG1pbiJ9.CDsxDlTgsK-BphkW7za21hcTnfKhJu1iC2qFdUtwfXw', 'b8292531e5ff7695ac937825c9b0da5baff74bc5f612baf10df23bd703467b74', 'web', '::1', '2026-08-02 00:33:21.281') ON DUPLICATE KEY UPDATE user_role=VALUES(user_role), token=VALUES(token), refresh_token=VALUES(refresh_token), device_info=VALUES(device_info), ip_address=VALUES(ip_address), expires_at=VALUES(expires_at), created_at=NOW()
[GIN] 2026/07/26 - 00:33:21 | 200 |     69.4287ms |             ::1 | POST     "/api/auth/login"

2026/07/26 00:33:21 [32mD:/Develop/Project_pos_mahenz/BE/repository/log_request_repository.go:32
[0m[33m[2.577ms] [34;1m[rows:1][0m INSERT INTO log_requests (id, method, endpoint, status_code, request_body, response_body, user_id, duration_ms, ip_address, error_message, created_at) VALUES ('77d56cc5-b1f4-48c6-805b-327a1701e0fe', 'POST', '/api/auth/login', 200, '{"username":"admin","password":"admin123","device_info":"web"}', '{"code":"00","status":true,"message":"Login berhasil","data":{"token":"eyJhbGciOiJIUzI1NiIsInR5cCI6IkpXVCJ9.eyJhcHBzIjoid2ViIiwiZXhwIjoxNzg1MDI5NjAxLCJmdWxsX25hbWUiOiJBZG1pbmlzdHJhdG9yIiwicm9sZSI6ImFkbWluIiwidXNlcl9pZCI6MiwidXNlcm5hbWUiOiJhZG1pbiJ9.CDsxDlTgsK-BphkW7za21hcTnfKhJu1iC2qFdUtwfXw","refresh_token":"b8292531e5ff7695ac937825c9b0da5baff74bc5f612baf10df23bd703467b74","expires_at":"2026-08-02T00:33:21.2811815+07:00","user":{"id":2,"username":"admin","full_name":"Administrator","role_id":2,"role_name":"admin"}}}', NULL, 69, '::1', NULL, '2026-07-26 00:33:21.294')
[GIN] 2026/07/26 - 00:33:21 | 204 |            0s |             ::1 | OPTIONS  "/api/menus/my"
[GIN] 2026/07/26 - 00:33:21 | 204 |            0s |             ::1 | OPTIONS  "/api/menus/my"

2026/07/26 00:33:21 [32mD:/Develop/Project_pos_mahenz/BE/domain/auth/repo/auth_repo.go:46
[0m[33m[0.678ms] [34;1m[rows:1][0m SELECT id, user_id, user_role, token, device_info, expires_at FROM sessions WHERE token = 'eyJhbGciOiJIUzI1NiIsInR5cCI6IkpXVCJ9.eyJhcHBzIjoid2ViIiwiZXhwIjoxNzg1MDI5NjAxLCJmdWxsX25hbWUiOiJBZG1pbmlzdHJhdG9yIiwicm9sZSI6ImFkbWluIiwidXNlcl9pZCI6MiwidXNlcm5hbWUiOiJhZG1pbiJ9.CDsxDlTgsK-BphkW7za21hcTnfKhJu1iC2qFdUtwfXw' LIMIT 1

2026/07/26 00:33:21 [32mD:/Develop/Project_pos_mahenz/BE/domain/menu/repo/menu_repo.go:121
[0m[33m[0.584ms] [34;1m[rows:-][0m 
		SELECT
			m.id,
			m.parent_id,
			m.key_name,
			m.label,
			m.icon,
			m.path,
			m.order_index,
			COALESCE(rma.can_view,   0),
			COALESCE(rma.can_create, 0),
			COALESCE(rma.can_edit,   0),
			COALESCE(rma.can_delete, 0)
		FROM menus m
		LEFT JOIN role_menu_access rma ON rma.menu_id = m.id
			AND rma.role_id = (SELECT id FROM roles WHERE name = 'admin' AND is_active = 1 LIMIT 1)
		WHERE m.is_active = 1
		ORDER BY m.order_index ASC, m.id ASC
		

2026/07/26 00:33:21 [32mD:/Develop/Project_pos_mahenz/BE/domain/auth/repo/auth_repo.go:46
[0m[33m[0.593ms] [34;1m[rows:1][0m SELECT id, user_id, user_role, token, device_info, expires_at FROM sessions WHERE token = 'eyJhbGciOiJIUzI1NiIsInR5cCI6IkpXVCJ9.eyJhcHBzIjoid2ViIiwiZXhwIjoxNzg1MDI5NjAxLCJmdWxsX25hbWUiOiJBZG1pbmlzdHJhdG9yIiwicm9sZSI6ImFkbWluIiwidXNlcl9pZCI6MiwidXNlcm5hbWUiOiJhZG1pbiJ9.CDsxDlTgsK-BphkW7za21hcTnfKhJu1iC2qFdUtwfXw' LIMIT 1
[GIN] 2026/07/26 - 00:33:21 | 200 |      1.8547ms |             ::1 | POST     "/api/menus/my"

2026/07/26 00:33:21 [32mD:/Develop/Project_pos_mahenz/BE/domain/menu/repo/menu_repo.go:121
[0m[33m[0.534ms] [34;1m[rows:-][0m 
		SELECT
			m.id,
			m.parent_id,
			m.key_name,
			m.label,
			m.icon,
			m.path,
			m.order_index,
			COALESCE(rma.can_view,   0),
			COALESCE(rma.can_create, 0),
			COALESCE(rma.can_edit,   0),
			COALESCE(rma.can_delete, 0)
		FROM menus m
		LEFT JOIN role_menu_access rma ON rma.menu_id = m.id
			AND rma.role_id = (SELECT id FROM roles WHERE name = 'admin' AND is_active = 1 LIMIT 1)
		WHERE m.is_active = 1
		ORDER BY m.order_index ASC, m.id ASC
		
[GIN] 2026/07/26 - 00:33:21 | 200 |      1.6619ms |             ::1 | POST     "/api/menus/my"

2026/07/26 00:33:21 [32mD:/Develop/Project_pos_mahenz/BE/repository/log_request_repository.go:32
[0m[33m[2.843ms] [34;1m[rows:1][0m INSERT INTO log_requests (id, method, endpoint, status_code, request_body, response_body, user_id, duration_ms, ip_address, error_message, created_at) VALUES ('d1231ac2-d65e-4e30-ac12-adf00d7b487c', 'POST', '/api/menus/my', 200, '{}', '{"code":"00","status":true,"message":"Menu akses","data":[{"key_name":"beranda","label":"Beranda","icon":"Home","path":null,"order_index":1,"permission":{"can_view":true,"can_create":true,"can_edit":true,"can_delete":true},"children":[{"key_name":"beranda.dashboard","label":"Dashboard","icon":"LayoutDashboard","path":"/dashboard","order_index":1,"permission":{"can_view":true,"can_create":true,"can_edit":true,"can_delete":true},"children":[]}]},{"key_name":"penjualan","label":"Penjualan","icon":"ShoppingCart","path":null,"order_index":2,"permission":{"can_view":true,"can_create":true,"can_edit":true,"can_delete":true},"children":[{"key_name":"penjualan.kasir","label":"Kasir","icon":"ShoppingCart","path":"/kasir","order_index":1,"permission":{"can_view":true,"can_create":true,"can_edit":true,"can_delete":true},"children":[]},{"key_name":"penjualan.transaksi","label":"Transaksi","icon":"Receipt","path":"/transactions","order_index":2,"permission":{"can_view":true,"can_create":true,"can_edit":true,"can_delete":true},"children":[]}]},{"key_name":"produk","label":"Produk","icon":"Package","path":null,"order_index":3,"permission":{"can_view":true,"can_create":true,"can_edit":true,"can_delete":true},"children":[{"key_name":"produk.produk","label":"Produk","icon":"Package","path":"/products","order_index":1,"permission":{"can_view":true,"can_create":true,"can_edit":true,"can_delete":true},"children":[]},{"key_name":"produk.kategori","label":"Kategori","icon":"Tag","path":"/products/categories","order_index":2,"permission":{"can_view":true,"can_create":true,"can_edit":true,"can_delete":true},"children":[]},{"key_name":"produk.unit","label":"Unit","icon":"PackageSearch","path":"/products/units","order_index":3,"permission":{"can_view":true,"can_create":true,"can_edit":true,"can_delete":true},"children":[]}]},{"key_name":"pengadaan","label":"Pengadaan","icon":"Truck","path":null,"order_index":4,"permission":{"can_view":true,"can_create":true,"can_edit":true,"can_delete":true},"children":[{"key_name":"pengadaan.supplier","label":"Supplier","icon":"Truck","path":"/suppliers","order_index":1,"permission":{"can_view":true,"can_create":true,"can_edit":true,"can_delete":true},"children":[]},{"key_name":"pengadaan.pembelian","label":"Pembelian","icon":"ShoppingBag","path":"/suppliers/purchases","order_index":2,"permission":{"can_view":true,"can_create":true,"can_edit":true,"can_delete":true},"children":[]},{"key_name":"pengadaan.retur","label":"Retur","icon":"RotateCcw","path":"/suppliers/returns","order_index":3,"permission":{"can_view":true,"can_create":true,"can_edit":true,"can_delete":true},"children":[]}]},{"key_name":"pelanggan","label":"Pelanggan","icon":"Users","path":null,"order_index":5,"permission":{"can_view":true,"can_create":true,"can_edit":true,"can_delete":true},"children":[{"key_name":"pelanggan.pelanggan","label":"Pelanggan","icon":"Users","path":"/customers","order_index":1,"permission":{"can_view":true,"can_create":true,"can_edit":true,"can_delete":true},"children":[]},{"key_name":"pelanggan.piutang","label":"Piutang","icon":"CreditCard","path":"/receivables","order_index":2,"permission":{"can_view":true,"can_create":true,"can_edit":true,"can_delete":true},"children":[]}]},{"key_name":"keuangan","label":"Keuangan","icon":"Wallet","path":null,"order_index":6,"permission":{"can_view":true,"can_create":true,"can_edit":true,"can_delete":true},"children":[{"key_name":"keuangan.dashboard","label":"Dashboard Keuangan","icon":"Wallet","path":"/finance","order_index":1,"permission":{"can_view":true,"can_create":true,"can_edit":true,"can_delete":true},"children":[]},{"key_name":"keuangan.kas_harian","label":"Kas Harian","icon":"Landmark","path":"/finance/cash-drawer","order_index":2,"permission":{"can_view":true,"can_create":true,"can_edit":true,"can_delete":true},"children":[]},{"key_name":"keuangan.pengeluaran","label":"Pengeluaran","icon":"TrendingDown","path":"/finance/expenses","order_index":3,"permission":{"can_view":true,"can_create":true,"can_edit":true,"can_delete":true},"children":[]},{"key_name":"keuangan.kas_saya","label":"Kas Saya","icon":"Wallet","path":"/finance/my-cash","order_index":4,"permission":{"can_view":true,"can_create":true,"can_edit":true,"can_delete":true},"children":[]}]},{"key_name":"pelaporan","label":"Pelaporan","icon":"BarChart2","path":null,"order_index":7,"permission":{"can_view":true,"can_create":true,"can_edit":true,"can_delete":true},"children":[{"key_name":"pelaporan.penjualan","label":"Penjualan","icon":"TrendingUp","path":"/reports/sales","order_index":1,"permission":{"can_view":true,"can_create":true,"can_edit":true,"can_delete":true},"children":[]},{"key_name":"pelaporan.laba_rugi","label":"Laba Rugi","icon":"LineChart","path":"/reports/profit-loss","order_index":2,"permission":{"can_view":true,"can_create":true,"can_edit":true,"can_delete":true},"children":[]},{"key_name":"pelaporan.stok","label":"Stok","icon":"PackageSearch","path":"/reports/stock","order_index":3,"permission":{"can_view":true,"can_create":true,"can_edit":true,"can_delete":true},"children":[]},{"key_name":"pelaporan.kinerja_kasir","label":"Kinerja Kasir","icon":"BarChart2","path":"/reports/cashier","order_index":4,"permission":{"can_view":true,"can_create":true,"can_edit":true,"can_delete":true},"children":[]},{"key_name":"pelaporan.ringkasan_bisnis","label":"Ringkasan Bisnis","icon":"BarChart3","path":"/reports/business-summary","order_index":5,"permission":{"can_view":true,"can_create":true,"can_edit":true,"can_delete":true},"children":[]}]},{"key_name":"operasional","label":"Operasional","icon":"Clock","path":null,"order_index":8,"permission":{"can_view":true,"can_create":true,"can_edit":true,"can_delete":true},"children":[{"key_name":"operasional.shift","label":"Shift","icon":"Clock","path":"/shifts","order_index":1,"permission":{"can_view":true,"can_create":true,"can_edit":true,"can_delete":true},"children":[]},{"key_name":"operasional.sync","label":"Sync Center","icon":"RefreshCw","path":"/sync","order_index":2,"permission":{"can_view":true,"can_create":true,"can_edit":true,"can_delete":true},"children":[]}]},{"key_name":"sistem","label":"Sistem","icon":"Settings","path":null,"order_index":9,"permission":{"can_view":true,"can_create":true,"can_edit":true,"can_delete":true},"children":[{"key_name":"sistem.profil_toko","label":"Profil Toko","icon":"Settings","path":"/settings/store","order_index":1,"permission":{"can_view":true,"can_create":true,"can_edit":true,"can_delete":true},"children":[]},{"key_name":"sistem.users","label":"Manajemen User","icon":"Users","path":"/settings/users","order_index":2,"permission":{"can_view":true,"can_create":true,"can_edit":true,"can_delete":true},"children":[]},{"key_name":"sistem.roles","label":"Manajemen Role","icon":"Shield","path":"/settings/roles","order_index":3,"permission":{"can_view":true,"can_create":true,"can_edit":true,"can_delete":true},"children":[]},{"key_name":"sistem.menus","label":"Manajemen Menu","icon":"LayoutList","path":"/settings/menus","order_index":4,"permission":{"can_view":true,"can_create":true,"can_edit":true,"can_delete":true},"children":[]},{"key_name":"sistem.printer","label":"Printer","icon":"Printer","path":"/settings/printer","order_index":5,"permission":{"can_view":true,"can_create":true,"can_edit":true,"can_delete":true},"children":[]},{"key_name":"sistem.versi","label":"Versi Aplikasi","icon":"RefreshCw","path":"/settings/versions","order_index":6,"permission":{"can_view":true,"can_create":true,"can_edit":true,"can_delete":true},"children":[]},{"key_name":"sistem.backup","label":"Backup \u0026 Restore","icon":"DatabaseBackup","path":"/settings/backup","order_index":7,"permission":{"can_view":true,"can_create":true,"can_edit":true,"can_delete":true},"children":[]}]}]}', 2, 1, '::1', NULL, '2026-07-26 00:33:21.307')

2026/07/26 00:33:21 [32mD:/Develop/Project_pos_mahenz/BE/repository/log_request_repository.go:32
[0m[33m[3.912ms] [34;1m[rows:1][0m INSERT INTO log_requests (id, method, endpoint, status_code, request_body, response_body, user_id, duration_ms, ip_address, error_message, created_at) VALUES ('f80cd3c2-10a6-4fb5-a4bc-b2f5b1abfc24', 'POST', '/api/menus/my', 200, '{}', '{"code":"00","status":true,"message":"Menu akses","data":[{"key_name":"beranda","label":"Beranda","icon":"Home","path":null,"order_index":1,"permission":{"can_view":true,"can_create":true,"can_edit":true,"can_delete":true},"children":[{"key_name":"beranda.dashboard","label":"Dashboard","icon":"LayoutDashboard","path":"/dashboard","order_index":1,"permission":{"can_view":true,"can_create":true,"can_edit":true,"can_delete":true},"children":[]}]},{"key_name":"penjualan","label":"Penjualan","icon":"ShoppingCart","path":null,"order_index":2,"permission":{"can_view":true,"can_create":true,"can_edit":true,"can_delete":true},"children":[{"key_name":"penjualan.kasir","label":"Kasir","icon":"ShoppingCart","path":"/kasir","order_index":1,"permission":{"can_view":true,"can_create":true,"can_edit":true,"can_delete":true},"children":[]},{"key_name":"penjualan.transaksi","label":"Transaksi","icon":"Receipt","path":"/transactions","order_index":2,"permission":{"can_view":true,"can_create":true,"can_edit":true,"can_delete":true},"children":[]}]},{"key_name":"produk","label":"Produk","icon":"Package","path":null,"order_index":3,"permission":{"can_view":true,"can_create":true,"can_edit":true,"can_delete":true},"children":[{"key_name":"produk.produk","label":"Produk","icon":"Package","path":"/products","order_index":1,"permission":{"can_view":true,"can_create":true,"can_edit":true,"can_delete":true},"children":[]},{"key_name":"produk.kategori","label":"Kategori","icon":"Tag","path":"/products/categories","order_index":2,"permission":{"can_view":true,"can_create":true,"can_edit":true,"can_delete":true},"children":[]},{"key_name":"produk.unit","label":"Unit","icon":"PackageSearch","path":"/products/units","order_index":3,"permission":{"can_view":true,"can_create":true,"can_edit":true,"can_delete":true},"children":[]}]},{"key_name":"pengadaan","label":"Pengadaan","icon":"Truck","path":null,"order_index":4,"permission":{"can_view":true,"can_create":true,"can_edit":true,"can_delete":true},"children":[{"key_name":"pengadaan.supplier","label":"Supplier","icon":"Truck","path":"/suppliers","order_index":1,"permission":{"can_view":true,"can_create":true,"can_edit":true,"can_delete":true},"children":[]},{"key_name":"pengadaan.pembelian","label":"Pembelian","icon":"ShoppingBag","path":"/suppliers/purchases","order_index":2,"permission":{"can_view":true,"can_create":true,"can_edit":true,"can_delete":true},"children":[]},{"key_name":"pengadaan.retur","label":"Retur","icon":"RotateCcw","path":"/suppliers/returns","order_index":3,"permission":{"can_view":true,"can_create":true,"can_edit":true,"can_delete":true},"children":[]}]},{"key_name":"pelanggan","label":"Pelanggan","icon":"Users","path":null,"order_index":5,"permission":{"can_view":true,"can_create":true,"can_edit":true,"can_delete":true},"children":[{"key_name":"pelanggan.pelanggan","label":"Pelanggan","icon":"Users","path":"/customers","order_index":1,"permission":{"can_view":true,"can_create":true,"can_edit":true,"can_delete":true},"children":[]},{"key_name":"pelanggan.piutang","label":"Piutang","icon":"CreditCard","path":"/receivables","order_index":2,"permission":{"can_view":true,"can_create":true,"can_edit":true,"can_delete":true},"children":[]}]},{"key_name":"keuangan","label":"Keuangan","icon":"Wallet","path":null,"order_index":6,"permission":{"can_view":true,"can_create":true,"can_edit":true,"can_delete":true},"children":[{"key_name":"keuangan.dashboard","label":"Dashboard Keuangan","icon":"Wallet","path":"/finance","order_index":1,"permission":{"can_view":true,"can_create":true,"can_edit":true,"can_delete":true},"children":[]},{"key_name":"keuangan.kas_harian","label":"Kas Harian","icon":"Landmark","path":"/finance/cash-drawer","order_index":2,"permission":{"can_view":true,"can_create":true,"can_edit":true,"can_delete":true},"children":[]},{"key_name":"keuangan.pengeluaran","label":"Pengeluaran","icon":"TrendingDown","path":"/finance/expenses","order_index":3,"permission":{"can_view":true,"can_create":true,"can_edit":true,"can_delete":true},"children":[]},{"key_name":"keuangan.kas_saya","label":"Kas Saya","icon":"Wallet","path":"/finance/my-cash","order_index":4,"permission":{"can_view":true,"can_create":true,"can_edit":true,"can_delete":true},"children":[]}]},{"key_name":"pelaporan","label":"Pelaporan","icon":"BarChart2","path":null,"order_index":7,"permission":{"can_view":true,"can_create":true,"can_edit":true,"can_delete":true},"children":[{"key_name":"pelaporan.penjualan","label":"Penjualan","icon":"TrendingUp","path":"/reports/sales","order_index":1,"permission":{"can_view":true,"can_create":true,"can_edit":true,"can_delete":true},"children":[]},{"key_name":"pelaporan.laba_rugi","label":"Laba Rugi","icon":"LineChart","path":"/reports/profit-loss","order_index":2,"permission":{"can_view":true,"can_create":true,"can_edit":true,"can_delete":true},"children":[]},{"key_name":"pelaporan.stok","label":"Stok","icon":"PackageSearch","path":"/reports/stock","order_index":3,"permission":{"can_view":true,"can_create":true,"can_edit":true,"can_delete":true},"children":[]},{"key_name":"pelaporan.kinerja_kasir","label":"Kinerja Kasir","icon":"BarChart2","path":"/reports/cashier","order_index":4,"permission":{"can_view":true,"can_create":true,"can_edit":true,"can_delete":true},"children":[]},{"key_name":"pelaporan.ringkasan_bisnis","label":"Ringkasan Bisnis","icon":"BarChart3","path":"/reports/business-summary","order_index":5,"permission":{"can_view":true,"can_create":true,"can_edit":true,"can_delete":true},"children":[]}]},{"key_name":"operasional","label":"Operasional","icon":"Clock","path":null,"order_index":8,"permission":{"can_view":true,"can_create":true,"can_edit":true,"can_delete":true},"children":[{"key_name":"operasional.shift","label":"Shift","icon":"Clock","path":"/shifts","order_index":1,"permission":{"can_view":true,"can_create":true,"can_edit":true,"can_delete":true},"children":[]},{"key_name":"operasional.sync","label":"Sync Center","icon":"RefreshCw","path":"/sync","order_index":2,"permission":{"can_view":true,"can_create":true,"can_edit":true,"can_delete":true},"children":[]}]},{"key_name":"sistem","label":"Sistem","icon":"Settings","path":null,"order_index":9,"permission":{"can_view":true,"can_create":true,"can_edit":true,"can_delete":true},"children":[{"key_name":"sistem.profil_toko","label":"Profil Toko","icon":"Settings","path":"/settings/store","order_index":1,"permission":{"can_view":true,"can_create":true,"can_edit":true,"can_delete":true},"children":[]},{"key_name":"sistem.users","label":"Manajemen User","icon":"Users","path":"/settings/users","order_index":2,"permission":{"can_view":true,"can_create":true,"can_edit":true,"can_delete":true},"children":[]},{"key_name":"sistem.roles","label":"Manajemen Role","icon":"Shield","path":"/settings/roles","order_index":3,"permission":{"can_view":true,"can_create":true,"can_edit":true,"can_delete":true},"children":[]},{"key_name":"sistem.menus","label":"Manajemen Menu","icon":"LayoutList","path":"/settings/menus","order_index":4,"permission":{"can_view":true,"can_create":true,"can_edit":true,"can_delete":true},"children":[]},{"key_name":"sistem.printer","label":"Printer","icon":"Printer","path":"/settings/printer","order_index":5,"permission":{"can_view":true,"can_create":true,"can_edit":true,"can_delete":true},"children":[]},{"key_name":"sistem.versi","label":"Versi Aplikasi","icon":"RefreshCw","path":"/settings/versions","order_index":6,"permission":{"can_view":true,"can_create":true,"can_edit":true,"can_delete":true},"children":[]},{"key_name":"sistem.backup","label":"Backup \u0026 Restore","icon":"DatabaseBackup","path":"/settings/backup","order_index":7,"permission":{"can_view":true,"can_create":true,"can_edit":true,"can_delete":true},"children":[]}]}]}', 2, 1, '::1', NULL, '2026-07-26 00:33:21.306')

2026/07/26 00:33:21 [32mD:/Develop/Project_pos_mahenz/BE/domain/auth/repo/auth_repo.go:46
[0m[33m[0.584ms] [34;1m[rows:1][0m SELECT id, user_id, user_role, token, device_info, expires_at FROM sessions WHERE token = 'eyJhbGciOiJIUzI1NiIsInR5cCI6IkpXVCJ9.eyJhcHBzIjoid2ViIiwiZXhwIjoxNzg1MDI5NjAxLCJmdWxsX25hbWUiOiJBZG1pbmlzdHJhdG9yIiwicm9sZSI6ImFkbWluIiwidXNlcl9pZCI6MiwidXNlcm5hbWUiOiJhZG1pbiJ9.CDsxDlTgsK-BphkW7za21hcTnfKhJu1iC2qFdUtwfXw' LIMIT 1

2026/07/26 00:33:21 [32mD:/Develop/Project_pos_mahenz/BE/domain/menu/repo/menu_repo.go:121
[0m[33m[0.532ms] [34;1m[rows:-][0m 
		SELECT
			m.id,
			m.parent_id,
			m.key_name,
			m.label,
			m.icon,
			m.path,
			m.order_index,
			COALESCE(rma.can_view,   0),
			COALESCE(rma.can_create, 0),
			COALESCE(rma.can_edit,   0),
			COALESCE(rma.can_delete, 0)
		FROM menus m
		LEFT JOIN role_menu_access rma ON rma.menu_id = m.id
			AND rma.role_id = (SELECT id FROM roles WHERE name = 'admin' AND is_active = 1 LIMIT 1)
		WHERE m.is_active = 1
		ORDER BY m.order_index ASC, m.id ASC
		
[GIN] 2026/07/26 - 00:33:21 | 200 |      2.0777ms |             ::1 | POST     "/api/menus/my"

2026/07/26 00:33:21 [32mD:/Develop/Project_pos_mahenz/BE/repository/log_request_repository.go:32
[0m[33m[3.296ms] [34;1m[rows:1][0m INSERT INTO log_requests (id, method, endpoint, status_code, request_body, response_body, user_id, duration_ms, ip_address, error_message, created_at) VALUES ('3f078c20-150e-45d2-9f94-ae9c1f90ccb6', 'POST', '/api/menus/my', 200, '{}', '{"code":"00","status":true,"message":"Menu akses","data":[{"key_name":"beranda","label":"Beranda","icon":"Home","path":null,"order_index":1,"permission":{"can_view":true,"can_create":true,"can_edit":true,"can_delete":true},"children":[{"key_name":"beranda.dashboard","label":"Dashboard","icon":"LayoutDashboard","path":"/dashboard","order_index":1,"permission":{"can_view":true,"can_create":true,"can_edit":true,"can_delete":true},"children":[]}]},{"key_name":"penjualan","label":"Penjualan","icon":"ShoppingCart","path":null,"order_index":2,"permission":{"can_view":true,"can_create":true,"can_edit":true,"can_delete":true},"children":[{"key_name":"penjualan.kasir","label":"Kasir","icon":"ShoppingCart","path":"/kasir","order_index":1,"permission":{"can_view":true,"can_create":true,"can_edit":true,"can_delete":true},"children":[]},{"key_name":"penjualan.transaksi","label":"Transaksi","icon":"Receipt","path":"/transactions","order_index":2,"permission":{"can_view":true,"can_create":true,"can_edit":true,"can_delete":true},"children":[]}]},{"key_name":"produk","label":"Produk","icon":"Package","path":null,"order_index":3,"permission":{"can_view":true,"can_create":true,"can_edit":true,"can_delete":true},"children":[{"key_name":"produk.produk","label":"Produk","icon":"Package","path":"/products","order_index":1,"permission":{"can_view":true,"can_create":true,"can_edit":true,"can_delete":true},"children":[]},{"key_name":"produk.kategori","label":"Kategori","icon":"Tag","path":"/products/categories","order_index":2,"permission":{"can_view":true,"can_create":true,"can_edit":true,"can_delete":true},"children":[]},{"key_name":"produk.unit","label":"Unit","icon":"PackageSearch","path":"/products/units","order_index":3,"permission":{"can_view":true,"can_create":true,"can_edit":true,"can_delete":true},"children":[]}]},{"key_name":"pengadaan","label":"Pengadaan","icon":"Truck","path":null,"order_index":4,"permission":{"can_view":true,"can_create":true,"can_edit":true,"can_delete":true},"children":[{"key_name":"pengadaan.supplier","label":"Supplier","icon":"Truck","path":"/suppliers","order_index":1,"permission":{"can_view":true,"can_create":true,"can_edit":true,"can_delete":true},"children":[]},{"key_name":"pengadaan.pembelian","label":"Pembelian","icon":"ShoppingBag","path":"/suppliers/purchases","order_index":2,"permission":{"can_view":true,"can_create":true,"can_edit":true,"can_delete":true},"children":[]},{"key_name":"pengadaan.retur","label":"Retur","icon":"RotateCcw","path":"/suppliers/returns","order_index":3,"permission":{"can_view":true,"can_create":true,"can_edit":true,"can_delete":true},"children":[]}]},{"key_name":"pelanggan","label":"Pelanggan","icon":"Users","path":null,"order_index":5,"permission":{"can_view":true,"can_create":true,"can_edit":true,"can_delete":true},"children":[{"key_name":"pelanggan.pelanggan","label":"Pelanggan","icon":"Users","path":"/customers","order_index":1,"permission":{"can_view":true,"can_create":true,"can_edit":true,"can_delete":true},"children":[]},{"key_name":"pelanggan.piutang","label":"Piutang","icon":"CreditCard","path":"/receivables","order_index":2,"permission":{"can_view":true,"can_create":true,"can_edit":true,"can_delete":true},"children":[]}]},{"key_name":"keuangan","label":"Keuangan","icon":"Wallet","path":null,"order_index":6,"permission":{"can_view":true,"can_create":true,"can_edit":true,"can_delete":true},"children":[{"key_name":"keuangan.dashboard","label":"Dashboard Keuangan","icon":"Wallet","path":"/finance","order_index":1,"permission":{"can_view":true,"can_create":true,"can_edit":true,"can_delete":true},"children":[]},{"key_name":"keuangan.kas_harian","label":"Kas Harian","icon":"Landmark","path":"/finance/cash-drawer","order_index":2,"permission":{"can_view":true,"can_create":true,"can_edit":true,"can_delete":true},"children":[]},{"key_name":"keuangan.pengeluaran","label":"Pengeluaran","icon":"TrendingDown","path":"/finance/expenses","order_index":3,"permission":{"can_view":true,"can_create":true,"can_edit":true,"can_delete":true},"children":[]},{"key_name":"keuangan.kas_saya","label":"Kas Saya","icon":"Wallet","path":"/finance/my-cash","order_index":4,"permission":{"can_view":true,"can_create":true,"can_edit":true,"can_delete":true},"children":[]}]},{"key_name":"pelaporan","label":"Pelaporan","icon":"BarChart2","path":null,"order_index":7,"permission":{"can_view":true,"can_create":true,"can_edit":true,"can_delete":true},"children":[{"key_name":"pelaporan.penjualan","label":"Penjualan","icon":"TrendingUp","path":"/reports/sales","order_index":1,"permission":{"can_view":true,"can_create":true,"can_edit":true,"can_delete":true},"children":[]},{"key_name":"pelaporan.laba_rugi","label":"Laba Rugi","icon":"LineChart","path":"/reports/profit-loss","order_index":2,"permission":{"can_view":true,"can_create":true,"can_edit":true,"can_delete":true},"children":[]},{"key_name":"pelaporan.stok","label":"Stok","icon":"PackageSearch","path":"/reports/stock","order_index":3,"permission":{"can_view":true,"can_create":true,"can_edit":true,"can_delete":true},"children":[]},{"key_name":"pelaporan.kinerja_kasir","label":"Kinerja Kasir","icon":"BarChart2","path":"/reports/cashier","order_index":4,"permission":{"can_view":true,"can_create":true,"can_edit":true,"can_delete":true},"children":[]},{"key_name":"pelaporan.ringkasan_bisnis","label":"Ringkasan Bisnis","icon":"BarChart3","path":"/reports/business-summary","order_index":5,"permission":{"can_view":true,"can_create":true,"can_edit":true,"can_delete":true},"children":[]}]},{"key_name":"operasional","label":"Operasional","icon":"Clock","path":null,"order_index":8,"permission":{"can_view":true,"can_create":true,"can_edit":true,"can_delete":true},"children":[{"key_name":"operasional.shift","label":"Shift","icon":"Clock","path":"/shifts","order_index":1,"permission":{"can_view":true,"can_create":true,"can_edit":true,"can_delete":true},"children":[]},{"key_name":"operasional.sync","label":"Sync Center","icon":"RefreshCw","path":"/sync","order_index":2,"permission":{"can_view":true,"can_create":true,"can_edit":true,"can_delete":true},"children":[]}]},{"key_name":"sistem","label":"Sistem","icon":"Settings","path":null,"order_index":9,"permission":{"can_view":true,"can_create":true,"can_edit":true,"can_delete":true},"children":[{"key_name":"sistem.profil_toko","label":"Profil Toko","icon":"Settings","path":"/settings/store","order_index":1,"permission":{"can_view":true,"can_create":true,"can_edit":true,"can_delete":true},"children":[]},{"key_name":"sistem.users","label":"Manajemen User","icon":"Users","path":"/settings/users","order_index":2,"permission":{"can_view":true,"can_create":true,"can_edit":true,"can_delete":true},"children":[]},{"key_name":"sistem.roles","label":"Manajemen Role","icon":"Shield","path":"/settings/roles","order_index":3,"permission":{"can_view":true,"can_create":true,"can_edit":true,"can_delete":true},"children":[]},{"key_name":"sistem.menus","label":"Manajemen Menu","icon":"LayoutList","path":"/settings/menus","order_index":4,"permission":{"can_view":true,"can_create":true,"can_edit":true,"can_delete":true},"children":[]},{"key_name":"sistem.printer","label":"Printer","icon":"Printer","path":"/settings/printer","order_index":5,"permission":{"can_view":true,"can_create":true,"can_edit":true,"can_delete":true},"children":[]},{"key_name":"sistem.versi","label":"Versi Aplikasi","icon":"RefreshCw","path":"/settings/versions","order_index":6,"permission":{"can_view":true,"can_create":true,"can_edit":true,"can_delete":true},"children":[]},{"key_name":"sistem.backup","label":"Backup \u0026 Restore","icon":"DatabaseBackup","path":"/settings/backup","order_index":7,"permission":{"can_view":true,"can_create":true,"can_edit":true,"can_delete":true},"children":[]}]}]}', 2, 2, '::1', NULL, '2026-07-26 00:33:21.519')
[GIN] 2026/07/26 - 00:33:21 | 204 |            0s |             ::1 | OPTIONS  "/api/sync/conflicts/count"

2026/07/26 00:33:21 [32mD:/Develop/Project_pos_mahenz/BE/domain/auth/repo/auth_repo.go:46
[0m[33m[0.507ms] [34;1m[rows:1][0m SELECT id, user_id, user_role, token, device_info, expires_at FROM sessions WHERE token = 'eyJhbGciOiJIUzI1NiIsInR5cCI6IkpXVCJ9.eyJhcHBzIjoid2ViIiwiZXhwIjoxNzg1MDI5NjAxLCJmdWxsX25hbWUiOiJBZG1pbmlzdHJhdG9yIiwicm9sZSI6ImFkbWluIiwidXNlcl9pZCI6MiwidXNlcm5hbWUiOiJhZG1pbiJ9.CDsxDlTgsK-BphkW7za21hcTnfKhJu1iC2qFdUtwfXw' LIMIT 1

2026/07/26 00:33:21 [32mD:/Develop/Project_pos_mahenz/BE/domain/sync/repo/sync_repo.go:84
[0m[33m[0.862ms] [34;1m[rows:1][0m SELECT COUNT(*) FROM sync_conflicts WHERE status = 'pending'
[GIN] 2026/07/26 - 00:33:21 | 200 |      1.3692ms |             ::1 | GET      "/api/sync/conflicts/count"

2026/07/26 00:33:21 [32mD:/Develop/Project_pos_mahenz/BE/repository/log_request_repository.go:32
[0m[33m[2.597ms] [34;1m[rows:1][0m INSERT INTO log_requests (id, method, endpoint, status_code, request_body, response_body, user_id, duration_ms, ip_address, error_message, created_at) VALUES ('86642f1e-1340-4297-ade2-edf7e59dcedf', 'GET', '/api/sync/conflicts/count', 200, '', '{"code":"00","status":true,"message":"Jumlah konflik pending","data":{"count":0}}', 2, 1, '::1', NULL, '2026-07-26 00:33:21.573')
[GIN] 2026/07/26 - 00:33:21 | 204 |            0s |             ::1 | OPTIONS  "/api/suppliers/list"
[GIN] 2026/07/26 - 00:33:21 | 204 |            0s |             ::1 | OPTIONS  "/api/products/list"

2026/07/26 00:33:21 [32mD:/Develop/Project_pos_mahenz/BE/domain/auth/repo/auth_repo.go:46
[0m[33m[1.871ms] [34;1m[rows:1][0m SELECT id, user_id, user_role, token, device_info, expires_at FROM sessions WHERE token = 'eyJhbGciOiJIUzI1NiIsInR5cCI6IkpXVCJ9.eyJhcHBzIjoid2ViIiwiZXhwIjoxNzg1MDI5NjAxLCJmdWxsX25hbWUiOiJBZG1pbmlzdHJhdG9yIiwicm9sZSI6ImFkbWluIiwidXNlcl9pZCI6MiwidXNlcm5hbWUiOiJhZG1pbiJ9.CDsxDlTgsK-BphkW7za21hcTnfKhJu1iC2qFdUtwfXw' LIMIT 1

2026/07/26 00:33:21 [32mD:/Develop/Project_pos_mahenz/BE/domain/auth/repo/auth_repo.go:46
[0m[33m[1.988ms] [34;1m[rows:1][0m SELECT id, user_id, user_role, token, device_info, expires_at FROM sessions WHERE token = 'eyJhbGciOiJIUzI1NiIsInR5cCI6IkpXVCJ9.eyJhcHBzIjoid2ViIiwiZXhwIjoxNzg1MDI5NjAxLCJmdWxsX25hbWUiOiJBZG1pbmlzdHJhdG9yIiwicm9sZSI6ImFkbWluIiwidXNlcl9pZCI6MiwidXNlcm5hbWUiOiJhZG1pbiJ9.CDsxDlTgsK-BphkW7za21hcTnfKhJu1iC2qFdUtwfXw' LIMIT 1

2026/07/26 00:33:21 [32mD:/Develop/Project_pos_mahenz/BE/domain/supplier/repo/supplier_repo.go:44
[0m[33m[0.513ms] [34;1m[rows:1][0m SELECT COUNT(*) FROM suppliers WHERE 1=1

2026/07/26 00:33:21 [32mD:/Develop/Project_pos_mahenz/BE/domain/product/repo/product_repo.go:100
[0m[33m[0.000ms] [34;1m[rows:1][0m SELECT COUNT(*) FROM products p WHERE 1=1

2026/07/26 00:33:21 [32mD:/Develop/Project_pos_mahenz/BE/domain/supplier/repo/supplier_repo.go:67
[0m[33m[1.085ms] [34;1m[rows:1][0m SELECT id, supplier_code, name, address, phone, email, contact_person, notes, is_active, created_at FROM suppliers WHERE 1=1 ORDER BY name ASC LIMIT 1 OFFSET 0
[GIN] 2026/07/26 - 00:33:21 | 200 |      3.9735ms |             ::1 | POST     "/api/suppliers/list"

2026/07/26 00:33:21 [32mD:/Develop/Project_pos_mahenz/BE/domain/product/repo/product_repo.go:119
[0m[33m[1.644ms] [34;1m[rows:1][0m 
		SELECT p.id, p.barcode, COALESCE(p.sku, '') as sku, p.name, p.category_id, COALESCE(c.name, '') as category_name,
		       p.purchase_price, p.selling_price, p.stock, p.reserved_qty, p.min_stock,
		       COALESCE(p.unit_id, 0) as unit_id, COALESCE(u.name, '') as unit_name, COALESCE(u.abbreviation, '') as unit_abbreviation,
		       p.is_active,
		       (SELECT COUNT(*) FROM product_packages pp WHERE pp.product_id = p.id AND pp.is_default = 0) AS extra_packages,
		       (SELECT COUNT(*) FROM product_prices pr WHERE pr.product_id = p.id) AS price_tiers_count
		FROM products p
		LEFT JOIN categories c ON p.category_id = c.id
		LEFT JOIN units u ON u.id = p.unit_id
		WHERE 1=1 ORDER BY p.name ASC LIMIT 1 OFFSET 0
[GIN] 2026/07/26 - 00:33:21 | 200 |      4.8993ms |             ::1 | POST     "/api/products/list"

2026/07/26 00:33:21 [32mD:/Develop/Project_pos_mahenz/BE/repository/log_request_repository.go:32
[0m[33m[3.946ms] [34;1m[rows:1][0m INSERT INTO log_requests (id, method, endpoint, status_code, request_body, response_body, user_id, duration_ms, ip_address, error_message, created_at) VALUES ('9c3d0559-21cf-4bcc-9305-e5c51418ced5', 'POST', '/api/suppliers/list', 200, '{"page":1,"limit":1,"search":""}', '{"code":"00","status":true,"message":"Daftar supplier","data":[{"id":1,"supplier_code":"SUP-001","name":"Supplier Test Fase14","address":"Jl. Test","phone":"08123456789","email":"","contact_person":"","notes":"","is_active":true,"created_at":"2026-07-25T13:19:10+07:00"}],"pagination":{"page":1,"per_page":1,"total":1,"total_pages":1}}', 2, 3, '::1', NULL, '2026-07-26 00:33:21.876')

2026/07/26 00:33:21 [32mD:/Develop/Project_pos_mahenz/BE/repository/log_request_repository.go:32
[0m[33m[3.457ms] [34;1m[rows:1][0m INSERT INTO log_requests (id, method, endpoint, status_code, request_body, response_body, user_id, duration_ms, ip_address, error_message, created_at) VALUES ('21135cd6-414b-4a18-8a07-4cd80d2b6ded', 'POST', '/api/products/list', 200, '{"page":1,"limit":1,"search":""}', '{"code":"00","status":true,"message":"Daftar produk","data":[{"id":4,"barcode":"8992260464338","sku":"SEM-0003","name":"Gula Pasir 1kg","category_id":1,"category_name":"Sembako Test","purchase_price":0,"selling_price":15000,"stock":50,"reserved_qty":0,"min_stock":5,"unit_id":1,"unit_name":"Pieces","unit_abbreviation":"Pcs","is_active":false,"extra_packages":0,"price_tiers_count":0}],"pagination":{"page":1,"per_page":1,"total":11,"total_pages":11}}', 2, 4, '::1', NULL, '2026-07-26 00:33:21.877')
[GIN] 2026/07/26 - 00:33:21 | 204 |            0s |             ::1 | OPTIONS  "/api/suppliers/options"
[GIN] 2026/07/26 - 00:33:21 | 204 |            0s |             ::1 | OPTIONS  "/api/payment-statuses/list"
[GIN] 2026/07/26 - 00:33:21 | 204 |            0s |             ::1 | OPTIONS  "/api/payment-methods/list"
[GIN] 2026/07/26 - 00:33:21 | 204 |            0s |             ::1 | OPTIONS  "/api/supplier-purchases/list"
[GIN] 2026/07/26 - 00:33:21 | 204 |            0s |             ::1 | OPTIONS  "/api/settings/pagination_sizes"

2026/07/26 00:33:21 [32mD:/Develop/Project_pos_mahenz/BE/domain/auth/repo/auth_repo.go:46
[0m[33m[0.512ms] [34;1m[rows:1][0m SELECT id, user_id, user_role, token, device_info, expires_at FROM sessions WHERE token = 'eyJhbGciOiJIUzI1NiIsInR5cCI6IkpXVCJ9.eyJhcHBzIjoid2ViIiwiZXhwIjoxNzg1MDI5NjAxLCJmdWxsX25hbWUiOiJBZG1pbmlzdHJhdG9yIiwicm9sZSI6ImFkbWluIiwidXNlcl9pZCI6MiwidXNlcm5hbWUiOiJhZG1pbiJ9.CDsxDlTgsK-BphkW7za21hcTnfKhJu1iC2qFdUtwfXw' LIMIT 1

2026/07/26 00:33:21 [32mD:/Develop/Project_pos_mahenz/BE/domain/auth/repo/auth_repo.go:46
[0m[33m[0.520ms] [34;1m[rows:1][0m SELECT id, user_id, user_role, token, device_info, expires_at FROM sessions WHERE token = 'eyJhbGciOiJIUzI1NiIsInR5cCI6IkpXVCJ9.eyJhcHBzIjoid2ViIiwiZXhwIjoxNzg1MDI5NjAxLCJmdWxsX25hbWUiOiJBZG1pbmlzdHJhdG9yIiwicm9sZSI6ImFkbWluIiwidXNlcl9pZCI6MiwidXNlcm5hbWUiOiJhZG1pbiJ9.CDsxDlTgsK-BphkW7za21hcTnfKhJu1iC2qFdUtwfXw' LIMIT 1

2026/07/26 00:33:21 [32mD:/Develop/Project_pos_mahenz/BE/domain/supplier/repo/supplier_repo.go:44
[0m[33m[0.521ms] [34;1m[rows:1][0m SELECT COUNT(*) FROM suppliers WHERE 1=1

2026/07/26 00:33:21 [32mD:/Develop/Project_pos_mahenz/BE/domain/auth/repo/auth_repo.go:46
[0m[33m[1.042ms] [34;1m[rows:1][0m SELECT id, user_id, user_role, token, device_info, expires_at FROM sessions WHERE token = 'eyJhbGciOiJIUzI1NiIsInR5cCI6IkpXVCJ9.eyJhcHBzIjoid2ViIiwiZXhwIjoxNzg1MDI5NjAxLCJmdWxsX25hbWUiOiJBZG1pbmlzdHJhdG9yIiwicm9sZSI6ImFkbWluIiwidXNlcl9pZCI6MiwidXNlcm5hbWUiOiJhZG1pbiJ9.CDsxDlTgsK-BphkW7za21hcTnfKhJu1iC2qFdUtwfXw' LIMIT 1

2026/07/26 00:33:21 [32mD:/Develop/Project_pos_mahenz/BE/domain/supplier/repo/supplier_repo.go:81
[0m[33m[0.521ms] [34;1m[rows:1][0m SELECT id, supplier_code, name FROM suppliers WHERE is_active = 1 ORDER BY name
[GIN] 2026/07/26 - 00:33:21 | 200 |      1.0415ms |             ::1 | POST     "/api/suppliers/options"

2026/07/26 00:33:21 [32mD:/Develop/Project_pos_mahenz/BE/domain/supplier/repo/supplier_repo.go:67
[0m[33m[0.000ms] [34;1m[rows:1][0m SELECT id, supplier_code, name, address, phone, email, contact_person, notes, is_active, created_at FROM suppliers WHERE 1=1 ORDER BY name ASC LIMIT 10 OFFSET 0
[GIN] 2026/07/26 - 00:33:21 | 200 |      1.5534ms |             ::1 | POST     "/api/suppliers/list"

2026/07/26 00:33:21 [32mD:/Develop/Project_pos_mahenz/BE/domain/payment_status/repo/payment_status_repo.go:9
[0m[33m[0.000ms] [34;1m[rows:3][0m SELECT id, code, label, is_active, sort_order FROM payment_statuses WHERE is_active = 1 ORDER BY sort_order ASC
[GIN] 2026/07/26 - 00:33:21 | 200 |      1.0415ms |             ::1 | POST     "/api/payment-statuses/list"

2026/07/26 00:33:21 [32mD:/Develop/Project_pos_mahenz/BE/domain/auth/repo/auth_repo.go:46
[0m[33m[0.634ms] [34;1m[rows:1][0m SELECT id, user_id, user_role, token, device_info, expires_at FROM sessions WHERE token = 'eyJhbGciOiJIUzI1NiIsInR5cCI6IkpXVCJ9.eyJhcHBzIjoid2ViIiwiZXhwIjoxNzg1MDI5NjAxLCJmdWxsX25hbWUiOiJBZG1pbmlzdHJhdG9yIiwicm9sZSI6ImFkbWluIiwidXNlcl9pZCI6MiwidXNlcm5hbWUiOiJhZG1pbiJ9.CDsxDlTgsK-BphkW7za21hcTnfKhJu1iC2qFdUtwfXw' LIMIT 1

2026/07/26 00:33:21 [32mD:/Develop/Project_pos_mahenz/BE/repository/log_request_repository.go:32
[0m[33m[2.446ms] [34;1m[rows:1][0m INSERT INTO log_requests (id, method, endpoint, status_code, request_body, response_body, user_id, duration_ms, ip_address, error_message, created_at) VALUES ('834e22dc-1f94-4601-9f7e-531502011013', 'POST', '/api/payment-statuses/list', 200, '{}', '{"code":"00","status":true,"message":"Daftar status pembayaran","data":[{"id":1,"code":"unpaid","label":"Hutang","is_active":1,"sort_order":1},{"id":2,"code":"partial","label":"Bayar Sebagian","is_active":1,"sort_order":2},{"id":3,"code":"paid","label":"Lunas","is_active":1,"sort_order":3}]}', 2, 1, '::1', NULL, '2026-07-26 00:33:21.959')

2026/07/26 00:33:21 [32mD:/Develop/Project_pos_mahenz/BE/repository/log_request_repository.go:32
[0m[33m[2.446ms] [34;1m[rows:1][0m INSERT INTO log_requests (id, method, endpoint, status_code, request_body, response_body, user_id, duration_ms, ip_address, error_message, created_at) VALUES ('e636edf1-507b-44e0-ba22-30227a04ed4e', 'POST', '/api/suppliers/options', 200, '{"search":""}', '{"code":"00","status":true,"message":"Opsi supplier","data":[{"id":1,"supplier_code":"SUP-001","name":"Supplier Test Fase14"}]}', 2, 1, '::1', NULL, '2026-07-26 00:33:21.959')

2026/07/26 00:33:21 [32mD:/Develop/Project_pos_mahenz/BE/repository/log_request_repository.go:32
[0m[33m[2.962ms] [34;1m[rows:1][0m INSERT INTO log_requests (id, method, endpoint, status_code, request_body, response_body, user_id, duration_ms, ip_address, error_message, created_at) VALUES ('324120d3-3dd3-4193-b72a-22ac4f36f3a5', 'POST', '/api/suppliers/list', 200, '{"page":1,"limit":200,"search":""}', '{"code":"00","status":true,"message":"Daftar supplier","data":[{"id":1,"supplier_code":"SUP-001","name":"Supplier Test Fase14","address":"Jl. Test","phone":"08123456789","email":"","contact_person":"","notes":"","is_active":true,"created_at":"2026-07-25T13:19:10+07:00"}],"pagination":{"page":1,"per_page":200,"total":1,"total_pages":1}}', 2, 1, '::1', NULL, '2026-07-26 00:33:21.959')

2026/07/26 00:33:21 [32mD:/Develop/Project_pos_mahenz/BE/domain/auth/repo/auth_repo.go:46
[0m[33m[0.000ms] [34;1m[rows:1][0m SELECT id, user_id, user_role, token, device_info, expires_at FROM sessions WHERE token = 'eyJhbGciOiJIUzI1NiIsInR5cCI6IkpXVCJ9.eyJhcHBzIjoid2ViIiwiZXhwIjoxNzg1MDI5NjAxLCJmdWxsX25hbWUiOiJBZG1pbmlzdHJhdG9yIiwicm9sZSI6ImFkbWluIiwidXNlcl9pZCI6MiwidXNlcm5hbWUiOiJhZG1pbiJ9.CDsxDlTgsK-BphkW7za21hcTnfKhJu1iC2qFdUtwfXw' LIMIT 1

2026/07/26 00:33:21 [32mD:/Develop/Project_pos_mahenz/BE/domain/payment_method/repo/payment_method_repo.go:9
[0m[33m[0.516ms] [34;1m[rows:5][0m SELECT id, code, label, is_active, sort_order FROM payment_methods WHERE is_active = 1 ORDER BY sort_order ASC

2026/07/26 00:33:21 [32mD:/Develop/Project_pos_mahenz/BE/domain/setting/repo/setting_repo.go:32
[0m[33m[0.000ms] [34;1m[rows:-][0m SELECT setting_key, setting_value FROM settings WHERE setting_key = 'pagination_sizes'
[GIN] 2026/07/26 - 00:33:21 | 200 |      2.3035ms |             ::1 | POST     "/api/payment-methods/list"
[GIN] 2026/07/26 - 00:33:21 | 200 |      1.6698ms |             ::1 | GET      "/api/settings/pagination_sizes"

2026/07/26 00:33:21 [32mD:/Develop/Project_pos_mahenz/BE/domain/auth/repo/auth_repo.go:46
[0m[33m[5.649ms] [34;1m[rows:1][0m SELECT id, user_id, user_role, token, device_info, expires_at FROM sessions WHERE token = 'eyJhbGciOiJIUzI1NiIsInR5cCI6IkpXVCJ9.eyJhcHBzIjoid2ViIiwiZXhwIjoxNzg1MDI5NjAxLCJmdWxsX25hbWUiOiJBZG1pbmlzdHJhdG9yIiwicm9sZSI6ImFkbWluIiwidXNlcl9pZCI6MiwidXNlcm5hbWUiOiJhZG1pbiJ9.CDsxDlTgsK-BphkW7za21hcTnfKhJu1iC2qFdUtwfXw' LIMIT 1

2026/07/26 00:33:21 [32mD:/Develop/Project_pos_mahenz/BE/repository/log_request_repository.go:32
[0m[33m[4.939ms] [34;1m[rows:1][0m INSERT INTO log_requests (id, method, endpoint, status_code, request_body, response_body, user_id, duration_ms, ip_address, error_message, created_at) VALUES ('453b91cb-e012-4219-a92e-0124351e4519', 'GET', '/api/settings/pagination_sizes', 200, '', '{"code":"00","status":true,"message":"Detail pengaturan","data":{"key":"pagination_sizes","value":"[10,20,50]"}}', 2, 1, '::1', NULL, '2026-07-26 00:33:21.963')

2026/07/26 00:33:21 [32mD:/Develop/Project_pos_mahenz/BE/repository/log_request_repository.go:32
[0m[33m[4.939ms] [34;1m[rows:1][0m INSERT INTO log_requests (id, method, endpoint, status_code, request_body, response_body, user_id, duration_ms, ip_address, error_message, created_at) VALUES ('07591440-8d3c-4c46-a26e-92c690875c12', 'POST', '/api/payment-methods/list', 200, '{}', '{"code":"00","status":true,"message":"Daftar metode pembayaran","data":[{"id":1,"code":"cash","label":"Tunai","is_active":1,"sort_order":1},{"id":2,"code":"transfer","label":"Transfer Bank","is_active":1,"sort_order":2},{"id":3,"code":"card","label":"Kartu","is_active":1,"sort_order":3},{"id":4,"code":"qris","label":"QRIS","is_active":1,"sort_order":4},{"id":5,"code":"kredit","label":"Kredit","is_active":1,"sort_order":5}]}', 2, 2, '::1', NULL, '2026-07-26 00:33:21.963')

2026/07/26 00:33:21 [32mD:/Develop/Project_pos_mahenz/BE/domain/supplier_purchase/repo/purchase_repo.go:124
[0m[33m[2.244ms] [34;1m[rows:1][0m SELECT COUNT(*) FROM purchases p WHERE 1=1 AND DATE(p.purchase_date) >= '2026-07-01' AND DATE(p.purchase_date) <= '2026-07-26'

2026/07/26 00:33:21 [32mD:/Develop/Project_pos_mahenz/BE/domain/supplier_purchase/repo/purchase_repo.go:141
[0m[33m[1.980ms] [34;1m[rows:-][0m SELECT p.id, p.purchase_code, p.invoice_number, p.supplier_id, COALESCE(s.name, '') as supplier_name, p.purchase_date, p.discount_amount, p.total_amount, p.payment_status, p.paid_amount, p.remaining_amount, p.status, COALESCE(u.full_name, '') as user_name, p.notes FROM purchases p LEFT JOIN users u ON p.user_id = u.id LEFT JOIN suppliers s ON p.supplier_id = s.id WHERE 1=1 AND DATE(p.purchase_date) >= '2026-07-01' AND DATE(p.purchase_date) <= '2026-07-26' ORDER BY p.purchase_date DESC, p.id DESC LIMIT 10 OFFSET 0
[GIN] 2026/07/26 - 00:33:21 | 200 |     10.2409ms |             ::1 | POST     "/api/supplier-purchases/list"

2026/07/26 00:33:21 [32mD:/Develop/Project_pos_mahenz/BE/repository/log_request_repository.go:32
[0m[33m[2.808ms] [34;1m[rows:1][0m INSERT INTO log_requests (id, method, endpoint, status_code, request_body, response_body, user_id, duration_ms, ip_address, error_message, created_at) VALUES ('ac2deea4-1591-4a84-9bf8-47f3dac2ff25', 'POST', '/api/supplier-purchases/list', 200, '{"page":1,"limit":10,"start_date":"2026-07-01","end_date":"2026-07-26"}', '{"code":"00","status":true,"message":"Daftar purchase order","data":[{"id":6,"purchase_code":"PO-20260726-004","invoice_number":"INV-QA-NORMAL","supplier_id":1,"supplier_name":"Supplier Test Fase14","purchase_date":"2026-07-26T00:00:00+07:00","discount_amount":500,"total_amount":2500,"payment_status":"unpaid","paid_amount":0,"remaining_amount":2500,"status":"active","user_name":"Administrator","notes":""},{"id":5,"purchase_code":"PO-20260726-003","invoice_number":"INV-QA-DISKON-PAS","supplier_id":1,"supplier_name":"Supplier Test Fase14","purchase_date":"2026-07-26T00:00:00+07:00","discount_amount":2000,"total_amount":0,"payment_status":"unpaid","paid_amount":0,"remaining_amount":0,"status":"active","user_name":"Administrator","notes":""},{"id":4,"purchase_code":"PO-20260726-002","invoice_number":"INV-QA-DUP-PRODUCT","supplier_id":1,"supplier_name":"Supplier Test Fase14","purchase_date":"2026-07-26T00:00:00+07:00","discount_amount":0,"total_amount":8000,"payment_status":"unpaid","paid_amount":0,"remaining_amount":8000,"status":"active","user_name":"Administrator","notes":""},{"id":3,"purchase_code":"PO-20260726-001","invoice_number":"INV-QA-DISKON-BUG","supplier_id":1,"supplier_name":"Supplier Test Fase14","purchase_date":"2026-07-26T00:00:00+07:00","discount_amount":5000,"total_amount":0,"payment_status":"unpaid","paid_amount":0,"remaining_amount":0,"status":"active","user_name":"Administrator","notes":""},{"id":2,"purchase_code":"PO-20260725-002","invoice_number":"INV-EXP-002","supplier_id":1,"supplier_name":"Supplier Test Fase14","purchase_date":"2026-07-25T00:00:00+07:00","discount_amount":0,"total_amount":4000,"payment_status":"unpaid","paid_amount":0,"remaining_amount":4000,"status":"active","user_name":"Administrator","notes":""},{"id":1,"purchase_code":"PO-20260725-001","invoice_number":"INV-EXP-001","supplier_id":1,"supplier_name":"Supplier Test Fase14","purchase_date":"2026-07-25T00:00:00+07:00","discount_amount":0,"total_amount":8000,"payment_status":"unpaid","paid_amount":0,"remaining_amount":8000,"status":"active","user_name":"Administrator","notes":""}],"pagination":{"page":1,"per_page":10,"total":6,"total_pages":1}}', 2, 10, '::1', NULL, '2026-07-26 00:33:21.971')
[GIN] 2026/07/26 - 00:33:34 | 204 |            0s |             ::1 | OPTIONS  "/api/auth/login"

2026/07/26 00:33:34 [32mD:/Develop/Project_pos_mahenz/BE/domain/auth/repo/auth_repo.go:17
[0m[33m[0.816ms] [34;1m[rows:1][0m SELECT u.id, u.username, u.password, u.full_name, u.role_id, r.name AS role_name, u.is_active FROM users u INNER JOIN roles r ON r.id = u.role_id WHERE u.username = 'admin' LIMIT 1

2026/07/26 00:33:34 [32mD:/Develop/Project_pos_mahenz/BE/domain/auth/repo/auth_repo.go:67
[0m[33m[11.176ms] [34;1m[rows:1][0m DELETE FROM sessions WHERE user_id = 2

2026/07/26 00:33:34 [32mD:/Develop/Project_pos_mahenz/BE/domain/auth/repo/auth_repo.go:38
[0m[33m[3.148ms] [34;1m[rows:1][0m INSERT INTO sessions (user_id, user_role, token, refresh_token, device_info, ip_address, expires_at) VALUES (2, 'admin', 'eyJhbGciOiJIUzI1NiIsInR5cCI6IkpXVCJ9.eyJhcHBzIjoid2ViIiwiZXhwIjoxNzg1MDI5NjE0LCJmdWxsX25hbWUiOiJBZG1pbmlzdHJhdG9yIiwicm9sZSI6ImFkbWluIiwidXNlcl9pZCI6MiwidXNlcm5hbWUiOiJhZG1pbiJ9.OQFhbXgQArzrA4MyUoqFj1_m0jRYbbDBdOyEJKuXbe4', '4b120b470a728123f97c1acf3ea19cfade8b699381447fc0554112ad4fde5caf', 'web', '::1', '2026-08-02 00:33:34.883') ON DUPLICATE KEY UPDATE user_role=VALUES(user_role), token=VALUES(token), refresh_token=VALUES(refresh_token), device_info=VALUES(device_info), ip_address=VALUES(ip_address), expires_at=VALUES(expires_at), created_at=NOW()
[GIN] 2026/07/26 - 00:33:34 | 200 |     72.3372ms |             ::1 | POST     "/api/auth/login"

2026/07/26 00:33:34 [32mD:/Develop/Project_pos_mahenz/BE/repository/log_request_repository.go:32
[0m[33m[2.073ms] [34;1m[rows:1][0m INSERT INTO log_requests (id, method, endpoint, status_code, request_body, response_body, user_id, duration_ms, ip_address, error_message, created_at) VALUES ('fae257e7-9d4f-479b-88ef-30930c130a92', 'POST', '/api/auth/login', 200, '{"username":"admin","password":"admin123","device_info":"web"}', '{"code":"00","status":true,"message":"Login berhasil","data":{"token":"eyJhbGciOiJIUzI1NiIsInR5cCI6IkpXVCJ9.eyJhcHBzIjoid2ViIiwiZXhwIjoxNzg1MDI5NjE0LCJmdWxsX25hbWUiOiJBZG1pbmlzdHJhdG9yIiwicm9sZSI6ImFkbWluIiwidXNlcl9pZCI6MiwidXNlcm5hbWUiOiJhZG1pbiJ9.OQFhbXgQArzrA4MyUoqFj1_m0jRYbbDBdOyEJKuXbe4","refresh_token":"4b120b470a728123f97c1acf3ea19cfade8b699381447fc0554112ad4fde5caf","expires_at":"2026-08-02T00:33:34.8838127+07:00","user":{"id":2,"username":"admin","full_name":"Administrator","role_id":2,"role_name":"admin"}}}', NULL, 72, '::1', NULL, '2026-07-26 00:33:34.898')
[GIN] 2026/07/26 - 00:33:34 | 204 |            0s |             ::1 | OPTIONS  "/api/menus/my"
[GIN] 2026/07/26 - 00:33:34 | 204 |            0s |             ::1 | OPTIONS  "/api/menus/my"

2026/07/26 00:33:34 [32mD:/Develop/Project_pos_mahenz/BE/domain/auth/repo/auth_repo.go:46
[0m[33m[1.039ms] [34;1m[rows:1][0m SELECT id, user_id, user_role, token, device_info, expires_at FROM sessions WHERE token = 'eyJhbGciOiJIUzI1NiIsInR5cCI6IkpXVCJ9.eyJhcHBzIjoid2ViIiwiZXhwIjoxNzg1MDI5NjE0LCJmdWxsX25hbWUiOiJBZG1pbmlzdHJhdG9yIiwicm9sZSI6ImFkbWluIiwidXNlcl9pZCI6MiwidXNlcm5hbWUiOiJhZG1pbiJ9.OQFhbXgQArzrA4MyUoqFj1_m0jRYbbDBdOyEJKuXbe4' LIMIT 1

2026/07/26 00:33:34 [32mD:/Develop/Project_pos_mahenz/BE/domain/auth/repo/auth_repo.go:46
[0m[33m[0.523ms] [34;1m[rows:1][0m SELECT id, user_id, user_role, token, device_info, expires_at FROM sessions WHERE token = 'eyJhbGciOiJIUzI1NiIsInR5cCI6IkpXVCJ9.eyJhcHBzIjoid2ViIiwiZXhwIjoxNzg1MDI5NjE0LCJmdWxsX25hbWUiOiJBZG1pbmlzdHJhdG9yIiwicm9sZSI6ImFkbWluIiwidXNlcl9pZCI6MiwidXNlcm5hbWUiOiJhZG1pbiJ9.OQFhbXgQArzrA4MyUoqFj1_m0jRYbbDBdOyEJKuXbe4' LIMIT 1

2026/07/26 00:33:34 [32mD:/Develop/Project_pos_mahenz/BE/domain/menu/repo/menu_repo.go:121
[0m[33m[1.252ms] [34;1m[rows:-][0m 
		SELECT
			m.id,
			m.parent_id,
			m.key_name,
			m.label,
			m.icon,
			m.path,
			m.order_index,
			COALESCE(rma.can_view,   0),
			COALESCE(rma.can_create, 0),
			COALESCE(rma.can_edit,   0),
			COALESCE(rma.can_delete, 0)
		FROM menus m
		LEFT JOIN role_menu_access rma ON rma.menu_id = m.id
			AND rma.role_id = (SELECT id FROM roles WHERE name = 'admin' AND is_active = 1 LIMIT 1)
		WHERE m.is_active = 1
		ORDER BY m.order_index ASC, m.id ASC
		
[GIN] 2026/07/26 - 00:33:34 | 200 |      2.8598ms |             ::1 | POST     "/api/menus/my"

2026/07/26 00:33:34 [32mD:/Develop/Project_pos_mahenz/BE/domain/menu/repo/menu_repo.go:121
[0m[33m[1.103ms] [34;1m[rows:-][0m 
		SELECT
			m.id,
			m.parent_id,
			m.key_name,
			m.label,
			m.icon,
			m.path,
			m.order_index,
			COALESCE(rma.can_view,   0),
			COALESCE(rma.can_create, 0),
			COALESCE(rma.can_edit,   0),
			COALESCE(rma.can_delete, 0)
		FROM menus m
		LEFT JOIN role_menu_access rma ON rma.menu_id = m.id
			AND rma.role_id = (SELECT id FROM roles WHERE name = 'admin' AND is_active = 1 LIMIT 1)
		WHERE m.is_active = 1
		ORDER BY m.order_index ASC, m.id ASC
		
[GIN] 2026/07/26 - 00:33:34 | 200 |      2.3546ms |             ::1 | POST     "/api/menus/my"

2026/07/26 00:33:34 [32mD:/Develop/Project_pos_mahenz/BE/repository/log_request_repository.go:32
[0m[33m[3.440ms] [34;1m[rows:1][0m INSERT INTO log_requests (id, method, endpoint, status_code, request_body, response_body, user_id, duration_ms, ip_address, error_message, created_at) VALUES ('95eb66e9-cb89-4c51-bcdd-1b914d3c623e', 'POST', '/api/menus/my', 200, '{}', '{"code":"00","status":true,"message":"Menu akses","data":[{"key_name":"beranda","label":"Beranda","icon":"Home","path":null,"order_index":1,"permission":{"can_view":true,"can_create":true,"can_edit":true,"can_delete":true},"children":[{"key_name":"beranda.dashboard","label":"Dashboard","icon":"LayoutDashboard","path":"/dashboard","order_index":1,"permission":{"can_view":true,"can_create":true,"can_edit":true,"can_delete":true},"children":[]}]},{"key_name":"penjualan","label":"Penjualan","icon":"ShoppingCart","path":null,"order_index":2,"permission":{"can_view":true,"can_create":true,"can_edit":true,"can_delete":true},"children":[{"key_name":"penjualan.kasir","label":"Kasir","icon":"ShoppingCart","path":"/kasir","order_index":1,"permission":{"can_view":true,"can_create":true,"can_edit":true,"can_delete":true},"children":[]},{"key_name":"penjualan.transaksi","label":"Transaksi","icon":"Receipt","path":"/transactions","order_index":2,"permission":{"can_view":true,"can_create":true,"can_edit":true,"can_delete":true},"children":[]}]},{"key_name":"produk","label":"Produk","icon":"Package","path":null,"order_index":3,"permission":{"can_view":true,"can_create":true,"can_edit":true,"can_delete":true},"children":[{"key_name":"produk.produk","label":"Produk","icon":"Package","path":"/products","order_index":1,"permission":{"can_view":true,"can_create":true,"can_edit":true,"can_delete":true},"children":[]},{"key_name":"produk.kategori","label":"Kategori","icon":"Tag","path":"/products/categories","order_index":2,"permission":{"can_view":true,"can_create":true,"can_edit":true,"can_delete":true},"children":[]},{"key_name":"produk.unit","label":"Unit","icon":"PackageSearch","path":"/products/units","order_index":3,"permission":{"can_view":true,"can_create":true,"can_edit":true,"can_delete":true},"children":[]}]},{"key_name":"pengadaan","label":"Pengadaan","icon":"Truck","path":null,"order_index":4,"permission":{"can_view":true,"can_create":true,"can_edit":true,"can_delete":true},"children":[{"key_name":"pengadaan.supplier","label":"Supplier","icon":"Truck","path":"/suppliers","order_index":1,"permission":{"can_view":true,"can_create":true,"can_edit":true,"can_delete":true},"children":[]},{"key_name":"pengadaan.pembelian","label":"Pembelian","icon":"ShoppingBag","path":"/suppliers/purchases","order_index":2,"permission":{"can_view":true,"can_create":true,"can_edit":true,"can_delete":true},"children":[]},{"key_name":"pengadaan.retur","label":"Retur","icon":"RotateCcw","path":"/suppliers/returns","order_index":3,"permission":{"can_view":true,"can_create":true,"can_edit":true,"can_delete":true},"children":[]}]},{"key_name":"pelanggan","label":"Pelanggan","icon":"Users","path":null,"order_index":5,"permission":{"can_view":true,"can_create":true,"can_edit":true,"can_delete":true},"children":[{"key_name":"pelanggan.pelanggan","label":"Pelanggan","icon":"Users","path":"/customers","order_index":1,"permission":{"can_view":true,"can_create":true,"can_edit":true,"can_delete":true},"children":[]},{"key_name":"pelanggan.piutang","label":"Piutang","icon":"CreditCard","path":"/receivables","order_index":2,"permission":{"can_view":true,"can_create":true,"can_edit":true,"can_delete":true},"children":[]}]},{"key_name":"keuangan","label":"Keuangan","icon":"Wallet","path":null,"order_index":6,"permission":{"can_view":true,"can_create":true,"can_edit":true,"can_delete":true},"children":[{"key_name":"keuangan.dashboard","label":"Dashboard Keuangan","icon":"Wallet","path":"/finance","order_index":1,"permission":{"can_view":true,"can_create":true,"can_edit":true,"can_delete":true},"children":[]},{"key_name":"keuangan.kas_harian","label":"Kas Harian","icon":"Landmark","path":"/finance/cash-drawer","order_index":2,"permission":{"can_view":true,"can_create":true,"can_edit":true,"can_delete":true},"children":[]},{"key_name":"keuangan.pengeluaran","label":"Pengeluaran","icon":"TrendingDown","path":"/finance/expenses","order_index":3,"permission":{"can_view":true,"can_create":true,"can_edit":true,"can_delete":true},"children":[]},{"key_name":"keuangan.kas_saya","label":"Kas Saya","icon":"Wallet","path":"/finance/my-cash","order_index":4,"permission":{"can_view":true,"can_create":true,"can_edit":true,"can_delete":true},"children":[]}]},{"key_name":"pelaporan","label":"Pelaporan","icon":"BarChart2","path":null,"order_index":7,"permission":{"can_view":true,"can_create":true,"can_edit":true,"can_delete":true},"children":[{"key_name":"pelaporan.penjualan","label":"Penjualan","icon":"TrendingUp","path":"/reports/sales","order_index":1,"permission":{"can_view":true,"can_create":true,"can_edit":true,"can_delete":true},"children":[]},{"key_name":"pelaporan.laba_rugi","label":"Laba Rugi","icon":"LineChart","path":"/reports/profit-loss","order_index":2,"permission":{"can_view":true,"can_create":true,"can_edit":true,"can_delete":true},"children":[]},{"key_name":"pelaporan.stok","label":"Stok","icon":"PackageSearch","path":"/reports/stock","order_index":3,"permission":{"can_view":true,"can_create":true,"can_edit":true,"can_delete":true},"children":[]},{"key_name":"pelaporan.kinerja_kasir","label":"Kinerja Kasir","icon":"BarChart2","path":"/reports/cashier","order_index":4,"permission":{"can_view":true,"can_create":true,"can_edit":true,"can_delete":true},"children":[]},{"key_name":"pelaporan.ringkasan_bisnis","label":"Ringkasan Bisnis","icon":"BarChart3","path":"/reports/business-summary","order_index":5,"permission":{"can_view":true,"can_create":true,"can_edit":true,"can_delete":true},"children":[]}]},{"key_name":"operasional","label":"Operasional","icon":"Clock","path":null,"order_index":8,"permission":{"can_view":true,"can_create":true,"can_edit":true,"can_delete":true},"children":[{"key_name":"operasional.shift","label":"Shift","icon":"Clock","path":"/shifts","order_index":1,"permission":{"can_view":true,"can_create":true,"can_edit":true,"can_delete":true},"children":[]},{"key_name":"operasional.sync","label":"Sync Center","icon":"RefreshCw","path":"/sync","order_index":2,"permission":{"can_view":true,"can_create":true,"can_edit":true,"can_delete":true},"children":[]}]},{"key_name":"sistem","label":"Sistem","icon":"Settings","path":null,"order_index":9,"permission":{"can_view":true,"can_create":true,"can_edit":true,"can_delete":true},"children":[{"key_name":"sistem.profil_toko","label":"Profil Toko","icon":"Settings","path":"/settings/store","order_index":1,"permission":{"can_view":true,"can_create":true,"can_edit":true,"can_delete":true},"children":[]},{"key_name":"sistem.users","label":"Manajemen User","icon":"Users","path":"/settings/users","order_index":2,"permission":{"can_view":true,"can_create":true,"can_edit":true,"can_delete":true},"children":[]},{"key_name":"sistem.roles","label":"Manajemen Role","icon":"Shield","path":"/settings/roles","order_index":3,"permission":{"can_view":true,"can_create":true,"can_edit":true,"can_delete":true},"children":[]},{"key_name":"sistem.menus","label":"Manajemen Menu","icon":"LayoutList","path":"/settings/menus","order_index":4,"permission":{"can_view":true,"can_create":true,"can_edit":true,"can_delete":true},"children":[]},{"key_name":"sistem.printer","label":"Printer","icon":"Printer","path":"/settings/printer","order_index":5,"permission":{"can_view":true,"can_create":true,"can_edit":true,"can_delete":true},"children":[]},{"key_name":"sistem.versi","label":"Versi Aplikasi","icon":"RefreshCw","path":"/settings/versions","order_index":6,"permission":{"can_view":true,"can_create":true,"can_edit":true,"can_delete":true},"children":[]},{"key_name":"sistem.backup","label":"Backup \u0026 Restore","icon":"DatabaseBackup","path":"/settings/backup","order_index":7,"permission":{"can_view":true,"can_create":true,"can_edit":true,"can_delete":true},"children":[]}]}]}', 2, 2, '::1', NULL, '2026-07-26 00:33:34.911')

2026/07/26 00:33:34 [32mD:/Develop/Project_pos_mahenz/BE/repository/log_request_repository.go:32
[0m[33m[2.906ms] [34;1m[rows:1][0m INSERT INTO log_requests (id, method, endpoint, status_code, request_body, response_body, user_id, duration_ms, ip_address, error_message, created_at) VALUES ('2061c02a-4f93-4e25-a1b4-29bc16f83e91', 'POST', '/api/menus/my', 200, '{}', '{"code":"00","status":true,"message":"Menu akses","data":[{"key_name":"beranda","label":"Beranda","icon":"Home","path":null,"order_index":1,"permission":{"can_view":true,"can_create":true,"can_edit":true,"can_delete":true},"children":[{"key_name":"beranda.dashboard","label":"Dashboard","icon":"LayoutDashboard","path":"/dashboard","order_index":1,"permission":{"can_view":true,"can_create":true,"can_edit":true,"can_delete":true},"children":[]}]},{"key_name":"penjualan","label":"Penjualan","icon":"ShoppingCart","path":null,"order_index":2,"permission":{"can_view":true,"can_create":true,"can_edit":true,"can_delete":true},"children":[{"key_name":"penjualan.kasir","label":"Kasir","icon":"ShoppingCart","path":"/kasir","order_index":1,"permission":{"can_view":true,"can_create":true,"can_edit":true,"can_delete":true},"children":[]},{"key_name":"penjualan.transaksi","label":"Transaksi","icon":"Receipt","path":"/transactions","order_index":2,"permission":{"can_view":true,"can_create":true,"can_edit":true,"can_delete":true},"children":[]}]},{"key_name":"produk","label":"Produk","icon":"Package","path":null,"order_index":3,"permission":{"can_view":true,"can_create":true,"can_edit":true,"can_delete":true},"children":[{"key_name":"produk.produk","label":"Produk","icon":"Package","path":"/products","order_index":1,"permission":{"can_view":true,"can_create":true,"can_edit":true,"can_delete":true},"children":[]},{"key_name":"produk.kategori","label":"Kategori","icon":"Tag","path":"/products/categories","order_index":2,"permission":{"can_view":true,"can_create":true,"can_edit":true,"can_delete":true},"children":[]},{"key_name":"produk.unit","label":"Unit","icon":"PackageSearch","path":"/products/units","order_index":3,"permission":{"can_view":true,"can_create":true,"can_edit":true,"can_delete":true},"children":[]}]},{"key_name":"pengadaan","label":"Pengadaan","icon":"Truck","path":null,"order_index":4,"permission":{"can_view":true,"can_create":true,"can_edit":true,"can_delete":true},"children":[{"key_name":"pengadaan.supplier","label":"Supplier","icon":"Truck","path":"/suppliers","order_index":1,"permission":{"can_view":true,"can_create":true,"can_edit":true,"can_delete":true},"children":[]},{"key_name":"pengadaan.pembelian","label":"Pembelian","icon":"ShoppingBag","path":"/suppliers/purchases","order_index":2,"permission":{"can_view":true,"can_create":true,"can_edit":true,"can_delete":true},"children":[]},{"key_name":"pengadaan.retur","label":"Retur","icon":"RotateCcw","path":"/suppliers/returns","order_index":3,"permission":{"can_view":true,"can_create":true,"can_edit":true,"can_delete":true},"children":[]}]},{"key_name":"pelanggan","label":"Pelanggan","icon":"Users","path":null,"order_index":5,"permission":{"can_view":true,"can_create":true,"can_edit":true,"can_delete":true},"children":[{"key_name":"pelanggan.pelanggan","label":"Pelanggan","icon":"Users","path":"/customers","order_index":1,"permission":{"can_view":true,"can_create":true,"can_edit":true,"can_delete":true},"children":[]},{"key_name":"pelanggan.piutang","label":"Piutang","icon":"CreditCard","path":"/receivables","order_index":2,"permission":{"can_view":true,"can_create":true,"can_edit":true,"can_delete":true},"children":[]}]},{"key_name":"keuangan","label":"Keuangan","icon":"Wallet","path":null,"order_index":6,"permission":{"can_view":true,"can_create":true,"can_edit":true,"can_delete":true},"children":[{"key_name":"keuangan.dashboard","label":"Dashboard Keuangan","icon":"Wallet","path":"/finance","order_index":1,"permission":{"can_view":true,"can_create":true,"can_edit":true,"can_delete":true},"children":[]},{"key_name":"keuangan.kas_harian","label":"Kas Harian","icon":"Landmark","path":"/finance/cash-drawer","order_index":2,"permission":{"can_view":true,"can_create":true,"can_edit":true,"can_delete":true},"children":[]},{"key_name":"keuangan.pengeluaran","label":"Pengeluaran","icon":"TrendingDown","path":"/finance/expenses","order_index":3,"permission":{"can_view":true,"can_create":true,"can_edit":true,"can_delete":true},"children":[]},{"key_name":"keuangan.kas_saya","label":"Kas Saya","icon":"Wallet","path":"/finance/my-cash","order_index":4,"permission":{"can_view":true,"can_create":true,"can_edit":true,"can_delete":true},"children":[]}]},{"key_name":"pelaporan","label":"Pelaporan","icon":"BarChart2","path":null,"order_index":7,"permission":{"can_view":true,"can_create":true,"can_edit":true,"can_delete":true},"children":[{"key_name":"pelaporan.penjualan","label":"Penjualan","icon":"TrendingUp","path":"/reports/sales","order_index":1,"permission":{"can_view":true,"can_create":true,"can_edit":true,"can_delete":true},"children":[]},{"key_name":"pelaporan.laba_rugi","label":"Laba Rugi","icon":"LineChart","path":"/reports/profit-loss","order_index":2,"permission":{"can_view":true,"can_create":true,"can_edit":true,"can_delete":true},"children":[]},{"key_name":"pelaporan.stok","label":"Stok","icon":"PackageSearch","path":"/reports/stock","order_index":3,"permission":{"can_view":true,"can_create":true,"can_edit":true,"can_delete":true},"children":[]},{"key_name":"pelaporan.kinerja_kasir","label":"Kinerja Kasir","icon":"BarChart2","path":"/reports/cashier","order_index":4,"permission":{"can_view":true,"can_create":true,"can_edit":true,"can_delete":true},"children":[]},{"key_name":"pelaporan.ringkasan_bisnis","label":"Ringkasan Bisnis","icon":"BarChart3","path":"/reports/business-summary","order_index":5,"permission":{"can_view":true,"can_create":true,"can_edit":true,"can_delete":true},"children":[]}]},{"key_name":"operasional","label":"Operasional","icon":"Clock","path":null,"order_index":8,"permission":{"can_view":true,"can_create":true,"can_edit":true,"can_delete":true},"children":[{"key_name":"operasional.shift","label":"Shift","icon":"Clock","path":"/shifts","order_index":1,"permission":{"can_view":true,"can_create":true,"can_edit":true,"can_delete":true},"children":[]},{"key_name":"operasional.sync","label":"Sync Center","icon":"RefreshCw","path":"/sync","order_index":2,"permission":{"can_view":true,"can_create":true,"can_edit":true,"can_delete":true},"children":[]}]},{"key_name":"sistem","label":"Sistem","icon":"Settings","path":null,"order_index":9,"permission":{"can_view":true,"can_create":true,"can_edit":true,"can_delete":true},"children":[{"key_name":"sistem.profil_toko","label":"Profil Toko","icon":"Settings","path":"/settings/store","order_index":1,"permission":{"can_view":true,"can_create":true,"can_edit":true,"can_delete":true},"children":[]},{"key_name":"sistem.users","label":"Manajemen User","icon":"Users","path":"/settings/users","order_index":2,"permission":{"can_view":true,"can_create":true,"can_edit":true,"can_delete":true},"children":[]},{"key_name":"sistem.roles","label":"Manajemen Role","icon":"Shield","path":"/settings/roles","order_index":3,"permission":{"can_view":true,"can_create":true,"can_edit":true,"can_delete":true},"children":[]},{"key_name":"sistem.menus","label":"Manajemen Menu","icon":"LayoutList","path":"/settings/menus","order_index":4,"permission":{"can_view":true,"can_create":true,"can_edit":true,"can_delete":true},"children":[]},{"key_name":"sistem.printer","label":"Printer","icon":"Printer","path":"/settings/printer","order_index":5,"permission":{"can_view":true,"can_create":true,"can_edit":true,"can_delete":true},"children":[]},{"key_name":"sistem.versi","label":"Versi Aplikasi","icon":"RefreshCw","path":"/settings/versions","order_index":6,"permission":{"can_view":true,"can_create":true,"can_edit":true,"can_delete":true},"children":[]},{"key_name":"sistem.backup","label":"Backup \u0026 Restore","icon":"DatabaseBackup","path":"/settings/backup","order_index":7,"permission":{"can_view":true,"can_create":true,"can_edit":true,"can_delete":true},"children":[]}]}]}', 2, 1, '::1', NULL, '2026-07-26 00:33:34.912')

2026/07/26 00:33:35 [32mD:/Develop/Project_pos_mahenz/BE/domain/auth/repo/auth_repo.go:46
[0m[33m[0.506ms] [34;1m[rows:1][0m SELECT id, user_id, user_role, token, device_info, expires_at FROM sessions WHERE token = 'eyJhbGciOiJIUzI1NiIsInR5cCI6IkpXVCJ9.eyJhcHBzIjoid2ViIiwiZXhwIjoxNzg1MDI5NjE0LCJmdWxsX25hbWUiOiJBZG1pbmlzdHJhdG9yIiwicm9sZSI6ImFkbWluIiwidXNlcl9pZCI6MiwidXNlcm5hbWUiOiJhZG1pbiJ9.OQFhbXgQArzrA4MyUoqFj1_m0jRYbbDBdOyEJKuXbe4' LIMIT 1

2026/07/26 00:33:35 [32mD:/Develop/Project_pos_mahenz/BE/domain/menu/repo/menu_repo.go:121
[0m[33m[1.333ms] [34;1m[rows:-][0m 
		SELECT
			m.id,
			m.parent_id,
			m.key_name,
			m.label,
			m.icon,
			m.path,
			m.order_index,
			COALESCE(rma.can_view,   0),
			COALESCE(rma.can_create, 0),
			COALESCE(rma.can_edit,   0),
			COALESCE(rma.can_delete, 0)
		FROM menus m
		LEFT JOIN role_menu_access rma ON rma.menu_id = m.id
			AND rma.role_id = (SELECT id FROM roles WHERE name = 'admin' AND is_active = 1 LIMIT 1)
		WHERE m.is_active = 1
		ORDER BY m.order_index ASC, m.id ASC
		
[GIN] 2026/07/26 - 00:33:35 | 200 |      4.2707ms |             ::1 | POST     "/api/menus/my"
Error #01: write tcp [::1]:8080->[::1]:5548: wsasend: An established connection was aborted by the software in your host machine.
Error #02: write tcp [::1]:8080->[::1]:5548: wsasend: An established connection was aborted by the software in your host machine.

2026/07/26 00:33:35 [32mD:/Develop/Project_pos_mahenz/BE/repository/log_request_repository.go:32
[0m[33m[3.554ms] [34;1m[rows:1][0m INSERT INTO log_requests (id, method, endpoint, status_code, request_body, response_body, user_id, duration_ms, ip_address, error_message, created_at) VALUES ('2034f7d8-c16c-41da-846e-9bb2d955634a', 'POST', '/api/menus/my', 200, '{}', '{"code":"00","status":true,"message":"Menu akses","data":[{"key_name":"beranda","label":"Beranda","icon":"Home","path":null,"order_index":1,"permission":{"can_view":true,"can_create":true,"can_edit":true,"can_delete":true},"children":[{"key_name":"beranda.dashboard","label":"Dashboard","icon":"LayoutDashboard","path":"/dashboard","order_index":1,"permission":{"can_view":true,"can_create":true,"can_edit":true,"can_delete":true},"children":[]}]},{"key_name":"penjualan","label":"Penjualan","icon":"ShoppingCart","path":null,"order_index":2,"permission":{"can_view":true,"can_create":true,"can_edit":true,"can_delete":true},"children":[{"key_name":"penjualan.kasir","label":"Kasir","icon":"ShoppingCart","path":"/kasir","order_index":1,"permission":{"can_view":true,"can_create":true,"can_edit":true,"can_delete":true},"children":[]},{"key_name":"penjualan.transaksi","label":"Transaksi","icon":"Receipt","path":"/transactions","order_index":2,"permission":{"can_view":true,"can_create":true,"can_edit":true,"can_delete":true},"children":[]}]},{"key_name":"produk","label":"Produk","icon":"Package","path":null,"order_index":3,"permission":{"can_view":true,"can_create":true,"can_edit":true,"can_delete":true},"children":[{"key_name":"produk.produk","label":"Produk","icon":"Package","path":"/products","order_index":1,"permission":{"can_view":true,"can_create":true,"can_edit":true,"can_delete":true},"children":[]},{"key_name":"produk.kategori","label":"Kategori","icon":"Tag","path":"/products/categories","order_index":2,"permission":{"can_view":true,"can_create":true,"can_edit":true,"can_delete":true},"children":[]},{"key_name":"produk.unit","label":"Unit","icon":"PackageSearch","path":"/products/units","order_index":3,"permission":{"can_view":true,"can_create":true,"can_edit":true,"can_delete":true},"children":[]}]},{"key_name":"pengadaan","label":"Pengadaan","icon":"Truck","path":null,"order_index":4,"permission":{"can_view":true,"can_create":true,"can_edit":true,"can_delete":true},"children":[{"key_name":"pengadaan.supplier","label":"Supplier","icon":"Truck","path":"/suppliers","order_index":1,"permission":{"can_view":true,"can_create":true,"can_edit":true,"can_delete":true},"children":[]},{"key_name":"pengadaan.pembelian","label":"Pembelian","icon":"ShoppingBag","path":"/suppliers/purchases","order_index":2,"permission":{"can_view":true,"can_create":true,"can_edit":true,"can_delete":true},"children":[]},{"key_name":"pengadaan.retur","label":"Retur","icon":"RotateCcw","path":"/suppliers/returns","order_index":3,"permission":{"can_view":true,"can_create":true,"can_edit":true,"can_delete":true},"children":[]}]},{"key_name":"pelanggan","label":"Pelanggan","icon":"Users","path":null,"order_index":5,"permission":{"can_view":true,"can_create":true,"can_edit":true,"can_delete":true},"children":[{"key_name":"pelanggan.pelanggan","label":"Pelanggan","icon":"Users","path":"/customers","order_index":1,"permission":{"can_view":true,"can_create":true,"can_edit":true,"can_delete":true},"children":[]},{"key_name":"pelanggan.piutang","label":"Piutang","icon":"CreditCard","path":"/receivables","order_index":2,"permission":{"can_view":true,"can_create":true,"can_edit":true,"can_delete":true},"children":[]}]},{"key_name":"keuangan","label":"Keuangan","icon":"Wallet","path":null,"order_index":6,"permission":{"can_view":true,"can_create":true,"can_edit":true,"can_delete":true},"children":[{"key_name":"keuangan.dashboard","label":"Dashboard Keuangan","icon":"Wallet","path":"/finance","order_index":1,"permission":{"can_view":true,"can_create":true,"can_edit":true,"can_delete":true},"children":[]},{"key_name":"keuangan.kas_harian","label":"Kas Harian","icon":"Landmark","path":"/finance/cash-drawer","order_index":2,"permission":{"can_view":true,"can_create":true,"can_edit":true,"can_delete":true},"children":[]},{"key_name":"keuangan.pengeluaran","label":"Pengeluaran","icon":"TrendingDown","path":"/finance/expenses","order_index":3,"permission":{"can_view":true,"can_create":true,"can_edit":true,"can_delete":true},"children":[]},{"key_name":"keuangan.kas_saya","label":"Kas Saya","icon":"Wallet","path":"/finance/my-cash","order_index":4,"permission":{"can_view":true,"can_create":true,"can_edit":true,"can_delete":true},"children":[]}]},{"key_name":"pelaporan","label":"Pelaporan","icon":"BarChart2","path":null,"order_index":7,"permission":{"can_view":true,"can_create":true,"can_edit":true,"can_delete":true},"children":[{"key_name":"pelaporan.penjualan","label":"Penjualan","icon":"TrendingUp","path":"/reports/sales","order_index":1,"permission":{"can_view":true,"can_create":true,"can_edit":true,"can_delete":true},"children":[]},{"key_name":"pelaporan.laba_rugi","label":"Laba Rugi","icon":"LineChart","path":"/reports/profit-loss","order_index":2,"permission":{"can_view":true,"can_create":true,"can_edit":true,"can_delete":true},"children":[]},{"key_name":"pelaporan.stok","label":"Stok","icon":"PackageSearch","path":"/reports/stock","order_index":3,"permission":{"can_view":true,"can_create":true,"can_edit":true,"can_delete":true},"children":[]},{"key_name":"pelaporan.kinerja_kasir","label":"Kinerja Kasir","icon":"BarChart2","path":"/reports/cashier","order_index":4,"permission":{"can_view":true,"can_create":true,"can_edit":true,"can_delete":true},"children":[]},{"key_name":"pelaporan.ringkasan_bisnis","label":"Ringkasan Bisnis","icon":"BarChart3","path":"/reports/business-summary","order_index":5,"permission":{"can_view":true,"can_create":true,"can_edit":true,"can_delete":true},"children":[]}]},{"key_name":"operasional","label":"Operasional","icon":"Clock","path":null,"order_index":8,"permission":{"can_view":true,"can_create":true,"can_edit":true,"can_delete":true},"children":[{"key_name":"operasional.shift","label":"Shift","icon":"Clock","path":"/shifts","order_index":1,"permission":{"can_view":true,"can_create":true,"can_edit":true,"can_delete":true},"children":[]},{"key_name":"operasional.sync","label":"Sync Center","icon":"RefreshCw","path":"/sync","order_index":2,"permission":{"can_view":true,"can_create":true,"can_edit":true,"can_delete":true},"children":[]}]},{"key_name":"sistem","label":"Sistem","icon":"Settings","path":null,"order_index":9,"permission":{"can_view":true,"can_create":true,"can_edit":true,"can_delete":true},"children":[{"key_name":"sistem.profil_toko","label":"Profil Toko","icon":"Settings","path":"/settings/store","order_index":1,"permission":{"can_view":true,"can_create":true,"can_edit":true,"can_delete":true},"children":[]},{"key_name":"sistem.users","label":"Manajemen User","icon":"Users","path":"/settings/users","order_index":2,"permission":{"can_view":true,"can_create":true,"can_edit":true,"can_delete":true},"children":[]},{"key_name":"sistem.roles","label":"Manajemen Role","icon":"Shield","path":"/settings/roles","order_index":3,"permission":{"can_view":true,"can_create":true,"can_edit":true,"can_delete":true},"children":[]},{"key_name":"sistem.menus","label":"Manajemen Menu","icon":"LayoutList","path":"/settings/menus","order_index":4,"permission":{"can_view":true,"can_create":true,"can_edit":true,"can_delete":true},"children":[]},{"key_name":"sistem.printer","label":"Printer","icon":"Printer","path":"/settings/printer","order_index":5,"permission":{"can_view":true,"can_create":true,"can_edit":true,"can_delete":true},"children":[]},{"key_name":"sistem.versi","label":"Versi Aplikasi","icon":"RefreshCw","path":"/settings/versions","order_index":6,"permission":{"can_view":true,"can_create":true,"can_edit":true,"can_delete":true},"children":[]},{"key_name":"sistem.backup","label":"Backup \u0026 Restore","icon":"DatabaseBackup","path":"/settings/backup","order_index":7,"permission":{"can_view":true,"can_create":true,"can_edit":true,"can_delete":true},"children":[]}]}]}{"code":"50","status":false,"trace_id":"2034f7d8-c16c-41da-846e-9bb2d955634a","message":"Internal Server Error","data":null}', 2, 4, '::1', NULL, '2026-07-26 00:33:35.112')

2026/07/26 00:33:35 [32mD:/Develop/Project_pos_mahenz/BE/domain/auth/repo/auth_repo.go:46
[0m[33m[0.508ms] [34;1m[rows:1][0m SELECT id, user_id, user_role, token, device_info, expires_at FROM sessions WHERE token = 'eyJhbGciOiJIUzI1NiIsInR5cCI6IkpXVCJ9.eyJhcHBzIjoid2ViIiwiZXhwIjoxNzg1MDI5NjE0LCJmdWxsX25hbWUiOiJBZG1pbmlzdHJhdG9yIiwicm9sZSI6ImFkbWluIiwidXNlcl9pZCI6MiwidXNlcm5hbWUiOiJhZG1pbiJ9.OQFhbXgQArzrA4MyUoqFj1_m0jRYbbDBdOyEJKuXbe4' LIMIT 1

2026/07/26 00:33:35 [32mD:/Develop/Project_pos_mahenz/BE/domain/menu/repo/menu_repo.go:121
[0m[33m[0.667ms] [34;1m[rows:-][0m 
		SELECT
			m.id,
			m.parent_id,
			m.key_name,
			m.label,
			m.icon,
			m.path,
			m.order_index,
			COALESCE(rma.can_view,   0),
			COALESCE(rma.can_create, 0),
			COALESCE(rma.can_edit,   0),
			COALESCE(rma.can_delete, 0)
		FROM menus m
		LEFT JOIN role_menu_access rma ON rma.menu_id = m.id
			AND rma.role_id = (SELECT id FROM roles WHERE name = 'admin' AND is_active = 1 LIMIT 1)
		WHERE m.is_active = 1
		ORDER BY m.order_index ASC, m.id ASC
		
[GIN] 2026/07/26 - 00:33:35 | 200 |      1.6215ms |             ::1 | POST     "/api/menus/my"

2026/07/26 00:33:35 [32mD:/Develop/Project_pos_mahenz/BE/repository/log_request_repository.go:32
[0m[33m[2.451ms] [34;1m[rows:1][0m INSERT INTO log_requests (id, method, endpoint, status_code, request_body, response_body, user_id, duration_ms, ip_address, error_message, created_at) VALUES ('0535ed21-86cd-45ed-9712-7573470f05b7', 'POST', '/api/menus/my', 200, '{}', '{"code":"00","status":true,"message":"Menu akses","data":[{"key_name":"beranda","label":"Beranda","icon":"Home","path":null,"order_index":1,"permission":{"can_view":true,"can_create":true,"can_edit":true,"can_delete":true},"children":[{"key_name":"beranda.dashboard","label":"Dashboard","icon":"LayoutDashboard","path":"/dashboard","order_index":1,"permission":{"can_view":true,"can_create":true,"can_edit":true,"can_delete":true},"children":[]}]},{"key_name":"penjualan","label":"Penjualan","icon":"ShoppingCart","path":null,"order_index":2,"permission":{"can_view":true,"can_create":true,"can_edit":true,"can_delete":true},"children":[{"key_name":"penjualan.kasir","label":"Kasir","icon":"ShoppingCart","path":"/kasir","order_index":1,"permission":{"can_view":true,"can_create":true,"can_edit":true,"can_delete":true},"children":[]},{"key_name":"penjualan.transaksi","label":"Transaksi","icon":"Receipt","path":"/transactions","order_index":2,"permission":{"can_view":true,"can_create":true,"can_edit":true,"can_delete":true},"children":[]}]},{"key_name":"produk","label":"Produk","icon":"Package","path":null,"order_index":3,"permission":{"can_view":true,"can_create":true,"can_edit":true,"can_delete":true},"children":[{"key_name":"produk.produk","label":"Produk","icon":"Package","path":"/products","order_index":1,"permission":{"can_view":true,"can_create":true,"can_edit":true,"can_delete":true},"children":[]},{"key_name":"produk.kategori","label":"Kategori","icon":"Tag","path":"/products/categories","order_index":2,"permission":{"can_view":true,"can_create":true,"can_edit":true,"can_delete":true},"children":[]},{"key_name":"produk.unit","label":"Unit","icon":"PackageSearch","path":"/products/units","order_index":3,"permission":{"can_view":true,"can_create":true,"can_edit":true,"can_delete":true},"children":[]}]},{"key_name":"pengadaan","label":"Pengadaan","icon":"Truck","path":null,"order_index":4,"permission":{"can_view":true,"can_create":true,"can_edit":true,"can_delete":true},"children":[{"key_name":"pengadaan.supplier","label":"Supplier","icon":"Truck","path":"/suppliers","order_index":1,"permission":{"can_view":true,"can_create":true,"can_edit":true,"can_delete":true},"children":[]},{"key_name":"pengadaan.pembelian","label":"Pembelian","icon":"ShoppingBag","path":"/suppliers/purchases","order_index":2,"permission":{"can_view":true,"can_create":true,"can_edit":true,"can_delete":true},"children":[]},{"key_name":"pengadaan.retur","label":"Retur","icon":"RotateCcw","path":"/suppliers/returns","order_index":3,"permission":{"can_view":true,"can_create":true,"can_edit":true,"can_delete":true},"children":[]}]},{"key_name":"pelanggan","label":"Pelanggan","icon":"Users","path":null,"order_index":5,"permission":{"can_view":true,"can_create":true,"can_edit":true,"can_delete":true},"children":[{"key_name":"pelanggan.pelanggan","label":"Pelanggan","icon":"Users","path":"/customers","order_index":1,"permission":{"can_view":true,"can_create":true,"can_edit":true,"can_delete":true},"children":[]},{"key_name":"pelanggan.piutang","label":"Piutang","icon":"CreditCard","path":"/receivables","order_index":2,"permission":{"can_view":true,"can_create":true,"can_edit":true,"can_delete":true},"children":[]}]},{"key_name":"keuangan","label":"Keuangan","icon":"Wallet","path":null,"order_index":6,"permission":{"can_view":true,"can_create":true,"can_edit":true,"can_delete":true},"children":[{"key_name":"keuangan.dashboard","label":"Dashboard Keuangan","icon":"Wallet","path":"/finance","order_index":1,"permission":{"can_view":true,"can_create":true,"can_edit":true,"can_delete":true},"children":[]},{"key_name":"keuangan.kas_harian","label":"Kas Harian","icon":"Landmark","path":"/finance/cash-drawer","order_index":2,"permission":{"can_view":true,"can_create":true,"can_edit":true,"can_delete":true},"children":[]},{"key_name":"keuangan.pengeluaran","label":"Pengeluaran","icon":"TrendingDown","path":"/finance/expenses","order_index":3,"permission":{"can_view":true,"can_create":true,"can_edit":true,"can_delete":true},"children":[]},{"key_name":"keuangan.kas_saya","label":"Kas Saya","icon":"Wallet","path":"/finance/my-cash","order_index":4,"permission":{"can_view":true,"can_create":true,"can_edit":true,"can_delete":true},"children":[]}]},{"key_name":"pelaporan","label":"Pelaporan","icon":"BarChart2","path":null,"order_index":7,"permission":{"can_view":true,"can_create":true,"can_edit":true,"can_delete":true},"children":[{"key_name":"pelaporan.penjualan","label":"Penjualan","icon":"TrendingUp","path":"/reports/sales","order_index":1,"permission":{"can_view":true,"can_create":true,"can_edit":true,"can_delete":true},"children":[]},{"key_name":"pelaporan.laba_rugi","label":"Laba Rugi","icon":"LineChart","path":"/reports/profit-loss","order_index":2,"permission":{"can_view":true,"can_create":true,"can_edit":true,"can_delete":true},"children":[]},{"key_name":"pelaporan.stok","label":"Stok","icon":"PackageSearch","path":"/reports/stock","order_index":3,"permission":{"can_view":true,"can_create":true,"can_edit":true,"can_delete":true},"children":[]},{"key_name":"pelaporan.kinerja_kasir","label":"Kinerja Kasir","icon":"BarChart2","path":"/reports/cashier","order_index":4,"permission":{"can_view":true,"can_create":true,"can_edit":true,"can_delete":true},"children":[]},{"key_name":"pelaporan.ringkasan_bisnis","label":"Ringkasan Bisnis","icon":"BarChart3","path":"/reports/business-summary","order_index":5,"permission":{"can_view":true,"can_create":true,"can_edit":true,"can_delete":true},"children":[]}]},{"key_name":"operasional","label":"Operasional","icon":"Clock","path":null,"order_index":8,"permission":{"can_view":true,"can_create":true,"can_edit":true,"can_delete":true},"children":[{"key_name":"operasional.shift","label":"Shift","icon":"Clock","path":"/shifts","order_index":1,"permission":{"can_view":true,"can_create":true,"can_edit":true,"can_delete":true},"children":[]},{"key_name":"operasional.sync","label":"Sync Center","icon":"RefreshCw","path":"/sync","order_index":2,"permission":{"can_view":true,"can_create":true,"can_edit":true,"can_delete":true},"children":[]}]},{"key_name":"sistem","label":"Sistem","icon":"Settings","path":null,"order_index":9,"permission":{"can_view":true,"can_create":true,"can_edit":true,"can_delete":true},"children":[{"key_name":"sistem.profil_toko","label":"Profil Toko","icon":"Settings","path":"/settings/store","order_index":1,"permission":{"can_view":true,"can_create":true,"can_edit":true,"can_delete":true},"children":[]},{"key_name":"sistem.users","label":"Manajemen User","icon":"Users","path":"/settings/users","order_index":2,"permission":{"can_view":true,"can_create":true,"can_edit":true,"can_delete":true},"children":[]},{"key_name":"sistem.roles","label":"Manajemen Role","icon":"Shield","path":"/settings/roles","order_index":3,"permission":{"can_view":true,"can_create":true,"can_edit":true,"can_delete":true},"children":[]},{"key_name":"sistem.menus","label":"Manajemen Menu","icon":"LayoutList","path":"/settings/menus","order_index":4,"permission":{"can_view":true,"can_create":true,"can_edit":true,"can_delete":true},"children":[]},{"key_name":"sistem.printer","label":"Printer","icon":"Printer","path":"/settings/printer","order_index":5,"permission":{"can_view":true,"can_create":true,"can_edit":true,"can_delete":true},"children":[]},{"key_name":"sistem.versi","label":"Versi Aplikasi","icon":"RefreshCw","path":"/settings/versions","order_index":6,"permission":{"can_view":true,"can_create":true,"can_edit":true,"can_delete":true},"children":[]},{"key_name":"sistem.backup","label":"Backup \u0026 Restore","icon":"DatabaseBackup","path":"/settings/backup","order_index":7,"permission":{"can_view":true,"can_create":true,"can_edit":true,"can_delete":true},"children":[]}]}]}', 2, 1, '::1', NULL, '2026-07-26 00:33:35.225')
[GIN] 2026/07/26 - 00:33:35 | 204 |            0s |             ::1 | OPTIONS  "/api/sync/conflicts/count"

2026/07/26 00:33:35 [32mD:/Develop/Project_pos_mahenz/BE/domain/auth/repo/auth_repo.go:46
[0m[33m[0.507ms] [34;1m[rows:1][0m SELECT id, user_id, user_role, token, device_info, expires_at FROM sessions WHERE token = 'eyJhbGciOiJIUzI1NiIsInR5cCI6IkpXVCJ9.eyJhcHBzIjoid2ViIiwiZXhwIjoxNzg1MDI5NjE0LCJmdWxsX25hbWUiOiJBZG1pbmlzdHJhdG9yIiwicm9sZSI6ImFkbWluIiwidXNlcl9pZCI6MiwidXNlcm5hbWUiOiJhZG1pbiJ9.OQFhbXgQArzrA4MyUoqFj1_m0jRYbbDBdOyEJKuXbe4' LIMIT 1

2026/07/26 00:33:35 [32mD:/Develop/Project_pos_mahenz/BE/domain/sync/repo/sync_repo.go:84
[0m[33m[0.738ms] [34;1m[rows:1][0m SELECT COUNT(*) FROM sync_conflicts WHERE status = 'pending'
[GIN] 2026/07/26 - 00:33:35 | 200 |      1.2447ms |             ::1 | GET      "/api/sync/conflicts/count"

2026/07/26 00:33:35 [32mD:/Develop/Project_pos_mahenz/BE/repository/log_request_repository.go:32
[0m[33m[2.075ms] [34;1m[rows:1][0m INSERT INTO log_requests (id, method, endpoint, status_code, request_body, response_body, user_id, duration_ms, ip_address, error_message, created_at) VALUES ('c7d97d6d-7c86-4984-99e9-d6c47a3d29b7', 'GET', '/api/sync/conflicts/count', 200, '', '{"code":"00","status":true,"message":"Jumlah konflik pending","data":{"count":0}}', 2, 1, '::1', NULL, '2026-07-26 00:33:35.285')
[GIN] 2026/07/26 - 00:33:35 | 204 |            0s |             ::1 | OPTIONS  "/api/suppliers/list"
[GIN] 2026/07/26 - 00:33:35 | 204 |            0s |             ::1 | OPTIONS  "/api/products/list"

2026/07/26 00:33:35 [32mD:/Develop/Project_pos_mahenz/BE/domain/auth/repo/auth_repo.go:46
[0m[33m[1.636ms] [34;1m[rows:1][0m SELECT id, user_id, user_role, token, device_info, expires_at FROM sessions WHERE token = 'eyJhbGciOiJIUzI1NiIsInR5cCI6IkpXVCJ9.eyJhcHBzIjoid2ViIiwiZXhwIjoxNzg1MDI5NjE0LCJmdWxsX25hbWUiOiJBZG1pbmlzdHJhdG9yIiwicm9sZSI6ImFkbWluIiwidXNlcl9pZCI6MiwidXNlcm5hbWUiOiJhZG1pbiJ9.OQFhbXgQArzrA4MyUoqFj1_m0jRYbbDBdOyEJKuXbe4' LIMIT 1

2026/07/26 00:33:35 [32mD:/Develop/Project_pos_mahenz/BE/domain/supplier/repo/supplier_repo.go:44
[0m[33m[0.703ms] [34;1m[rows:1][0m SELECT COUNT(*) FROM suppliers WHERE 1=1

2026/07/26 00:33:35 [32mD:/Develop/Project_pos_mahenz/BE/domain/auth/repo/auth_repo.go:46
[0m[33m[1.190ms] [34;1m[rows:1][0m SELECT id, user_id, user_role, token, device_info, expires_at FROM sessions WHERE token = 'eyJhbGciOiJIUzI1NiIsInR5cCI6IkpXVCJ9.eyJhcHBzIjoid2ViIiwiZXhwIjoxNzg1MDI5NjE0LCJmdWxsX25hbWUiOiJBZG1pbmlzdHJhdG9yIiwicm9sZSI6ImFkbWluIiwidXNlcl9pZCI6MiwidXNlcm5hbWUiOiJhZG1pbiJ9.OQFhbXgQArzrA4MyUoqFj1_m0jRYbbDBdOyEJKuXbe4' LIMIT 1

2026/07/26 00:33:35 [32mD:/Develop/Project_pos_mahenz/BE/domain/supplier/repo/supplier_repo.go:67
[0m[33m[1.788ms] [34;1m[rows:1][0m SELECT id, supplier_code, name, address, phone, email, contact_person, notes, is_active, created_at FROM suppliers WHERE 1=1 ORDER BY name ASC LIMIT 1 OFFSET 0
[GIN] 2026/07/26 - 00:33:35 | 200 |      4.7749ms |             ::1 | POST     "/api/suppliers/list"

2026/07/26 00:33:35 [32mD:/Develop/Project_pos_mahenz/BE/domain/product/repo/product_repo.go:100
[0m[33m[0.598ms] [34;1m[rows:1][0m SELECT COUNT(*) FROM products p WHERE 1=1

2026/07/26 00:33:35 [32mD:/Develop/Project_pos_mahenz/BE/domain/product/repo/product_repo.go:119
[0m[33m[4.863ms] [34;1m[rows:1][0m 
		SELECT p.id, p.barcode, COALESCE(p.sku, '') as sku, p.name, p.category_id, COALESCE(c.name, '') as category_name,
		       p.purchase_price, p.selling_price, p.stock, p.reserved_qty, p.min_stock,
		       COALESCE(p.unit_id, 0) as unit_id, COALESCE(u.name, '') as unit_name, COALESCE(u.abbreviation, '') as unit_abbreviation,
		       p.is_active,
		       (SELECT COUNT(*) FROM product_packages pp WHERE pp.product_id = p.id AND pp.is_default = 0) AS extra_packages,
		       (SELECT COUNT(*) FROM product_prices pr WHERE pr.product_id = p.id) AS price_tiers_count
		FROM products p
		LEFT JOIN categories c ON p.category_id = c.id
		LEFT JOIN units u ON u.id = p.unit_id
		WHERE 1=1 ORDER BY p.name ASC LIMIT 1 OFFSET 0
[GIN] 2026/07/26 - 00:33:35 | 200 |      8.7053ms |             ::1 | POST     "/api/products/list"

2026/07/26 00:33:35 [32mD:/Develop/Project_pos_mahenz/BE/repository/log_request_repository.go:32
[0m[33m[6.729ms] [34;1m[rows:1][0m INSERT INTO log_requests (id, method, endpoint, status_code, request_body, response_body, user_id, duration_ms, ip_address, error_message, created_at) VALUES ('114608fc-d0b7-491e-9dab-32c890b8a7fb', 'POST', '/api/suppliers/list', 200, '{"page":1,"limit":1,"search":""}', '{"code":"00","status":true,"message":"Daftar supplier","data":[{"id":1,"supplier_code":"SUP-001","name":"Supplier Test Fase14","address":"Jl. Test","phone":"08123456789","email":"","contact_person":"","notes":"","is_active":true,"created_at":"2026-07-25T13:19:10+07:00"}],"pagination":{"page":1,"per_page":1,"total":1,"total_pages":1}}', 2, 4, '::1', NULL, '2026-07-26 00:33:35.597')

2026/07/26 00:33:35 [32mD:/Develop/Project_pos_mahenz/BE/repository/log_request_repository.go:32
[0m[33m[5.068ms] [34;1m[rows:1][0m INSERT INTO log_requests (id, method, endpoint, status_code, request_body, response_body, user_id, duration_ms, ip_address, error_message, created_at) VALUES ('fef845d7-73ce-4ccf-a029-9bacbb8c365f', 'POST', '/api/products/list', 200, '{"page":1,"limit":1,"search":""}', '{"code":"00","status":true,"message":"Daftar produk","data":[{"id":4,"barcode":"8992260464338","sku":"SEM-0003","name":"Gula Pasir 1kg","category_id":1,"category_name":"Sembako Test","purchase_price":0,"selling_price":15000,"stock":50,"reserved_qty":0,"min_stock":5,"unit_id":1,"unit_name":"Pieces","unit_abbreviation":"Pcs","is_active":false,"extra_packages":0,"price_tiers_count":0}],"pagination":{"page":1,"per_page":1,"total":11,"total_pages":11}}', 2, 8, '::1', NULL, '2026-07-26 00:33:35.604')
[GIN] 2026/07/26 - 00:33:35 | 204 |       958.5µs |             ::1 | OPTIONS  "/api/suppliers/options"
[GIN] 2026/07/26 - 00:33:35 | 204 |            0s |             ::1 | OPTIONS  "/api/payment-statuses/list"
[GIN] 2026/07/26 - 00:33:35 | 204 |            0s |             ::1 | OPTIONS  "/api/settings/pagination_sizes"
[GIN] 2026/07/26 - 00:33:35 | 204 |            0s |             ::1 | OPTIONS  "/api/payment-methods/list"

2026/07/26 00:33:35 [32mD:/Develop/Project_pos_mahenz/BE/domain/auth/repo/auth_repo.go:46
[0m[33m[0.520ms] [34;1m[rows:1][0m SELECT id, user_id, user_role, token, device_info, expires_at FROM sessions WHERE token = 'eyJhbGciOiJIUzI1NiIsInR5cCI6IkpXVCJ9.eyJhcHBzIjoid2ViIiwiZXhwIjoxNzg1MDI5NjE0LCJmdWxsX25hbWUiOiJBZG1pbmlzdHJhdG9yIiwicm9sZSI6ImFkbWluIiwidXNlcl9pZCI6MiwidXNlcm5hbWUiOiJhZG1pbiJ9.OQFhbXgQArzrA4MyUoqFj1_m0jRYbbDBdOyEJKuXbe4' LIMIT 1
[GIN] 2026/07/26 - 00:33:35 | 204 |            0s |             ::1 | OPTIONS  "/api/supplier-purchases/list"

2026/07/26 00:33:35 [32mD:/Develop/Project_pos_mahenz/BE/domain/supplier/repo/supplier_repo.go:44
[0m[33m[0.000ms] [34;1m[rows:1][0m SELECT COUNT(*) FROM suppliers WHERE 1=1

2026/07/26 00:33:35 [32mD:/Develop/Project_pos_mahenz/BE/domain/auth/repo/auth_repo.go:46
[0m[33m[0.790ms] [34;1m[rows:1][0m SELECT id, user_id, user_role, token, device_info, expires_at FROM sessions WHERE token = 'eyJhbGciOiJIUzI1NiIsInR5cCI6IkpXVCJ9.eyJhcHBzIjoid2ViIiwiZXhwIjoxNzg1MDI5NjE0LCJmdWxsX25hbWUiOiJBZG1pbmlzdHJhdG9yIiwicm9sZSI6ImFkbWluIiwidXNlcl9pZCI6MiwidXNlcm5hbWUiOiJhZG1pbiJ9.OQFhbXgQArzrA4MyUoqFj1_m0jRYbbDBdOyEJKuXbe4' LIMIT 1

2026/07/26 00:33:35 [32mD:/Develop/Project_pos_mahenz/BE/domain/supplier/repo/supplier_repo.go:67
[0m[33m[0.528ms] [34;1m[rows:1][0m SELECT id, supplier_code, name, address, phone, email, contact_person, notes, is_active, created_at FROM suppliers WHERE 1=1 ORDER BY name ASC LIMIT 10 OFFSET 0
[GIN] 2026/07/26 - 00:33:35 | 200 |      2.3443ms |             ::1 | POST     "/api/suppliers/list"

2026/07/26 00:33:35 [32mD:/Develop/Project_pos_mahenz/BE/domain/supplier/repo/supplier_repo.go:81
[0m[33m[0.528ms] [34;1m[rows:1][0m SELECT id, supplier_code, name FROM suppliers WHERE is_active = 1 ORDER BY name
[GIN] 2026/07/26 - 00:33:35 | 200 |      1.3179ms |             ::1 | POST     "/api/suppliers/options"

2026/07/26 00:33:35 [32mD:/Develop/Project_pos_mahenz/BE/domain/auth/repo/auth_repo.go:46
[0m[33m[0.701ms] [34;1m[rows:1][0m SELECT id, user_id, user_role, token, device_info, expires_at FROM sessions WHERE token = 'eyJhbGciOiJIUzI1NiIsInR5cCI6IkpXVCJ9.eyJhcHBzIjoid2ViIiwiZXhwIjoxNzg1MDI5NjE0LCJmdWxsX25hbWUiOiJBZG1pbmlzdHJhdG9yIiwicm9sZSI6ImFkbWluIiwidXNlcl9pZCI6MiwidXNlcm5hbWUiOiJhZG1pbiJ9.OQFhbXgQArzrA4MyUoqFj1_m0jRYbbDBdOyEJKuXbe4' LIMIT 1

2026/07/26 00:33:35 [32mD:/Develop/Project_pos_mahenz/BE/domain/payment_status/repo/payment_status_repo.go:9
[0m[33m[0.552ms] [34;1m[rows:3][0m SELECT id, code, label, is_active, sort_order FROM payment_statuses WHERE is_active = 1 ORDER BY sort_order ASC
[GIN] 2026/07/26 - 00:33:35 | 200 |      1.2529ms |             ::1 | POST     "/api/payment-statuses/list"

2026/07/26 00:33:35 [32mD:/Develop/Project_pos_mahenz/BE/domain/auth/repo/auth_repo.go:46
[0m[33m[0.631ms] [34;1m[rows:1][0m SELECT id, user_id, user_role, token, device_info, expires_at FROM sessions WHERE token = 'eyJhbGciOiJIUzI1NiIsInR5cCI6IkpXVCJ9.eyJhcHBzIjoid2ViIiwiZXhwIjoxNzg1MDI5NjE0LCJmdWxsX25hbWUiOiJBZG1pbmlzdHJhdG9yIiwicm9sZSI6ImFkbWluIiwidXNlcl9pZCI6MiwidXNlcm5hbWUiOiJhZG1pbiJ9.OQFhbXgQArzrA4MyUoqFj1_m0jRYbbDBdOyEJKuXbe4' LIMIT 1

2026/07/26 00:33:35 [32mD:/Develop/Project_pos_mahenz/BE/repository/log_request_repository.go:32
[0m[33m[3.083ms] [34;1m[rows:1][0m INSERT INTO log_requests (id, method, endpoint, status_code, request_body, response_body, user_id, duration_ms, ip_address, error_message, created_at) VALUES ('2f9e00fb-71c5-4fc5-84cc-ba28394203fe', 'POST', '/api/suppliers/options', 200, '{"search":""}', '{"code":"00","status":true,"message":"Opsi supplier","data":[{"id":1,"supplier_code":"SUP-001","name":"Supplier Test Fase14"}]}', 2, 1, '::1', NULL, '2026-07-26 00:33:35.684')

2026/07/26 00:33:35 [32mD:/Develop/Project_pos_mahenz/BE/repository/log_request_repository.go:32
[0m[33m[3.083ms] [34;1m[rows:1][0m INSERT INTO log_requests (id, method, endpoint, status_code, request_body, response_body, user_id, duration_ms, ip_address, error_message, created_at) VALUES ('f9066ce6-b0e4-4f14-a535-1316b83aa3d3', 'POST', '/api/suppliers/list', 200, '{"page":1,"limit":200,"search":""}', '{"code":"00","status":true,"message":"Daftar supplier","data":[{"id":1,"supplier_code":"SUP-001","name":"Supplier Test Fase14","address":"Jl. Test","phone":"08123456789","email":"","contact_person":"","notes":"","is_active":true,"created_at":"2026-07-25T13:19:10+07:00"}],"pagination":{"page":1,"per_page":200,"total":1,"total_pages":1}}', 2, 2, '::1', NULL, '2026-07-26 00:33:35.684')

2026/07/26 00:33:35 [32mD:/Develop/Project_pos_mahenz/BE/domain/setting/repo/setting_repo.go:32
[0m[33m[0.000ms] [34;1m[rows:-][0m SELECT setting_key, setting_value FROM settings WHERE setting_key = 'pagination_sizes'

2026/07/26 00:33:35 [32mD:/Develop/Project_pos_mahenz/BE/domain/auth/repo/auth_repo.go:46
[0m[33m[0.000ms] [34;1m[rows:1][0m SELECT id, user_id, user_role, token, device_info, expires_at FROM sessions WHERE token = 'eyJhbGciOiJIUzI1NiIsInR5cCI6IkpXVCJ9.eyJhcHBzIjoid2ViIiwiZXhwIjoxNzg1MDI5NjE0LCJmdWxsX25hbWUiOiJBZG1pbmlzdHJhdG9yIiwicm9sZSI6ImFkbWluIiwidXNlcl9pZCI6MiwidXNlcm5hbWUiOiJhZG1pbiJ9.OQFhbXgQArzrA4MyUoqFj1_m0jRYbbDBdOyEJKuXbe4' LIMIT 1
[GIN] 2026/07/26 - 00:33:35 | 200 |      1.8305ms |             ::1 | GET      "/api/settings/pagination_sizes"

2026/07/26 00:33:35 [32mD:/Develop/Project_pos_mahenz/BE/domain/auth/repo/auth_repo.go:46
[0m[33m[1.451ms] [34;1m[rows:1][0m SELECT id, user_id, user_role, token, device_info, expires_at FROM sessions WHERE token = 'eyJhbGciOiJIUzI1NiIsInR5cCI6IkpXVCJ9.eyJhcHBzIjoid2ViIiwiZXhwIjoxNzg1MDI5NjE0LCJmdWxsX25hbWUiOiJBZG1pbmlzdHJhdG9yIiwicm9sZSI6ImFkbWluIiwidXNlcl9pZCI6MiwidXNlcm5hbWUiOiJhZG1pbiJ9.OQFhbXgQArzrA4MyUoqFj1_m0jRYbbDBdOyEJKuXbe4' LIMIT 1

2026/07/26 00:33:35 [32mD:/Develop/Project_pos_mahenz/BE/repository/log_request_repository.go:32
[0m[33m[5.404ms] [34;1m[rows:1][0m INSERT INTO log_requests (id, method, endpoint, status_code, request_body, response_body, user_id, duration_ms, ip_address, error_message, created_at) VALUES ('35f6a96d-abc2-4da2-a959-e9b818af67c2', 'POST', '/api/payment-statuses/list', 200, '{}', '{"code":"00","status":true,"message":"Daftar status pembayaran","data":[{"id":1,"code":"unpaid","label":"Hutang","is_active":1,"sort_order":1},{"id":2,"code":"partial","label":"Bayar Sebagian","is_active":1,"sort_order":2},{"id":3,"code":"paid","label":"Lunas","is_active":1,"sort_order":3}]}', 2, 1, '::1', NULL, '2026-07-26 00:33:35.686')

2026/07/26 00:33:35 [32mD:/Develop/Project_pos_mahenz/BE/domain/payment_method/repo/payment_method_repo.go:9
[0m[33m[2.631ms] [34;1m[rows:5][0m SELECT id, code, label, is_active, sort_order FROM payment_methods WHERE is_active = 1 ORDER BY sort_order ASC
[GIN] 2026/07/26 - 00:33:35 | 200 |      5.0944ms |             ::1 | POST     "/api/payment-methods/list"

2026/07/26 00:33:35 [32mD:/Develop/Project_pos_mahenz/BE/domain/supplier_purchase/repo/purchase_repo.go:124
[0m[33m[1.593ms] [34;1m[rows:1][0m SELECT COUNT(*) FROM purchases p WHERE 1=1 AND DATE(p.purchase_date) >= '2026-07-01' AND DATE(p.purchase_date) <= '2026-07-26'

2026/07/26 00:33:35 [32mD:/Develop/Project_pos_mahenz/BE/repository/log_request_repository.go:32
[0m[33m[4.588ms] [34;1m[rows:1][0m INSERT INTO log_requests (id, method, endpoint, status_code, request_body, response_body, user_id, duration_ms, ip_address, error_message, created_at) VALUES ('24307a6d-25c9-4bda-a8c5-73f1eff323f5', 'GET', '/api/settings/pagination_sizes', 200, '', '{"code":"00","status":true,"message":"Detail pengaturan","data":{"key":"pagination_sizes","value":"[10,20,50]"}}', 2, 1, '::1', NULL, '2026-07-26 00:33:35.688')

2026/07/26 00:33:35 [32mD:/Develop/Project_pos_mahenz/BE/domain/supplier_purchase/repo/purchase_repo.go:141
[0m[33m[2.146ms] [34;1m[rows:-][0m SELECT p.id, p.purchase_code, p.invoice_number, p.supplier_id, COALESCE(s.name, '') as supplier_name, p.purchase_date, p.discount_amount, p.total_amount, p.payment_status, p.paid_amount, p.remaining_amount, p.status, COALESCE(u.full_name, '') as user_name, p.notes FROM purchases p LEFT JOIN users u ON p.user_id = u.id LEFT JOIN suppliers s ON p.supplier_id = s.id WHERE 1=1 AND DATE(p.purchase_date) >= '2026-07-01' AND DATE(p.purchase_date) <= '2026-07-26' ORDER BY p.purchase_date DESC, p.id DESC LIMIT 10 OFFSET 0
[GIN] 2026/07/26 - 00:33:35 | 200 |       7.936ms |             ::1 | POST     "/api/supplier-purchases/list"

2026/07/26 00:33:35 [32mD:/Develop/Project_pos_mahenz/BE/repository/log_request_repository.go:32
[0m[33m[3.151ms] [34;1m[rows:1][0m INSERT INTO log_requests (id, method, endpoint, status_code, request_body, response_body, user_id, duration_ms, ip_address, error_message, created_at) VALUES ('94de0c9f-060f-46bb-9e28-93f28c065c54', 'POST', '/api/payment-methods/list', 200, '{}', '{"code":"00","status":true,"message":"Daftar metode pembayaran","data":[{"id":1,"code":"cash","label":"Tunai","is_active":1,"sort_order":1},{"id":2,"code":"transfer","label":"Transfer Bank","is_active":1,"sort_order":2},{"id":3,"code":"card","label":"Kartu","is_active":1,"sort_order":3},{"id":4,"code":"qris","label":"QRIS","is_active":1,"sort_order":4},{"id":5,"code":"kredit","label":"Kredit","is_active":1,"sort_order":5}]}', 2, 4, '::1', NULL, '2026-07-26 00:33:35.693')

2026/07/26 00:33:35 [32mD:/Develop/Project_pos_mahenz/BE/repository/log_request_repository.go:32
[0m[33m[2.558ms] [34;1m[rows:1][0m INSERT INTO log_requests (id, method, endpoint, status_code, request_body, response_body, user_id, duration_ms, ip_address, error_message, created_at) VALUES ('283d1f50-b79c-4cf0-8f93-ed591c78b674', 'POST', '/api/supplier-purchases/list', 200, '{"page":1,"limit":10,"start_date":"2026-07-01","end_date":"2026-07-26"}', '{"code":"00","status":true,"message":"Daftar purchase order","data":[{"id":6,"purchase_code":"PO-20260726-004","invoice_number":"INV-QA-NORMAL","supplier_id":1,"supplier_name":"Supplier Test Fase14","purchase_date":"2026-07-26T00:00:00+07:00","discount_amount":500,"total_amount":2500,"payment_status":"unpaid","paid_amount":0,"remaining_amount":2500,"status":"active","user_name":"Administrator","notes":""},{"id":5,"purchase_code":"PO-20260726-003","invoice_number":"INV-QA-DISKON-PAS","supplier_id":1,"supplier_name":"Supplier Test Fase14","purchase_date":"2026-07-26T00:00:00+07:00","discount_amount":2000,"total_amount":0,"payment_status":"unpaid","paid_amount":0,"remaining_amount":0,"status":"active","user_name":"Administrator","notes":""},{"id":4,"purchase_code":"PO-20260726-002","invoice_number":"INV-QA-DUP-PRODUCT","supplier_id":1,"supplier_name":"Supplier Test Fase14","purchase_date":"2026-07-26T00:00:00+07:00","discount_amount":0,"total_amount":8000,"payment_status":"unpaid","paid_amount":0,"remaining_amount":8000,"status":"active","user_name":"Administrator","notes":""},{"id":3,"purchase_code":"PO-20260726-001","invoice_number":"INV-QA-DISKON-BUG","supplier_id":1,"supplier_name":"Supplier Test Fase14","purchase_date":"2026-07-26T00:00:00+07:00","discount_amount":5000,"total_amount":0,"payment_status":"unpaid","paid_amount":0,"remaining_amount":0,"status":"active","user_name":"Administrator","notes":""},{"id":2,"purchase_code":"PO-20260725-002","invoice_number":"INV-EXP-002","supplier_id":1,"supplier_name":"Supplier Test Fase14","purchase_date":"2026-07-25T00:00:00+07:00","discount_amount":0,"total_amount":4000,"payment_status":"unpaid","paid_amount":0,"remaining_amount":4000,"status":"active","user_name":"Administrator","notes":""},{"id":1,"purchase_code":"PO-20260725-001","invoice_number":"INV-EXP-001","supplier_id":1,"supplier_name":"Supplier Test Fase14","purchase_date":"2026-07-25T00:00:00+07:00","discount_amount":0,"total_amount":8000,"payment_status":"unpaid","paid_amount":0,"remaining_amount":8000,"status":"active","user_name":"Administrator","notes":""}],"pagination":{"page":1,"per_page":10,"total":6,"total_pages":1}}', 2, 7, '::1', NULL, '2026-07-26 00:33:35.695')
[GIN] 2026/07/26 - 00:33:37 | 204 |            0s |             ::1 | OPTIONS  "/api/supplier-purchases/generate-code"

2026/07/26 00:33:37 [32mD:/Develop/Project_pos_mahenz/BE/domain/auth/repo/auth_repo.go:46
[0m[33m[0.568ms] [34;1m[rows:1][0m SELECT id, user_id, user_role, token, device_info, expires_at FROM sessions WHERE token = 'eyJhbGciOiJIUzI1NiIsInR5cCI6IkpXVCJ9.eyJhcHBzIjoid2ViIiwiZXhwIjoxNzg1MDI5NjE0LCJmdWxsX25hbWUiOiJBZG1pbmlzdHJhdG9yIiwicm9sZSI6ImFkbWluIiwidXNlcl9pZCI6MiwidXNlcm5hbWUiOiJhZG1pbiJ9.OQFhbXgQArzrA4MyUoqFj1_m0jRYbbDBdOyEJKuXbe4' LIMIT 1

2026/07/26 00:33:37 [32mD:/Develop/Project_pos_mahenz/BE/domain/supplier_purchase/repo/purchase_repo.go:272
[0m[33m[0.561ms] [34;1m[rows:1][0m SELECT COUNT(*) FROM purchases WHERE DATE(purchase_date) = '2026-07-26'
[GIN] 2026/07/26 - 00:33:37 | 200 |      1.1295ms |             ::1 | POST     "/api/supplier-purchases/generate-code"

2026/07/26 00:33:37 [32mD:/Develop/Project_pos_mahenz/BE/repository/log_request_repository.go:32
[0m[33m[2.261ms] [34;1m[rows:1][0m INSERT INTO log_requests (id, method, endpoint, status_code, request_body, response_body, user_id, duration_ms, ip_address, error_message, created_at) VALUES ('ab12b135-876e-4df0-80f3-1ee6d7ed3c03', 'POST', '/api/supplier-purchases/generate-code', 200, '{}', '{"code":"00","status":true,"message":"Generate kode PO","data":{"purchase_code":"PO-20260726-005"}}', 2, 1, '::1', NULL, '2026-07-26 00:33:37.11')
[GIN] 2026/07/26 - 00:33:59 | 204 |            0s |             ::1 | OPTIONS  "/api/auth/login"

2026/07/26 00:33:59 [32mD:/Develop/Project_pos_mahenz/BE/domain/auth/repo/auth_repo.go:17
[0m[33m[0.549ms] [34;1m[rows:1][0m SELECT u.id, u.username, u.password, u.full_name, u.role_id, r.name AS role_name, u.is_active FROM users u INNER JOIN roles r ON r.id = u.role_id WHERE u.username = 'admin' LIMIT 1

2026/07/26 00:33:59 [32mD:/Develop/Project_pos_mahenz/BE/domain/auth/repo/auth_repo.go:67
[0m[33m[8.767ms] [34;1m[rows:1][0m DELETE FROM sessions WHERE user_id = 2

2026/07/26 00:33:59 [32mD:/Develop/Project_pos_mahenz/BE/domain/auth/repo/auth_repo.go:38
[0m[33m[3.029ms] [34;1m[rows:1][0m INSERT INTO sessions (user_id, user_role, token, refresh_token, device_info, ip_address, expires_at) VALUES (2, 'admin', 'eyJhbGciOiJIUzI1NiIsInR5cCI6IkpXVCJ9.eyJhcHBzIjoid2ViIiwiZXhwIjoxNzg1MDI5NjM5LCJmdWxsX25hbWUiOiJBZG1pbmlzdHJhdG9yIiwicm9sZSI6ImFkbWluIiwidXNlcl9pZCI6MiwidXNlcm5hbWUiOiJhZG1pbiJ9.BDCe24MoYIKFlOVfT2AURfYtmTX-_MY4iPCgGgDpfxc', '8a336a97f4aeabad88253acdb987da2285007b302ecf4d04f2d2da773ffe8d48', 'web', '::1', '2026-08-02 00:33:59.895') ON DUPLICATE KEY UPDATE user_role=VALUES(user_role), token=VALUES(token), refresh_token=VALUES(refresh_token), device_info=VALUES(device_info), ip_address=VALUES(ip_address), expires_at=VALUES(expires_at), created_at=NOW()
[GIN] 2026/07/26 - 00:33:59 | 200 |     82.0818ms |             ::1 | POST     "/api/auth/login"

2026/07/26 00:33:59 [32mD:/Develop/Project_pos_mahenz/BE/repository/log_request_repository.go:32
[0m[33m[5.259ms] [34;1m[rows:1][0m INSERT INTO log_requests (id, method, endpoint, status_code, request_body, response_body, user_id, duration_ms, ip_address, error_message, created_at) VALUES ('0e47ed72-8d9c-4b8a-808e-d2b878c016f3', 'POST', '/api/auth/login', 200, '{"username":"admin","password":"admin123","device_info":"web"}', '{"code":"00","status":true,"message":"Login berhasil","data":{"token":"eyJhbGciOiJIUzI1NiIsInR5cCI6IkpXVCJ9.eyJhcHBzIjoid2ViIiwiZXhwIjoxNzg1MDI5NjM5LCJmdWxsX25hbWUiOiJBZG1pbmlzdHJhdG9yIiwicm9sZSI6ImFkbWluIiwidXNlcl9pZCI6MiwidXNlcm5hbWUiOiJhZG1pbiJ9.BDCe24MoYIKFlOVfT2AURfYtmTX-_MY4iPCgGgDpfxc","refresh_token":"8a336a97f4aeabad88253acdb987da2285007b302ecf4d04f2d2da773ffe8d48","expires_at":"2026-08-02T00:33:59.8950014+07:00","user":{"id":2,"username":"admin","full_name":"Administrator","role_id":2,"role_name":"admin"}}}', NULL, 82, '::1', NULL, '2026-07-26 00:33:59.907')
[GIN] 2026/07/26 - 00:33:59 | 204 |            0s |             ::1 | OPTIONS  "/api/menus/my"
[GIN] 2026/07/26 - 00:33:59 | 204 |            0s |             ::1 | OPTIONS  "/api/menus/my"

2026/07/26 00:33:59 [32mD:/Develop/Project_pos_mahenz/BE/domain/auth/repo/auth_repo.go:46
[0m[33m[0.505ms] [34;1m[rows:1][0m SELECT id, user_id, user_role, token, device_info, expires_at FROM sessions WHERE token = 'eyJhbGciOiJIUzI1NiIsInR5cCI6IkpXVCJ9.eyJhcHBzIjoid2ViIiwiZXhwIjoxNzg1MDI5NjM5LCJmdWxsX25hbWUiOiJBZG1pbmlzdHJhdG9yIiwicm9sZSI6ImFkbWluIiwidXNlcl9pZCI6MiwidXNlcm5hbWUiOiJhZG1pbiJ9.BDCe24MoYIKFlOVfT2AURfYtmTX-_MY4iPCgGgDpfxc' LIMIT 1

2026/07/26 00:33:59 [32mD:/Develop/Project_pos_mahenz/BE/domain/menu/repo/menu_repo.go:121
[0m[33m[1.188ms] [34;1m[rows:-][0m 
		SELECT
			m.id,
			m.parent_id,
			m.key_name,
			m.label,
			m.icon,
			m.path,
			m.order_index,
			COALESCE(rma.can_view,   0),
			COALESCE(rma.can_create, 0),
			COALESCE(rma.can_edit,   0),
			COALESCE(rma.can_delete, 0)
		FROM menus m
		LEFT JOIN role_menu_access rma ON rma.menu_id = m.id
			AND rma.role_id = (SELECT id FROM roles WHERE name = 'admin' AND is_active = 1 LIMIT 1)
		WHERE m.is_active = 1
		ORDER BY m.order_index ASC, m.id ASC
		
[GIN] 2026/07/26 - 00:33:59 | 200 |      2.7769ms |             ::1 | POST     "/api/menus/my"

2026/07/26 00:33:59 [32mD:/Develop/Project_pos_mahenz/BE/domain/auth/repo/auth_repo.go:46
[0m[33m[1.224ms] [34;1m[rows:1][0m SELECT id, user_id, user_role, token, device_info, expires_at FROM sessions WHERE token = 'eyJhbGciOiJIUzI1NiIsInR5cCI6IkpXVCJ9.eyJhcHBzIjoid2ViIiwiZXhwIjoxNzg1MDI5NjM5LCJmdWxsX25hbWUiOiJBZG1pbmlzdHJhdG9yIiwicm9sZSI6ImFkbWluIiwidXNlcl9pZCI6MiwidXNlcm5hbWUiOiJhZG1pbiJ9.BDCe24MoYIKFlOVfT2AURfYtmTX-_MY4iPCgGgDpfxc' LIMIT 1

2026/07/26 00:33:59 [32mD:/Develop/Project_pos_mahenz/BE/domain/menu/repo/menu_repo.go:121
[0m[33m[0.519ms] [34;1m[rows:-][0m 
		SELECT
			m.id,
			m.parent_id,
			m.key_name,
			m.label,
			m.icon,
			m.path,
			m.order_index,
			COALESCE(rma.can_view,   0),
			COALESCE(rma.can_create, 0),
			COALESCE(rma.can_edit,   0),
			COALESCE(rma.can_delete, 0)
		FROM menus m
		LEFT JOIN role_menu_access rma ON rma.menu_id = m.id
			AND rma.role_id = (SELECT id FROM roles WHERE name = 'admin' AND is_active = 1 LIMIT 1)
		WHERE m.is_active = 1
		ORDER BY m.order_index ASC, m.id ASC
		
[GIN] 2026/07/26 - 00:33:59 | 200 |      3.3837ms |             ::1 | POST     "/api/menus/my"

2026/07/26 00:33:59 [32mD:/Develop/Project_pos_mahenz/BE/repository/log_request_repository.go:32
[0m[33m[2.731ms] [34;1m[rows:1][0m INSERT INTO log_requests (id, method, endpoint, status_code, request_body, response_body, user_id, duration_ms, ip_address, error_message, created_at) VALUES ('ba3d5919-15dc-4a5d-aaf3-1414da1770c4', 'POST', '/api/menus/my', 200, '{}', '{"code":"00","status":true,"message":"Menu akses","data":[{"key_name":"beranda","label":"Beranda","icon":"Home","path":null,"order_index":1,"permission":{"can_view":true,"can_create":true,"can_edit":true,"can_delete":true},"children":[{"key_name":"beranda.dashboard","label":"Dashboard","icon":"LayoutDashboard","path":"/dashboard","order_index":1,"permission":{"can_view":true,"can_create":true,"can_edit":true,"can_delete":true},"children":[]}]},{"key_name":"penjualan","label":"Penjualan","icon":"ShoppingCart","path":null,"order_index":2,"permission":{"can_view":true,"can_create":true,"can_edit":true,"can_delete":true},"children":[{"key_name":"penjualan.kasir","label":"Kasir","icon":"ShoppingCart","path":"/kasir","order_index":1,"permission":{"can_view":true,"can_create":true,"can_edit":true,"can_delete":true},"children":[]},{"key_name":"penjualan.transaksi","label":"Transaksi","icon":"Receipt","path":"/transactions","order_index":2,"permission":{"can_view":true,"can_create":true,"can_edit":true,"can_delete":true},"children":[]}]},{"key_name":"produk","label":"Produk","icon":"Package","path":null,"order_index":3,"permission":{"can_view":true,"can_create":true,"can_edit":true,"can_delete":true},"children":[{"key_name":"produk.produk","label":"Produk","icon":"Package","path":"/products","order_index":1,"permission":{"can_view":true,"can_create":true,"can_edit":true,"can_delete":true},"children":[]},{"key_name":"produk.kategori","label":"Kategori","icon":"Tag","path":"/products/categories","order_index":2,"permission":{"can_view":true,"can_create":true,"can_edit":true,"can_delete":true},"children":[]},{"key_name":"produk.unit","label":"Unit","icon":"PackageSearch","path":"/products/units","order_index":3,"permission":{"can_view":true,"can_create":true,"can_edit":true,"can_delete":true},"children":[]}]},{"key_name":"pengadaan","label":"Pengadaan","icon":"Truck","path":null,"order_index":4,"permission":{"can_view":true,"can_create":true,"can_edit":true,"can_delete":true},"children":[{"key_name":"pengadaan.supplier","label":"Supplier","icon":"Truck","path":"/suppliers","order_index":1,"permission":{"can_view":true,"can_create":true,"can_edit":true,"can_delete":true},"children":[]},{"key_name":"pengadaan.pembelian","label":"Pembelian","icon":"ShoppingBag","path":"/suppliers/purchases","order_index":2,"permission":{"can_view":true,"can_create":true,"can_edit":true,"can_delete":true},"children":[]},{"key_name":"pengadaan.retur","label":"Retur","icon":"RotateCcw","path":"/suppliers/returns","order_index":3,"permission":{"can_view":true,"can_create":true,"can_edit":true,"can_delete":true},"children":[]}]},{"key_name":"pelanggan","label":"Pelanggan","icon":"Users","path":null,"order_index":5,"permission":{"can_view":true,"can_create":true,"can_edit":true,"can_delete":true},"children":[{"key_name":"pelanggan.pelanggan","label":"Pelanggan","icon":"Users","path":"/customers","order_index":1,"permission":{"can_view":true,"can_create":true,"can_edit":true,"can_delete":true},"children":[]},{"key_name":"pelanggan.piutang","label":"Piutang","icon":"CreditCard","path":"/receivables","order_index":2,"permission":{"can_view":true,"can_create":true,"can_edit":true,"can_delete":true},"children":[]}]},{"key_name":"keuangan","label":"Keuangan","icon":"Wallet","path":null,"order_index":6,"permission":{"can_view":true,"can_create":true,"can_edit":true,"can_delete":true},"children":[{"key_name":"keuangan.dashboard","label":"Dashboard Keuangan","icon":"Wallet","path":"/finance","order_index":1,"permission":{"can_view":true,"can_create":true,"can_edit":true,"can_delete":true},"children":[]},{"key_name":"keuangan.kas_harian","label":"Kas Harian","icon":"Landmark","path":"/finance/cash-drawer","order_index":2,"permission":{"can_view":true,"can_create":true,"can_edit":true,"can_delete":true},"children":[]},{"key_name":"keuangan.pengeluaran","label":"Pengeluaran","icon":"TrendingDown","path":"/finance/expenses","order_index":3,"permission":{"can_view":true,"can_create":true,"can_edit":true,"can_delete":true},"children":[]},{"key_name":"keuangan.kas_saya","label":"Kas Saya","icon":"Wallet","path":"/finance/my-cash","order_index":4,"permission":{"can_view":true,"can_create":true,"can_edit":true,"can_delete":true},"children":[]}]},{"key_name":"pelaporan","label":"Pelaporan","icon":"BarChart2","path":null,"order_index":7,"permission":{"can_view":true,"can_create":true,"can_edit":true,"can_delete":true},"children":[{"key_name":"pelaporan.penjualan","label":"Penjualan","icon":"TrendingUp","path":"/reports/sales","order_index":1,"permission":{"can_view":true,"can_create":true,"can_edit":true,"can_delete":true},"children":[]},{"key_name":"pelaporan.laba_rugi","label":"Laba Rugi","icon":"LineChart","path":"/reports/profit-loss","order_index":2,"permission":{"can_view":true,"can_create":true,"can_edit":true,"can_delete":true},"children":[]},{"key_name":"pelaporan.stok","label":"Stok","icon":"PackageSearch","path":"/reports/stock","order_index":3,"permission":{"can_view":true,"can_create":true,"can_edit":true,"can_delete":true},"children":[]},{"key_name":"pelaporan.kinerja_kasir","label":"Kinerja Kasir","icon":"BarChart2","path":"/reports/cashier","order_index":4,"permission":{"can_view":true,"can_create":true,"can_edit":true,"can_delete":true},"children":[]},{"key_name":"pelaporan.ringkasan_bisnis","label":"Ringkasan Bisnis","icon":"BarChart3","path":"/reports/business-summary","order_index":5,"permission":{"can_view":true,"can_create":true,"can_edit":true,"can_delete":true},"children":[]}]},{"key_name":"operasional","label":"Operasional","icon":"Clock","path":null,"order_index":8,"permission":{"can_view":true,"can_create":true,"can_edit":true,"can_delete":true},"children":[{"key_name":"operasional.shift","label":"Shift","icon":"Clock","path":"/shifts","order_index":1,"permission":{"can_view":true,"can_create":true,"can_edit":true,"can_delete":true},"children":[]},{"key_name":"operasional.sync","label":"Sync Center","icon":"RefreshCw","path":"/sync","order_index":2,"permission":{"can_view":true,"can_create":true,"can_edit":true,"can_delete":true},"children":[]}]},{"key_name":"sistem","label":"Sistem","icon":"Settings","path":null,"order_index":9,"permission":{"can_view":true,"can_create":true,"can_edit":true,"can_delete":true},"children":[{"key_name":"sistem.profil_toko","label":"Profil Toko","icon":"Settings","path":"/settings/store","order_index":1,"permission":{"can_view":true,"can_create":true,"can_edit":true,"can_delete":true},"children":[]},{"key_name":"sistem.users","label":"Manajemen User","icon":"Users","path":"/settings/users","order_index":2,"permission":{"can_view":true,"can_create":true,"can_edit":true,"can_delete":true},"children":[]},{"key_name":"sistem.roles","label":"Manajemen Role","icon":"Shield","path":"/settings/roles","order_index":3,"permission":{"can_view":true,"can_create":true,"can_edit":true,"can_delete":true},"children":[]},{"key_name":"sistem.menus","label":"Manajemen Menu","icon":"LayoutList","path":"/settings/menus","order_index":4,"permission":{"can_view":true,"can_create":true,"can_edit":true,"can_delete":true},"children":[]},{"key_name":"sistem.printer","label":"Printer","icon":"Printer","path":"/settings/printer","order_index":5,"permission":{"can_view":true,"can_create":true,"can_edit":true,"can_delete":true},"children":[]},{"key_name":"sistem.versi","label":"Versi Aplikasi","icon":"RefreshCw","path":"/settings/versions","order_index":6,"permission":{"can_view":true,"can_create":true,"can_edit":true,"can_delete":true},"children":[]},{"key_name":"sistem.backup","label":"Backup \u0026 Restore","icon":"DatabaseBackup","path":"/settings/backup","order_index":7,"permission":{"can_view":true,"can_create":true,"can_edit":true,"can_delete":true},"children":[]}]}]}', 2, 2, '::1', NULL, '2026-07-26 00:33:59.922')

2026/07/26 00:33:59 [32mD:/Develop/Project_pos_mahenz/BE/repository/log_request_repository.go:32
[0m[33m[2.559ms] [34;1m[rows:1][0m INSERT INTO log_requests (id, method, endpoint, status_code, request_body, response_body, user_id, duration_ms, ip_address, error_message, created_at) VALUES ('ae4382a4-738b-48b6-bb1b-57eb503d9c50', 'POST', '/api/menus/my', 200, '{}', '{"code":"00","status":true,"message":"Menu akses","data":[{"key_name":"beranda","label":"Beranda","icon":"Home","path":null,"order_index":1,"permission":{"can_view":true,"can_create":true,"can_edit":true,"can_delete":true},"children":[{"key_name":"beranda.dashboard","label":"Dashboard","icon":"LayoutDashboard","path":"/dashboard","order_index":1,"permission":{"can_view":true,"can_create":true,"can_edit":true,"can_delete":true},"children":[]}]},{"key_name":"penjualan","label":"Penjualan","icon":"ShoppingCart","path":null,"order_index":2,"permission":{"can_view":true,"can_create":true,"can_edit":true,"can_delete":true},"children":[{"key_name":"penjualan.kasir","label":"Kasir","icon":"ShoppingCart","path":"/kasir","order_index":1,"permission":{"can_view":true,"can_create":true,"can_edit":true,"can_delete":true},"children":[]},{"key_name":"penjualan.transaksi","label":"Transaksi","icon":"Receipt","path":"/transactions","order_index":2,"permission":{"can_view":true,"can_create":true,"can_edit":true,"can_delete":true},"children":[]}]},{"key_name":"produk","label":"Produk","icon":"Package","path":null,"order_index":3,"permission":{"can_view":true,"can_create":true,"can_edit":true,"can_delete":true},"children":[{"key_name":"produk.produk","label":"Produk","icon":"Package","path":"/products","order_index":1,"permission":{"can_view":true,"can_create":true,"can_edit":true,"can_delete":true},"children":[]},{"key_name":"produk.kategori","label":"Kategori","icon":"Tag","path":"/products/categories","order_index":2,"permission":{"can_view":true,"can_create":true,"can_edit":true,"can_delete":true},"children":[]},{"key_name":"produk.unit","label":"Unit","icon":"PackageSearch","path":"/products/units","order_index":3,"permission":{"can_view":true,"can_create":true,"can_edit":true,"can_delete":true},"children":[]}]},{"key_name":"pengadaan","label":"Pengadaan","icon":"Truck","path":null,"order_index":4,"permission":{"can_view":true,"can_create":true,"can_edit":true,"can_delete":true},"children":[{"key_name":"pengadaan.supplier","label":"Supplier","icon":"Truck","path":"/suppliers","order_index":1,"permission":{"can_view":true,"can_create":true,"can_edit":true,"can_delete":true},"children":[]},{"key_name":"pengadaan.pembelian","label":"Pembelian","icon":"ShoppingBag","path":"/suppliers/purchases","order_index":2,"permission":{"can_view":true,"can_create":true,"can_edit":true,"can_delete":true},"children":[]},{"key_name":"pengadaan.retur","label":"Retur","icon":"RotateCcw","path":"/suppliers/returns","order_index":3,"permission":{"can_view":true,"can_create":true,"can_edit":true,"can_delete":true},"children":[]}]},{"key_name":"pelanggan","label":"Pelanggan","icon":"Users","path":null,"order_index":5,"permission":{"can_view":true,"can_create":true,"can_edit":true,"can_delete":true},"children":[{"key_name":"pelanggan.pelanggan","label":"Pelanggan","icon":"Users","path":"/customers","order_index":1,"permission":{"can_view":true,"can_create":true,"can_edit":true,"can_delete":true},"children":[]},{"key_name":"pelanggan.piutang","label":"Piutang","icon":"CreditCard","path":"/receivables","order_index":2,"permission":{"can_view":true,"can_create":true,"can_edit":true,"can_delete":true},"children":[]}]},{"key_name":"keuangan","label":"Keuangan","icon":"Wallet","path":null,"order_index":6,"permission":{"can_view":true,"can_create":true,"can_edit":true,"can_delete":true},"children":[{"key_name":"keuangan.dashboard","label":"Dashboard Keuangan","icon":"Wallet","path":"/finance","order_index":1,"permission":{"can_view":true,"can_create":true,"can_edit":true,"can_delete":true},"children":[]},{"key_name":"keuangan.kas_harian","label":"Kas Harian","icon":"Landmark","path":"/finance/cash-drawer","order_index":2,"permission":{"can_view":true,"can_create":true,"can_edit":true,"can_delete":true},"children":[]},{"key_name":"keuangan.pengeluaran","label":"Pengeluaran","icon":"TrendingDown","path":"/finance/expenses","order_index":3,"permission":{"can_view":true,"can_create":true,"can_edit":true,"can_delete":true},"children":[]},{"key_name":"keuangan.kas_saya","label":"Kas Saya","icon":"Wallet","path":"/finance/my-cash","order_index":4,"permission":{"can_view":true,"can_create":true,"can_edit":true,"can_delete":true},"children":[]}]},{"key_name":"pelaporan","label":"Pelaporan","icon":"BarChart2","path":null,"order_index":7,"permission":{"can_view":true,"can_create":true,"can_edit":true,"can_delete":true},"children":[{"key_name":"pelaporan.penjualan","label":"Penjualan","icon":"TrendingUp","path":"/reports/sales","order_index":1,"permission":{"can_view":true,"can_create":true,"can_edit":true,"can_delete":true},"children":[]},{"key_name":"pelaporan.laba_rugi","label":"Laba Rugi","icon":"LineChart","path":"/reports/profit-loss","order_index":2,"permission":{"can_view":true,"can_create":true,"can_edit":true,"can_delete":true},"children":[]},{"key_name":"pelaporan.stok","label":"Stok","icon":"PackageSearch","path":"/reports/stock","order_index":3,"permission":{"can_view":true,"can_create":true,"can_edit":true,"can_delete":true},"children":[]},{"key_name":"pelaporan.kinerja_kasir","label":"Kinerja Kasir","icon":"BarChart2","path":"/reports/cashier","order_index":4,"permission":{"can_view":true,"can_create":true,"can_edit":true,"can_delete":true},"children":[]},{"key_name":"pelaporan.ringkasan_bisnis","label":"Ringkasan Bisnis","icon":"BarChart3","path":"/reports/business-summary","order_index":5,"permission":{"can_view":true,"can_create":true,"can_edit":true,"can_delete":true},"children":[]}]},{"key_name":"operasional","label":"Operasional","icon":"Clock","path":null,"order_index":8,"permission":{"can_view":true,"can_create":true,"can_edit":true,"can_delete":true},"children":[{"key_name":"operasional.shift","label":"Shift","icon":"Clock","path":"/shifts","order_index":1,"permission":{"can_view":true,"can_create":true,"can_edit":true,"can_delete":true},"children":[]},{"key_name":"operasional.sync","label":"Sync Center","icon":"RefreshCw","path":"/sync","order_index":2,"permission":{"can_view":true,"can_create":true,"can_edit":true,"can_delete":true},"children":[]}]},{"key_name":"sistem","label":"Sistem","icon":"Settings","path":null,"order_index":9,"permission":{"can_view":true,"can_create":true,"can_edit":true,"can_delete":true},"children":[{"key_name":"sistem.profil_toko","label":"Profil Toko","icon":"Settings","path":"/settings/store","order_index":1,"permission":{"can_view":true,"can_create":true,"can_edit":true,"can_delete":true},"children":[]},{"key_name":"sistem.users","label":"Manajemen User","icon":"Users","path":"/settings/users","order_index":2,"permission":{"can_view":true,"can_create":true,"can_edit":true,"can_delete":true},"children":[]},{"key_name":"sistem.roles","label":"Manajemen Role","icon":"Shield","path":"/settings/roles","order_index":3,"permission":{"can_view":true,"can_create":true,"can_edit":true,"can_delete":true},"children":[]},{"key_name":"sistem.menus","label":"Manajemen Menu","icon":"LayoutList","path":"/settings/menus","order_index":4,"permission":{"can_view":true,"can_create":true,"can_edit":true,"can_delete":true},"children":[]},{"key_name":"sistem.printer","label":"Printer","icon":"Printer","path":"/settings/printer","order_index":5,"permission":{"can_view":true,"can_create":true,"can_edit":true,"can_delete":true},"children":[]},{"key_name":"sistem.versi","label":"Versi Aplikasi","icon":"RefreshCw","path":"/settings/versions","order_index":6,"permission":{"can_view":true,"can_create":true,"can_edit":true,"can_delete":true},"children":[]},{"key_name":"sistem.backup","label":"Backup \u0026 Restore","icon":"DatabaseBackup","path":"/settings/backup","order_index":7,"permission":{"can_view":true,"can_create":true,"can_edit":true,"can_delete":true},"children":[]}]}]}', 2, 3, '::1', NULL, '2026-07-26 00:33:59.924')

2026/07/26 00:34:00 [32mD:/Develop/Project_pos_mahenz/BE/domain/auth/repo/auth_repo.go:46
[0m[33m[0.999ms] [34;1m[rows:1][0m SELECT id, user_id, user_role, token, device_info, expires_at FROM sessions WHERE token = 'eyJhbGciOiJIUzI1NiIsInR5cCI6IkpXVCJ9.eyJhcHBzIjoid2ViIiwiZXhwIjoxNzg1MDI5NjM5LCJmdWxsX25hbWUiOiJBZG1pbmlzdHJhdG9yIiwicm9sZSI6ImFkbWluIiwidXNlcl9pZCI6MiwidXNlcm5hbWUiOiJhZG1pbiJ9.BDCe24MoYIKFlOVfT2AURfYtmTX-_MY4iPCgGgDpfxc' LIMIT 1

2026/07/26 00:34:00 [32mD:/Develop/Project_pos_mahenz/BE/domain/menu/repo/menu_repo.go:121
[0m[33m[0.528ms] [34;1m[rows:-][0m 
		SELECT
			m.id,
			m.parent_id,
			m.key_name,
			m.label,
			m.icon,
			m.path,
			m.order_index,
			COALESCE(rma.can_view,   0),
			COALESCE(rma.can_create, 0),
			COALESCE(rma.can_edit,   0),
			COALESCE(rma.can_delete, 0)
		FROM menus m
		LEFT JOIN role_menu_access rma ON rma.menu_id = m.id
			AND rma.role_id = (SELECT id FROM roles WHERE name = 'admin' AND is_active = 1 LIMIT 1)
		WHERE m.is_active = 1
		ORDER BY m.order_index ASC, m.id ASC
		
[GIN] 2026/07/26 - 00:34:00 | 200 |      3.0396ms |             ::1 | POST     "/api/menus/my"
Error #01: write tcp [::1]:8080->[::1]:6085: wsasend: An established connection was aborted by the software in your host machine.
Error #02: write tcp [::1]:8080->[::1]:6085: wsasend: An established connection was aborted by the software in your host machine.

2026/07/26 00:34:00 [32mD:/Develop/Project_pos_mahenz/BE/repository/log_request_repository.go:32
[0m[33m[3.072ms] [34;1m[rows:1][0m INSERT INTO log_requests (id, method, endpoint, status_code, request_body, response_body, user_id, duration_ms, ip_address, error_message, created_at) VALUES ('766c35aa-23cf-4e9a-81a7-cf8d8fd5427d', 'POST', '/api/menus/my', 200, '{}', '{"code":"00","status":true,"message":"Menu akses","data":[{"key_name":"beranda","label":"Beranda","icon":"Home","path":null,"order_index":1,"permission":{"can_view":true,"can_create":true,"can_edit":true,"can_delete":true},"children":[{"key_name":"beranda.dashboard","label":"Dashboard","icon":"LayoutDashboard","path":"/dashboard","order_index":1,"permission":{"can_view":true,"can_create":true,"can_edit":true,"can_delete":true},"children":[]}]},{"key_name":"penjualan","label":"Penjualan","icon":"ShoppingCart","path":null,"order_index":2,"permission":{"can_view":true,"can_create":true,"can_edit":true,"can_delete":true},"children":[{"key_name":"penjualan.kasir","label":"Kasir","icon":"ShoppingCart","path":"/kasir","order_index":1,"permission":{"can_view":true,"can_create":true,"can_edit":true,"can_delete":true},"children":[]},{"key_name":"penjualan.transaksi","label":"Transaksi","icon":"Receipt","path":"/transactions","order_index":2,"permission":{"can_view":true,"can_create":true,"can_edit":true,"can_delete":true},"children":[]}]},{"key_name":"produk","label":"Produk","icon":"Package","path":null,"order_index":3,"permission":{"can_view":true,"can_create":true,"can_edit":true,"can_delete":true},"children":[{"key_name":"produk.produk","label":"Produk","icon":"Package","path":"/products","order_index":1,"permission":{"can_view":true,"can_create":true,"can_edit":true,"can_delete":true},"children":[]},{"key_name":"produk.kategori","label":"Kategori","icon":"Tag","path":"/products/categories","order_index":2,"permission":{"can_view":true,"can_create":true,"can_edit":true,"can_delete":true},"children":[]},{"key_name":"produk.unit","label":"Unit","icon":"PackageSearch","path":"/products/units","order_index":3,"permission":{"can_view":true,"can_create":true,"can_edit":true,"can_delete":true},"children":[]}]},{"key_name":"pengadaan","label":"Pengadaan","icon":"Truck","path":null,"order_index":4,"permission":{"can_view":true,"can_create":true,"can_edit":true,"can_delete":true},"children":[{"key_name":"pengadaan.supplier","label":"Supplier","icon":"Truck","path":"/suppliers","order_index":1,"permission":{"can_view":true,"can_create":true,"can_edit":true,"can_delete":true},"children":[]},{"key_name":"pengadaan.pembelian","label":"Pembelian","icon":"ShoppingBag","path":"/suppliers/purchases","order_index":2,"permission":{"can_view":true,"can_create":true,"can_edit":true,"can_delete":true},"children":[]},{"key_name":"pengadaan.retur","label":"Retur","icon":"RotateCcw","path":"/suppliers/returns","order_index":3,"permission":{"can_view":true,"can_create":true,"can_edit":true,"can_delete":true},"children":[]}]},{"key_name":"pelanggan","label":"Pelanggan","icon":"Users","path":null,"order_index":5,"permission":{"can_view":true,"can_create":true,"can_edit":true,"can_delete":true},"children":[{"key_name":"pelanggan.pelanggan","label":"Pelanggan","icon":"Users","path":"/customers","order_index":1,"permission":{"can_view":true,"can_create":true,"can_edit":true,"can_delete":true},"children":[]},{"key_name":"pelanggan.piutang","label":"Piutang","icon":"CreditCard","path":"/receivables","order_index":2,"permission":{"can_view":true,"can_create":true,"can_edit":true,"can_delete":true},"children":[]}]},{"key_name":"keuangan","label":"Keuangan","icon":"Wallet","path":null,"order_index":6,"permission":{"can_view":true,"can_create":true,"can_edit":true,"can_delete":true},"children":[{"key_name":"keuangan.dashboard","label":"Dashboard Keuangan","icon":"Wallet","path":"/finance","order_index":1,"permission":{"can_view":true,"can_create":true,"can_edit":true,"can_delete":true},"children":[]},{"key_name":"keuangan.kas_harian","label":"Kas Harian","icon":"Landmark","path":"/finance/cash-drawer","order_index":2,"permission":{"can_view":true,"can_create":true,"can_edit":true,"can_delete":true},"children":[]},{"key_name":"keuangan.pengeluaran","label":"Pengeluaran","icon":"TrendingDown","path":"/finance/expenses","order_index":3,"permission":{"can_view":true,"can_create":true,"can_edit":true,"can_delete":true},"children":[]},{"key_name":"keuangan.kas_saya","label":"Kas Saya","icon":"Wallet","path":"/finance/my-cash","order_index":4,"permission":{"can_view":true,"can_create":true,"can_edit":true,"can_delete":true},"children":[]}]},{"key_name":"pelaporan","label":"Pelaporan","icon":"BarChart2","path":null,"order_index":7,"permission":{"can_view":true,"can_create":true,"can_edit":true,"can_delete":true},"children":[{"key_name":"pelaporan.penjualan","label":"Penjualan","icon":"TrendingUp","path":"/reports/sales","order_index":1,"permission":{"can_view":true,"can_create":true,"can_edit":true,"can_delete":true},"children":[]},{"key_name":"pelaporan.laba_rugi","label":"Laba Rugi","icon":"LineChart","path":"/reports/profit-loss","order_index":2,"permission":{"can_view":true,"can_create":true,"can_edit":true,"can_delete":true},"children":[]},{"key_name":"pelaporan.stok","label":"Stok","icon":"PackageSearch","path":"/reports/stock","order_index":3,"permission":{"can_view":true,"can_create":true,"can_edit":true,"can_delete":true},"children":[]},{"key_name":"pelaporan.kinerja_kasir","label":"Kinerja Kasir","icon":"BarChart2","path":"/reports/cashier","order_index":4,"permission":{"can_view":true,"can_create":true,"can_edit":true,"can_delete":true},"children":[]},{"key_name":"pelaporan.ringkasan_bisnis","label":"Ringkasan Bisnis","icon":"BarChart3","path":"/reports/business-summary","order_index":5,"permission":{"can_view":true,"can_create":true,"can_edit":true,"can_delete":true},"children":[]}]},{"key_name":"operasional","label":"Operasional","icon":"Clock","path":null,"order_index":8,"permission":{"can_view":true,"can_create":true,"can_edit":true,"can_delete":true},"children":[{"key_name":"operasional.shift","label":"Shift","icon":"Clock","path":"/shifts","order_index":1,"permission":{"can_view":true,"can_create":true,"can_edit":true,"can_delete":true},"children":[]},{"key_name":"operasional.sync","label":"Sync Center","icon":"RefreshCw","path":"/sync","order_index":2,"permission":{"can_view":true,"can_create":true,"can_edit":true,"can_delete":true},"children":[]}]},{"key_name":"sistem","label":"Sistem","icon":"Settings","path":null,"order_index":9,"permission":{"can_view":true,"can_create":true,"can_edit":true,"can_delete":true},"children":[{"key_name":"sistem.profil_toko","label":"Profil Toko","icon":"Settings","path":"/settings/store","order_index":1,"permission":{"can_view":true,"can_create":true,"can_edit":true,"can_delete":true},"children":[]},{"key_name":"sistem.users","label":"Manajemen User","icon":"Users","path":"/settings/users","order_index":2,"permission":{"can_view":true,"can_create":true,"can_edit":true,"can_delete":true},"children":[]},{"key_name":"sistem.roles","label":"Manajemen Role","icon":"Shield","path":"/settings/roles","order_index":3,"permission":{"can_view":true,"can_create":true,"can_edit":true,"can_delete":true},"children":[]},{"key_name":"sistem.menus","label":"Manajemen Menu","icon":"LayoutList","path":"/settings/menus","order_index":4,"permission":{"can_view":true,"can_create":true,"can_edit":true,"can_delete":true},"children":[]},{"key_name":"sistem.printer","label":"Printer","icon":"Printer","path":"/settings/printer","order_index":5,"permission":{"can_view":true,"can_create":true,"can_edit":true,"can_delete":true},"children":[]},{"key_name":"sistem.versi","label":"Versi Aplikasi","icon":"RefreshCw","path":"/settings/versions","order_index":6,"permission":{"can_view":true,"can_create":true,"can_edit":true,"can_delete":true},"children":[]},{"key_name":"sistem.backup","label":"Backup \u0026 Restore","icon":"DatabaseBackup","path":"/settings/backup","order_index":7,"permission":{"can_view":true,"can_create":true,"can_edit":true,"can_delete":true},"children":[]}]}]}{"code":"50","status":false,"trace_id":"766c35aa-23cf-4e9a-81a7-cf8d8fd5427d","message":"Internal Server Error","data":null}', 2, 3, '::1', NULL, '2026-07-26 00:34:00.158')

2026/07/26 00:34:00 [32mD:/Develop/Project_pos_mahenz/BE/domain/auth/repo/auth_repo.go:46
[0m[33m[0.504ms] [34;1m[rows:1][0m SELECT id, user_id, user_role, token, device_info, expires_at FROM sessions WHERE token = 'eyJhbGciOiJIUzI1NiIsInR5cCI6IkpXVCJ9.eyJhcHBzIjoid2ViIiwiZXhwIjoxNzg1MDI5NjM5LCJmdWxsX25hbWUiOiJBZG1pbmlzdHJhdG9yIiwicm9sZSI6ImFkbWluIiwidXNlcl9pZCI6MiwidXNlcm5hbWUiOiJhZG1pbiJ9.BDCe24MoYIKFlOVfT2AURfYtmTX-_MY4iPCgGgDpfxc' LIMIT 1

2026/07/26 00:34:00 [32mD:/Develop/Project_pos_mahenz/BE/domain/menu/repo/menu_repo.go:121
[0m[33m[0.681ms] [34;1m[rows:-][0m 
		SELECT
			m.id,
			m.parent_id,
			m.key_name,
			m.label,
			m.icon,
			m.path,
			m.order_index,
			COALESCE(rma.can_view,   0),
			COALESCE(rma.can_create, 0),
			COALESCE(rma.can_edit,   0),
			COALESCE(rma.can_delete, 0)
		FROM menus m
		LEFT JOIN role_menu_access rma ON rma.menu_id = m.id
			AND rma.role_id = (SELECT id FROM roles WHERE name = 'admin' AND is_active = 1 LIMIT 1)
		WHERE m.is_active = 1
		ORDER BY m.order_index ASC, m.id ASC
		
[GIN] 2026/07/26 - 00:34:00 | 200 |      1.1855ms |             ::1 | POST     "/api/menus/my"

2026/07/26 00:34:00 [32mD:/Develop/Project_pos_mahenz/BE/repository/log_request_repository.go:32
[0m[33m[2.336ms] [34;1m[rows:1][0m INSERT INTO log_requests (id, method, endpoint, status_code, request_body, response_body, user_id, duration_ms, ip_address, error_message, created_at) VALUES ('cc39e192-e6a7-4ef2-9b35-5a02ccc93969', 'POST', '/api/menus/my', 200, '{}', '{"code":"00","status":true,"message":"Menu akses","data":[{"key_name":"beranda","label":"Beranda","icon":"Home","path":null,"order_index":1,"permission":{"can_view":true,"can_create":true,"can_edit":true,"can_delete":true},"children":[{"key_name":"beranda.dashboard","label":"Dashboard","icon":"LayoutDashboard","path":"/dashboard","order_index":1,"permission":{"can_view":true,"can_create":true,"can_edit":true,"can_delete":true},"children":[]}]},{"key_name":"penjualan","label":"Penjualan","icon":"ShoppingCart","path":null,"order_index":2,"permission":{"can_view":true,"can_create":true,"can_edit":true,"can_delete":true},"children":[{"key_name":"penjualan.kasir","label":"Kasir","icon":"ShoppingCart","path":"/kasir","order_index":1,"permission":{"can_view":true,"can_create":true,"can_edit":true,"can_delete":true},"children":[]},{"key_name":"penjualan.transaksi","label":"Transaksi","icon":"Receipt","path":"/transactions","order_index":2,"permission":{"can_view":true,"can_create":true,"can_edit":true,"can_delete":true},"children":[]}]},{"key_name":"produk","label":"Produk","icon":"Package","path":null,"order_index":3,"permission":{"can_view":true,"can_create":true,"can_edit":true,"can_delete":true},"children":[{"key_name":"produk.produk","label":"Produk","icon":"Package","path":"/products","order_index":1,"permission":{"can_view":true,"can_create":true,"can_edit":true,"can_delete":true},"children":[]},{"key_name":"produk.kategori","label":"Kategori","icon":"Tag","path":"/products/categories","order_index":2,"permission":{"can_view":true,"can_create":true,"can_edit":true,"can_delete":true},"children":[]},{"key_name":"produk.unit","label":"Unit","icon":"PackageSearch","path":"/products/units","order_index":3,"permission":{"can_view":true,"can_create":true,"can_edit":true,"can_delete":true},"children":[]}]},{"key_name":"pengadaan","label":"Pengadaan","icon":"Truck","path":null,"order_index":4,"permission":{"can_view":true,"can_create":true,"can_edit":true,"can_delete":true},"children":[{"key_name":"pengadaan.supplier","label":"Supplier","icon":"Truck","path":"/suppliers","order_index":1,"permission":{"can_view":true,"can_create":true,"can_edit":true,"can_delete":true},"children":[]},{"key_name":"pengadaan.pembelian","label":"Pembelian","icon":"ShoppingBag","path":"/suppliers/purchases","order_index":2,"permission":{"can_view":true,"can_create":true,"can_edit":true,"can_delete":true},"children":[]},{"key_name":"pengadaan.retur","label":"Retur","icon":"RotateCcw","path":"/suppliers/returns","order_index":3,"permission":{"can_view":true,"can_create":true,"can_edit":true,"can_delete":true},"children":[]}]},{"key_name":"pelanggan","label":"Pelanggan","icon":"Users","path":null,"order_index":5,"permission":{"can_view":true,"can_create":true,"can_edit":true,"can_delete":true},"children":[{"key_name":"pelanggan.pelanggan","label":"Pelanggan","icon":"Users","path":"/customers","order_index":1,"permission":{"can_view":true,"can_create":true,"can_edit":true,"can_delete":true},"children":[]},{"key_name":"pelanggan.piutang","label":"Piutang","icon":"CreditCard","path":"/receivables","order_index":2,"permission":{"can_view":true,"can_create":true,"can_edit":true,"can_delete":true},"children":[]}]},{"key_name":"keuangan","label":"Keuangan","icon":"Wallet","path":null,"order_index":6,"permission":{"can_view":true,"can_create":true,"can_edit":true,"can_delete":true},"children":[{"key_name":"keuangan.dashboard","label":"Dashboard Keuangan","icon":"Wallet","path":"/finance","order_index":1,"permission":{"can_view":true,"can_create":true,"can_edit":true,"can_delete":true},"children":[]},{"key_name":"keuangan.kas_harian","label":"Kas Harian","icon":"Landmark","path":"/finance/cash-drawer","order_index":2,"permission":{"can_view":true,"can_create":true,"can_edit":true,"can_delete":true},"children":[]},{"key_name":"keuangan.pengeluaran","label":"Pengeluaran","icon":"TrendingDown","path":"/finance/expenses","order_index":3,"permission":{"can_view":true,"can_create":true,"can_edit":true,"can_delete":true},"children":[]},{"key_name":"keuangan.kas_saya","label":"Kas Saya","icon":"Wallet","path":"/finance/my-cash","order_index":4,"permission":{"can_view":true,"can_create":true,"can_edit":true,"can_delete":true},"children":[]}]},{"key_name":"pelaporan","label":"Pelaporan","icon":"BarChart2","path":null,"order_index":7,"permission":{"can_view":true,"can_create":true,"can_edit":true,"can_delete":true},"children":[{"key_name":"pelaporan.penjualan","label":"Penjualan","icon":"TrendingUp","path":"/reports/sales","order_index":1,"permission":{"can_view":true,"can_create":true,"can_edit":true,"can_delete":true},"children":[]},{"key_name":"pelaporan.laba_rugi","label":"Laba Rugi","icon":"LineChart","path":"/reports/profit-loss","order_index":2,"permission":{"can_view":true,"can_create":true,"can_edit":true,"can_delete":true},"children":[]},{"key_name":"pelaporan.stok","label":"Stok","icon":"PackageSearch","path":"/reports/stock","order_index":3,"permission":{"can_view":true,"can_create":true,"can_edit":true,"can_delete":true},"children":[]},{"key_name":"pelaporan.kinerja_kasir","label":"Kinerja Kasir","icon":"BarChart2","path":"/reports/cashier","order_index":4,"permission":{"can_view":true,"can_create":true,"can_edit":true,"can_delete":true},"children":[]},{"key_name":"pelaporan.ringkasan_bisnis","label":"Ringkasan Bisnis","icon":"BarChart3","path":"/reports/business-summary","order_index":5,"permission":{"can_view":true,"can_create":true,"can_edit":true,"can_delete":true},"children":[]}]},{"key_name":"operasional","label":"Operasional","icon":"Clock","path":null,"order_index":8,"permission":{"can_view":true,"can_create":true,"can_edit":true,"can_delete":true},"children":[{"key_name":"operasional.shift","label":"Shift","icon":"Clock","path":"/shifts","order_index":1,"permission":{"can_view":true,"can_create":true,"can_edit":true,"can_delete":true},"children":[]},{"key_name":"operasional.sync","label":"Sync Center","icon":"RefreshCw","path":"/sync","order_index":2,"permission":{"can_view":true,"can_create":true,"can_edit":true,"can_delete":true},"children":[]}]},{"key_name":"sistem","label":"Sistem","icon":"Settings","path":null,"order_index":9,"permission":{"can_view":true,"can_create":true,"can_edit":true,"can_delete":true},"children":[{"key_name":"sistem.profil_toko","label":"Profil Toko","icon":"Settings","path":"/settings/store","order_index":1,"permission":{"can_view":true,"can_create":true,"can_edit":true,"can_delete":true},"children":[]},{"key_name":"sistem.users","label":"Manajemen User","icon":"Users","path":"/settings/users","order_index":2,"permission":{"can_view":true,"can_create":true,"can_edit":true,"can_delete":true},"children":[]},{"key_name":"sistem.roles","label":"Manajemen Role","icon":"Shield","path":"/settings/roles","order_index":3,"permission":{"can_view":true,"can_create":true,"can_edit":true,"can_delete":true},"children":[]},{"key_name":"sistem.menus","label":"Manajemen Menu","icon":"LayoutList","path":"/settings/menus","order_index":4,"permission":{"can_view":true,"can_create":true,"can_edit":true,"can_delete":true},"children":[]},{"key_name":"sistem.printer","label":"Printer","icon":"Printer","path":"/settings/printer","order_index":5,"permission":{"can_view":true,"can_create":true,"can_edit":true,"can_delete":true},"children":[]},{"key_name":"sistem.versi","label":"Versi Aplikasi","icon":"RefreshCw","path":"/settings/versions","order_index":6,"permission":{"can_view":true,"can_create":true,"can_edit":true,"can_delete":true},"children":[]},{"key_name":"sistem.backup","label":"Backup \u0026 Restore","icon":"DatabaseBackup","path":"/settings/backup","order_index":7,"permission":{"can_view":true,"can_create":true,"can_edit":true,"can_delete":true},"children":[]}]}]}', 2, 1, '::1', NULL, '2026-07-26 00:34:00.294')
[GIN] 2026/07/26 - 00:34:00 | 204 |            0s |             ::1 | OPTIONS  "/api/sync/conflicts/count"

2026/07/26 00:34:00 [32mD:/Develop/Project_pos_mahenz/BE/domain/auth/repo/auth_repo.go:46
[0m[33m[1.213ms] [34;1m[rows:1][0m SELECT id, user_id, user_role, token, device_info, expires_at FROM sessions WHERE token = 'eyJhbGciOiJIUzI1NiIsInR5cCI6IkpXVCJ9.eyJhcHBzIjoid2ViIiwiZXhwIjoxNzg1MDI5NjM5LCJmdWxsX25hbWUiOiJBZG1pbmlzdHJhdG9yIiwicm9sZSI6ImFkbWluIiwidXNlcl9pZCI6MiwidXNlcm5hbWUiOiJhZG1pbiJ9.BDCe24MoYIKFlOVfT2AURfYtmTX-_MY4iPCgGgDpfxc' LIMIT 1

2026/07/26 00:34:00 [32mD:/Develop/Project_pos_mahenz/BE/domain/sync/repo/sync_repo.go:84
[0m[33m[0.504ms] [34;1m[rows:1][0m SELECT COUNT(*) FROM sync_conflicts WHERE status = 'pending'
[GIN] 2026/07/26 - 00:34:00 | 200 |      2.8149ms |             ::1 | GET      "/api/sync/conflicts/count"

2026/07/26 00:34:00 [32mD:/Develop/Project_pos_mahenz/BE/repository/log_request_repository.go:32
[0m[33m[1.867ms] [34;1m[rows:1][0m INSERT INTO log_requests (id, method, endpoint, status_code, request_body, response_body, user_id, duration_ms, ip_address, error_message, created_at) VALUES ('67f9f3a9-a9c9-4776-ad29-1f8c3d93ef5d', 'GET', '/api/sync/conflicts/count', 200, '', '{"code":"00","status":true,"message":"Jumlah konflik pending","data":{"count":0}}', 2, 2, '::1', NULL, '2026-07-26 00:34:00.352')
[GIN] 2026/07/26 - 00:34:00 | 204 |            0s |             ::1 | OPTIONS  "/api/suppliers/list"
[GIN] 2026/07/26 - 00:34:00 | 204 |            0s |             ::1 | OPTIONS  "/api/products/list"

2026/07/26 00:34:00 [32mD:/Develop/Project_pos_mahenz/BE/domain/auth/repo/auth_repo.go:46
[0m[33m[1.784ms] [34;1m[rows:1][0m SELECT id, user_id, user_role, token, device_info, expires_at FROM sessions WHERE token = 'eyJhbGciOiJIUzI1NiIsInR5cCI6IkpXVCJ9.eyJhcHBzIjoid2ViIiwiZXhwIjoxNzg1MDI5NjM5LCJmdWxsX25hbWUiOiJBZG1pbmlzdHJhdG9yIiwicm9sZSI6ImFkbWluIiwidXNlcl9pZCI6MiwidXNlcm5hbWUiOiJhZG1pbiJ9.BDCe24MoYIKFlOVfT2AURfYtmTX-_MY4iPCgGgDpfxc' LIMIT 1

2026/07/26 00:34:00 [32mD:/Develop/Project_pos_mahenz/BE/domain/supplier/repo/supplier_repo.go:44
[0m[33m[0.626ms] [34;1m[rows:1][0m SELECT COUNT(*) FROM suppliers WHERE 1=1

2026/07/26 00:34:00 [32mD:/Develop/Project_pos_mahenz/BE/domain/supplier/repo/supplier_repo.go:67
[0m[33m[1.301ms] [34;1m[rows:1][0m SELECT id, supplier_code, name, address, phone, email, contact_person, notes, is_active, created_at FROM suppliers WHERE 1=1 ORDER BY name ASC LIMIT 1 OFFSET 0
[GIN] 2026/07/26 - 00:34:00 | 200 |      5.0324ms |             ::1 | POST     "/api/suppliers/list"

2026/07/26 00:34:00 [32mD:/Develop/Project_pos_mahenz/BE/domain/auth/repo/auth_repo.go:46
[0m[33m[1.410ms] [34;1m[rows:1][0m SELECT id, user_id, user_role, token, device_info, expires_at FROM sessions WHERE token = 'eyJhbGciOiJIUzI1NiIsInR5cCI6IkpXVCJ9.eyJhcHBzIjoid2ViIiwiZXhwIjoxNzg1MDI5NjM5LCJmdWxsX25hbWUiOiJBZG1pbmlzdHJhdG9yIiwicm9sZSI6ImFkbWluIiwidXNlcl9pZCI6MiwidXNlcm5hbWUiOiJhZG1pbiJ9.BDCe24MoYIKFlOVfT2AURfYtmTX-_MY4iPCgGgDpfxc' LIMIT 1

2026/07/26 00:34:00 [32mD:/Develop/Project_pos_mahenz/BE/domain/product/repo/product_repo.go:100
[0m[33m[0.750ms] [34;1m[rows:1][0m SELECT COUNT(*) FROM products p WHERE 1=1

2026/07/26 00:34:00 [32mD:/Develop/Project_pos_mahenz/BE/domain/product/repo/product_repo.go:119
[0m[33m[2.377ms] [34;1m[rows:1][0m 
		SELECT p.id, p.barcode, COALESCE(p.sku, '') as sku, p.name, p.category_id, COALESCE(c.name, '') as category_name,
		       p.purchase_price, p.selling_price, p.stock, p.reserved_qty, p.min_stock,
		       COALESCE(p.unit_id, 0) as unit_id, COALESCE(u.name, '') as unit_name, COALESCE(u.abbreviation, '') as unit_abbreviation,
		       p.is_active,
		       (SELECT COUNT(*) FROM product_packages pp WHERE pp.product_id = p.id AND pp.is_default = 0) AS extra_packages,
		       (SELECT COUNT(*) FROM product_prices pr WHERE pr.product_id = p.id) AS price_tiers_count
		FROM products p
		LEFT JOIN categories c ON p.category_id = c.id
		LEFT JOIN units u ON u.id = p.unit_id
		WHERE 1=1 ORDER BY p.name ASC LIMIT 1 OFFSET 0
[GIN] 2026/07/26 - 00:34:00 | 200 |      5.1069ms |             ::1 | POST     "/api/products/list"

2026/07/26 00:34:00 [32mD:/Develop/Project_pos_mahenz/BE/repository/log_request_repository.go:32
[0m[33m[4.280ms] [34;1m[rows:1][0m INSERT INTO log_requests (id, method, endpoint, status_code, request_body, response_body, user_id, duration_ms, ip_address, error_message, created_at) VALUES ('8372d768-2620-4c1e-91f2-70fc7f62eb23', 'POST', '/api/suppliers/list', 200, '{"page":1,"limit":1,"search":""}', '{"code":"00","status":true,"message":"Daftar supplier","data":[{"id":1,"supplier_code":"SUP-001","name":"Supplier Test Fase14","address":"Jl. Test","phone":"08123456789","email":"","contact_person":"","notes":"","is_active":true,"created_at":"2026-07-25T13:19:10+07:00"}],"pagination":{"page":1,"per_page":1,"total":1,"total_pages":1}}', 2, 5, '::1', NULL, '2026-07-26 00:34:00.676')

2026/07/26 00:34:00 [32mD:/Develop/Project_pos_mahenz/BE/repository/log_request_repository.go:32
[0m[33m[4.242ms] [34;1m[rows:1][0m INSERT INTO log_requests (id, method, endpoint, status_code, request_body, response_body, user_id, duration_ms, ip_address, error_message, created_at) VALUES ('3610ab49-d887-4c16-af99-0d909cf63376', 'POST', '/api/products/list', 200, '{"page":1,"limit":1,"search":""}', '{"code":"00","status":true,"message":"Daftar produk","data":[{"id":4,"barcode":"8992260464338","sku":"SEM-0003","name":"Gula Pasir 1kg","category_id":1,"category_name":"Sembako Test","purchase_price":0,"selling_price":15000,"stock":50,"reserved_qty":0,"min_stock":5,"unit_id":1,"unit_name":"Pieces","unit_abbreviation":"Pcs","is_active":false,"extra_packages":0,"price_tiers_count":0}],"pagination":{"page":1,"per_page":1,"total":11,"total_pages":11}}', 2, 5, '::1', NULL, '2026-07-26 00:34:00.679')
[GIN] 2026/07/26 - 00:34:00 | 204 |            0s |             ::1 | OPTIONS  "/api/suppliers/options"
[GIN] 2026/07/26 - 00:34:00 | 204 |            0s |             ::1 | OPTIONS  "/api/payment-statuses/list"
[GIN] 2026/07/26 - 00:34:00 | 204 |            0s |             ::1 | OPTIONS  "/api/settings/pagination_sizes"
[GIN] 2026/07/26 - 00:34:00 | 204 |            0s |             ::1 | OPTIONS  "/api/payment-methods/list"

2026/07/26 00:34:00 [32mD:/Develop/Project_pos_mahenz/BE/domain/auth/repo/auth_repo.go:46
[0m[33m[0.522ms] [34;1m[rows:1][0m SELECT id, user_id, user_role, token, device_info, expires_at FROM sessions WHERE token = 'eyJhbGciOiJIUzI1NiIsInR5cCI6IkpXVCJ9.eyJhcHBzIjoid2ViIiwiZXhwIjoxNzg1MDI5NjM5LCJmdWxsX25hbWUiOiJBZG1pbmlzdHJhdG9yIiwicm9sZSI6ImFkbWluIiwidXNlcl9pZCI6MiwidXNlcm5hbWUiOiJhZG1pbiJ9.BDCe24MoYIKFlOVfT2AURfYtmTX-_MY4iPCgGgDpfxc' LIMIT 1
[GIN] 2026/07/26 - 00:34:00 | 204 |            0s |             ::1 | OPTIONS  "/api/supplier-purchases/list"

2026/07/26 00:34:00 [32mD:/Develop/Project_pos_mahenz/BE/domain/supplier/repo/supplier_repo.go:44
[0m[33m[1.920ms] [34;1m[rows:1][0m SELECT COUNT(*) FROM suppliers WHERE 1=1

2026/07/26 00:34:00 [32mD:/Develop/Project_pos_mahenz/BE/domain/auth/repo/auth_repo.go:46
[0m[33m[1.185ms] [34;1m[rows:1][0m SELECT id, user_id, user_role, token, device_info, expires_at FROM sessions WHERE token = 'eyJhbGciOiJIUzI1NiIsInR5cCI6IkpXVCJ9.eyJhcHBzIjoid2ViIiwiZXhwIjoxNzg1MDI5NjM5LCJmdWxsX25hbWUiOiJBZG1pbmlzdHJhdG9yIiwicm9sZSI6ImFkbWluIiwidXNlcl9pZCI6MiwidXNlcm5hbWUiOiJhZG1pbiJ9.BDCe24MoYIKFlOVfT2AURfYtmTX-_MY4iPCgGgDpfxc' LIMIT 1

2026/07/26 00:34:00 [32mD:/Develop/Project_pos_mahenz/BE/domain/supplier/repo/supplier_repo.go:67
[0m[33m[1.310ms] [34;1m[rows:1][0m SELECT id, supplier_code, name, address, phone, email, contact_person, notes, is_active, created_at FROM suppliers WHERE 1=1 ORDER BY name ASC LIMIT 10 OFFSET 0
[GIN] 2026/07/26 - 00:34:00 | 200 |      4.4727ms |             ::1 | POST     "/api/suppliers/list"

2026/07/26 00:34:00 [32mD:/Develop/Project_pos_mahenz/BE/domain/auth/repo/auth_repo.go:46
[0m[33m[1.310ms] [34;1m[rows:1][0m SELECT id, user_id, user_role, token, device_info, expires_at FROM sessions WHERE token = 'eyJhbGciOiJIUzI1NiIsInR5cCI6IkpXVCJ9.eyJhcHBzIjoid2ViIiwiZXhwIjoxNzg1MDI5NjM5LCJmdWxsX25hbWUiOiJBZG1pbmlzdHJhdG9yIiwicm9sZSI6ImFkbWluIiwidXNlcl9pZCI6MiwidXNlcm5hbWUiOiJhZG1pbiJ9.BDCe24MoYIKFlOVfT2AURfYtmTX-_MY4iPCgGgDpfxc' LIMIT 1

2026/07/26 00:34:00 [32mD:/Develop/Project_pos_mahenz/BE/domain/supplier/repo/supplier_repo.go:81
[0m[33m[1.310ms] [34;1m[rows:1][0m SELECT id, supplier_code, name FROM suppliers WHERE is_active = 1 ORDER BY name
[GIN] 2026/07/26 - 00:34:00 | 200 |      3.8515ms |             ::1 | POST     "/api/suppliers/options"

2026/07/26 00:34:00 [32mD:/Develop/Project_pos_mahenz/BE/domain/payment_status/repo/payment_status_repo.go:9
[0m[33m[0.000ms] [34;1m[rows:3][0m SELECT id, code, label, is_active, sort_order FROM payment_statuses WHERE is_active = 1 ORDER BY sort_order ASC
[GIN] 2026/07/26 - 00:34:00 | 200 |      1.9318ms |             ::1 | POST     "/api/payment-statuses/list"

2026/07/26 00:34:00 [32mD:/Develop/Project_pos_mahenz/BE/domain/auth/repo/auth_repo.go:46
[0m[33m[0.781ms] [34;1m[rows:1][0m SELECT id, user_id, user_role, token, device_info, expires_at FROM sessions WHERE token = 'eyJhbGciOiJIUzI1NiIsInR5cCI6IkpXVCJ9.eyJhcHBzIjoid2ViIiwiZXhwIjoxNzg1MDI5NjM5LCJmdWxsX25hbWUiOiJBZG1pbmlzdHJhdG9yIiwicm9sZSI6ImFkbWluIiwidXNlcl9pZCI6MiwidXNlcm5hbWUiOiJhZG1pbiJ9.BDCe24MoYIKFlOVfT2AURfYtmTX-_MY4iPCgGgDpfxc' LIMIT 1

2026/07/26 00:34:00 [32mD:/Develop/Project_pos_mahenz/BE/domain/auth/repo/auth_repo.go:46
[0m[33m[0.781ms] [34;1m[rows:1][0m SELECT id, user_id, user_role, token, device_info, expires_at FROM sessions WHERE token = 'eyJhbGciOiJIUzI1NiIsInR5cCI6IkpXVCJ9.eyJhcHBzIjoid2ViIiwiZXhwIjoxNzg1MDI5NjM5LCJmdWxsX25hbWUiOiJBZG1pbmlzdHJhdG9yIiwicm9sZSI6ImFkbWluIiwidXNlcl9pZCI6MiwidXNlcm5hbWUiOiJhZG1pbiJ9.BDCe24MoYIKFlOVfT2AURfYtmTX-_MY4iPCgGgDpfxc' LIMIT 1

2026/07/26 00:34:00 [32mD:/Develop/Project_pos_mahenz/BE/domain/setting/repo/setting_repo.go:32
[0m[33m[0.000ms] [34;1m[rows:-][0m SELECT setting_key, setting_value FROM settings WHERE setting_key = 'pagination_sizes'
[GIN] 2026/07/26 - 00:34:00 | 200 |      2.0915ms |             ::1 | GET      "/api/settings/pagination_sizes"

2026/07/26 00:34:00 [32mD:/Develop/Project_pos_mahenz/BE/domain/auth/repo/auth_repo.go:46
[0m[33m[0.689ms] [34;1m[rows:1][0m SELECT id, user_id, user_role, token, device_info, expires_at FROM sessions WHERE token = 'eyJhbGciOiJIUzI1NiIsInR5cCI6IkpXVCJ9.eyJhcHBzIjoid2ViIiwiZXhwIjoxNzg1MDI5NjM5LCJmdWxsX25hbWUiOiJBZG1pbmlzdHJhdG9yIiwicm9sZSI6ImFkbWluIiwidXNlcl9pZCI6MiwidXNlcm5hbWUiOiJhZG1pbiJ9.BDCe24MoYIKFlOVfT2AURfYtmTX-_MY4iPCgGgDpfxc' LIMIT 1

2026/07/26 00:34:00 [32mD:/Develop/Project_pos_mahenz/BE/repository/log_request_repository.go:32
[0m[33m[2.360ms] [34;1m[rows:1][0m INSERT INTO log_requests (id, method, endpoint, status_code, request_body, response_body, user_id, duration_ms, ip_address, error_message, created_at) VALUES ('3ab78c46-8972-4656-8d55-4bd22ffcc7d2', 'POST', '/api/payment-methods/list', 200, '{"page":1,"limit":200,"search":""}', '{"code":"00","status":true,"message":"Daftar supplier","data":[{"id":1,"supplier_code":"SUP-001","name":"Supplier Test Fase14","address":"Jl. Test","phone":"08123456789","email":"","contact_person":"","notes":"","is_active":true,"created_at":"2026-07-25T13:19:10+07:00"}],"pagination":{"page":1,"per_page":200,"total":1,"total_pages":1}}', NULL, 4, '::1', NULL, '2026-07-26 00:34:00.768')

2026/07/26 00:34:00 [32mD:/Develop/Project_pos_mahenz/BE/domain/supplier_purchase/repo/purchase_repo.go:124
[0m[33m[0.890ms] [34;1m[rows:1][0m SELECT COUNT(*) FROM purchases p WHERE 1=1 AND DATE(p.purchase_date) >= '2026-07-01' AND DATE(p.purchase_date) <= '2026-07-26'

2026/07/26 00:34:00 [32mD:/Develop/Project_pos_mahenz/BE/repository/log_request_repository.go:32
[0m[33m[2.864ms] [34;1m[rows:1][0m INSERT INTO log_requests (id, method, endpoint, status_code, request_body, response_body, user_id, duration_ms, ip_address, error_message, created_at) VALUES ('5446a83c-1622-489d-829b-c706f64136bb', 'POST', '/api/suppliers/options', 200, '{"search":""}', '{"code":"00","status":true,"message":"Opsi supplier","data":[{"id":1,"supplier_code":"SUP-001","name":"Supplier Test Fase14"}]}', 2, 3, '::1', NULL, '2026-07-26 00:34:00.768')

2026/07/26 00:34:00 [32mD:/Develop/Project_pos_mahenz/BE/repository/log_request_repository.go:32
[0m[33m[15.573ms] [34;1m[rows:1][0m INSERT INTO log_requests (id, method, endpoint, status_code, request_body, response_body, user_id, duration_ms, ip_address, error_message, created_at) VALUES ('6ba8b7a4-15ba-4a0d-a919-cf1cde6a60df', 'GET', '/api/settings/pagination_sizes', 200, '', '{"code":"00","status":true,"message":"Detail pengaturan","data":{"key":"pagination_sizes","value":"[10,20,50]"}}', 2, 1, '::1', NULL, '2026-07-26 00:34:00.77')

2026/07/26 00:34:00 [32mD:/Develop/Project_pos_mahenz/BE/repository/log_request_repository.go:32
[0m[33m[19.816ms] [34;1m[rows:1][0m INSERT INTO log_requests (id, method, endpoint, status_code, request_body, response_body, user_id, duration_ms, ip_address, error_message, created_at) VALUES ('02b243bb-8dbf-47e9-a3a2-cce732db132a', 'POST', '/api/payment-statuses/list', 200, '{}', '{"code":"00","status":true,"message":"Daftar status pembayaran","data":[{"id":1,"code":"unpaid","label":"Hutang","is_active":1,"sort_order":1},{"id":2,"code":"partial","label":"Bayar Sebagian","is_active":1,"sort_order":2},{"id":3,"code":"paid","label":"Lunas","is_active":1,"sort_order":3}]}', 2, 1, '::1', NULL, '2026-07-26 00:34:00.769')

2026/07/26 00:34:00 [32mD:/Develop/Project_pos_mahenz/BE/domain/supplier_purchase/repo/purchase_repo.go:141
[0m[33m[19.152ms] [34;1m[rows:-][0m SELECT p.id, p.purchase_code, p.invoice_number, p.supplier_id, COALESCE(s.name, '') as supplier_name, p.purchase_date, p.discount_amount, p.total_amount, p.payment_status, p.paid_amount, p.remaining_amount, p.status, COALESCE(u.full_name, '') as user_name, p.notes FROM purchases p LEFT JOIN users u ON p.user_id = u.id LEFT JOIN suppliers s ON p.supplier_id = s.id WHERE 1=1 AND DATE(p.purchase_date) >= '2026-07-01' AND DATE(p.purchase_date) <= '2026-07-26' ORDER BY p.purchase_date DESC, p.id DESC LIMIT 10 OFFSET 0
[GIN] 2026/07/26 - 00:34:00 | 200 |     21.2366ms |             ::1 | POST     "/api/supplier-purchases/list"

2026/07/26 00:34:00 [32mD:/Develop/Project_pos_mahenz/BE/domain/payment_method/repo/payment_method_repo.go:9
[0m[33m[22.594ms] [34;1m[rows:5][0m SELECT id, code, label, is_active, sort_order FROM payment_methods WHERE is_active = 1 ORDER BY sort_order ASC
[GIN] 2026/07/26 - 00:34:00 | 200 |     23.9964ms |             ::1 | POST     "/api/payment-methods/list"

2026/07/26 00:34:00 [32mD:/Develop/Project_pos_mahenz/BE/repository/log_request_repository.go:32
[0m[33m[3.379ms] [34;1m[rows:1][0m INSERT INTO log_requests (id, method, endpoint, status_code, request_body, response_body, user_id, duration_ms, ip_address, error_message, created_at) VALUES ('8c036ec6-69be-49c0-a00d-798a22c4af73', 'POST', '/api/supplier-purchases/list', 200, '{"page":1,"limit":10,"start_date":"2026-07-01","end_date":"2026-07-26"}', '{"code":"00","status":true,"message":"Daftar purchase order","data":[{"id":6,"purchase_code":"PO-20260726-004","invoice_number":"INV-QA-NORMAL","supplier_id":1,"supplier_name":"Supplier Test Fase14","purchase_date":"2026-07-26T00:00:00+07:00","discount_amount":500,"total_amount":2500,"payment_status":"unpaid","paid_amount":0,"remaining_amount":2500,"status":"active","user_name":"Administrator","notes":""},{"id":5,"purchase_code":"PO-20260726-003","invoice_number":"INV-QA-DISKON-PAS","supplier_id":1,"supplier_name":"Supplier Test Fase14","purchase_date":"2026-07-26T00:00:00+07:00","discount_amount":2000,"total_amount":0,"payment_status":"unpaid","paid_amount":0,"remaining_amount":0,"status":"active","user_name":"Administrator","notes":""},{"id":4,"purchase_code":"PO-20260726-002","invoice_number":"INV-QA-DUP-PRODUCT","supplier_id":1,"supplier_name":"Supplier Test Fase14","purchase_date":"2026-07-26T00:00:00+07:00","discount_amount":0,"total_amount":8000,"payment_status":"unpaid","paid_amount":0,"remaining_amount":8000,"status":"active","user_name":"Administrator","notes":""},{"id":3,"purchase_code":"PO-20260726-001","invoice_number":"INV-QA-DISKON-BUG","supplier_id":1,"supplier_name":"Supplier Test Fase14","purchase_date":"2026-07-26T00:00:00+07:00","discount_amount":5000,"total_amount":0,"payment_status":"unpaid","paid_amount":0,"remaining_amount":0,"status":"active","user_name":"Administrator","notes":""},{"id":2,"purchase_code":"PO-20260725-002","invoice_number":"INV-EXP-002","supplier_id":1,"supplier_name":"Supplier Test Fase14","purchase_date":"2026-07-25T00:00:00+07:00","discount_amount":0,"total_amount":4000,"payment_status":"unpaid","paid_amount":0,"remaining_amount":4000,"status":"active","user_name":"Administrator","notes":""},{"id":1,"purchase_code":"PO-20260725-001","invoice_number":"INV-EXP-001","supplier_id":1,"supplier_name":"Supplier Test Fase14","purchase_date":"2026-07-25T00:00:00+07:00","discount_amount":0,"total_amount":8000,"payment_status":"unpaid","paid_amount":0,"remaining_amount":8000,"status":"active","user_name":"Administrator","notes":""}],"pagination":{"page":1,"per_page":10,"total":6,"total_pages":1}}', 2, 21, '::1', NULL, '2026-07-26 00:34:00.791')

2026/07/26 00:34:00 [32mD:/Develop/Project_pos_mahenz/BE/repository/log_request_repository.go:32
[0m[33m[2.428ms] [34;1m[rows:1][0m INSERT INTO log_requests (id, method, endpoint, status_code, request_body, response_body, user_id, duration_ms, ip_address, error_message, created_at) VALUES ('21f3f0d5-643e-4788-aafd-ed9e50e6a0ed', 'POST', '/api/payment-methods/list', 200, '{}', '{"code":"00","status":true,"message":"Daftar metode pembayaran","data":[{"id":1,"code":"cash","label":"Tunai","is_active":1,"sort_order":1},{"id":2,"code":"transfer","label":"Transfer Bank","is_active":1,"sort_order":2},{"id":3,"code":"card","label":"Kartu","is_active":1,"sort_order":3},{"id":4,"code":"qris","label":"QRIS","is_active":1,"sort_order":4},{"id":5,"code":"kredit","label":"Kredit","is_active":1,"sort_order":5}]}', 2, 23, '::1', NULL, '2026-07-26 00:34:00.792')
[GIN] 2026/07/26 - 00:34:02 | 204 |            0s |             ::1 | OPTIONS  "/api/supplier-purchases/generate-code"

2026/07/26 00:34:02 [32mD:/Develop/Project_pos_mahenz/BE/domain/auth/repo/auth_repo.go:46
[0m[33m[0.506ms] [34;1m[rows:1][0m SELECT id, user_id, user_role, token, device_info, expires_at FROM sessions WHERE token = 'eyJhbGciOiJIUzI1NiIsInR5cCI6IkpXVCJ9.eyJhcHBzIjoid2ViIiwiZXhwIjoxNzg1MDI5NjM5LCJmdWxsX25hbWUiOiJBZG1pbmlzdHJhdG9yIiwicm9sZSI6ImFkbWluIiwidXNlcl9pZCI6MiwidXNlcm5hbWUiOiJhZG1pbiJ9.BDCe24MoYIKFlOVfT2AURfYtmTX-_MY4iPCgGgDpfxc' LIMIT 1

2026/07/26 00:34:02 [32mD:/Develop/Project_pos_mahenz/BE/domain/supplier_purchase/repo/purchase_repo.go:272
[0m[33m[0.567ms] [34;1m[rows:1][0m SELECT COUNT(*) FROM purchases WHERE DATE(purchase_date) = '2026-07-26'
[GIN] 2026/07/26 - 00:34:02 | 200 |      1.6066ms |             ::1 | POST     "/api/supplier-purchases/generate-code"

2026/07/26 00:34:02 [32mD:/Develop/Project_pos_mahenz/BE/repository/log_request_repository.go:32
[0m[33m[22.366ms] [34;1m[rows:1][0m INSERT INTO log_requests (id, method, endpoint, status_code, request_body, response_body, user_id, duration_ms, ip_address, error_message, created_at) VALUES ('517d9070-2157-491a-b4d8-fe4de9c42551', 'POST', '/api/supplier-purchases/generate-code', 200, '{}', '{"code":"00","status":true,"message":"Generate kode PO","data":{"purchase_code":"PO-20260726-005"}}', 2, 1, '::1', NULL, '2026-07-26 00:34:02.128')

2026/07/26 00:34:30 [32mD:/Develop/Project_pos_mahenz/BE/domain/auth/repo/auth_repo.go:46
[0m[33m[0.523ms] [34;1m[rows:1][0m SELECT id, user_id, user_role, token, device_info, expires_at FROM sessions WHERE token = 'eyJhbGciOiJIUzI1NiIsInR5cCI6IkpXVCJ9.eyJhcHBzIjoid2ViIiwiZXhwIjoxNzg1MDI5NjM5LCJmdWxsX25hbWUiOiJBZG1pbmlzdHJhdG9yIiwicm9sZSI6ImFkbWluIiwidXNlcl9pZCI6MiwidXNlcm5hbWUiOiJhZG1pbiJ9.BDCe24MoYIKFlOVfT2AURfYtmTX-_MY4iPCgGgDpfxc' LIMIT 1

2026/07/26 00:34:30 [32mD:/Develop/Project_pos_mahenz/BE/domain/sync/repo/sync_repo.go:84
[0m[33m[0.528ms] [34;1m[rows:1][0m SELECT COUNT(*) FROM sync_conflicts WHERE status = 'pending'
[GIN] 2026/07/26 - 00:34:30 | 200 |      1.6012ms |             ::1 | GET      "/api/sync/conflicts/count"

2026/07/26 00:34:30 [32mD:/Develop/Project_pos_mahenz/BE/repository/log_request_repository.go:32
[0m[33m[6.566ms] [34;1m[rows:1][0m INSERT INTO log_requests (id, method, endpoint, status_code, request_body, response_body, user_id, duration_ms, ip_address, error_message, created_at) VALUES ('0c34de84-e920-4c16-b713-8b6303c16d04', 'GET', '/api/sync/conflicts/count', 200, '', '{"code":"00","status":true,"message":"Jumlah konflik pending","data":{"count":0}}', 2, 1, '::1', NULL, '2026-07-26 00:34:30.378')
[GIN] 2026/07/26 - 00:34:50 | 204 |            0s |             ::1 | OPTIONS  "/api/auth/login"

2026/07/26 00:34:50 [32mD:/Develop/Project_pos_mahenz/BE/domain/auth/repo/auth_repo.go:17
[0m[33m[0.506ms] [34;1m[rows:1][0m SELECT u.id, u.username, u.password, u.full_name, u.role_id, r.name AS role_name, u.is_active FROM users u INNER JOIN roles r ON r.id = u.role_id WHERE u.username = 'admin' LIMIT 1

2026/07/26 00:34:50 [32mD:/Develop/Project_pos_mahenz/BE/domain/auth/repo/auth_repo.go:67
[0m[33m[8.686ms] [34;1m[rows:1][0m DELETE FROM sessions WHERE user_id = 2

2026/07/26 00:34:50 [32mD:/Develop/Project_pos_mahenz/BE/domain/auth/repo/auth_repo.go:38
[0m[33m[2.112ms] [34;1m[rows:1][0m INSERT INTO sessions (user_id, user_role, token, refresh_token, device_info, ip_address, expires_at) VALUES (2, 'admin', 'eyJhbGciOiJIUzI1NiIsInR5cCI6IkpXVCJ9.eyJhcHBzIjoid2ViIiwiZXhwIjoxNzg1MDI5NjkwLCJmdWxsX25hbWUiOiJBZG1pbmlzdHJhdG9yIiwicm9sZSI6ImFkbWluIiwidXNlcl9pZCI6MiwidXNlcm5hbWUiOiJhZG1pbiJ9.oQkSBLRnNa9B08QlvqY74Q5230YHHCWE3O9gkII8kKg', '3a5b30e02bf40e91d11e2b7bfab35c17838dd275b46cbd76372460bb0aa06699', 'web', '::1', '2026-08-02 00:34:50.354') ON DUPLICATE KEY UPDATE user_role=VALUES(user_role), token=VALUES(token), refresh_token=VALUES(refresh_token), device_info=VALUES(device_info), ip_address=VALUES(ip_address), expires_at=VALUES(expires_at), created_at=NOW()
[GIN] 2026/07/26 - 00:34:50 | 200 |     63.4969ms |             ::1 | POST     "/api/auth/login"

2026/07/26 00:34:50 [32mD:/Develop/Project_pos_mahenz/BE/repository/log_request_repository.go:32
[0m[33m[1.758ms] [34;1m[rows:1][0m INSERT INTO log_requests (id, method, endpoint, status_code, request_body, response_body, user_id, duration_ms, ip_address, error_message, created_at) VALUES ('6970a180-cbf2-48a3-8265-47c194970069', 'POST', '/api/auth/login', 200, '{"username":"admin","password":"admin123","device_info":"web"}', '{"code":"00","status":true,"message":"Login berhasil","data":{"token":"eyJhbGciOiJIUzI1NiIsInR5cCI6IkpXVCJ9.eyJhcHBzIjoid2ViIiwiZXhwIjoxNzg1MDI5NjkwLCJmdWxsX25hbWUiOiJBZG1pbmlzdHJhdG9yIiwicm9sZSI6ImFkbWluIiwidXNlcl9pZCI6MiwidXNlcm5hbWUiOiJhZG1pbiJ9.oQkSBLRnNa9B08QlvqY74Q5230YHHCWE3O9gkII8kKg","refresh_token":"3a5b30e02bf40e91d11e2b7bfab35c17838dd275b46cbd76372460bb0aa06699","expires_at":"2026-08-02T00:34:50.3548786+07:00","user":{"id":2,"username":"admin","full_name":"Administrator","role_id":2,"role_name":"admin"}}}', NULL, 63, '::1', NULL, '2026-07-26 00:34:50.367')
[GIN] 2026/07/26 - 00:34:50 | 204 |            0s |             ::1 | OPTIONS  "/api/menus/my"
[GIN] 2026/07/26 - 00:34:50 | 204 |            0s |             ::1 | OPTIONS  "/api/menus/my"

2026/07/26 00:34:50 [32mD:/Develop/Project_pos_mahenz/BE/domain/auth/repo/auth_repo.go:46
[0m[33m[1.084ms] [34;1m[rows:1][0m SELECT id, user_id, user_role, token, device_info, expires_at FROM sessions WHERE token = 'eyJhbGciOiJIUzI1NiIsInR5cCI6IkpXVCJ9.eyJhcHBzIjoid2ViIiwiZXhwIjoxNzg1MDI5NjkwLCJmdWxsX25hbWUiOiJBZG1pbmlzdHJhdG9yIiwicm9sZSI6ImFkbWluIiwidXNlcl9pZCI6MiwidXNlcm5hbWUiOiJhZG1pbiJ9.oQkSBLRnNa9B08QlvqY74Q5230YHHCWE3O9gkII8kKg' LIMIT 1

2026/07/26 00:34:50 [32mD:/Develop/Project_pos_mahenz/BE/domain/auth/repo/auth_repo.go:46
[0m[33m[0.000ms] [34;1m[rows:1][0m SELECT id, user_id, user_role, token, device_info, expires_at FROM sessions WHERE token = 'eyJhbGciOiJIUzI1NiIsInR5cCI6IkpXVCJ9.eyJhcHBzIjoid2ViIiwiZXhwIjoxNzg1MDI5NjkwLCJmdWxsX25hbWUiOiJBZG1pbmlzdHJhdG9yIiwicm9sZSI6ImFkbWluIiwidXNlcl9pZCI6MiwidXNlcm5hbWUiOiJhZG1pbiJ9.oQkSBLRnNa9B08QlvqY74Q5230YHHCWE3O9gkII8kKg' LIMIT 1

2026/07/26 00:34:50 [32mD:/Develop/Project_pos_mahenz/BE/domain/menu/repo/menu_repo.go:121
[0m[33m[1.600ms] [34;1m[rows:-][0m 
		SELECT
			m.id,
			m.parent_id,
			m.key_name,
			m.label,
			m.icon,
			m.path,
			m.order_index,
			COALESCE(rma.can_view,   0),
			COALESCE(rma.can_create, 0),
			COALESCE(rma.can_edit,   0),
			COALESCE(rma.can_delete, 0)
		FROM menus m
		LEFT JOIN role_menu_access rma ON rma.menu_id = m.id
			AND rma.role_id = (SELECT id FROM roles WHERE name = 'admin' AND is_active = 1 LIMIT 1)
		WHERE m.is_active = 1
		ORDER BY m.order_index ASC, m.id ASC
		
[GIN] 2026/07/26 - 00:34:50 | 200 |      3.2237ms |             ::1 | POST     "/api/menus/my"

2026/07/26 00:34:50 [32mD:/Develop/Project_pos_mahenz/BE/domain/menu/repo/menu_repo.go:121
[0m[33m[0.514ms] [34;1m[rows:-][0m 
		SELECT
			m.id,
			m.parent_id,
			m.key_name,
			m.label,
			m.icon,
			m.path,
			m.order_index,
			COALESCE(rma.can_view,   0),
			COALESCE(rma.can_create, 0),
			COALESCE(rma.can_edit,   0),
			COALESCE(rma.can_delete, 0)
		FROM menus m
		LEFT JOIN role_menu_access rma ON rma.menu_id = m.id
			AND rma.role_id = (SELECT id FROM roles WHERE name = 'admin' AND is_active = 1 LIMIT 1)
		WHERE m.is_active = 1
		ORDER BY m.order_index ASC, m.id ASC
		
[GIN] 2026/07/26 - 00:34:50 | 200 |      2.0693ms |             ::1 | POST     "/api/menus/my"

2026/07/26 00:34:50 [32mD:/Develop/Project_pos_mahenz/BE/repository/log_request_repository.go:32
[0m[33m[2.381ms] [34;1m[rows:1][0m INSERT INTO log_requests (id, method, endpoint, status_code, request_body, response_body, user_id, duration_ms, ip_address, error_message, created_at) VALUES ('f4f3e9d4-c101-4ce6-aeae-854d5d5029e6', 'POST', '/api/menus/my', 200, '{}', '{"code":"00","status":true,"message":"Menu akses","data":[{"key_name":"beranda","label":"Beranda","icon":"Home","path":null,"order_index":1,"permission":{"can_view":true,"can_create":true,"can_edit":true,"can_delete":true},"children":[{"key_name":"beranda.dashboard","label":"Dashboard","icon":"LayoutDashboard","path":"/dashboard","order_index":1,"permission":{"can_view":true,"can_create":true,"can_edit":true,"can_delete":true},"children":[]}]},{"key_name":"penjualan","label":"Penjualan","icon":"ShoppingCart","path":null,"order_index":2,"permission":{"can_view":true,"can_create":true,"can_edit":true,"can_delete":true},"children":[{"key_name":"penjualan.kasir","label":"Kasir","icon":"ShoppingCart","path":"/kasir","order_index":1,"permission":{"can_view":true,"can_create":true,"can_edit":true,"can_delete":true},"children":[]},{"key_name":"penjualan.transaksi","label":"Transaksi","icon":"Receipt","path":"/transactions","order_index":2,"permission":{"can_view":true,"can_create":true,"can_edit":true,"can_delete":true},"children":[]}]},{"key_name":"produk","label":"Produk","icon":"Package","path":null,"order_index":3,"permission":{"can_view":true,"can_create":true,"can_edit":true,"can_delete":true},"children":[{"key_name":"produk.produk","label":"Produk","icon":"Package","path":"/products","order_index":1,"permission":{"can_view":true,"can_create":true,"can_edit":true,"can_delete":true},"children":[]},{"key_name":"produk.kategori","label":"Kategori","icon":"Tag","path":"/products/categories","order_index":2,"permission":{"can_view":true,"can_create":true,"can_edit":true,"can_delete":true},"children":[]},{"key_name":"produk.unit","label":"Unit","icon":"PackageSearch","path":"/products/units","order_index":3,"permission":{"can_view":true,"can_create":true,"can_edit":true,"can_delete":true},"children":[]}]},{"key_name":"pengadaan","label":"Pengadaan","icon":"Truck","path":null,"order_index":4,"permission":{"can_view":true,"can_create":true,"can_edit":true,"can_delete":true},"children":[{"key_name":"pengadaan.supplier","label":"Supplier","icon":"Truck","path":"/suppliers","order_index":1,"permission":{"can_view":true,"can_create":true,"can_edit":true,"can_delete":true},"children":[]},{"key_name":"pengadaan.pembelian","label":"Pembelian","icon":"ShoppingBag","path":"/suppliers/purchases","order_index":2,"permission":{"can_view":true,"can_create":true,"can_edit":true,"can_delete":true},"children":[]},{"key_name":"pengadaan.retur","label":"Retur","icon":"RotateCcw","path":"/suppliers/returns","order_index":3,"permission":{"can_view":true,"can_create":true,"can_edit":true,"can_delete":true},"children":[]}]},{"key_name":"pelanggan","label":"Pelanggan","icon":"Users","path":null,"order_index":5,"permission":{"can_view":true,"can_create":true,"can_edit":true,"can_delete":true},"children":[{"key_name":"pelanggan.pelanggan","label":"Pelanggan","icon":"Users","path":"/customers","order_index":1,"permission":{"can_view":true,"can_create":true,"can_edit":true,"can_delete":true},"children":[]},{"key_name":"pelanggan.piutang","label":"Piutang","icon":"CreditCard","path":"/receivables","order_index":2,"permission":{"can_view":true,"can_create":true,"can_edit":true,"can_delete":true},"children":[]}]},{"key_name":"keuangan","label":"Keuangan","icon":"Wallet","path":null,"order_index":6,"permission":{"can_view":true,"can_create":true,"can_edit":true,"can_delete":true},"children":[{"key_name":"keuangan.dashboard","label":"Dashboard Keuangan","icon":"Wallet","path":"/finance","order_index":1,"permission":{"can_view":true,"can_create":true,"can_edit":true,"can_delete":true},"children":[]},{"key_name":"keuangan.kas_harian","label":"Kas Harian","icon":"Landmark","path":"/finance/cash-drawer","order_index":2,"permission":{"can_view":true,"can_create":true,"can_edit":true,"can_delete":true},"children":[]},{"key_name":"keuangan.pengeluaran","label":"Pengeluaran","icon":"TrendingDown","path":"/finance/expenses","order_index":3,"permission":{"can_view":true,"can_create":true,"can_edit":true,"can_delete":true},"children":[]},{"key_name":"keuangan.kas_saya","label":"Kas Saya","icon":"Wallet","path":"/finance/my-cash","order_index":4,"permission":{"can_view":true,"can_create":true,"can_edit":true,"can_delete":true},"children":[]}]},{"key_name":"pelaporan","label":"Pelaporan","icon":"BarChart2","path":null,"order_index":7,"permission":{"can_view":true,"can_create":true,"can_edit":true,"can_delete":true},"children":[{"key_name":"pelaporan.penjualan","label":"Penjualan","icon":"TrendingUp","path":"/reports/sales","order_index":1,"permission":{"can_view":true,"can_create":true,"can_edit":true,"can_delete":true},"children":[]},{"key_name":"pelaporan.laba_rugi","label":"Laba Rugi","icon":"LineChart","path":"/reports/profit-loss","order_index":2,"permission":{"can_view":true,"can_create":true,"can_edit":true,"can_delete":true},"children":[]},{"key_name":"pelaporan.stok","label":"Stok","icon":"PackageSearch","path":"/reports/stock","order_index":3,"permission":{"can_view":true,"can_create":true,"can_edit":true,"can_delete":true},"children":[]},{"key_name":"pelaporan.kinerja_kasir","label":"Kinerja Kasir","icon":"BarChart2","path":"/reports/cashier","order_index":4,"permission":{"can_view":true,"can_create":true,"can_edit":true,"can_delete":true},"children":[]},{"key_name":"pelaporan.ringkasan_bisnis","label":"Ringkasan Bisnis","icon":"BarChart3","path":"/reports/business-summary","order_index":5,"permission":{"can_view":true,"can_create":true,"can_edit":true,"can_delete":true},"children":[]}]},{"key_name":"operasional","label":"Operasional","icon":"Clock","path":null,"order_index":8,"permission":{"can_view":true,"can_create":true,"can_edit":true,"can_delete":true},"children":[{"key_name":"operasional.shift","label":"Shift","icon":"Clock","path":"/shifts","order_index":1,"permission":{"can_view":true,"can_create":true,"can_edit":true,"can_delete":true},"children":[]},{"key_name":"operasional.sync","label":"Sync Center","icon":"RefreshCw","path":"/sync","order_index":2,"permission":{"can_view":true,"can_create":true,"can_edit":true,"can_delete":true},"children":[]}]},{"key_name":"sistem","label":"Sistem","icon":"Settings","path":null,"order_index":9,"permission":{"can_view":true,"can_create":true,"can_edit":true,"can_delete":true},"children":[{"key_name":"sistem.profil_toko","label":"Profil Toko","icon":"Settings","path":"/settings/store","order_index":1,"permission":{"can_view":true,"can_create":true,"can_edit":true,"can_delete":true},"children":[]},{"key_name":"sistem.users","label":"Manajemen User","icon":"Users","path":"/settings/users","order_index":2,"permission":{"can_view":true,"can_create":true,"can_edit":true,"can_delete":true},"children":[]},{"key_name":"sistem.roles","label":"Manajemen Role","icon":"Shield","path":"/settings/roles","order_index":3,"permission":{"can_view":true,"can_create":true,"can_edit":true,"can_delete":true},"children":[]},{"key_name":"sistem.menus","label":"Manajemen Menu","icon":"LayoutList","path":"/settings/menus","order_index":4,"permission":{"can_view":true,"can_create":true,"can_edit":true,"can_delete":true},"children":[]},{"key_name":"sistem.printer","label":"Printer","icon":"Printer","path":"/settings/printer","order_index":5,"permission":{"can_view":true,"can_create":true,"can_edit":true,"can_delete":true},"children":[]},{"key_name":"sistem.versi","label":"Versi Aplikasi","icon":"RefreshCw","path":"/settings/versions","order_index":6,"permission":{"can_view":true,"can_create":true,"can_edit":true,"can_delete":true},"children":[]},{"key_name":"sistem.backup","label":"Backup \u0026 Restore","icon":"DatabaseBackup","path":"/settings/backup","order_index":7,"permission":{"can_view":true,"can_create":true,"can_edit":true,"can_delete":true},"children":[]}]}]}', 2, 3, '::1', NULL, '2026-07-26 00:34:50.378')

2026/07/26 00:34:50 [32mD:/Develop/Project_pos_mahenz/BE/repository/log_request_repository.go:32
[0m[33m[2.349ms] [34;1m[rows:1][0m INSERT INTO log_requests (id, method, endpoint, status_code, request_body, response_body, user_id, duration_ms, ip_address, error_message, created_at) VALUES ('d728e9f5-a34d-4c22-8ec3-0ef8e0837969', 'POST', '/api/menus/my', 200, '{}', '{"code":"00","status":true,"message":"Menu akses","data":[{"key_name":"beranda","label":"Beranda","icon":"Home","path":null,"order_index":1,"permission":{"can_view":true,"can_create":true,"can_edit":true,"can_delete":true},"children":[{"key_name":"beranda.dashboard","label":"Dashboard","icon":"LayoutDashboard","path":"/dashboard","order_index":1,"permission":{"can_view":true,"can_create":true,"can_edit":true,"can_delete":true},"children":[]}]},{"key_name":"penjualan","label":"Penjualan","icon":"ShoppingCart","path":null,"order_index":2,"permission":{"can_view":true,"can_create":true,"can_edit":true,"can_delete":true},"children":[{"key_name":"penjualan.kasir","label":"Kasir","icon":"ShoppingCart","path":"/kasir","order_index":1,"permission":{"can_view":true,"can_create":true,"can_edit":true,"can_delete":true},"children":[]},{"key_name":"penjualan.transaksi","label":"Transaksi","icon":"Receipt","path":"/transactions","order_index":2,"permission":{"can_view":true,"can_create":true,"can_edit":true,"can_delete":true},"children":[]}]},{"key_name":"produk","label":"Produk","icon":"Package","path":null,"order_index":3,"permission":{"can_view":true,"can_create":true,"can_edit":true,"can_delete":true},"children":[{"key_name":"produk.produk","label":"Produk","icon":"Package","path":"/products","order_index":1,"permission":{"can_view":true,"can_create":true,"can_edit":true,"can_delete":true},"children":[]},{"key_name":"produk.kategori","label":"Kategori","icon":"Tag","path":"/products/categories","order_index":2,"permission":{"can_view":true,"can_create":true,"can_edit":true,"can_delete":true},"children":[]},{"key_name":"produk.unit","label":"Unit","icon":"PackageSearch","path":"/products/units","order_index":3,"permission":{"can_view":true,"can_create":true,"can_edit":true,"can_delete":true},"children":[]}]},{"key_name":"pengadaan","label":"Pengadaan","icon":"Truck","path":null,"order_index":4,"permission":{"can_view":true,"can_create":true,"can_edit":true,"can_delete":true},"children":[{"key_name":"pengadaan.supplier","label":"Supplier","icon":"Truck","path":"/suppliers","order_index":1,"permission":{"can_view":true,"can_create":true,"can_edit":true,"can_delete":true},"children":[]},{"key_name":"pengadaan.pembelian","label":"Pembelian","icon":"ShoppingBag","path":"/suppliers/purchases","order_index":2,"permission":{"can_view":true,"can_create":true,"can_edit":true,"can_delete":true},"children":[]},{"key_name":"pengadaan.retur","label":"Retur","icon":"RotateCcw","path":"/suppliers/returns","order_index":3,"permission":{"can_view":true,"can_create":true,"can_edit":true,"can_delete":true},"children":[]}]},{"key_name":"pelanggan","label":"Pelanggan","icon":"Users","path":null,"order_index":5,"permission":{"can_view":true,"can_create":true,"can_edit":true,"can_delete":true},"children":[{"key_name":"pelanggan.pelanggan","label":"Pelanggan","icon":"Users","path":"/customers","order_index":1,"permission":{"can_view":true,"can_create":true,"can_edit":true,"can_delete":true},"children":[]},{"key_name":"pelanggan.piutang","label":"Piutang","icon":"CreditCard","path":"/receivables","order_index":2,"permission":{"can_view":true,"can_create":true,"can_edit":true,"can_delete":true},"children":[]}]},{"key_name":"keuangan","label":"Keuangan","icon":"Wallet","path":null,"order_index":6,"permission":{"can_view":true,"can_create":true,"can_edit":true,"can_delete":true},"children":[{"key_name":"keuangan.dashboard","label":"Dashboard Keuangan","icon":"Wallet","path":"/finance","order_index":1,"permission":{"can_view":true,"can_create":true,"can_edit":true,"can_delete":true},"children":[]},{"key_name":"keuangan.kas_harian","label":"Kas Harian","icon":"Landmark","path":"/finance/cash-drawer","order_index":2,"permission":{"can_view":true,"can_create":true,"can_edit":true,"can_delete":true},"children":[]},{"key_name":"keuangan.pengeluaran","label":"Pengeluaran","icon":"TrendingDown","path":"/finance/expenses","order_index":3,"permission":{"can_view":true,"can_create":true,"can_edit":true,"can_delete":true},"children":[]},{"key_name":"keuangan.kas_saya","label":"Kas Saya","icon":"Wallet","path":"/finance/my-cash","order_index":4,"permission":{"can_view":true,"can_create":true,"can_edit":true,"can_delete":true},"children":[]}]},{"key_name":"pelaporan","label":"Pelaporan","icon":"BarChart2","path":null,"order_index":7,"permission":{"can_view":true,"can_create":true,"can_edit":true,"can_delete":true},"children":[{"key_name":"pelaporan.penjualan","label":"Penjualan","icon":"TrendingUp","path":"/reports/sales","order_index":1,"permission":{"can_view":true,"can_create":true,"can_edit":true,"can_delete":true},"children":[]},{"key_name":"pelaporan.laba_rugi","label":"Laba Rugi","icon":"LineChart","path":"/reports/profit-loss","order_index":2,"permission":{"can_view":true,"can_create":true,"can_edit":true,"can_delete":true},"children":[]},{"key_name":"pelaporan.stok","label":"Stok","icon":"PackageSearch","path":"/reports/stock","order_index":3,"permission":{"can_view":true,"can_create":true,"can_edit":true,"can_delete":true},"children":[]},{"key_name":"pelaporan.kinerja_kasir","label":"Kinerja Kasir","icon":"BarChart2","path":"/reports/cashier","order_index":4,"permission":{"can_view":true,"can_create":true,"can_edit":true,"can_delete":true},"children":[]},{"key_name":"pelaporan.ringkasan_bisnis","label":"Ringkasan Bisnis","icon":"BarChart3","path":"/reports/business-summary","order_index":5,"permission":{"can_view":true,"can_create":true,"can_edit":true,"can_delete":true},"children":[]}]},{"key_name":"operasional","label":"Operasional","icon":"Clock","path":null,"order_index":8,"permission":{"can_view":true,"can_create":true,"can_edit":true,"can_delete":true},"children":[{"key_name":"operasional.shift","label":"Shift","icon":"Clock","path":"/shifts","order_index":1,"permission":{"can_view":true,"can_create":true,"can_edit":true,"can_delete":true},"children":[]},{"key_name":"operasional.sync","label":"Sync Center","icon":"RefreshCw","path":"/sync","order_index":2,"permission":{"can_view":true,"can_create":true,"can_edit":true,"can_delete":true},"children":[]}]},{"key_name":"sistem","label":"Sistem","icon":"Settings","path":null,"order_index":9,"permission":{"can_view":true,"can_create":true,"can_edit":true,"can_delete":true},"children":[{"key_name":"sistem.profil_toko","label":"Profil Toko","icon":"Settings","path":"/settings/store","order_index":1,"permission":{"can_view":true,"can_create":true,"can_edit":true,"can_delete":true},"children":[]},{"key_name":"sistem.users","label":"Manajemen User","icon":"Users","path":"/settings/users","order_index":2,"permission":{"can_view":true,"can_create":true,"can_edit":true,"can_delete":true},"children":[]},{"key_name":"sistem.roles","label":"Manajemen Role","icon":"Shield","path":"/settings/roles","order_index":3,"permission":{"can_view":true,"can_create":true,"can_edit":true,"can_delete":true},"children":[]},{"key_name":"sistem.menus","label":"Manajemen Menu","icon":"LayoutList","path":"/settings/menus","order_index":4,"permission":{"can_view":true,"can_create":true,"can_edit":true,"can_delete":true},"children":[]},{"key_name":"sistem.printer","label":"Printer","icon":"Printer","path":"/settings/printer","order_index":5,"permission":{"can_view":true,"can_create":true,"can_edit":true,"can_delete":true},"children":[]},{"key_name":"sistem.versi","label":"Versi Aplikasi","icon":"RefreshCw","path":"/settings/versions","order_index":6,"permission":{"can_view":true,"can_create":true,"can_edit":true,"can_delete":true},"children":[]},{"key_name":"sistem.backup","label":"Backup \u0026 Restore","icon":"DatabaseBackup","path":"/settings/backup","order_index":7,"permission":{"can_view":true,"can_create":true,"can_edit":true,"can_delete":true},"children":[]}]}]}', 2, 2, '::1', NULL, '2026-07-26 00:34:50.379')

2026/07/26 00:34:50 [32mD:/Develop/Project_pos_mahenz/BE/domain/auth/repo/auth_repo.go:46
[0m[33m[1.036ms] [34;1m[rows:1][0m SELECT id, user_id, user_role, token, device_info, expires_at FROM sessions WHERE token = 'eyJhbGciOiJIUzI1NiIsInR5cCI6IkpXVCJ9.eyJhcHBzIjoid2ViIiwiZXhwIjoxNzg1MDI5NjkwLCJmdWxsX25hbWUiOiJBZG1pbmlzdHJhdG9yIiwicm9sZSI6ImFkbWluIiwidXNlcl9pZCI6MiwidXNlcm5hbWUiOiJhZG1pbiJ9.oQkSBLRnNa9B08QlvqY74Q5230YHHCWE3O9gkII8kKg' LIMIT 1

2026/07/26 00:34:50 [32mD:/Develop/Project_pos_mahenz/BE/domain/menu/repo/menu_repo.go:121
[0m[33m[1.483ms] [34;1m[rows:-][0m 
		SELECT
			m.id,
			m.parent_id,
			m.key_name,
			m.label,
			m.icon,
			m.path,
			m.order_index,
			COALESCE(rma.can_view,   0),
			COALESCE(rma.can_create, 0),
			COALESCE(rma.can_edit,   0),
			COALESCE(rma.can_delete, 0)
		FROM menus m
		LEFT JOIN role_menu_access rma ON rma.menu_id = m.id
			AND rma.role_id = (SELECT id FROM roles WHERE name = 'admin' AND is_active = 1 LIMIT 1)
		WHERE m.is_active = 1
		ORDER BY m.order_index ASC, m.id ASC
		
[GIN] 2026/07/26 - 00:34:50 | 200 |      3.8323ms |             ::1 | POST     "/api/menus/my"
Error #01: write tcp [::1]:8080->[::1]:6934: wsasend: An established connection was aborted by the software in your host machine.
Error #02: write tcp [::1]:8080->[::1]:6934: wsasend: An established connection was aborted by the software in your host machine.

2026/07/26 00:34:50 [32mD:/Develop/Project_pos_mahenz/BE/repository/log_request_repository.go:32
[0m[33m[10.149ms] [34;1m[rows:1][0m INSERT INTO log_requests (id, method, endpoint, status_code, request_body, response_body, user_id, duration_ms, ip_address, error_message, created_at) VALUES ('32e58272-8c8a-4c43-a2be-92f9a1dcdb47', 'POST', '/api/menus/my', 200, '{}', '{"code":"00","status":true,"message":"Menu akses","data":[{"key_name":"beranda","label":"Beranda","icon":"Home","path":null,"order_index":1,"permission":{"can_view":true,"can_create":true,"can_edit":true,"can_delete":true},"children":[{"key_name":"beranda.dashboard","label":"Dashboard","icon":"LayoutDashboard","path":"/dashboard","order_index":1,"permission":{"can_view":true,"can_create":true,"can_edit":true,"can_delete":true},"children":[]}]},{"key_name":"penjualan","label":"Penjualan","icon":"ShoppingCart","path":null,"order_index":2,"permission":{"can_view":true,"can_create":true,"can_edit":true,"can_delete":true},"children":[{"key_name":"penjualan.kasir","label":"Kasir","icon":"ShoppingCart","path":"/kasir","order_index":1,"permission":{"can_view":true,"can_create":true,"can_edit":true,"can_delete":true},"children":[]},{"key_name":"penjualan.transaksi","label":"Transaksi","icon":"Receipt","path":"/transactions","order_index":2,"permission":{"can_view":true,"can_create":true,"can_edit":true,"can_delete":true},"children":[]}]},{"key_name":"produk","label":"Produk","icon":"Package","path":null,"order_index":3,"permission":{"can_view":true,"can_create":true,"can_edit":true,"can_delete":true},"children":[{"key_name":"produk.produk","label":"Produk","icon":"Package","path":"/products","order_index":1,"permission":{"can_view":true,"can_create":true,"can_edit":true,"can_delete":true},"children":[]},{"key_name":"produk.kategori","label":"Kategori","icon":"Tag","path":"/products/categories","order_index":2,"permission":{"can_view":true,"can_create":true,"can_edit":true,"can_delete":true},"children":[]},{"key_name":"produk.unit","label":"Unit","icon":"PackageSearch","path":"/products/units","order_index":3,"permission":{"can_view":true,"can_create":true,"can_edit":true,"can_delete":true},"children":[]}]},{"key_name":"pengadaan","label":"Pengadaan","icon":"Truck","path":null,"order_index":4,"permission":{"can_view":true,"can_create":true,"can_edit":true,"can_delete":true},"children":[{"key_name":"pengadaan.supplier","label":"Supplier","icon":"Truck","path":"/suppliers","order_index":1,"permission":{"can_view":true,"can_create":true,"can_edit":true,"can_delete":true},"children":[]},{"key_name":"pengadaan.pembelian","label":"Pembelian","icon":"ShoppingBag","path":"/suppliers/purchases","order_index":2,"permission":{"can_view":true,"can_create":true,"can_edit":true,"can_delete":true},"children":[]},{"key_name":"pengadaan.retur","label":"Retur","icon":"RotateCcw","path":"/suppliers/returns","order_index":3,"permission":{"can_view":true,"can_create":true,"can_edit":true,"can_delete":true},"children":[]}]},{"key_name":"pelanggan","label":"Pelanggan","icon":"Users","path":null,"order_index":5,"permission":{"can_view":true,"can_create":true,"can_edit":true,"can_delete":true},"children":[{"key_name":"pelanggan.pelanggan","label":"Pelanggan","icon":"Users","path":"/customers","order_index":1,"permission":{"can_view":true,"can_create":true,"can_edit":true,"can_delete":true},"children":[]},{"key_name":"pelanggan.piutang","label":"Piutang","icon":"CreditCard","path":"/receivables","order_index":2,"permission":{"can_view":true,"can_create":true,"can_edit":true,"can_delete":true},"children":[]}]},{"key_name":"keuangan","label":"Keuangan","icon":"Wallet","path":null,"order_index":6,"permission":{"can_view":true,"can_create":true,"can_edit":true,"can_delete":true},"children":[{"key_name":"keuangan.dashboard","label":"Dashboard Keuangan","icon":"Wallet","path":"/finance","order_index":1,"permission":{"can_view":true,"can_create":true,"can_edit":true,"can_delete":true},"children":[]},{"key_name":"keuangan.kas_harian","label":"Kas Harian","icon":"Landmark","path":"/finance/cash-drawer","order_index":2,"permission":{"can_view":true,"can_create":true,"can_edit":true,"can_delete":true},"children":[]},{"key_name":"keuangan.pengeluaran","label":"Pengeluaran","icon":"TrendingDown","path":"/finance/expenses","order_index":3,"permission":{"can_view":true,"can_create":true,"can_edit":true,"can_delete":true},"children":[]},{"key_name":"keuangan.kas_saya","label":"Kas Saya","icon":"Wallet","path":"/finance/my-cash","order_index":4,"permission":{"can_view":true,"can_create":true,"can_edit":true,"can_delete":true},"children":[]}]},{"key_name":"pelaporan","label":"Pelaporan","icon":"BarChart2","path":null,"order_index":7,"permission":{"can_view":true,"can_create":true,"can_edit":true,"can_delete":true},"children":[{"key_name":"pelaporan.penjualan","label":"Penjualan","icon":"TrendingUp","path":"/reports/sales","order_index":1,"permission":{"can_view":true,"can_create":true,"can_edit":true,"can_delete":true},"children":[]},{"key_name":"pelaporan.laba_rugi","label":"Laba Rugi","icon":"LineChart","path":"/reports/profit-loss","order_index":2,"permission":{"can_view":true,"can_create":true,"can_edit":true,"can_delete":true},"children":[]},{"key_name":"pelaporan.stok","label":"Stok","icon":"PackageSearch","path":"/reports/stock","order_index":3,"permission":{"can_view":true,"can_create":true,"can_edit":true,"can_delete":true},"children":[]},{"key_name":"pelaporan.kinerja_kasir","label":"Kinerja Kasir","icon":"BarChart2","path":"/reports/cashier","order_index":4,"permission":{"can_view":true,"can_create":true,"can_edit":true,"can_delete":true},"children":[]},{"key_name":"pelaporan.ringkasan_bisnis","label":"Ringkasan Bisnis","icon":"BarChart3","path":"/reports/business-summary","order_index":5,"permission":{"can_view":true,"can_create":true,"can_edit":true,"can_delete":true},"children":[]}]},{"key_name":"operasional","label":"Operasional","icon":"Clock","path":null,"order_index":8,"permission":{"can_view":true,"can_create":true,"can_edit":true,"can_delete":true},"children":[{"key_name":"operasional.shift","label":"Shift","icon":"Clock","path":"/shifts","order_index":1,"permission":{"can_view":true,"can_create":true,"can_edit":true,"can_delete":true},"children":[]},{"key_name":"operasional.sync","label":"Sync Center","icon":"RefreshCw","path":"/sync","order_index":2,"permission":{"can_view":true,"can_create":true,"can_edit":true,"can_delete":true},"children":[]}]},{"key_name":"sistem","label":"Sistem","icon":"Settings","path":null,"order_index":9,"permission":{"can_view":true,"can_create":true,"can_edit":true,"can_delete":true},"children":[{"key_name":"sistem.profil_toko","label":"Profil Toko","icon":"Settings","path":"/settings/store","order_index":1,"permission":{"can_view":true,"can_create":true,"can_edit":true,"can_delete":true},"children":[]},{"key_name":"sistem.users","label":"Manajemen User","icon":"Users","path":"/settings/users","order_index":2,"permission":{"can_view":true,"can_create":true,"can_edit":true,"can_delete":true},"children":[]},{"key_name":"sistem.roles","label":"Manajemen Role","icon":"Shield","path":"/settings/roles","order_index":3,"permission":{"can_view":true,"can_create":true,"can_edit":true,"can_delete":true},"children":[]},{"key_name":"sistem.menus","label":"Manajemen Menu","icon":"LayoutList","path":"/settings/menus","order_index":4,"permission":{"can_view":true,"can_create":true,"can_edit":true,"can_delete":true},"children":[]},{"key_name":"sistem.printer","label":"Printer","icon":"Printer","path":"/settings/printer","order_index":5,"permission":{"can_view":true,"can_create":true,"can_edit":true,"can_delete":true},"children":[]},{"key_name":"sistem.versi","label":"Versi Aplikasi","icon":"RefreshCw","path":"/settings/versions","order_index":6,"permission":{"can_view":true,"can_create":true,"can_edit":true,"can_delete":true},"children":[]},{"key_name":"sistem.backup","label":"Backup \u0026 Restore","icon":"DatabaseBackup","path":"/settings/backup","order_index":7,"permission":{"can_view":true,"can_create":true,"can_edit":true,"can_delete":true},"children":[]}]}]}{"code":"50","status":false,"trace_id":"32e58272-8c8a-4c43-a2be-92f9a1dcdb47","message":"Internal Server Error","data":null}', 2, 3, '::1', NULL, '2026-07-26 00:34:50.839')

2026/07/26 00:34:51 [32mD:/Develop/Project_pos_mahenz/BE/domain/auth/repo/auth_repo.go:46
[0m[33m[0.508ms] [34;1m[rows:1][0m SELECT id, user_id, user_role, token, device_info, expires_at FROM sessions WHERE token = 'eyJhbGciOiJIUzI1NiIsInR5cCI6IkpXVCJ9.eyJhcHBzIjoid2ViIiwiZXhwIjoxNzg1MDI5NjkwLCJmdWxsX25hbWUiOiJBZG1pbmlzdHJhdG9yIiwicm9sZSI6ImFkbWluIiwidXNlcl9pZCI6MiwidXNlcm5hbWUiOiJhZG1pbiJ9.oQkSBLRnNa9B08QlvqY74Q5230YHHCWE3O9gkII8kKg' LIMIT 1

2026/07/26 00:34:51 [32mD:/Develop/Project_pos_mahenz/BE/domain/menu/repo/menu_repo.go:121
[0m[33m[0.522ms] [34;1m[rows:-][0m 
		SELECT
			m.id,
			m.parent_id,
			m.key_name,
			m.label,
			m.icon,
			m.path,
			m.order_index,
			COALESCE(rma.can_view,   0),
			COALESCE(rma.can_create, 0),
			COALESCE(rma.can_edit,   0),
			COALESCE(rma.can_delete, 0)
		FROM menus m
		LEFT JOIN role_menu_access rma ON rma.menu_id = m.id
			AND rma.role_id = (SELECT id FROM roles WHERE name = 'admin' AND is_active = 1 LIMIT 1)
		WHERE m.is_active = 1
		ORDER BY m.order_index ASC, m.id ASC
		
[GIN] 2026/07/26 - 00:34:51 | 200 |      1.6654ms |             ::1 | POST     "/api/menus/my"

2026/07/26 00:34:51 [32mD:/Develop/Project_pos_mahenz/BE/repository/log_request_repository.go:32
[0m[33m[3.623ms] [34;1m[rows:1][0m INSERT INTO log_requests (id, method, endpoint, status_code, request_body, response_body, user_id, duration_ms, ip_address, error_message, created_at) VALUES ('c126284f-6c1e-4e7c-8890-5c39f8a634b8', 'POST', '/api/menus/my', 200, '{}', '{"code":"00","status":true,"message":"Menu akses","data":[{"key_name":"beranda","label":"Beranda","icon":"Home","path":null,"order_index":1,"permission":{"can_view":true,"can_create":true,"can_edit":true,"can_delete":true},"children":[{"key_name":"beranda.dashboard","label":"Dashboard","icon":"LayoutDashboard","path":"/dashboard","order_index":1,"permission":{"can_view":true,"can_create":true,"can_edit":true,"can_delete":true},"children":[]}]},{"key_name":"penjualan","label":"Penjualan","icon":"ShoppingCart","path":null,"order_index":2,"permission":{"can_view":true,"can_create":true,"can_edit":true,"can_delete":true},"children":[{"key_name":"penjualan.kasir","label":"Kasir","icon":"ShoppingCart","path":"/kasir","order_index":1,"permission":{"can_view":true,"can_create":true,"can_edit":true,"can_delete":true},"children":[]},{"key_name":"penjualan.transaksi","label":"Transaksi","icon":"Receipt","path":"/transactions","order_index":2,"permission":{"can_view":true,"can_create":true,"can_edit":true,"can_delete":true},"children":[]}]},{"key_name":"produk","label":"Produk","icon":"Package","path":null,"order_index":3,"permission":{"can_view":true,"can_create":true,"can_edit":true,"can_delete":true},"children":[{"key_name":"produk.produk","label":"Produk","icon":"Package","path":"/products","order_index":1,"permission":{"can_view":true,"can_create":true,"can_edit":true,"can_delete":true},"children":[]},{"key_name":"produk.kategori","label":"Kategori","icon":"Tag","path":"/products/categories","order_index":2,"permission":{"can_view":true,"can_create":true,"can_edit":true,"can_delete":true},"children":[]},{"key_name":"produk.unit","label":"Unit","icon":"PackageSearch","path":"/products/units","order_index":3,"permission":{"can_view":true,"can_create":true,"can_edit":true,"can_delete":true},"children":[]}]},{"key_name":"pengadaan","label":"Pengadaan","icon":"Truck","path":null,"order_index":4,"permission":{"can_view":true,"can_create":true,"can_edit":true,"can_delete":true},"children":[{"key_name":"pengadaan.supplier","label":"Supplier","icon":"Truck","path":"/suppliers","order_index":1,"permission":{"can_view":true,"can_create":true,"can_edit":true,"can_delete":true},"children":[]},{"key_name":"pengadaan.pembelian","label":"Pembelian","icon":"ShoppingBag","path":"/suppliers/purchases","order_index":2,"permission":{"can_view":true,"can_create":true,"can_edit":true,"can_delete":true},"children":[]},{"key_name":"pengadaan.retur","label":"Retur","icon":"RotateCcw","path":"/suppliers/returns","order_index":3,"permission":{"can_view":true,"can_create":true,"can_edit":true,"can_delete":true},"children":[]}]},{"key_name":"pelanggan","label":"Pelanggan","icon":"Users","path":null,"order_index":5,"permission":{"can_view":true,"can_create":true,"can_edit":true,"can_delete":true},"children":[{"key_name":"pelanggan.pelanggan","label":"Pelanggan","icon":"Users","path":"/customers","order_index":1,"permission":{"can_view":true,"can_create":true,"can_edit":true,"can_delete":true},"children":[]},{"key_name":"pelanggan.piutang","label":"Piutang","icon":"CreditCard","path":"/receivables","order_index":2,"permission":{"can_view":true,"can_create":true,"can_edit":true,"can_delete":true},"children":[]}]},{"key_name":"keuangan","label":"Keuangan","icon":"Wallet","path":null,"order_index":6,"permission":{"can_view":true,"can_create":true,"can_edit":true,"can_delete":true},"children":[{"key_name":"keuangan.dashboard","label":"Dashboard Keuangan","icon":"Wallet","path":"/finance","order_index":1,"permission":{"can_view":true,"can_create":true,"can_edit":true,"can_delete":true},"children":[]},{"key_name":"keuangan.kas_harian","label":"Kas Harian","icon":"Landmark","path":"/finance/cash-drawer","order_index":2,"permission":{"can_view":true,"can_create":true,"can_edit":true,"can_delete":true},"children":[]},{"key_name":"keuangan.pengeluaran","label":"Pengeluaran","icon":"TrendingDown","path":"/finance/expenses","order_index":3,"permission":{"can_view":true,"can_create":true,"can_edit":true,"can_delete":true},"children":[]},{"key_name":"keuangan.kas_saya","label":"Kas Saya","icon":"Wallet","path":"/finance/my-cash","order_index":4,"permission":{"can_view":true,"can_create":true,"can_edit":true,"can_delete":true},"children":[]}]},{"key_name":"pelaporan","label":"Pelaporan","icon":"BarChart2","path":null,"order_index":7,"permission":{"can_view":true,"can_create":true,"can_edit":true,"can_delete":true},"children":[{"key_name":"pelaporan.penjualan","label":"Penjualan","icon":"TrendingUp","path":"/reports/sales","order_index":1,"permission":{"can_view":true,"can_create":true,"can_edit":true,"can_delete":true},"children":[]},{"key_name":"pelaporan.laba_rugi","label":"Laba Rugi","icon":"LineChart","path":"/reports/profit-loss","order_index":2,"permission":{"can_view":true,"can_create":true,"can_edit":true,"can_delete":true},"children":[]},{"key_name":"pelaporan.stok","label":"Stok","icon":"PackageSearch","path":"/reports/stock","order_index":3,"permission":{"can_view":true,"can_create":true,"can_edit":true,"can_delete":true},"children":[]},{"key_name":"pelaporan.kinerja_kasir","label":"Kinerja Kasir","icon":"BarChart2","path":"/reports/cashier","order_index":4,"permission":{"can_view":true,"can_create":true,"can_edit":true,"can_delete":true},"children":[]},{"key_name":"pelaporan.ringkasan_bisnis","label":"Ringkasan Bisnis","icon":"BarChart3","path":"/reports/business-summary","order_index":5,"permission":{"can_view":true,"can_create":true,"can_edit":true,"can_delete":true},"children":[]}]},{"key_name":"operasional","label":"Operasional","icon":"Clock","path":null,"order_index":8,"permission":{"can_view":true,"can_create":true,"can_edit":true,"can_delete":true},"children":[{"key_name":"operasional.shift","label":"Shift","icon":"Clock","path":"/shifts","order_index":1,"permission":{"can_view":true,"can_create":true,"can_edit":true,"can_delete":true},"children":[]},{"key_name":"operasional.sync","label":"Sync Center","icon":"RefreshCw","path":"/sync","order_index":2,"permission":{"can_view":true,"can_create":true,"can_edit":true,"can_delete":true},"children":[]}]},{"key_name":"sistem","label":"Sistem","icon":"Settings","path":null,"order_index":9,"permission":{"can_view":true,"can_create":true,"can_edit":true,"can_delete":true},"children":[{"key_name":"sistem.profil_toko","label":"Profil Toko","icon":"Settings","path":"/settings/store","order_index":1,"permission":{"can_view":true,"can_create":true,"can_edit":true,"can_delete":true},"children":[]},{"key_name":"sistem.users","label":"Manajemen User","icon":"Users","path":"/settings/users","order_index":2,"permission":{"can_view":true,"can_create":true,"can_edit":true,"can_delete":true},"children":[]},{"key_name":"sistem.roles","label":"Manajemen Role","icon":"Shield","path":"/settings/roles","order_index":3,"permission":{"can_view":true,"can_create":true,"can_edit":true,"can_delete":true},"children":[]},{"key_name":"sistem.menus","label":"Manajemen Menu","icon":"LayoutList","path":"/settings/menus","order_index":4,"permission":{"can_view":true,"can_create":true,"can_edit":true,"can_delete":true},"children":[]},{"key_name":"sistem.printer","label":"Printer","icon":"Printer","path":"/settings/printer","order_index":5,"permission":{"can_view":true,"can_create":true,"can_edit":true,"can_delete":true},"children":[]},{"key_name":"sistem.versi","label":"Versi Aplikasi","icon":"RefreshCw","path":"/settings/versions","order_index":6,"permission":{"can_view":true,"can_create":true,"can_edit":true,"can_delete":true},"children":[]},{"key_name":"sistem.backup","label":"Backup \u0026 Restore","icon":"DatabaseBackup","path":"/settings/backup","order_index":7,"permission":{"can_view":true,"can_create":true,"can_edit":true,"can_delete":true},"children":[]}]}]}', 2, 1, '::1', NULL, '2026-07-26 00:34:51.031')
[GIN] 2026/07/26 - 00:34:51 | 204 |            0s |             ::1 | OPTIONS  "/api/sync/conflicts/count"

2026/07/26 00:34:51 [32mD:/Develop/Project_pos_mahenz/BE/domain/auth/repo/auth_repo.go:46
[0m[33m[0.507ms] [34;1m[rows:1][0m SELECT id, user_id, user_role, token, device_info, expires_at FROM sessions WHERE token = 'eyJhbGciOiJIUzI1NiIsInR5cCI6IkpXVCJ9.eyJhcHBzIjoid2ViIiwiZXhwIjoxNzg1MDI5NjkwLCJmdWxsX25hbWUiOiJBZG1pbmlzdHJhdG9yIiwicm9sZSI6ImFkbWluIiwidXNlcl9pZCI6MiwidXNlcm5hbWUiOiJhZG1pbiJ9.oQkSBLRnNa9B08QlvqY74Q5230YHHCWE3O9gkII8kKg' LIMIT 1

2026/07/26 00:34:51 [32mD:/Develop/Project_pos_mahenz/BE/domain/sync/repo/sync_repo.go:84
[0m[33m[0.715ms] [34;1m[rows:1][0m SELECT COUNT(*) FROM sync_conflicts WHERE status = 'pending'
[GIN] 2026/07/26 - 00:34:51 | 200 |      1.2212ms |             ::1 | GET      "/api/sync/conflicts/count"

2026/07/26 00:34:51 [32mD:/Develop/Project_pos_mahenz/BE/repository/log_request_repository.go:32
[0m[33m[2.350ms] [34;1m[rows:1][0m INSERT INTO log_requests (id, method, endpoint, status_code, request_body, response_body, user_id, duration_ms, ip_address, error_message, created_at) VALUES ('fb519084-64fe-471d-b142-82185f20c714', 'GET', '/api/sync/conflicts/count', 200, '', '{"code":"00","status":true,"message":"Jumlah konflik pending","data":{"count":0}}', 2, 1, '::1', NULL, '2026-07-26 00:34:51.096')
[GIN] 2026/07/26 - 00:34:51 | 204 |            0s |             ::1 | OPTIONS  "/api/suppliers/list"
[GIN] 2026/07/26 - 00:34:51 | 204 |            0s |             ::1 | OPTIONS  "/api/products/list"

2026/07/26 00:34:51 [32mD:/Develop/Project_pos_mahenz/BE/domain/auth/repo/auth_repo.go:46
[0m[33m[1.676ms] [34;1m[rows:1][0m SELECT id, user_id, user_role, token, device_info, expires_at FROM sessions WHERE token = 'eyJhbGciOiJIUzI1NiIsInR5cCI6IkpXVCJ9.eyJhcHBzIjoid2ViIiwiZXhwIjoxNzg1MDI5NjkwLCJmdWxsX25hbWUiOiJBZG1pbmlzdHJhdG9yIiwicm9sZSI6ImFkbWluIiwidXNlcl9pZCI6MiwidXNlcm5hbWUiOiJhZG1pbiJ9.oQkSBLRnNa9B08QlvqY74Q5230YHHCWE3O9gkII8kKg' LIMIT 1

2026/07/26 00:34:51 [32mD:/Develop/Project_pos_mahenz/BE/domain/supplier/repo/supplier_repo.go:44
[0m[33m[0.653ms] [34;1m[rows:1][0m SELECT COUNT(*) FROM suppliers WHERE 1=1

2026/07/26 00:34:51 [32mD:/Develop/Project_pos_mahenz/BE/domain/auth/repo/auth_repo.go:46
[0m[33m[1.218ms] [34;1m[rows:1][0m SELECT id, user_id, user_role, token, device_info, expires_at FROM sessions WHERE token = 'eyJhbGciOiJIUzI1NiIsInR5cCI6IkpXVCJ9.eyJhcHBzIjoid2ViIiwiZXhwIjoxNzg1MDI5NjkwLCJmdWxsX25hbWUiOiJBZG1pbmlzdHJhdG9yIiwicm9sZSI6ImFkbWluIiwidXNlcl9pZCI6MiwidXNlcm5hbWUiOiJhZG1pbiJ9.oQkSBLRnNa9B08QlvqY74Q5230YHHCWE3O9gkII8kKg' LIMIT 1

2026/07/26 00:34:51 [32mD:/Develop/Project_pos_mahenz/BE/domain/supplier/repo/supplier_repo.go:67
[0m[33m[1.160ms] [34;1m[rows:1][0m SELECT id, supplier_code, name, address, phone, email, contact_person, notes, is_active, created_at FROM suppliers WHERE 1=1 ORDER BY name ASC LIMIT 1 OFFSET 0
[GIN] 2026/07/26 - 00:34:51 | 200 |      5.3947ms |             ::1 | POST     "/api/suppliers/list"

2026/07/26 00:34:51 [32mD:/Develop/Project_pos_mahenz/BE/domain/product/repo/product_repo.go:100
[0m[33m[0.596ms] [34;1m[rows:1][0m SELECT COUNT(*) FROM products p WHERE 1=1

2026/07/26 00:34:51 [32mD:/Develop/Project_pos_mahenz/BE/domain/product/repo/product_repo.go:119
[0m[33m[3.572ms] [34;1m[rows:1][0m 
		SELECT p.id, p.barcode, COALESCE(p.sku, '') as sku, p.name, p.category_id, COALESCE(c.name, '') as category_name,
		       p.purchase_price, p.selling_price, p.stock, p.reserved_qty, p.min_stock,
		       COALESCE(p.unit_id, 0) as unit_id, COALESCE(u.name, '') as unit_name, COALESCE(u.abbreviation, '') as unit_abbreviation,
		       p.is_active,
		       (SELECT COUNT(*) FROM product_packages pp WHERE pp.product_id = p.id AND pp.is_default = 0) AS extra_packages,
		       (SELECT COUNT(*) FROM product_prices pr WHERE pr.product_id = p.id) AS price_tiers_count
		FROM products p
		LEFT JOIN categories c ON p.category_id = c.id
		LEFT JOIN units u ON u.id = p.unit_id
		WHERE 1=1 ORDER BY p.name ASC LIMIT 1 OFFSET 0
[GIN] 2026/07/26 - 00:34:51 | 200 |      8.5834ms |             ::1 | POST     "/api/products/list"

2026/07/26 00:34:51 [32mD:/Develop/Project_pos_mahenz/BE/repository/log_request_repository.go:32
[0m[33m[6.226ms] [34;1m[rows:1][0m INSERT INTO log_requests (id, method, endpoint, status_code, request_body, response_body, user_id, duration_ms, ip_address, error_message, created_at) VALUES ('91f910e0-c0c7-4767-82b0-4de52909dcbc', 'POST', '/api/suppliers/list', 200, '{"page":1,"limit":1,"search":""}', '{"code":"00","status":true,"message":"Daftar supplier","data":[{"id":1,"supplier_code":"SUP-001","name":"Supplier Test Fase14","address":"Jl. Test","phone":"08123456789","email":"","contact_person":"","notes":"","is_active":true,"created_at":"2026-07-25T13:19:10+07:00"}],"pagination":{"page":1,"per_page":1,"total":1,"total_pages":1}}', 2, 5, '::1', NULL, '2026-07-26 00:34:51.406')

2026/07/26 00:34:51 [32mD:/Develop/Project_pos_mahenz/BE/repository/log_request_repository.go:32
[0m[33m[6.082ms] [34;1m[rows:1][0m INSERT INTO log_requests (id, method, endpoint, status_code, request_body, response_body, user_id, duration_ms, ip_address, error_message, created_at) VALUES ('5e556533-8a84-4e46-a351-6875dcff09c9', 'POST', '/api/products/list', 200, '{"page":1,"limit":1,"search":""}', '{"code":"00","status":true,"message":"Daftar produk","data":[{"id":4,"barcode":"8992260464338","sku":"SEM-0003","name":"Gula Pasir 1kg","category_id":1,"category_name":"Sembako Test","purchase_price":0,"selling_price":15000,"stock":50,"reserved_qty":0,"min_stock":5,"unit_id":1,"unit_name":"Pieces","unit_abbreviation":"Pcs","is_active":false,"extra_packages":0,"price_tiers_count":0}],"pagination":{"page":1,"per_page":1,"total":11,"total_pages":11}}', 2, 7, '::1', NULL, '2026-07-26 00:34:51.412')
[GIN] 2026/07/26 - 00:34:51 | 204 |            0s |             ::1 | OPTIONS  "/api/suppliers/options"
[GIN] 2026/07/26 - 00:34:51 | 204 |            0s |             ::1 | OPTIONS  "/api/payment-statuses/list"
[GIN] 2026/07/26 - 00:34:51 | 204 |            0s |             ::1 | OPTIONS  "/api/settings/pagination_sizes"
[GIN] 2026/07/26 - 00:34:51 | 204 |            0s |             ::1 | OPTIONS  "/api/payment-methods/list"

2026/07/26 00:34:51 [32mD:/Develop/Project_pos_mahenz/BE/domain/auth/repo/auth_repo.go:46
[0m[33m[0.342ms] [34;1m[rows:1][0m SELECT id, user_id, user_role, token, device_info, expires_at FROM sessions WHERE token = 'eyJhbGciOiJIUzI1NiIsInR5cCI6IkpXVCJ9.eyJhcHBzIjoid2ViIiwiZXhwIjoxNzg1MDI5NjkwLCJmdWxsX25hbWUiOiJBZG1pbmlzdHJhdG9yIiwicm9sZSI6ImFkbWluIiwidXNlcl9pZCI6MiwidXNlcm5hbWUiOiJhZG1pbiJ9.oQkSBLRnNa9B08QlvqY74Q5230YHHCWE3O9gkII8kKg' LIMIT 1
[GIN] 2026/07/26 - 00:34:51 | 204 |            0s |             ::1 | OPTIONS  "/api/supplier-purchases/list"

2026/07/26 00:34:51 [32mD:/Develop/Project_pos_mahenz/BE/domain/supplier/repo/supplier_repo.go:44
[0m[33m[0.000ms] [34;1m[rows:1][0m SELECT COUNT(*) FROM suppliers WHERE 1=1

2026/07/26 00:34:51 [32mD:/Develop/Project_pos_mahenz/BE/domain/auth/repo/auth_repo.go:46
[0m[33m[0.535ms] [34;1m[rows:1][0m SELECT id, user_id, user_role, token, device_info, expires_at FROM sessions WHERE token = 'eyJhbGciOiJIUzI1NiIsInR5cCI6IkpXVCJ9.eyJhcHBzIjoid2ViIiwiZXhwIjoxNzg1MDI5NjkwLCJmdWxsX25hbWUiOiJBZG1pbmlzdHJhdG9yIiwicm9sZSI6ImFkbWluIiwidXNlcl9pZCI6MiwidXNlcm5hbWUiOiJhZG1pbiJ9.oQkSBLRnNa9B08QlvqY74Q5230YHHCWE3O9gkII8kKg' LIMIT 1

2026/07/26 00:34:51 [32mD:/Develop/Project_pos_mahenz/BE/domain/auth/repo/auth_repo.go:46
[0m[33m[0.000ms] [34;1m[rows:1][0m SELECT id, user_id, user_role, token, device_info, expires_at FROM sessions WHERE token = 'eyJhbGciOiJIUzI1NiIsInR5cCI6IkpXVCJ9.eyJhcHBzIjoid2ViIiwiZXhwIjoxNzg1MDI5NjkwLCJmdWxsX25hbWUiOiJBZG1pbmlzdHJhdG9yIiwicm9sZSI6ImFkbWluIiwidXNlcl9pZCI6MiwidXNlcm5hbWUiOiJhZG1pbiJ9.oQkSBLRnNa9B08QlvqY74Q5230YHHCWE3O9gkII8kKg' LIMIT 1

2026/07/26 00:34:51 [32mD:/Develop/Project_pos_mahenz/BE/domain/supplier/repo/supplier_repo.go:67
[0m[33m[0.518ms] [34;1m[rows:1][0m SELECT id, supplier_code, name, address, phone, email, contact_person, notes, is_active, created_at FROM suppliers WHERE 1=1 ORDER BY name ASC LIMIT 10 OFFSET 0

2026/07/26 00:34:51 [32mD:/Develop/Project_pos_mahenz/BE/domain/supplier/repo/supplier_repo.go:81
[0m[33m[0.518ms] [34;1m[rows:1][0m SELECT id, supplier_code, name FROM suppliers WHERE is_active = 1 ORDER BY name
[GIN] 2026/07/26 - 00:34:51 | 200 |      1.9657ms |             ::1 | POST     "/api/suppliers/list"

2026/07/26 00:34:51 [32mD:/Develop/Project_pos_mahenz/BE/domain/payment_status/repo/payment_status_repo.go:9
[0m[33m[0.000ms] [34;1m[rows:3][0m SELECT id, code, label, is_active, sort_order FROM payment_statuses WHERE is_active = 1 ORDER BY sort_order ASC
[GIN] 2026/07/26 - 00:34:51 | 200 |      1.0528ms |             ::1 | POST     "/api/suppliers/options"
[GIN] 2026/07/26 - 00:34:51 | 200 |      1.5794ms |             ::1 | POST     "/api/payment-statuses/list"

2026/07/26 00:34:51 [32mD:/Develop/Project_pos_mahenz/BE/domain/auth/repo/auth_repo.go:46
[0m[33m[0.525ms] [34;1m[rows:1][0m SELECT id, user_id, user_role, token, device_info, expires_at FROM sessions WHERE token = 'eyJhbGciOiJIUzI1NiIsInR5cCI6IkpXVCJ9.eyJhcHBzIjoid2ViIiwiZXhwIjoxNzg1MDI5NjkwLCJmdWxsX25hbWUiOiJBZG1pbmlzdHJhdG9yIiwicm9sZSI6ImFkbWluIiwidXNlcl9pZCI6MiwidXNlcm5hbWUiOiJhZG1pbiJ9.oQkSBLRnNa9B08QlvqY74Q5230YHHCWE3O9gkII8kKg' LIMIT 1

2026/07/26 00:34:51 [32mD:/Develop/Project_pos_mahenz/BE/domain/setting/repo/setting_repo.go:32
[0m[33m[0.555ms] [34;1m[rows:-][0m SELECT setting_key, setting_value FROM settings WHERE setting_key = 'pagination_sizes'
[GIN] 2026/07/26 - 00:34:51 | 200 |        1.08ms |             ::1 | GET      "/api/settings/pagination_sizes"

2026/07/26 00:34:51 [32mD:/Develop/Project_pos_mahenz/BE/repository/log_request_repository.go:32
[0m[33m[2.720ms] [34;1m[rows:1][0m INSERT INTO log_requests (id, method, endpoint, status_code, request_body, response_body, user_id, duration_ms, ip_address, error_message, created_at) VALUES ('be74877f-3d4f-4f7c-995f-85e58485cb57', 'POST', '/api/suppliers/options', 200, '{"search":""}', '{"code":"00","status":true,"message":"Opsi supplier","data":[{"id":1,"supplier_code":"SUP-001","name":"Supplier Test Fase14"}]}', 2, 1, '::1', NULL, '2026-07-26 00:34:51.5')

2026/07/26 00:34:51 [32mD:/Develop/Project_pos_mahenz/BE/domain/auth/repo/auth_repo.go:46
[0m[33m[0.536ms] [34;1m[rows:1][0m SELECT id, user_id, user_role, token, device_info, expires_at FROM sessions WHERE token = 'eyJhbGciOiJIUzI1NiIsInR5cCI6IkpXVCJ9.eyJhcHBzIjoid2ViIiwiZXhwIjoxNzg1MDI5NjkwLCJmdWxsX25hbWUiOiJBZG1pbmlzdHJhdG9yIiwicm9sZSI6ImFkbWluIiwidXNlcl9pZCI6MiwidXNlcm5hbWUiOiJhZG1pbiJ9.oQkSBLRnNa9B08QlvqY74Q5230YHHCWE3O9gkII8kKg' LIMIT 1

2026/07/26 00:34:51 [32mD:/Develop/Project_pos_mahenz/BE/repository/log_request_repository.go:32
[0m[33m[2.193ms] [34;1m[rows:1][0m INSERT INTO log_requests (id, method, endpoint, status_code, request_body, response_body, user_id, duration_ms, ip_address, error_message, created_at) VALUES ('b17e5bc3-1c65-4f08-9a5a-21812d912441', 'POST', '/api/payment-statuses/list', 200, '{}', '{"code":"00","status":true,"message":"Daftar status pembayaran","data":[{"id":1,"code":"unpaid","label":"Hutang","is_active":1,"sort_order":1},{"id":2,"code":"partial","label":"Bayar Sebagian","is_active":1,"sort_order":2},{"id":3,"code":"paid","label":"Lunas","is_active":1,"sort_order":3}]}', 2, 1, '::1', NULL, '2026-07-26 00:34:51.501')

2026/07/26 00:34:51 [32mD:/Develop/Project_pos_mahenz/BE/repository/log_request_repository.go:32
[0m[33m[2.720ms] [34;1m[rows:1][0m INSERT INTO log_requests (id, method, endpoint, status_code, request_body, response_body, user_id, duration_ms, ip_address, error_message, created_at) VALUES ('ad743c5c-b40d-47e0-b1e8-b29a97f63608', 'POST', '/api/suppliers/list', 200, '{"page":1,"limit":200,"search":""}', '{"code":"00","status":true,"message":"Daftar supplier","data":[{"id":1,"supplier_code":"SUP-001","name":"Supplier Test Fase14","address":"Jl. Test","phone":"08123456789","email":"","contact_person":"","notes":"","is_active":true,"created_at":"2026-07-25T13:19:10+07:00"}],"pagination":{"page":1,"per_page":200,"total":1,"total_pages":1}}', 2, 1, '::1', NULL, '2026-07-26 00:34:51.5')

2026/07/26 00:34:51 [32mD:/Develop/Project_pos_mahenz/BE/domain/auth/repo/auth_repo.go:46
[0m[33m[0.000ms] [34;1m[rows:1][0m SELECT id, user_id, user_role, token, device_info, expires_at FROM sessions WHERE token = 'eyJhbGciOiJIUzI1NiIsInR5cCI6IkpXVCJ9.eyJhcHBzIjoid2ViIiwiZXhwIjoxNzg1MDI5NjkwLCJmdWxsX25hbWUiOiJBZG1pbmlzdHJhdG9yIiwicm9sZSI6ImFkbWluIiwidXNlcl9pZCI6MiwidXNlcm5hbWUiOiJhZG1pbiJ9.oQkSBLRnNa9B08QlvqY74Q5230YHHCWE3O9gkII8kKg' LIMIT 1

2026/07/26 00:34:51 [32mD:/Develop/Project_pos_mahenz/BE/domain/payment_method/repo/payment_method_repo.go:9
[0m[33m[0.804ms] [34;1m[rows:5][0m SELECT id, code, label, is_active, sort_order FROM payment_methods WHERE is_active = 1 ORDER BY sort_order ASC
[GIN] 2026/07/26 - 00:34:51 | 200 |      1.3408ms |             ::1 | POST     "/api/payment-methods/list"

2026/07/26 00:34:51 [32mD:/Develop/Project_pos_mahenz/BE/domain/supplier_purchase/repo/purchase_repo.go:124
[0m[33m[0.000ms] [34;1m[rows:1][0m SELECT COUNT(*) FROM purchases p WHERE 1=1 AND DATE(p.purchase_date) >= '2026-07-01' AND DATE(p.purchase_date) <= '2026-07-26'

2026/07/26 00:34:51 [32mD:/Develop/Project_pos_mahenz/BE/repository/log_request_repository.go:32
[0m[33m[2.530ms] [34;1m[rows:1][0m INSERT INTO log_requests (id, method, endpoint, status_code, request_body, response_body, user_id, duration_ms, ip_address, error_message, created_at) VALUES ('ff40d447-438d-4831-8a0b-b483a5ae5409', 'GET', '/api/settings/pagination_sizes', 200, '', '{"code":"00","status":true,"message":"Detail pengaturan","data":{"key":"pagination_sizes","value":"[10,20,50]"}}', 2, 1, '::1', NULL, '2026-07-26 00:34:51.502')

2026/07/26 00:34:51 [32mD:/Develop/Project_pos_mahenz/BE/domain/supplier_purchase/repo/purchase_repo.go:141
[0m[33m[0.519ms] [34;1m[rows:-][0m SELECT p.id, p.purchase_code, p.invoice_number, p.supplier_id, COALESCE(s.name, '') as supplier_name, p.purchase_date, p.discount_amount, p.total_amount, p.payment_status, p.paid_amount, p.remaining_amount, p.status, COALESCE(u.full_name, '') as user_name, p.notes FROM purchases p LEFT JOIN users u ON p.user_id = u.id LEFT JOIN suppliers s ON p.supplier_id = s.id WHERE 1=1 AND DATE(p.purchase_date) >= '2026-07-01' AND DATE(p.purchase_date) <= '2026-07-26' ORDER BY p.purchase_date DESC, p.id DESC LIMIT 10 OFFSET 0
[GIN] 2026/07/26 - 00:34:51 | 200 |      3.1661ms |             ::1 | POST     "/api/supplier-purchases/list"

2026/07/26 00:34:51 [32mD:/Develop/Project_pos_mahenz/BE/repository/log_request_repository.go:32
[0m[33m[2.932ms] [34;1m[rows:1][0m INSERT INTO log_requests (id, method, endpoint, status_code, request_body, response_body, user_id, duration_ms, ip_address, error_message, created_at) VALUES ('26bf1476-64f4-4649-bae9-b38bbf533488', 'POST', '/api/payment-methods/list', 200, '{}', '{"code":"00","status":true,"message":"Daftar metode pembayaran","data":[{"id":1,"code":"cash","label":"Tunai","is_active":1,"sort_order":1},{"id":2,"code":"transfer","label":"Transfer Bank","is_active":1,"sort_order":2},{"id":3,"code":"card","label":"Kartu","is_active":1,"sort_order":3},{"id":4,"code":"qris","label":"QRIS","is_active":1,"sort_order":4},{"id":5,"code":"kredit","label":"Kredit","is_active":1,"sort_order":5}]}', 2, 1, '::1', NULL, '2026-07-26 00:34:51.504')

2026/07/26 00:34:51 [32mD:/Develop/Project_pos_mahenz/BE/repository/log_request_repository.go:32
[0m[33m[4.120ms] [34;1m[rows:1][0m INSERT INTO log_requests (id, method, endpoint, status_code, request_body, response_body, user_id, duration_ms, ip_address, error_message, created_at) VALUES ('9d295dc8-ca85-4123-9fd4-3537a83bd9f4', 'POST', '/api/supplier-purchases/list', 200, '{"page":1,"limit":10,"start_date":"2026-07-01","end_date":"2026-07-26"}', '{"code":"00","status":true,"message":"Daftar purchase order","data":[{"id":6,"purchase_code":"PO-20260726-004","invoice_number":"INV-QA-NORMAL","supplier_id":1,"supplier_name":"Supplier Test Fase14","purchase_date":"2026-07-26T00:00:00+07:00","discount_amount":500,"total_amount":2500,"payment_status":"unpaid","paid_amount":0,"remaining_amount":2500,"status":"active","user_name":"Administrator","notes":""},{"id":5,"purchase_code":"PO-20260726-003","invoice_number":"INV-QA-DISKON-PAS","supplier_id":1,"supplier_name":"Supplier Test Fase14","purchase_date":"2026-07-26T00:00:00+07:00","discount_amount":2000,"total_amount":0,"payment_status":"unpaid","paid_amount":0,"remaining_amount":0,"status":"active","user_name":"Administrator","notes":""},{"id":4,"purchase_code":"PO-20260726-002","invoice_number":"INV-QA-DUP-PRODUCT","supplier_id":1,"supplier_name":"Supplier Test Fase14","purchase_date":"2026-07-26T00:00:00+07:00","discount_amount":0,"total_amount":8000,"payment_status":"unpaid","paid_amount":0,"remaining_amount":8000,"status":"active","user_name":"Administrator","notes":""},{"id":3,"purchase_code":"PO-20260726-001","invoice_number":"INV-QA-DISKON-BUG","supplier_id":1,"supplier_name":"Supplier Test Fase14","purchase_date":"2026-07-26T00:00:00+07:00","discount_amount":5000,"total_amount":0,"payment_status":"unpaid","paid_amount":0,"remaining_amount":0,"status":"active","user_name":"Administrator","notes":""},{"id":2,"purchase_code":"PO-20260725-002","invoice_number":"INV-EXP-002","supplier_id":1,"supplier_name":"Supplier Test Fase14","purchase_date":"2026-07-25T00:00:00+07:00","discount_amount":0,"total_amount":4000,"payment_status":"unpaid","paid_amount":0,"remaining_amount":4000,"status":"active","user_name":"Administrator","notes":""},{"id":1,"purchase_code":"PO-20260725-001","invoice_number":"INV-EXP-001","supplier_id":1,"supplier_name":"Supplier Test Fase14","purchase_date":"2026-07-25T00:00:00+07:00","discount_amount":0,"total_amount":8000,"payment_status":"unpaid","paid_amount":0,"remaining_amount":8000,"status":"active","user_name":"Administrator","notes":""}],"pagination":{"page":1,"per_page":10,"total":6,"total_pages":1}}', 2, 3, '::1', NULL, '2026-07-26 00:34:51.506')
[GIN] 2026/07/26 - 00:34:52 | 204 |            0s |             ::1 | OPTIONS  "/api/supplier-purchases/generate-code"

2026/07/26 00:34:52 [32mD:/Develop/Project_pos_mahenz/BE/domain/auth/repo/auth_repo.go:46
[0m[33m[0.595ms] [34;1m[rows:1][0m SELECT id, user_id, user_role, token, device_info, expires_at FROM sessions WHERE token = 'eyJhbGciOiJIUzI1NiIsInR5cCI6IkpXVCJ9.eyJhcHBzIjoid2ViIiwiZXhwIjoxNzg1MDI5NjkwLCJmdWxsX25hbWUiOiJBZG1pbmlzdHJhdG9yIiwicm9sZSI6ImFkbWluIiwidXNlcl9pZCI6MiwidXNlcm5hbWUiOiJhZG1pbiJ9.oQkSBLRnNa9B08QlvqY74Q5230YHHCWE3O9gkII8kKg' LIMIT 1

2026/07/26 00:34:52 [32mD:/Develop/Project_pos_mahenz/BE/domain/supplier_purchase/repo/purchase_repo.go:272
[0m[33m[0.560ms] [34;1m[rows:1][0m SELECT COUNT(*) FROM purchases WHERE DATE(purchase_date) = '2026-07-26'
[GIN] 2026/07/26 - 00:34:52 | 200 |      1.6826ms |             ::1 | POST     "/api/supplier-purchases/generate-code"

2026/07/26 00:34:52 [32mD:/Develop/Project_pos_mahenz/BE/repository/log_request_repository.go:32
[0m[33m[19.849ms] [34;1m[rows:1][0m INSERT INTO log_requests (id, method, endpoint, status_code, request_body, response_body, user_id, duration_ms, ip_address, error_message, created_at) VALUES ('52fa25e4-cf19-43ba-925c-9081892e3d27', 'POST', '/api/supplier-purchases/generate-code', 200, '{}', '{"code":"00","status":true,"message":"Generate kode PO","data":{"purchase_code":"PO-20260726-005"}}', 2, 1, '::1', NULL, '2026-07-26 00:34:52.864')
[GIN] 2026/07/26 - 00:35:31 | 204 |            0s |             ::1 | OPTIONS  "/api/auth/login"

2026/07/26 00:35:31 [32mD:/Develop/Project_pos_mahenz/BE/domain/auth/repo/auth_repo.go:17
[0m[33m[0.505ms] [34;1m[rows:1][0m SELECT u.id, u.username, u.password, u.full_name, u.role_id, r.name AS role_name, u.is_active FROM users u INNER JOIN roles r ON r.id = u.role_id WHERE u.username = 'admin' LIMIT 1

2026/07/26 00:35:31 [32mD:/Develop/Project_pos_mahenz/BE/domain/auth/repo/auth_repo.go:67
[0m[33m[2.551ms] [34;1m[rows:1][0m DELETE FROM sessions WHERE user_id = 2

2026/07/26 00:35:31 [32mD:/Develop/Project_pos_mahenz/BE/domain/auth/repo/auth_repo.go:38
[0m[33m[2.811ms] [34;1m[rows:1][0m INSERT INTO sessions (user_id, user_role, token, refresh_token, device_info, ip_address, expires_at) VALUES (2, 'admin', 'eyJhbGciOiJIUzI1NiIsInR5cCI6IkpXVCJ9.eyJhcHBzIjoid2ViIiwiZXhwIjoxNzg1MDI5NzMxLCJmdWxsX25hbWUiOiJBZG1pbmlzdHJhdG9yIiwicm9sZSI6ImFkbWluIiwidXNlcl9pZCI6MiwidXNlcm5hbWUiOiJhZG1pbiJ9.M6QY4qoOUO5MbnC5n6X6bPMJskpoSBoxKTV65f04c48', '8278e6224e7910d4055e9a4ff5deb58ca0f5a51b026623706793c915617d2605', 'web', '::1', '2026-08-02 00:35:31.477') ON DUPLICATE KEY UPDATE user_role=VALUES(user_role), token=VALUES(token), refresh_token=VALUES(refresh_token), device_info=VALUES(device_info), ip_address=VALUES(ip_address), expires_at=VALUES(expires_at), created_at=NOW()
[GIN] 2026/07/26 - 00:35:31 | 200 |     78.0382ms |             ::1 | POST     "/api/auth/login"

2026/07/26 00:35:31 [32mD:/Develop/Project_pos_mahenz/BE/repository/log_request_repository.go:32
[0m[33m[2.584ms] [34;1m[rows:1][0m INSERT INTO log_requests (id, method, endpoint, status_code, request_body, response_body, user_id, duration_ms, ip_address, error_message, created_at) VALUES ('8fc56653-7dd6-47bc-adff-fdd4e9eb6ade', 'POST', '/api/auth/login', 200, '{"username":"admin","password":"admin123","device_info":"web"}', '{"code":"00","status":true,"message":"Login berhasil","data":{"token":"eyJhbGciOiJIUzI1NiIsInR5cCI6IkpXVCJ9.eyJhcHBzIjoid2ViIiwiZXhwIjoxNzg1MDI5NzMxLCJmdWxsX25hbWUiOiJBZG1pbmlzdHJhdG9yIiwicm9sZSI6ImFkbWluIiwidXNlcl9pZCI6MiwidXNlcm5hbWUiOiJhZG1pbiJ9.M6QY4qoOUO5MbnC5n6X6bPMJskpoSBoxKTV65f04c48","refresh_token":"8278e6224e7910d4055e9a4ff5deb58ca0f5a51b026623706793c915617d2605","expires_at":"2026-08-02T00:35:31.4774118+07:00","user":{"id":2,"username":"admin","full_name":"Administrator","role_id":2,"role_name":"admin"}}}', NULL, 78, '::1', NULL, '2026-07-26 00:35:31.483')
[GIN] 2026/07/26 - 00:35:31 | 204 |            0s |             ::1 | OPTIONS  "/api/menus/my"
[GIN] 2026/07/26 - 00:35:31 | 204 |            0s |             ::1 | OPTIONS  "/api/menus/my"

2026/07/26 00:35:31 [32mD:/Develop/Project_pos_mahenz/BE/domain/auth/repo/auth_repo.go:46
[0m[33m[1.892ms] [34;1m[rows:1][0m SELECT id, user_id, user_role, token, device_info, expires_at FROM sessions WHERE token = 'eyJhbGciOiJIUzI1NiIsInR5cCI6IkpXVCJ9.eyJhcHBzIjoid2ViIiwiZXhwIjoxNzg1MDI5NzMxLCJmdWxsX25hbWUiOiJBZG1pbmlzdHJhdG9yIiwicm9sZSI6ImFkbWluIiwidXNlcl9pZCI6MiwidXNlcm5hbWUiOiJhZG1pbiJ9.M6QY4qoOUO5MbnC5n6X6bPMJskpoSBoxKTV65f04c48' LIMIT 1

2026/07/26 00:35:31 [32mD:/Develop/Project_pos_mahenz/BE/domain/auth/repo/auth_repo.go:46
[0m[33m[0.588ms] [34;1m[rows:1][0m SELECT id, user_id, user_role, token, device_info, expires_at FROM sessions WHERE token = 'eyJhbGciOiJIUzI1NiIsInR5cCI6IkpXVCJ9.eyJhcHBzIjoid2ViIiwiZXhwIjoxNzg1MDI5NzMxLCJmdWxsX25hbWUiOiJBZG1pbmlzdHJhdG9yIiwicm9sZSI6ImFkbWluIiwidXNlcl9pZCI6MiwidXNlcm5hbWUiOiJhZG1pbiJ9.M6QY4qoOUO5MbnC5n6X6bPMJskpoSBoxKTV65f04c48' LIMIT 1

2026/07/26 00:35:31 [32mD:/Develop/Project_pos_mahenz/BE/domain/menu/repo/menu_repo.go:121
[0m[33m[1.095ms] [34;1m[rows:-][0m 
		SELECT
			m.id,
			m.parent_id,
			m.key_name,
			m.label,
			m.icon,
			m.path,
			m.order_index,
			COALESCE(rma.can_view,   0),
			COALESCE(rma.can_create, 0),
			COALESCE(rma.can_edit,   0),
			COALESCE(rma.can_delete, 0)
		FROM menus m
		LEFT JOIN role_menu_access rma ON rma.menu_id = m.id
			AND rma.role_id = (SELECT id FROM roles WHERE name = 'admin' AND is_active = 1 LIMIT 1)
		WHERE m.is_active = 1
		ORDER BY m.order_index ASC, m.id ASC
		
[GIN] 2026/07/26 - 00:35:31 | 200 |      3.7697ms |             ::1 | POST     "/api/menus/my"

2026/07/26 00:35:31 [32mD:/Develop/Project_pos_mahenz/BE/domain/menu/repo/menu_repo.go:121
[0m[33m[1.306ms] [34;1m[rows:-][0m 
		SELECT
			m.id,
			m.parent_id,
			m.key_name,
			m.label,
			m.icon,
			m.path,
			m.order_index,
			COALESCE(rma.can_view,   0),
			COALESCE(rma.can_create, 0),
			COALESCE(rma.can_edit,   0),
			COALESCE(rma.can_delete, 0)
		FROM menus m
		LEFT JOIN role_menu_access rma ON rma.menu_id = m.id
			AND rma.role_id = (SELECT id FROM roles WHERE name = 'admin' AND is_active = 1 LIMIT 1)
		WHERE m.is_active = 1
		ORDER BY m.order_index ASC, m.id ASC
		
[GIN] 2026/07/26 - 00:35:31 | 200 |      2.6013ms |             ::1 | POST     "/api/menus/my"

2026/07/26 00:35:31 [32mD:/Develop/Project_pos_mahenz/BE/repository/log_request_repository.go:32
[0m[33m[2.627ms] [34;1m[rows:1][0m INSERT INTO log_requests (id, method, endpoint, status_code, request_body, response_body, user_id, duration_ms, ip_address, error_message, created_at) VALUES ('5ca4ecd5-669d-4e45-89dc-0cf8d4c7cc40', 'POST', '/api/menus/my', 200, '{}', '{"code":"00","status":true,"message":"Menu akses","data":[{"key_name":"beranda","label":"Beranda","icon":"Home","path":null,"order_index":1,"permission":{"can_view":true,"can_create":true,"can_edit":true,"can_delete":true},"children":[{"key_name":"beranda.dashboard","label":"Dashboard","icon":"LayoutDashboard","path":"/dashboard","order_index":1,"permission":{"can_view":true,"can_create":true,"can_edit":true,"can_delete":true},"children":[]}]},{"key_name":"penjualan","label":"Penjualan","icon":"ShoppingCart","path":null,"order_index":2,"permission":{"can_view":true,"can_create":true,"can_edit":true,"can_delete":true},"children":[{"key_name":"penjualan.kasir","label":"Kasir","icon":"ShoppingCart","path":"/kasir","order_index":1,"permission":{"can_view":true,"can_create":true,"can_edit":true,"can_delete":true},"children":[]},{"key_name":"penjualan.transaksi","label":"Transaksi","icon":"Receipt","path":"/transactions","order_index":2,"permission":{"can_view":true,"can_create":true,"can_edit":true,"can_delete":true},"children":[]}]},{"key_name":"produk","label":"Produk","icon":"Package","path":null,"order_index":3,"permission":{"can_view":true,"can_create":true,"can_edit":true,"can_delete":true},"children":[{"key_name":"produk.produk","label":"Produk","icon":"Package","path":"/products","order_index":1,"permission":{"can_view":true,"can_create":true,"can_edit":true,"can_delete":true},"children":[]},{"key_name":"produk.kategori","label":"Kategori","icon":"Tag","path":"/products/categories","order_index":2,"permission":{"can_view":true,"can_create":true,"can_edit":true,"can_delete":true},"children":[]},{"key_name":"produk.unit","label":"Unit","icon":"PackageSearch","path":"/products/units","order_index":3,"permission":{"can_view":true,"can_create":true,"can_edit":true,"can_delete":true},"children":[]}]},{"key_name":"pengadaan","label":"Pengadaan","icon":"Truck","path":null,"order_index":4,"permission":{"can_view":true,"can_create":true,"can_edit":true,"can_delete":true},"children":[{"key_name":"pengadaan.supplier","label":"Supplier","icon":"Truck","path":"/suppliers","order_index":1,"permission":{"can_view":true,"can_create":true,"can_edit":true,"can_delete":true},"children":[]},{"key_name":"pengadaan.pembelian","label":"Pembelian","icon":"ShoppingBag","path":"/suppliers/purchases","order_index":2,"permission":{"can_view":true,"can_create":true,"can_edit":true,"can_delete":true},"children":[]},{"key_name":"pengadaan.retur","label":"Retur","icon":"RotateCcw","path":"/suppliers/returns","order_index":3,"permission":{"can_view":true,"can_create":true,"can_edit":true,"can_delete":true},"children":[]}]},{"key_name":"pelanggan","label":"Pelanggan","icon":"Users","path":null,"order_index":5,"permission":{"can_view":true,"can_create":true,"can_edit":true,"can_delete":true},"children":[{"key_name":"pelanggan.pelanggan","label":"Pelanggan","icon":"Users","path":"/customers","order_index":1,"permission":{"can_view":true,"can_create":true,"can_edit":true,"can_delete":true},"children":[]},{"key_name":"pelanggan.piutang","label":"Piutang","icon":"CreditCard","path":"/receivables","order_index":2,"permission":{"can_view":true,"can_create":true,"can_edit":true,"can_delete":true},"children":[]}]},{"key_name":"keuangan","label":"Keuangan","icon":"Wallet","path":null,"order_index":6,"permission":{"can_view":true,"can_create":true,"can_edit":true,"can_delete":true},"children":[{"key_name":"keuangan.dashboard","label":"Dashboard Keuangan","icon":"Wallet","path":"/finance","order_index":1,"permission":{"can_view":true,"can_create":true,"can_edit":true,"can_delete":true},"children":[]},{"key_name":"keuangan.kas_harian","label":"Kas Harian","icon":"Landmark","path":"/finance/cash-drawer","order_index":2,"permission":{"can_view":true,"can_create":true,"can_edit":true,"can_delete":true},"children":[]},{"key_name":"keuangan.pengeluaran","label":"Pengeluaran","icon":"TrendingDown","path":"/finance/expenses","order_index":3,"permission":{"can_view":true,"can_create":true,"can_edit":true,"can_delete":true},"children":[]},{"key_name":"keuangan.kas_saya","label":"Kas Saya","icon":"Wallet","path":"/finance/my-cash","order_index":4,"permission":{"can_view":true,"can_create":true,"can_edit":true,"can_delete":true},"children":[]}]},{"key_name":"pelaporan","label":"Pelaporan","icon":"BarChart2","path":null,"order_index":7,"permission":{"can_view":true,"can_create":true,"can_edit":true,"can_delete":true},"children":[{"key_name":"pelaporan.penjualan","label":"Penjualan","icon":"TrendingUp","path":"/reports/sales","order_index":1,"permission":{"can_view":true,"can_create":true,"can_edit":true,"can_delete":true},"children":[]},{"key_name":"pelaporan.laba_rugi","label":"Laba Rugi","icon":"LineChart","path":"/reports/profit-loss","order_index":2,"permission":{"can_view":true,"can_create":true,"can_edit":true,"can_delete":true},"children":[]},{"key_name":"pelaporan.stok","label":"Stok","icon":"PackageSearch","path":"/reports/stock","order_index":3,"permission":{"can_view":true,"can_create":true,"can_edit":true,"can_delete":true},"children":[]},{"key_name":"pelaporan.kinerja_kasir","label":"Kinerja Kasir","icon":"BarChart2","path":"/reports/cashier","order_index":4,"permission":{"can_view":true,"can_create":true,"can_edit":true,"can_delete":true},"children":[]},{"key_name":"pelaporan.ringkasan_bisnis","label":"Ringkasan Bisnis","icon":"BarChart3","path":"/reports/business-summary","order_index":5,"permission":{"can_view":true,"can_create":true,"can_edit":true,"can_delete":true},"children":[]}]},{"key_name":"operasional","label":"Operasional","icon":"Clock","path":null,"order_index":8,"permission":{"can_view":true,"can_create":true,"can_edit":true,"can_delete":true},"children":[{"key_name":"operasional.shift","label":"Shift","icon":"Clock","path":"/shifts","order_index":1,"permission":{"can_view":true,"can_create":true,"can_edit":true,"can_delete":true},"children":[]},{"key_name":"operasional.sync","label":"Sync Center","icon":"RefreshCw","path":"/sync","order_index":2,"permission":{"can_view":true,"can_create":true,"can_edit":true,"can_delete":true},"children":[]}]},{"key_name":"sistem","label":"Sistem","icon":"Settings","path":null,"order_index":9,"permission":{"can_view":true,"can_create":true,"can_edit":true,"can_delete":true},"children":[{"key_name":"sistem.profil_toko","label":"Profil Toko","icon":"Settings","path":"/settings/store","order_index":1,"permission":{"can_view":true,"can_create":true,"can_edit":true,"can_delete":true},"children":[]},{"key_name":"sistem.users","label":"Manajemen User","icon":"Users","path":"/settings/users","order_index":2,"permission":{"can_view":true,"can_create":true,"can_edit":true,"can_delete":true},"children":[]},{"key_name":"sistem.roles","label":"Manajemen Role","icon":"Shield","path":"/settings/roles","order_index":3,"permission":{"can_view":true,"can_create":true,"can_edit":true,"can_delete":true},"children":[]},{"key_name":"sistem.menus","label":"Manajemen Menu","icon":"LayoutList","path":"/settings/menus","order_index":4,"permission":{"can_view":true,"can_create":true,"can_edit":true,"can_delete":true},"children":[]},{"key_name":"sistem.printer","label":"Printer","icon":"Printer","path":"/settings/printer","order_index":5,"permission":{"can_view":true,"can_create":true,"can_edit":true,"can_delete":true},"children":[]},{"key_name":"sistem.versi","label":"Versi Aplikasi","icon":"RefreshCw","path":"/settings/versions","order_index":6,"permission":{"can_view":true,"can_create":true,"can_edit":true,"can_delete":true},"children":[]},{"key_name":"sistem.backup","label":"Backup \u0026 Restore","icon":"DatabaseBackup","path":"/settings/backup","order_index":7,"permission":{"can_view":true,"can_create":true,"can_edit":true,"can_delete":true},"children":[]}]}]}', 2, 3, '::1', NULL, '2026-07-26 00:35:31.495')

2026/07/26 00:35:31 [32mD:/Develop/Project_pos_mahenz/BE/repository/log_request_repository.go:32
[0m[33m[2.401ms] [34;1m[rows:1][0m INSERT INTO log_requests (id, method, endpoint, status_code, request_body, response_body, user_id, duration_ms, ip_address, error_message, created_at) VALUES ('221e0d00-01aa-4bb3-a0f1-271e074af421', 'POST', '/api/menus/my', 200, '{}', '{"code":"00","status":true,"message":"Menu akses","data":[{"key_name":"beranda","label":"Beranda","icon":"Home","path":null,"order_index":1,"permission":{"can_view":true,"can_create":true,"can_edit":true,"can_delete":true},"children":[{"key_name":"beranda.dashboard","label":"Dashboard","icon":"LayoutDashboard","path":"/dashboard","order_index":1,"permission":{"can_view":true,"can_create":true,"can_edit":true,"can_delete":true},"children":[]}]},{"key_name":"penjualan","label":"Penjualan","icon":"ShoppingCart","path":null,"order_index":2,"permission":{"can_view":true,"can_create":true,"can_edit":true,"can_delete":true},"children":[{"key_name":"penjualan.kasir","label":"Kasir","icon":"ShoppingCart","path":"/kasir","order_index":1,"permission":{"can_view":true,"can_create":true,"can_edit":true,"can_delete":true},"children":[]},{"key_name":"penjualan.transaksi","label":"Transaksi","icon":"Receipt","path":"/transactions","order_index":2,"permission":{"can_view":true,"can_create":true,"can_edit":true,"can_delete":true},"children":[]}]},{"key_name":"produk","label":"Produk","icon":"Package","path":null,"order_index":3,"permission":{"can_view":true,"can_create":true,"can_edit":true,"can_delete":true},"children":[{"key_name":"produk.produk","label":"Produk","icon":"Package","path":"/products","order_index":1,"permission":{"can_view":true,"can_create":true,"can_edit":true,"can_delete":true},"children":[]},{"key_name":"produk.kategori","label":"Kategori","icon":"Tag","path":"/products/categories","order_index":2,"permission":{"can_view":true,"can_create":true,"can_edit":true,"can_delete":true},"children":[]},{"key_name":"produk.unit","label":"Unit","icon":"PackageSearch","path":"/products/units","order_index":3,"permission":{"can_view":true,"can_create":true,"can_edit":true,"can_delete":true},"children":[]}]},{"key_name":"pengadaan","label":"Pengadaan","icon":"Truck","path":null,"order_index":4,"permission":{"can_view":true,"can_create":true,"can_edit":true,"can_delete":true},"children":[{"key_name":"pengadaan.supplier","label":"Supplier","icon":"Truck","path":"/suppliers","order_index":1,"permission":{"can_view":true,"can_create":true,"can_edit":true,"can_delete":true},"children":[]},{"key_name":"pengadaan.pembelian","label":"Pembelian","icon":"ShoppingBag","path":"/suppliers/purchases","order_index":2,"permission":{"can_view":true,"can_create":true,"can_edit":true,"can_delete":true},"children":[]},{"key_name":"pengadaan.retur","label":"Retur","icon":"RotateCcw","path":"/suppliers/returns","order_index":3,"permission":{"can_view":true,"can_create":true,"can_edit":true,"can_delete":true},"children":[]}]},{"key_name":"pelanggan","label":"Pelanggan","icon":"Users","path":null,"order_index":5,"permission":{"can_view":true,"can_create":true,"can_edit":true,"can_delete":true},"children":[{"key_name":"pelanggan.pelanggan","label":"Pelanggan","icon":"Users","path":"/customers","order_index":1,"permission":{"can_view":true,"can_create":true,"can_edit":true,"can_delete":true},"children":[]},{"key_name":"pelanggan.piutang","label":"Piutang","icon":"CreditCard","path":"/receivables","order_index":2,"permission":{"can_view":true,"can_create":true,"can_edit":true,"can_delete":true},"children":[]}]},{"key_name":"keuangan","label":"Keuangan","icon":"Wallet","path":null,"order_index":6,"permission":{"can_view":true,"can_create":true,"can_edit":true,"can_delete":true},"children":[{"key_name":"keuangan.dashboard","label":"Dashboard Keuangan","icon":"Wallet","path":"/finance","order_index":1,"permission":{"can_view":true,"can_create":true,"can_edit":true,"can_delete":true},"children":[]},{"key_name":"keuangan.kas_harian","label":"Kas Harian","icon":"Landmark","path":"/finance/cash-drawer","order_index":2,"permission":{"can_view":true,"can_create":true,"can_edit":true,"can_delete":true},"children":[]},{"key_name":"keuangan.pengeluaran","label":"Pengeluaran","icon":"TrendingDown","path":"/finance/expenses","order_index":3,"permission":{"can_view":true,"can_create":true,"can_edit":true,"can_delete":true},"children":[]},{"key_name":"keuangan.kas_saya","label":"Kas Saya","icon":"Wallet","path":"/finance/my-cash","order_index":4,"permission":{"can_view":true,"can_create":true,"can_edit":true,"can_delete":true},"children":[]}]},{"key_name":"pelaporan","label":"Pelaporan","icon":"BarChart2","path":null,"order_index":7,"permission":{"can_view":true,"can_create":true,"can_edit":true,"can_delete":true},"children":[{"key_name":"pelaporan.penjualan","label":"Penjualan","icon":"TrendingUp","path":"/reports/sales","order_index":1,"permission":{"can_view":true,"can_create":true,"can_edit":true,"can_delete":true},"children":[]},{"key_name":"pelaporan.laba_rugi","label":"Laba Rugi","icon":"LineChart","path":"/reports/profit-loss","order_index":2,"permission":{"can_view":true,"can_create":true,"can_edit":true,"can_delete":true},"children":[]},{"key_name":"pelaporan.stok","label":"Stok","icon":"PackageSearch","path":"/reports/stock","order_index":3,"permission":{"can_view":true,"can_create":true,"can_edit":true,"can_delete":true},"children":[]},{"key_name":"pelaporan.kinerja_kasir","label":"Kinerja Kasir","icon":"BarChart2","path":"/reports/cashier","order_index":4,"permission":{"can_view":true,"can_create":true,"can_edit":true,"can_delete":true},"children":[]},{"key_name":"pelaporan.ringkasan_bisnis","label":"Ringkasan Bisnis","icon":"BarChart3","path":"/reports/business-summary","order_index":5,"permission":{"can_view":true,"can_create":true,"can_edit":true,"can_delete":true},"children":[]}]},{"key_name":"operasional","label":"Operasional","icon":"Clock","path":null,"order_index":8,"permission":{"can_view":true,"can_create":true,"can_edit":true,"can_delete":true},"children":[{"key_name":"operasional.shift","label":"Shift","icon":"Clock","path":"/shifts","order_index":1,"permission":{"can_view":true,"can_create":true,"can_edit":true,"can_delete":true},"children":[]},{"key_name":"operasional.sync","label":"Sync Center","icon":"RefreshCw","path":"/sync","order_index":2,"permission":{"can_view":true,"can_create":true,"can_edit":true,"can_delete":true},"children":[]}]},{"key_name":"sistem","label":"Sistem","icon":"Settings","path":null,"order_index":9,"permission":{"can_view":true,"can_create":true,"can_edit":true,"can_delete":true},"children":[{"key_name":"sistem.profil_toko","label":"Profil Toko","icon":"Settings","path":"/settings/store","order_index":1,"permission":{"can_view":true,"can_create":true,"can_edit":true,"can_delete":true},"children":[]},{"key_name":"sistem.users","label":"Manajemen User","icon":"Users","path":"/settings/users","order_index":2,"permission":{"can_view":true,"can_create":true,"can_edit":true,"can_delete":true},"children":[]},{"key_name":"sistem.roles","label":"Manajemen Role","icon":"Shield","path":"/settings/roles","order_index":3,"permission":{"can_view":true,"can_create":true,"can_edit":true,"can_delete":true},"children":[]},{"key_name":"sistem.menus","label":"Manajemen Menu","icon":"LayoutList","path":"/settings/menus","order_index":4,"permission":{"can_view":true,"can_create":true,"can_edit":true,"can_delete":true},"children":[]},{"key_name":"sistem.printer","label":"Printer","icon":"Printer","path":"/settings/printer","order_index":5,"permission":{"can_view":true,"can_create":true,"can_edit":true,"can_delete":true},"children":[]},{"key_name":"sistem.versi","label":"Versi Aplikasi","icon":"RefreshCw","path":"/settings/versions","order_index":6,"permission":{"can_view":true,"can_create":true,"can_edit":true,"can_delete":true},"children":[]},{"key_name":"sistem.backup","label":"Backup \u0026 Restore","icon":"DatabaseBackup","path":"/settings/backup","order_index":7,"permission":{"can_view":true,"can_create":true,"can_edit":true,"can_delete":true},"children":[]}]}]}', 2, 2, '::1', NULL, '2026-07-26 00:35:31.496')

2026/07/26 00:35:31 [32mD:/Develop/Project_pos_mahenz/BE/domain/auth/repo/auth_repo.go:46
[0m[33m[0.515ms] [34;1m[rows:1][0m SELECT id, user_id, user_role, token, device_info, expires_at FROM sessions WHERE token = 'eyJhbGciOiJIUzI1NiIsInR5cCI6IkpXVCJ9.eyJhcHBzIjoid2ViIiwiZXhwIjoxNzg1MDI5NzMxLCJmdWxsX25hbWUiOiJBZG1pbmlzdHJhdG9yIiwicm9sZSI6ImFkbWluIiwidXNlcl9pZCI6MiwidXNlcm5hbWUiOiJhZG1pbiJ9.M6QY4qoOUO5MbnC5n6X6bPMJskpoSBoxKTV65f04c48' LIMIT 1

2026/07/26 00:35:31 [32mD:/Develop/Project_pos_mahenz/BE/domain/menu/repo/menu_repo.go:121
[0m[33m[0.583ms] [34;1m[rows:-][0m 
		SELECT
			m.id,
			m.parent_id,
			m.key_name,
			m.label,
			m.icon,
			m.path,
			m.order_index,
			COALESCE(rma.can_view,   0),
			COALESCE(rma.can_create, 0),
			COALESCE(rma.can_edit,   0),
			COALESCE(rma.can_delete, 0)
		FROM menus m
		LEFT JOIN role_menu_access rma ON rma.menu_id = m.id
			AND rma.role_id = (SELECT id FROM roles WHERE name = 'admin' AND is_active = 1 LIMIT 1)
		WHERE m.is_active = 1
		ORDER BY m.order_index ASC, m.id ASC
		
[GIN] 2026/07/26 - 00:35:31 | 200 |       1.465ms |             ::1 | POST     "/api/menus/my"

2026/07/26 00:35:31 [32mD:/Develop/Project_pos_mahenz/BE/repository/log_request_repository.go:32
[0m[33m[9.488ms] [34;1m[rows:1][0m INSERT INTO log_requests (id, method, endpoint, status_code, request_body, response_body, user_id, duration_ms, ip_address, error_message, created_at) VALUES ('22927132-46da-446a-96e0-08c73f9af9d5', 'POST', '/api/menus/my', 200, '{}', '{"code":"00","status":true,"message":"Menu akses","data":[{"key_name":"beranda","label":"Beranda","icon":"Home","path":null,"order_index":1,"permission":{"can_view":true,"can_create":true,"can_edit":true,"can_delete":true},"children":[{"key_name":"beranda.dashboard","label":"Dashboard","icon":"LayoutDashboard","path":"/dashboard","order_index":1,"permission":{"can_view":true,"can_create":true,"can_edit":true,"can_delete":true},"children":[]}]},{"key_name":"penjualan","label":"Penjualan","icon":"ShoppingCart","path":null,"order_index":2,"permission":{"can_view":true,"can_create":true,"can_edit":true,"can_delete":true},"children":[{"key_name":"penjualan.kasir","label":"Kasir","icon":"ShoppingCart","path":"/kasir","order_index":1,"permission":{"can_view":true,"can_create":true,"can_edit":true,"can_delete":true},"children":[]},{"key_name":"penjualan.transaksi","label":"Transaksi","icon":"Receipt","path":"/transactions","order_index":2,"permission":{"can_view":true,"can_create":true,"can_edit":true,"can_delete":true},"children":[]}]},{"key_name":"produk","label":"Produk","icon":"Package","path":null,"order_index":3,"permission":{"can_view":true,"can_create":true,"can_edit":true,"can_delete":true},"children":[{"key_name":"produk.produk","label":"Produk","icon":"Package","path":"/products","order_index":1,"permission":{"can_view":true,"can_create":true,"can_edit":true,"can_delete":true},"children":[]},{"key_name":"produk.kategori","label":"Kategori","icon":"Tag","path":"/products/categories","order_index":2,"permission":{"can_view":true,"can_create":true,"can_edit":true,"can_delete":true},"children":[]},{"key_name":"produk.unit","label":"Unit","icon":"PackageSearch","path":"/products/units","order_index":3,"permission":{"can_view":true,"can_create":true,"can_edit":true,"can_delete":true},"children":[]}]},{"key_name":"pengadaan","label":"Pengadaan","icon":"Truck","path":null,"order_index":4,"permission":{"can_view":true,"can_create":true,"can_edit":true,"can_delete":true},"children":[{"key_name":"pengadaan.supplier","label":"Supplier","icon":"Truck","path":"/suppliers","order_index":1,"permission":{"can_view":true,"can_create":true,"can_edit":true,"can_delete":true},"children":[]},{"key_name":"pengadaan.pembelian","label":"Pembelian","icon":"ShoppingBag","path":"/suppliers/purchases","order_index":2,"permission":{"can_view":true,"can_create":true,"can_edit":true,"can_delete":true},"children":[]},{"key_name":"pengadaan.retur","label":"Retur","icon":"RotateCcw","path":"/suppliers/returns","order_index":3,"permission":{"can_view":true,"can_create":true,"can_edit":true,"can_delete":true},"children":[]}]},{"key_name":"pelanggan","label":"Pelanggan","icon":"Users","path":null,"order_index":5,"permission":{"can_view":true,"can_create":true,"can_edit":true,"can_delete":true},"children":[{"key_name":"pelanggan.pelanggan","label":"Pelanggan","icon":"Users","path":"/customers","order_index":1,"permission":{"can_view":true,"can_create":true,"can_edit":true,"can_delete":true},"children":[]},{"key_name":"pelanggan.piutang","label":"Piutang","icon":"CreditCard","path":"/receivables","order_index":2,"permission":{"can_view":true,"can_create":true,"can_edit":true,"can_delete":true},"children":[]}]},{"key_name":"keuangan","label":"Keuangan","icon":"Wallet","path":null,"order_index":6,"permission":{"can_view":true,"can_create":true,"can_edit":true,"can_delete":true},"children":[{"key_name":"keuangan.dashboard","label":"Dashboard Keuangan","icon":"Wallet","path":"/finance","order_index":1,"permission":{"can_view":true,"can_create":true,"can_edit":true,"can_delete":true},"children":[]},{"key_name":"keuangan.kas_harian","label":"Kas Harian","icon":"Landmark","path":"/finance/cash-drawer","order_index":2,"permission":{"can_view":true,"can_create":true,"can_edit":true,"can_delete":true},"children":[]},{"key_name":"keuangan.pengeluaran","label":"Pengeluaran","icon":"TrendingDown","path":"/finance/expenses","order_index":3,"permission":{"can_view":true,"can_create":true,"can_edit":true,"can_delete":true},"children":[]},{"key_name":"keuangan.kas_saya","label":"Kas Saya","icon":"Wallet","path":"/finance/my-cash","order_index":4,"permission":{"can_view":true,"can_create":true,"can_edit":true,"can_delete":true},"children":[]}]},{"key_name":"pelaporan","label":"Pelaporan","icon":"BarChart2","path":null,"order_index":7,"permission":{"can_view":true,"can_create":true,"can_edit":true,"can_delete":true},"children":[{"key_name":"pelaporan.penjualan","label":"Penjualan","icon":"TrendingUp","path":"/reports/sales","order_index":1,"permission":{"can_view":true,"can_create":true,"can_edit":true,"can_delete":true},"children":[]},{"key_name":"pelaporan.laba_rugi","label":"Laba Rugi","icon":"LineChart","path":"/reports/profit-loss","order_index":2,"permission":{"can_view":true,"can_create":true,"can_edit":true,"can_delete":true},"children":[]},{"key_name":"pelaporan.stok","label":"Stok","icon":"PackageSearch","path":"/reports/stock","order_index":3,"permission":{"can_view":true,"can_create":true,"can_edit":true,"can_delete":true},"children":[]},{"key_name":"pelaporan.kinerja_kasir","label":"Kinerja Kasir","icon":"BarChart2","path":"/reports/cashier","order_index":4,"permission":{"can_view":true,"can_create":true,"can_edit":true,"can_delete":true},"children":[]},{"key_name":"pelaporan.ringkasan_bisnis","label":"Ringkasan Bisnis","icon":"BarChart3","path":"/reports/business-summary","order_index":5,"permission":{"can_view":true,"can_create":true,"can_edit":true,"can_delete":true},"children":[]}]},{"key_name":"operasional","label":"Operasional","icon":"Clock","path":null,"order_index":8,"permission":{"can_view":true,"can_create":true,"can_edit":true,"can_delete":true},"children":[{"key_name":"operasional.shift","label":"Shift","icon":"Clock","path":"/shifts","order_index":1,"permission":{"can_view":true,"can_create":true,"can_edit":true,"can_delete":true},"children":[]},{"key_name":"operasional.sync","label":"Sync Center","icon":"RefreshCw","path":"/sync","order_index":2,"permission":{"can_view":true,"can_create":true,"can_edit":true,"can_delete":true},"children":[]}]},{"key_name":"sistem","label":"Sistem","icon":"Settings","path":null,"order_index":9,"permission":{"can_view":true,"can_create":true,"can_edit":true,"can_delete":true},"children":[{"key_name":"sistem.profil_toko","label":"Profil Toko","icon":"Settings","path":"/settings/store","order_index":1,"permission":{"can_view":true,"can_create":true,"can_edit":true,"can_delete":true},"children":[]},{"key_name":"sistem.users","label":"Manajemen User","icon":"Users","path":"/settings/users","order_index":2,"permission":{"can_view":true,"can_create":true,"can_edit":true,"can_delete":true},"children":[]},{"key_name":"sistem.roles","label":"Manajemen Role","icon":"Shield","path":"/settings/roles","order_index":3,"permission":{"can_view":true,"can_create":true,"can_edit":true,"can_delete":true},"children":[]},{"key_name":"sistem.menus","label":"Manajemen Menu","icon":"LayoutList","path":"/settings/menus","order_index":4,"permission":{"can_view":true,"can_create":true,"can_edit":true,"can_delete":true},"children":[]},{"key_name":"sistem.printer","label":"Printer","icon":"Printer","path":"/settings/printer","order_index":5,"permission":{"can_view":true,"can_create":true,"can_edit":true,"can_delete":true},"children":[]},{"key_name":"sistem.versi","label":"Versi Aplikasi","icon":"RefreshCw","path":"/settings/versions","order_index":6,"permission":{"can_view":true,"can_create":true,"can_edit":true,"can_delete":true},"children":[]},{"key_name":"sistem.backup","label":"Backup \u0026 Restore","icon":"DatabaseBackup","path":"/settings/backup","order_index":7,"permission":{"can_view":true,"can_create":true,"can_edit":true,"can_delete":true},"children":[]}]}]}', 2, 1, '::1', NULL, '2026-07-26 00:35:31.87')
[GIN] 2026/07/26 - 00:35:31 | 204 |            0s |             ::1 | OPTIONS  "/api/sync/conflicts/count"

2026/07/26 00:35:31 [32mD:/Develop/Project_pos_mahenz/BE/domain/auth/repo/auth_repo.go:46
[0m[33m[0.661ms] [34;1m[rows:1][0m SELECT id, user_id, user_role, token, device_info, expires_at FROM sessions WHERE token = 'eyJhbGciOiJIUzI1NiIsInR5cCI6IkpXVCJ9.eyJhcHBzIjoid2ViIiwiZXhwIjoxNzg1MDI5NzMxLCJmdWxsX25hbWUiOiJBZG1pbmlzdHJhdG9yIiwicm9sZSI6ImFkbWluIiwidXNlcl9pZCI6MiwidXNlcm5hbWUiOiJhZG1pbiJ9.M6QY4qoOUO5MbnC5n6X6bPMJskpoSBoxKTV65f04c48' LIMIT 1

2026/07/26 00:35:31 [32mD:/Develop/Project_pos_mahenz/BE/domain/sync/repo/sync_repo.go:84
[0m[33m[0.592ms] [34;1m[rows:1][0m SELECT COUNT(*) FROM sync_conflicts WHERE status = 'pending'
[GIN] 2026/07/26 - 00:35:31 | 200 |      1.2527ms |             ::1 | GET      "/api/sync/conflicts/count"

2026/07/26 00:35:31 [32mD:/Develop/Project_pos_mahenz/BE/repository/log_request_repository.go:32
[0m[33m[3.721ms] [34;1m[rows:1][0m INSERT INTO log_requests (id, method, endpoint, status_code, request_body, response_body, user_id, duration_ms, ip_address, error_message, created_at) VALUES ('a5f9e1d2-dff2-43f4-b462-5fecf0a061c7', 'GET', '/api/sync/conflicts/count', 200, '', '{"code":"00","status":true,"message":"Jumlah konflik pending","data":{"count":0}}', 2, 1, '::1', NULL, '2026-07-26 00:35:31.923')
[GIN] 2026/07/26 - 00:35:32 | 204 |            0s |             ::1 | OPTIONS  "/api/suppliers/list"
[GIN] 2026/07/26 - 00:35:32 | 204 |            0s |             ::1 | OPTIONS  "/api/products/list"

2026/07/26 00:35:32 [32mD:/Develop/Project_pos_mahenz/BE/domain/auth/repo/auth_repo.go:46
[0m[33m[2.323ms] [34;1m[rows:1][0m SELECT id, user_id, user_role, token, device_info, expires_at FROM sessions WHERE token = 'eyJhbGciOiJIUzI1NiIsInR5cCI6IkpXVCJ9.eyJhcHBzIjoid2ViIiwiZXhwIjoxNzg1MDI5NzMxLCJmdWxsX25hbWUiOiJBZG1pbmlzdHJhdG9yIiwicm9sZSI6ImFkbWluIiwidXNlcl9pZCI6MiwidXNlcm5hbWUiOiJhZG1pbiJ9.M6QY4qoOUO5MbnC5n6X6bPMJskpoSBoxKTV65f04c48' LIMIT 1

2026/07/26 00:35:32 [32mD:/Develop/Project_pos_mahenz/BE/domain/auth/repo/auth_repo.go:46
[0m[33m[1.805ms] [34;1m[rows:1][0m SELECT id, user_id, user_role, token, device_info, expires_at FROM sessions WHERE token = 'eyJhbGciOiJIUzI1NiIsInR5cCI6IkpXVCJ9.eyJhcHBzIjoid2ViIiwiZXhwIjoxNzg1MDI5NzMxLCJmdWxsX25hbWUiOiJBZG1pbmlzdHJhdG9yIiwicm9sZSI6ImFkbWluIiwidXNlcl9pZCI6MiwidXNlcm5hbWUiOiJhZG1pbiJ9.M6QY4qoOUO5MbnC5n6X6bPMJskpoSBoxKTV65f04c48' LIMIT 1

2026/07/26 00:35:32 [32mD:/Develop/Project_pos_mahenz/BE/domain/supplier/repo/supplier_repo.go:44
[0m[33m[0.719ms] [34;1m[rows:1][0m SELECT COUNT(*) FROM suppliers WHERE 1=1

2026/07/26 00:35:32 [32mD:/Develop/Project_pos_mahenz/BE/domain/product/repo/product_repo.go:100
[0m[33m[0.607ms] [34;1m[rows:1][0m SELECT COUNT(*) FROM products p WHERE 1=1

2026/07/26 00:35:32 [32mD:/Develop/Project_pos_mahenz/BE/domain/supplier/repo/supplier_repo.go:67
[0m[33m[0.793ms] [34;1m[rows:1][0m SELECT id, supplier_code, name, address, phone, email, contact_person, notes, is_active, created_at FROM suppliers WHERE 1=1 ORDER BY name ASC LIMIT 1 OFFSET 0
[GIN] 2026/07/26 - 00:35:32 | 200 |      5.0023ms |             ::1 | POST     "/api/suppliers/list"

2026/07/26 00:35:32 [32mD:/Develop/Project_pos_mahenz/BE/domain/product/repo/product_repo.go:119
[0m[33m[3.824ms] [34;1m[rows:1][0m 
		SELECT p.id, p.barcode, COALESCE(p.sku, '') as sku, p.name, p.category_id, COALESCE(c.name, '') as category_name,
		       p.purchase_price, p.selling_price, p.stock, p.reserved_qty, p.min_stock,
		       COALESCE(p.unit_id, 0) as unit_id, COALESCE(u.name, '') as unit_name, COALESCE(u.abbreviation, '') as unit_abbreviation,
		       p.is_active,
		       (SELECT COUNT(*) FROM product_packages pp WHERE pp.product_id = p.id AND pp.is_default = 0) AS extra_packages,
		       (SELECT COUNT(*) FROM product_prices pr WHERE pr.product_id = p.id) AS price_tiers_count
		FROM products p
		LEFT JOIN categories c ON p.category_id = c.id
		LEFT JOIN units u ON u.id = p.unit_id
		WHERE 1=1 ORDER BY p.name ASC LIMIT 1 OFFSET 0
[GIN] 2026/07/26 - 00:35:32 | 200 |      7.9901ms |             ::1 | POST     "/api/products/list"

2026/07/26 00:35:32 [32mD:/Develop/Project_pos_mahenz/BE/repository/log_request_repository.go:32
[0m[33m[4.583ms] [34;1m[rows:1][0m INSERT INTO log_requests (id, method, endpoint, status_code, request_body, response_body, user_id, duration_ms, ip_address, error_message, created_at) VALUES ('28eafeee-36d6-4935-a76c-7239bb7a8501', 'POST', '/api/suppliers/list', 200, '{"page":1,"limit":1,"search":""}', '{"code":"00","status":true,"message":"Daftar supplier","data":[{"id":1,"supplier_code":"SUP-001","name":"Supplier Test Fase14","address":"Jl. Test","phone":"08123456789","email":"","contact_person":"","notes":"","is_active":true,"created_at":"2026-07-25T13:19:10+07:00"}],"pagination":{"page":1,"per_page":1,"total":1,"total_pages":1}}', 2, 5, '::1', NULL, '2026-07-26 00:35:32.23')

2026/07/26 00:35:32 [32mD:/Develop/Project_pos_mahenz/BE/repository/log_request_repository.go:32
[0m[33m[5.130ms] [34;1m[rows:1][0m INSERT INTO log_requests (id, method, endpoint, status_code, request_body, response_body, user_id, duration_ms, ip_address, error_message, created_at) VALUES ('004b6861-b20c-4742-8fc2-0dfe7955193c', 'POST', '/api/products/list', 200, '{"page":1,"limit":1,"search":""}', '{"code":"00","status":true,"message":"Daftar produk","data":[{"id":4,"barcode":"8992260464338","sku":"SEM-0003","name":"Gula Pasir 1kg","category_id":1,"category_name":"Sembako Test","purchase_price":0,"selling_price":15000,"stock":50,"reserved_qty":0,"min_stock":5,"unit_id":1,"unit_name":"Pieces","unit_abbreviation":"Pcs","is_active":false,"extra_packages":0,"price_tiers_count":0}],"pagination":{"page":1,"per_page":1,"total":11,"total_pages":11}}', 2, 7, '::1', NULL, '2026-07-26 00:35:32.233')
[GIN] 2026/07/26 - 00:35:32 | 204 |            0s |             ::1 | OPTIONS  "/api/suppliers/options"
[GIN] 2026/07/26 - 00:35:32 | 204 |            0s |             ::1 | OPTIONS  "/api/payment-statuses/list"
[GIN] 2026/07/26 - 00:35:32 | 204 |            0s |             ::1 | OPTIONS  "/api/settings/pagination_sizes"
[GIN] 2026/07/26 - 00:35:32 | 204 |            0s |             ::1 | OPTIONS  "/api/payment-methods/list"

2026/07/26 00:35:32 [32mD:/Develop/Project_pos_mahenz/BE/domain/auth/repo/auth_repo.go:46
[0m[33m[0.524ms] [34;1m[rows:1][0m SELECT id, user_id, user_role, token, device_info, expires_at FROM sessions WHERE token = 'eyJhbGciOiJIUzI1NiIsInR5cCI6IkpXVCJ9.eyJhcHBzIjoid2ViIiwiZXhwIjoxNzg1MDI5NzMxLCJmdWxsX25hbWUiOiJBZG1pbmlzdHJhdG9yIiwicm9sZSI6ImFkbWluIiwidXNlcl9pZCI6MiwidXNlcm5hbWUiOiJhZG1pbiJ9.M6QY4qoOUO5MbnC5n6X6bPMJskpoSBoxKTV65f04c48' LIMIT 1
[GIN] 2026/07/26 - 00:35:32 | 204 |            0s |             ::1 | OPTIONS  "/api/supplier-purchases/list"

2026/07/26 00:35:32 [32mD:/Develop/Project_pos_mahenz/BE/domain/supplier/repo/supplier_repo.go:44
[0m[33m[0.527ms] [34;1m[rows:1][0m SELECT COUNT(*) FROM suppliers WHERE 1=1

2026/07/26 00:35:32 [32mD:/Develop/Project_pos_mahenz/BE/domain/auth/repo/auth_repo.go:46
[0m[33m[0.532ms] [34;1m[rows:1][0m SELECT id, user_id, user_role, token, device_info, expires_at FROM sessions WHERE token = 'eyJhbGciOiJIUzI1NiIsInR5cCI6IkpXVCJ9.eyJhcHBzIjoid2ViIiwiZXhwIjoxNzg1MDI5NzMxLCJmdWxsX25hbWUiOiJBZG1pbmlzdHJhdG9yIiwicm9sZSI6ImFkbWluIiwidXNlcl9pZCI6MiwidXNlcm5hbWUiOiJhZG1pbiJ9.M6QY4qoOUO5MbnC5n6X6bPMJskpoSBoxKTV65f04c48' LIMIT 1

2026/07/26 00:35:32 [32mD:/Develop/Project_pos_mahenz/BE/domain/supplier/repo/supplier_repo.go:67
[0m[33m[0.532ms] [34;1m[rows:1][0m SELECT id, supplier_code, name, address, phone, email, contact_person, notes, is_active, created_at FROM suppliers WHERE 1=1 ORDER BY name ASC LIMIT 10 OFFSET 0
[GIN] 2026/07/26 - 00:35:32 | 200 |      2.0896ms |             ::1 | POST     "/api/suppliers/list"

2026/07/26 00:35:32 [32mD:/Develop/Project_pos_mahenz/BE/domain/supplier/repo/supplier_repo.go:81
[0m[33m[0.000ms] [34;1m[rows:1][0m SELECT id, supplier_code, name FROM suppliers WHERE is_active = 1 ORDER BY name
[GIN] 2026/07/26 - 00:35:32 | 200 |      1.5892ms |             ::1 | POST     "/api/suppliers/options"

2026/07/26 00:35:32 [32mD:/Develop/Project_pos_mahenz/BE/domain/auth/repo/auth_repo.go:46
[0m[33m[0.000ms] [34;1m[rows:1][0m SELECT id, user_id, user_role, token, device_info, expires_at FROM sessions WHERE token = 'eyJhbGciOiJIUzI1NiIsInR5cCI6IkpXVCJ9.eyJhcHBzIjoid2ViIiwiZXhwIjoxNzg1MDI5NzMxLCJmdWxsX25hbWUiOiJBZG1pbmlzdHJhdG9yIiwicm9sZSI6ImFkbWluIiwidXNlcl9pZCI6MiwidXNlcm5hbWUiOiJhZG1pbiJ9.M6QY4qoOUO5MbnC5n6X6bPMJskpoSBoxKTV65f04c48' LIMIT 1

2026/07/26 00:35:32 [32mD:/Develop/Project_pos_mahenz/BE/domain/auth/repo/auth_repo.go:46
[0m[33m[0.520ms] [34;1m[rows:1][0m SELECT id, user_id, user_role, token, device_info, expires_at FROM sessions WHERE token = 'eyJhbGciOiJIUzI1NiIsInR5cCI6IkpXVCJ9.eyJhcHBzIjoid2ViIiwiZXhwIjoxNzg1MDI5NzMxLCJmdWxsX25hbWUiOiJBZG1pbmlzdHJhdG9yIiwicm9sZSI6ImFkbWluIiwidXNlcl9pZCI6MiwidXNlcm5hbWUiOiJhZG1pbiJ9.M6QY4qoOUO5MbnC5n6X6bPMJskpoSBoxKTV65f04c48' LIMIT 1

2026/07/26 00:35:32 [32mD:/Develop/Project_pos_mahenz/BE/domain/payment_status/repo/payment_status_repo.go:9
[0m[33m[0.000ms] [34;1m[rows:3][0m SELECT id, code, label, is_active, sort_order FROM payment_statuses WHERE is_active = 1 ORDER BY sort_order ASC
[GIN] 2026/07/26 - 00:35:32 | 200 |      1.5794ms |             ::1 | POST     "/api/payment-statuses/list"

2026/07/26 00:35:32 [32mD:/Develop/Project_pos_mahenz/BE/domain/setting/repo/setting_repo.go:32
[0m[33m[0.529ms] [34;1m[rows:-][0m SELECT setting_key, setting_value FROM settings WHERE setting_key = 'pagination_sizes'
[GIN] 2026/07/26 - 00:35:32 | 200 |      1.5795ms |             ::1 | GET      "/api/settings/pagination_sizes"

2026/07/26 00:35:32 [32mD:/Develop/Project_pos_mahenz/BE/repository/log_request_repository.go:32
[0m[33m[2.635ms] [34;1m[rows:1][0m INSERT INTO log_requests (id, method, endpoint, status_code, request_body, response_body, user_id, duration_ms, ip_address, error_message, created_at) VALUES ('b860a7db-c205-42f7-8990-1c8492d4f85a', 'POST', '/api/suppliers/list', 200, '{"page":1,"limit":200,"search":""}', '{"code":"00","status":true,"message":"Daftar supplier","data":[{"id":1,"supplier_code":"SUP-001","name":"Supplier Test Fase14","address":"Jl. Test","phone":"08123456789","email":"","contact_person":"","notes":"","is_active":true,"created_at":"2026-07-25T13:19:10+07:00"}],"pagination":{"page":1,"per_page":200,"total":1,"total_pages":1}}', 2, 1, '::1', NULL, '2026-07-26 00:35:32.334')

2026/07/26 00:35:32 [32mD:/Develop/Project_pos_mahenz/BE/repository/log_request_repository.go:32
[0m[33m[2.105ms] [34;1m[rows:1][0m INSERT INTO log_requests (id, method, endpoint, status_code, request_body, response_body, user_id, duration_ms, ip_address, error_message, created_at) VALUES ('9bd4f3c6-d8b4-4e0b-8359-878f04ec695c', 'POST', '/api/suppliers/options', 200, '{"search":""}', '{"code":"00","status":true,"message":"Opsi supplier","data":[{"id":1,"supplier_code":"SUP-001","name":"Supplier Test Fase14"}]}', 2, 1, '::1', NULL, '2026-07-26 00:35:32.335')

2026/07/26 00:35:32 [32mD:/Develop/Project_pos_mahenz/BE/domain/auth/repo/auth_repo.go:46
[0m[33m[1.284ms] [34;1m[rows:1][0m SELECT id, user_id, user_role, token, device_info, expires_at FROM sessions WHERE token = 'eyJhbGciOiJIUzI1NiIsInR5cCI6IkpXVCJ9.eyJhcHBzIjoid2ViIiwiZXhwIjoxNzg1MDI5NzMxLCJmdWxsX25hbWUiOiJBZG1pbmlzdHJhdG9yIiwicm9sZSI6ImFkbWluIiwidXNlcl9pZCI6MiwidXNlcm5hbWUiOiJhZG1pbiJ9.M6QY4qoOUO5MbnC5n6X6bPMJskpoSBoxKTV65f04c48' LIMIT 1

2026/07/26 00:35:32 [32mD:/Develop/Project_pos_mahenz/BE/repository/log_request_repository.go:32
[0m[33m[6.607ms] [34;1m[rows:1][0m INSERT INTO log_requests (id, method, endpoint, status_code, request_body, response_body, user_id, duration_ms, ip_address, error_message, created_at) VALUES ('e42bebd4-f22c-4239-8fe9-32757c44e253', 'GET', '/api/settings/pagination_sizes', 200, '', '{"code":"00","status":true,"message":"Detail pengaturan","data":{"key":"pagination_sizes","value":"[10,20,50]"}}', 2, 1, '::1', NULL, '2026-07-26 00:35:32.336')

2026/07/26 00:35:32 [32mD:/Develop/Project_pos_mahenz/BE/repository/log_request_repository.go:32
[0m[33m[8.134ms] [34;1m[rows:1][0m INSERT INTO log_requests (id, method, endpoint, status_code, request_body, response_body, user_id, duration_ms, ip_address, error_message, created_at) VALUES ('d34cdbad-df06-426e-b280-7da0338482f5', 'POST', '/api/payment-statuses/list', 200, '{}', '{"code":"00","status":true,"message":"Daftar status pembayaran","data":[{"id":1,"code":"unpaid","label":"Hutang","is_active":1,"sort_order":1},{"id":2,"code":"partial","label":"Bayar Sebagian","is_active":1,"sort_order":2},{"id":3,"code":"paid","label":"Lunas","is_active":1,"sort_order":3}]}', 2, 1, '::1', NULL, '2026-07-26 00:35:32.336')

2026/07/26 00:35:32 [32mD:/Develop/Project_pos_mahenz/BE/domain/payment_method/repo/payment_method_repo.go:9
[0m[33m[0.959ms] [34;1m[rows:5][0m SELECT id, code, label, is_active, sort_order FROM payment_methods WHERE is_active = 1 ORDER BY sort_order ASC
[GIN] 2026/07/26 - 00:35:32 | 200 |     20.9799ms |             ::1 | POST     "/api/payment-methods/list"

2026/07/26 00:35:32 [32mD:/Develop/Project_pos_mahenz/BE/domain/auth/repo/auth_repo.go:46
[0m[33m[21.659ms] [34;1m[rows:1][0m SELECT id, user_id, user_role, token, device_info, expires_at FROM sessions WHERE token = 'eyJhbGciOiJIUzI1NiIsInR5cCI6IkpXVCJ9.eyJhcHBzIjoid2ViIiwiZXhwIjoxNzg1MDI5NzMxLCJmdWxsX25hbWUiOiJBZG1pbmlzdHJhdG9yIiwicm9sZSI6ImFkbWluIiwidXNlcl9pZCI6MiwidXNlcm5hbWUiOiJhZG1pbiJ9.M6QY4qoOUO5MbnC5n6X6bPMJskpoSBoxKTV65f04c48' LIMIT 1

2026/07/26 00:35:32 [32mD:/Develop/Project_pos_mahenz/BE/domain/supplier_purchase/repo/purchase_repo.go:124
[0m[33m[1.327ms] [34;1m[rows:1][0m SELECT COUNT(*) FROM purchases p WHERE 1=1 AND DATE(p.purchase_date) >= '2026-07-01' AND DATE(p.purchase_date) <= '2026-07-26'

2026/07/26 00:35:32 [32mD:/Develop/Project_pos_mahenz/BE/repository/log_request_repository.go:32
[0m[33m[2.758ms] [34;1m[rows:1][0m INSERT INTO log_requests (id, method, endpoint, status_code, request_body, response_body, user_id, duration_ms, ip_address, error_message, created_at) VALUES ('c25044e9-7dfe-46f4-b94a-85fd73440fae', 'POST', '/api/payment-methods/list', 200, '{}', '{"code":"00","status":true,"message":"Daftar metode pembayaran","data":[{"id":1,"code":"cash","label":"Tunai","is_active":1,"sort_order":1},{"id":2,"code":"transfer","label":"Transfer Bank","is_active":1,"sort_order":2},{"id":3,"code":"card","label":"Kartu","is_active":1,"sort_order":3},{"id":4,"code":"qris","label":"QRIS","is_active":1,"sort_order":4},{"id":5,"code":"kredit","label":"Kredit","is_active":1,"sort_order":5}]}', 2, 20, '::1', NULL, '2026-07-26 00:35:32.358')

2026/07/26 00:35:32 [32mD:/Develop/Project_pos_mahenz/BE/domain/supplier_purchase/repo/purchase_repo.go:141
[0m[33m[1.292ms] [34;1m[rows:-][0m SELECT p.id, p.purchase_code, p.invoice_number, p.supplier_id, COALESCE(s.name, '') as supplier_name, p.purchase_date, p.discount_amount, p.total_amount, p.payment_status, p.paid_amount, p.remaining_amount, p.status, COALESCE(u.full_name, '') as user_name, p.notes FROM purchases p LEFT JOIN users u ON p.user_id = u.id LEFT JOIN suppliers s ON p.supplier_id = s.id WHERE 1=1 AND DATE(p.purchase_date) >= '2026-07-01' AND DATE(p.purchase_date) <= '2026-07-26' ORDER BY p.purchase_date DESC, p.id DESC LIMIT 10 OFFSET 0
[GIN] 2026/07/26 - 00:35:32 | 200 |     24.9726ms |             ::1 | POST     "/api/supplier-purchases/list"

2026/07/26 00:35:32 [32mD:/Develop/Project_pos_mahenz/BE/repository/log_request_repository.go:32
[0m[33m[2.877ms] [34;1m[rows:1][0m INSERT INTO log_requests (id, method, endpoint, status_code, request_body, response_body, user_id, duration_ms, ip_address, error_message, created_at) VALUES ('51277abb-af0a-4210-bfd2-694a22d7d432', 'POST', '/api/supplier-purchases/list', 200, '{"page":1,"limit":10,"start_date":"2026-07-01","end_date":"2026-07-26"}', '{"code":"00","status":true,"message":"Daftar purchase order","data":[{"id":6,"purchase_code":"PO-20260726-004","invoice_number":"INV-QA-NORMAL","supplier_id":1,"supplier_name":"Supplier Test Fase14","purchase_date":"2026-07-26T00:00:00+07:00","discount_amount":500,"total_amount":2500,"payment_status":"unpaid","paid_amount":0,"remaining_amount":2500,"status":"active","user_name":"Administrator","notes":""},{"id":5,"purchase_code":"PO-20260726-003","invoice_number":"INV-QA-DISKON-PAS","supplier_id":1,"supplier_name":"Supplier Test Fase14","purchase_date":"2026-07-26T00:00:00+07:00","discount_amount":2000,"total_amount":0,"payment_status":"unpaid","paid_amount":0,"remaining_amount":0,"status":"active","user_name":"Administrator","notes":""},{"id":4,"purchase_code":"PO-20260726-002","invoice_number":"INV-QA-DUP-PRODUCT","supplier_id":1,"supplier_name":"Supplier Test Fase14","purchase_date":"2026-07-26T00:00:00+07:00","discount_amount":0,"total_amount":8000,"payment_status":"unpaid","paid_amount":0,"remaining_amount":8000,"status":"active","user_name":"Administrator","notes":""},{"id":3,"purchase_code":"PO-20260726-001","invoice_number":"INV-QA-DISKON-BUG","supplier_id":1,"supplier_name":"Supplier Test Fase14","purchase_date":"2026-07-26T00:00:00+07:00","discount_amount":5000,"total_amount":0,"payment_status":"unpaid","paid_amount":0,"remaining_amount":0,"status":"active","user_name":"Administrator","notes":""},{"id":2,"purchase_code":"PO-20260725-002","invoice_number":"INV-EXP-002","supplier_id":1,"supplier_name":"Supplier Test Fase14","purchase_date":"2026-07-25T00:00:00+07:00","discount_amount":0,"total_amount":4000,"payment_status":"unpaid","paid_amount":0,"remaining_amount":4000,"status":"active","user_name":"Administrator","notes":""},{"id":1,"purchase_code":"PO-20260725-001","invoice_number":"INV-EXP-001","supplier_id":1,"supplier_name":"Supplier Test Fase14","purchase_date":"2026-07-25T00:00:00+07:00","discount_amount":0,"total_amount":8000,"payment_status":"unpaid","paid_amount":0,"remaining_amount":8000,"status":"active","user_name":"Administrator","notes":""}],"pagination":{"page":1,"per_page":10,"total":6,"total_pages":1}}', 2, 24, '::1', NULL, '2026-07-26 00:35:32.361')
[GIN] 2026/07/26 - 00:35:33 | 204 |            0s |             ::1 | OPTIONS  "/api/supplier-purchases/generate-code"

2026/07/26 00:35:33 [32mD:/Develop/Project_pos_mahenz/BE/domain/auth/repo/auth_repo.go:46
[0m[33m[0.619ms] [34;1m[rows:1][0m SELECT id, user_id, user_role, token, device_info, expires_at FROM sessions WHERE token = 'eyJhbGciOiJIUzI1NiIsInR5cCI6IkpXVCJ9.eyJhcHBzIjoid2ViIiwiZXhwIjoxNzg1MDI5NzMxLCJmdWxsX25hbWUiOiJBZG1pbmlzdHJhdG9yIiwicm9sZSI6ImFkbWluIiwidXNlcl9pZCI6MiwidXNlcm5hbWUiOiJhZG1pbiJ9.M6QY4qoOUO5MbnC5n6X6bPMJskpoSBoxKTV65f04c48' LIMIT 1

2026/07/26 00:35:33 [32mD:/Develop/Project_pos_mahenz/BE/domain/supplier_purchase/repo/purchase_repo.go:272
[0m[33m[0.636ms] [34;1m[rows:1][0m SELECT COUNT(*) FROM purchases WHERE DATE(purchase_date) = '2026-07-26'
[GIN] 2026/07/26 - 00:35:33 | 200 |      1.2547ms |             ::1 | POST     "/api/supplier-purchases/generate-code"

2026/07/26 00:35:33 [32mD:/Develop/Project_pos_mahenz/BE/repository/log_request_repository.go:32
[0m[33m[9.932ms] [34;1m[rows:1][0m INSERT INTO log_requests (id, method, endpoint, status_code, request_body, response_body, user_id, duration_ms, ip_address, error_message, created_at) VALUES ('74d1e58b-d1f6-4b22-a876-80eed172eb3a', 'POST', '/api/supplier-purchases/generate-code', 200, '{}', '{"code":"00","status":true,"message":"Generate kode PO","data":{"purchase_code":"PO-20260726-005"}}', 2, 1, '::1', NULL, '2026-07-26 00:35:33.719')

2026/07/26 00:35:35 [32mD:/Develop/Project_pos_mahenz/BE/domain/auth/repo/auth_repo.go:46
[0m[33m[0.508ms] [34;1m[rows:1][0m SELECT id, user_id, user_role, token, device_info, expires_at FROM sessions WHERE token = 'eyJhbGciOiJIUzI1NiIsInR5cCI6IkpXVCJ9.eyJhcHBzIjoid2ViIiwiZXhwIjoxNzg1MDI5NzMxLCJmdWxsX25hbWUiOiJBZG1pbmlzdHJhdG9yIiwicm9sZSI6ImFkbWluIiwidXNlcl9pZCI6MiwidXNlcm5hbWUiOiJhZG1pbiJ9.M6QY4qoOUO5MbnC5n6X6bPMJskpoSBoxKTV65f04c48' LIMIT 1

2026/07/26 00:35:35 [32mD:/Develop/Project_pos_mahenz/BE/domain/supplier/repo/supplier_repo.go:81
[0m[33m[0.711ms] [34;1m[rows:1][0m SELECT id, supplier_code, name FROM suppliers WHERE is_active = 1 AND name LIKE '%Fase14%' ORDER BY name LIMIT 20
[GIN] 2026/07/26 - 00:35:35 | 200 |      1.7587ms |             ::1 | POST     "/api/suppliers/options"

2026/07/26 00:35:35 [32mD:/Develop/Project_pos_mahenz/BE/repository/log_request_repository.go:32
[0m[33m[9.023ms] [34;1m[rows:1][0m INSERT INTO log_requests (id, method, endpoint, status_code, request_body, response_body, user_id, duration_ms, ip_address, error_message, created_at) VALUES ('b7a96e98-2916-4698-8071-ad70cf5be27f', 'POST', '/api/suppliers/options', 200, '{"search":"Fase14"}', '{"code":"00","status":true,"message":"Opsi supplier","data":[{"id":1,"supplier_code":"SUP-001","name":"Supplier Test Fase14"}]}', 2, 1, '::1', NULL, '2026-07-26 00:35:35.144')
[GIN] 2026/07/26 - 00:35:36 | 204 |            0s |             ::1 | OPTIONS  "/api/products/search"

2026/07/26 00:35:36 [32mD:/Develop/Project_pos_mahenz/BE/domain/auth/repo/auth_repo.go:46
[0m[33m[1.463ms] [34;1m[rows:1][0m SELECT id, user_id, user_role, token, device_info, expires_at FROM sessions WHERE token = 'eyJhbGciOiJIUzI1NiIsInR5cCI6IkpXVCJ9.eyJhcHBzIjoid2ViIiwiZXhwIjoxNzg1MDI5NzMxLCJmdWxsX25hbWUiOiJBZG1pbmlzdHJhdG9yIiwicm9sZSI6ImFkbWluIiwidXNlcl9pZCI6MiwidXNlcm5hbWUiOiJhZG1pbiJ9.M6QY4qoOUO5MbnC5n6X6bPMJskpoSBoxKTV65f04c48' LIMIT 1

2026/07/26 00:35:36 [32mD:/Develop/Project_pos_mahenz/BE/domain/product/repo/product_repo.go:170
[0m[33m[0.998ms] [34;1m[rows:1][0m 
		SELECT p.id, p.barcode, p.name, p.selling_price, (p.stock - p.reserved_qty) as stock, p.min_stock,
		       COALESCE(p.unit_id, 0) as unit_id, COALESCE(u.name, '') as unit_name
		FROM products p
		LEFT JOIN units u ON u.id = p.unit_id
		WHERE p.is_active = 1 AND (p.name LIKE '%Rokok Test Berantai%' OR p.barcode LIKE '%Rokok Test Berantai%') LIMIT 20
[GIN] 2026/07/26 - 00:35:36 | 200 |      3.4765ms |             ::1 | POST     "/api/products/search"

2026/07/26 00:35:36 [32mD:/Develop/Project_pos_mahenz/BE/repository/log_request_repository.go:32
[0m[33m[11.033ms] [34;1m[rows:1][0m INSERT INTO log_requests (id, method, endpoint, status_code, request_body, response_body, user_id, duration_ms, ip_address, error_message, created_at) VALUES ('db82bdd1-6013-4343-ac69-327d0dd8c2d6', 'POST', '/api/products/search', 200, '{"q":"Rokok Test Berantai","limit":20}', '{"code":"00","status":true,"message":"Hasil pencarian produk","data":[{"id":12,"barcode":"8997789608850","name":"Rokok Test Berantai","selling_price":1000,"stock":1024,"min_stock":5,"unit_id":2,"unit_name":"Batang"}]}', 2, 3, '::1', NULL, '2026-07-26 00:35:36.562')
[GIN] 2026/07/26 - 00:35:36 | 204 |            0s |             ::1 | OPTIONS  "/api/products/12/packages/list"

2026/07/26 00:35:36 [32mD:/Develop/Project_pos_mahenz/BE/domain/auth/repo/auth_repo.go:46
[0m[33m[0.505ms] [34;1m[rows:1][0m SELECT id, user_id, user_role, token, device_info, expires_at FROM sessions WHERE token = 'eyJhbGciOiJIUzI1NiIsInR5cCI6IkpXVCJ9.eyJhcHBzIjoid2ViIiwiZXhwIjoxNzg1MDI5NzMxLCJmdWxsX25hbWUiOiJBZG1pbmlzdHJhdG9yIiwicm9sZSI6ImFkbWluIiwidXNlcl9pZCI6MiwidXNlcm5hbWUiOiJhZG1pbiJ9.M6QY4qoOUO5MbnC5n6X6bPMJskpoSBoxKTV65f04c48' LIMIT 1

2026/07/26 00:35:36 [32mD:/Develop/Project_pos_mahenz/BE/domain/product/repo/product_repo.go:136
[0m[33m[0.728ms] [34;1m[rows:1][0m 
		SELECT p.id, p.barcode, COALESCE(p.sku, '') as sku, p.name, p.category_id, COALESCE(c.name, '') as category_name,
		       p.purchase_price, p.selling_price, p.stock, p.reserved_qty, p.min_stock,
		       COALESCE(p.unit_id, 0) as unit_id, COALESCE(u.name, '') as unit_name, COALESCE(u.abbreviation, '') as unit_abbreviation,
		       p.is_active, p.created_at, p.updated_at,
		       (SELECT COUNT(*) FROM product_packages pp WHERE pp.product_id = p.id AND pp.is_default = 0) AS extra_packages,
		       (SELECT COUNT(*) FROM product_prices pr WHERE pr.product_id = p.id) AS price_tiers_count
		FROM products p
		LEFT JOIN categories c ON p.category_id = c.id
		LEFT JOIN units u ON u.id = p.unit_id
		WHERE p.id = 12 LIMIT 1

2026/07/26 00:35:36 [32mD:/Develop/Project_pos_mahenz/BE/domain/product/repo/product_package_repo.go:23
[0m[33m[1.143ms] [34;1m[rows:4][0m 
		SELECT pp.id, pp.product_id, pp.unit_id, COALESCE(u.name, '') AS unit_name, COALESCE(u.abbreviation, '') AS abbreviation,
		       COALESCE(pp.package_name, '') AS package_name, pp.ref_package_id, pp.qty, pp.ref_qty, pp.purchase_price, pp.selling_price, pp.is_default
		FROM product_packages pp
		JOIN units u ON u.id = pp.unit_id
		WHERE pp.product_id = 12
[GIN] 2026/07/26 - 00:35:36 | 200 |      3.4945ms |             ::1 | POST     "/api/products/12/packages/list"

2026/07/26 00:35:36 [32mD:/Develop/Project_pos_mahenz/BE/repository/log_request_repository.go:32
[0m[33m[2.683ms] [34;1m[rows:1][0m INSERT INTO log_requests (id, method, endpoint, status_code, request_body, response_body, user_id, duration_ms, ip_address, error_message, created_at) VALUES ('de5627d1-8935-4298-80e0-053f724d8f08', 'POST', '/api/products/12/packages/list', 200, '{}', '{"code":"00","status":true,"message":"Daftar paket produk","data":[{"id":13,"product_id":12,"unit_id":2,"unit_name":"Batang","abbreviation":"Btg","package_name":"","ref_package_id":null,"qty":1,"ref_qty":null,"resolved_factor":1,"purchase_price":800,"selling_price":1000,"is_default":true},{"id":14,"product_id":12,"unit_id":3,"unit_name":"Pack","abbreviation":"Pack","package_name":"","ref_package_id":13,"qty":1,"ref_qty":20,"resolved_factor":20,"purchase_price":15000,"selling_price":20000,"is_default":false},{"id":15,"product_id":12,"unit_id":4,"unit_name":"Slop","abbreviation":"Slop","package_name":"","ref_package_id":14,"qty":1,"ref_qty":10,"resolved_factor":200,"purchase_price":140000,"selling_price":150000,"is_default":false},{"id":16,"product_id":12,"unit_id":1,"unit_name":"Pieces","abbreviation":"Pcs","package_name":"","ref_package_id":15,"qty":1,"ref_qty":5,"resolved_factor":1000,"purchase_price":0,"selling_price":700000,"is_default":false}]}', 2, 3, '::1', NULL, '2026-07-26 00:35:36.988')

2026/07/26 00:36:01 [32mD:/Develop/Project_pos_mahenz/BE/domain/auth/repo/auth_repo.go:46
[0m[33m[1.363ms] [34;1m[rows:1][0m SELECT id, user_id, user_role, token, device_info, expires_at FROM sessions WHERE token = 'eyJhbGciOiJIUzI1NiIsInR5cCI6IkpXVCJ9.eyJhcHBzIjoid2ViIiwiZXhwIjoxNzg1MDI5NzMxLCJmdWxsX25hbWUiOiJBZG1pbmlzdHJhdG9yIiwicm9sZSI6ImFkbWluIiwidXNlcl9pZCI6MiwidXNlcm5hbWUiOiJhZG1pbiJ9.M6QY4qoOUO5MbnC5n6X6bPMJskpoSBoxKTV65f04c48' LIMIT 1

2026/07/26 00:36:01 [32mD:/Develop/Project_pos_mahenz/BE/domain/sync/repo/sync_repo.go:84
[0m[33m[1.128ms] [34;1m[rows:1][0m SELECT COUNT(*) FROM sync_conflicts WHERE status = 'pending'
[GIN] 2026/07/26 - 00:36:01 | 200 |      3.2255ms |             ::1 | GET      "/api/sync/conflicts/count"

2026/07/26 00:36:01 [32mD:/Develop/Project_pos_mahenz/BE/repository/log_request_repository.go:32
[0m[33m[5.080ms] [34;1m[rows:1][0m INSERT INTO log_requests (id, method, endpoint, status_code, request_body, response_body, user_id, duration_ms, ip_address, error_message, created_at) VALUES ('b0fa1067-47e1-4855-81ff-ee89514fe250', 'GET', '/api/sync/conflicts/count', 200, '', '{"code":"00","status":true,"message":"Jumlah konflik pending","data":{"count":0}}', 2, 3, '::1', NULL, '2026-07-26 00:36:01.957')
[GIN] 2026/07/26 - 00:40:13 | 204 |            0s |             ::1 | OPTIONS  "/api/auth/login"

2026/07/26 00:40:13 [32mD:/Develop/Project_pos_mahenz/BE/domain/auth/repo/auth_repo.go:17
[0m[33m[0.833ms] [34;1m[rows:1][0m SELECT u.id, u.username, u.password, u.full_name, u.role_id, r.name AS role_name, u.is_active FROM users u INNER JOIN roles r ON r.id = u.role_id WHERE u.username = 'admin' LIMIT 1

2026/07/26 00:40:14 [32mD:/Develop/Project_pos_mahenz/BE/domain/auth/repo/auth_repo.go:67
[0m[33m[9.259ms] [34;1m[rows:1][0m DELETE FROM sessions WHERE user_id = 2

2026/07/26 00:40:14 [32mD:/Develop/Project_pos_mahenz/BE/domain/auth/repo/auth_repo.go:38
[0m[33m[3.069ms] [34;1m[rows:1][0m INSERT INTO sessions (user_id, user_role, token, refresh_token, device_info, ip_address, expires_at) VALUES (2, 'admin', 'eyJhbGciOiJIUzI1NiIsInR5cCI6IkpXVCJ9.eyJhcHBzIjoid2ViIiwiZXhwIjoxNzg1MDMwMDE0LCJmdWxsX25hbWUiOiJBZG1pbmlzdHJhdG9yIiwicm9sZSI6ImFkbWluIiwidXNlcl9pZCI6MiwidXNlcm5hbWUiOiJhZG1pbiJ9.qxQSLvEEVWNdjJREYlWzcMwN3AiDsqbAwCqZVqDdbMc', '69da83010f1445465f9a224b1351b77c904c8256e5f4bff706392790bde59199', 'web', '::1', '2026-08-02 00:40:14.252') ON DUPLICATE KEY UPDATE user_role=VALUES(user_role), token=VALUES(token), refresh_token=VALUES(refresh_token), device_info=VALUES(device_info), ip_address=VALUES(ip_address), expires_at=VALUES(expires_at), created_at=NOW()
[GIN] 2026/07/26 - 00:40:14 | 200 |    268.0158ms |             ::1 | POST     "/api/auth/login"

2026/07/26 00:40:14 [32mD:/Develop/Project_pos_mahenz/BE/repository/log_request_repository.go:32
[0m[33m[2.148ms] [34;1m[rows:1][0m INSERT INTO log_requests (id, method, endpoint, status_code, request_body, response_body, user_id, duration_ms, ip_address, error_message, created_at) VALUES ('bed70b8b-8639-440e-8733-8f3098d3115a', 'POST', '/api/auth/login', 200, '{"username":"admin","password":"admin123","device_info":"web"}', '{"code":"00","status":true,"message":"Login berhasil","data":{"token":"eyJhbGciOiJIUzI1NiIsInR5cCI6IkpXVCJ9.eyJhcHBzIjoid2ViIiwiZXhwIjoxNzg1MDMwMDE0LCJmdWxsX25hbWUiOiJBZG1pbmlzdHJhdG9yIiwicm9sZSI6ImFkbWluIiwidXNlcl9pZCI6MiwidXNlcm5hbWUiOiJhZG1pbiJ9.qxQSLvEEVWNdjJREYlWzcMwN3AiDsqbAwCqZVqDdbMc","refresh_token":"69da83010f1445465f9a224b1351b77c904c8256e5f4bff706392790bde59199","expires_at":"2026-08-02T00:40:14.2528329+07:00","user":{"id":2,"username":"admin","full_name":"Administrator","role_id":2,"role_name":"admin"}}}', NULL, 268, '::1', NULL, '2026-07-26 00:40:14.265')
[GIN] 2026/07/26 - 00:40:14 | 204 |            0s |             ::1 | OPTIONS  "/api/menus/my"
[GIN] 2026/07/26 - 00:40:14 | 204 |            0s |             ::1 | OPTIONS  "/api/menus/my"

2026/07/26 00:40:14 [32mD:/Develop/Project_pos_mahenz/BE/domain/auth/repo/auth_repo.go:46
[0m[33m[8.558ms] [34;1m[rows:1][0m SELECT id, user_id, user_role, token, device_info, expires_at FROM sessions WHERE token = 'eyJhbGciOiJIUzI1NiIsInR5cCI6IkpXVCJ9.eyJhcHBzIjoid2ViIiwiZXhwIjoxNzg1MDMwMDE0LCJmdWxsX25hbWUiOiJBZG1pbmlzdHJhdG9yIiwicm9sZSI6ImFkbWluIiwidXNlcl9pZCI6MiwidXNlcm5hbWUiOiJhZG1pbiJ9.qxQSLvEEVWNdjJREYlWzcMwN3AiDsqbAwCqZVqDdbMc' LIMIT 1

2026/07/26 00:40:14 [32mD:/Develop/Project_pos_mahenz/BE/domain/menu/repo/menu_repo.go:121
[0m[33m[5.329ms] [34;1m[rows:-][0m 
		SELECT
			m.id,
			m.parent_id,
			m.key_name,
			m.label,
			m.icon,
			m.path,
			m.order_index,
			COALESCE(rma.can_view,   0),
			COALESCE(rma.can_create, 0),
			COALESCE(rma.can_edit,   0),
			COALESCE(rma.can_delete, 0)
		FROM menus m
		LEFT JOIN role_menu_access rma ON rma.menu_id = m.id
			AND rma.role_id = (SELECT id FROM roles WHERE name = 'admin' AND is_active = 1 LIMIT 1)
		WHERE m.is_active = 1
		ORDER BY m.order_index ASC, m.id ASC
		
[GIN] 2026/07/26 - 00:40:14 | 200 |     17.4092ms |             ::1 | POST     "/api/menus/my"

2026/07/26 00:40:14 [32mD:/Develop/Project_pos_mahenz/BE/domain/auth/repo/auth_repo.go:46
[0m[33m[4.419ms] [34;1m[rows:1][0m SELECT id, user_id, user_role, token, device_info, expires_at FROM sessions WHERE token = 'eyJhbGciOiJIUzI1NiIsInR5cCI6IkpXVCJ9.eyJhcHBzIjoid2ViIiwiZXhwIjoxNzg1MDMwMDE0LCJmdWxsX25hbWUiOiJBZG1pbmlzdHJhdG9yIiwicm9sZSI6ImFkbWluIiwidXNlcl9pZCI6MiwidXNlcm5hbWUiOiJhZG1pbiJ9.qxQSLvEEVWNdjJREYlWzcMwN3AiDsqbAwCqZVqDdbMc' LIMIT 1

2026/07/26 00:40:14 [32mD:/Develop/Project_pos_mahenz/BE/repository/log_request_repository.go:32
[0m[33m[11.474ms] [34;1m[rows:1][0m INSERT INTO log_requests (id, method, endpoint, status_code, request_body, response_body, user_id, duration_ms, ip_address, error_message, created_at) VALUES ('dba01dbf-4cf9-4483-be28-2d9f880f1051', 'POST', '/api/menus/my', 200, '{}', '{"code":"00","status":true,"message":"Menu akses","data":[{"key_name":"beranda","label":"Beranda","icon":"Home","path":null,"order_index":1,"permission":{"can_view":true,"can_create":true,"can_edit":true,"can_delete":true},"children":[{"key_name":"beranda.dashboard","label":"Dashboard","icon":"LayoutDashboard","path":"/dashboard","order_index":1,"permission":{"can_view":true,"can_create":true,"can_edit":true,"can_delete":true},"children":[]}]},{"key_name":"penjualan","label":"Penjualan","icon":"ShoppingCart","path":null,"order_index":2,"permission":{"can_view":true,"can_create":true,"can_edit":true,"can_delete":true},"children":[{"key_name":"penjualan.kasir","label":"Kasir","icon":"ShoppingCart","path":"/kasir","order_index":1,"permission":{"can_view":true,"can_create":true,"can_edit":true,"can_delete":true},"children":[]},{"key_name":"penjualan.transaksi","label":"Transaksi","icon":"Receipt","path":"/transactions","order_index":2,"permission":{"can_view":true,"can_create":true,"can_edit":true,"can_delete":true},"children":[]}]},{"key_name":"produk","label":"Produk","icon":"Package","path":null,"order_index":3,"permission":{"can_view":true,"can_create":true,"can_edit":true,"can_delete":true},"children":[{"key_name":"produk.produk","label":"Produk","icon":"Package","path":"/products","order_index":1,"permission":{"can_view":true,"can_create":true,"can_edit":true,"can_delete":true},"children":[]},{"key_name":"produk.kategori","label":"Kategori","icon":"Tag","path":"/products/categories","order_index":2,"permission":{"can_view":true,"can_create":true,"can_edit":true,"can_delete":true},"children":[]},{"key_name":"produk.unit","label":"Unit","icon":"PackageSearch","path":"/products/units","order_index":3,"permission":{"can_view":true,"can_create":true,"can_edit":true,"can_delete":true},"children":[]}]},{"key_name":"pengadaan","label":"Pengadaan","icon":"Truck","path":null,"order_index":4,"permission":{"can_view":true,"can_create":true,"can_edit":true,"can_delete":true},"children":[{"key_name":"pengadaan.supplier","label":"Supplier","icon":"Truck","path":"/suppliers","order_index":1,"permission":{"can_view":true,"can_create":true,"can_edit":true,"can_delete":true},"children":[]},{"key_name":"pengadaan.pembelian","label":"Pembelian","icon":"ShoppingBag","path":"/suppliers/purchases","order_index":2,"permission":{"can_view":true,"can_create":true,"can_edit":true,"can_delete":true},"children":[]},{"key_name":"pengadaan.retur","label":"Retur","icon":"RotateCcw","path":"/suppliers/returns","order_index":3,"permission":{"can_view":true,"can_create":true,"can_edit":true,"can_delete":true},"children":[]}]},{"key_name":"pelanggan","label":"Pelanggan","icon":"Users","path":null,"order_index":5,"permission":{"can_view":true,"can_create":true,"can_edit":true,"can_delete":true},"children":[{"key_name":"pelanggan.pelanggan","label":"Pelanggan","icon":"Users","path":"/customers","order_index":1,"permission":{"can_view":true,"can_create":true,"can_edit":true,"can_delete":true},"children":[]},{"key_name":"pelanggan.piutang","label":"Piutang","icon":"CreditCard","path":"/receivables","order_index":2,"permission":{"can_view":true,"can_create":true,"can_edit":true,"can_delete":true},"children":[]}]},{"key_name":"keuangan","label":"Keuangan","icon":"Wallet","path":null,"order_index":6,"permission":{"can_view":true,"can_create":true,"can_edit":true,"can_delete":true},"children":[{"key_name":"keuangan.dashboard","label":"Dashboard Keuangan","icon":"Wallet","path":"/finance","order_index":1,"permission":{"can_view":true,"can_create":true,"can_edit":true,"can_delete":true},"children":[]},{"key_name":"keuangan.kas_harian","label":"Kas Harian","icon":"Landmark","path":"/finance/cash-drawer","order_index":2,"permission":{"can_view":true,"can_create":true,"can_edit":true,"can_delete":true},"children":[]},{"key_name":"keuangan.pengeluaran","label":"Pengeluaran","icon":"TrendingDown","path":"/finance/expenses","order_index":3,"permission":{"can_view":true,"can_create":true,"can_edit":true,"can_delete":true},"children":[]},{"key_name":"keuangan.kas_saya","label":"Kas Saya","icon":"Wallet","path":"/finance/my-cash","order_index":4,"permission":{"can_view":true,"can_create":true,"can_edit":true,"can_delete":true},"children":[]}]},{"key_name":"pelaporan","label":"Pelaporan","icon":"BarChart2","path":null,"order_index":7,"permission":{"can_view":true,"can_create":true,"can_edit":true,"can_delete":true},"children":[{"key_name":"pelaporan.penjualan","label":"Penjualan","icon":"TrendingUp","path":"/reports/sales","order_index":1,"permission":{"can_view":true,"can_create":true,"can_edit":true,"can_delete":true},"children":[]},{"key_name":"pelaporan.laba_rugi","label":"Laba Rugi","icon":"LineChart","path":"/reports/profit-loss","order_index":2,"permission":{"can_view":true,"can_create":true,"can_edit":true,"can_delete":true},"children":[]},{"key_name":"pelaporan.stok","label":"Stok","icon":"PackageSearch","path":"/reports/stock","order_index":3,"permission":{"can_view":true,"can_create":true,"can_edit":true,"can_delete":true},"children":[]},{"key_name":"pelaporan.kinerja_kasir","label":"Kinerja Kasir","icon":"BarChart2","path":"/reports/cashier","order_index":4,"permission":{"can_view":true,"can_create":true,"can_edit":true,"can_delete":true},"children":[]},{"key_name":"pelaporan.ringkasan_bisnis","label":"Ringkasan Bisnis","icon":"BarChart3","path":"/reports/business-summary","order_index":5,"permission":{"can_view":true,"can_create":true,"can_edit":true,"can_delete":true},"children":[]}]},{"key_name":"operasional","label":"Operasional","icon":"Clock","path":null,"order_index":8,"permission":{"can_view":true,"can_create":true,"can_edit":true,"can_delete":true},"children":[{"key_name":"operasional.shift","label":"Shift","icon":"Clock","path":"/shifts","order_index":1,"permission":{"can_view":true,"can_create":true,"can_edit":true,"can_delete":true},"children":[]},{"key_name":"operasional.sync","label":"Sync Center","icon":"RefreshCw","path":"/sync","order_index":2,"permission":{"can_view":true,"can_create":true,"can_edit":true,"can_delete":true},"children":[]}]},{"key_name":"sistem","label":"Sistem","icon":"Settings","path":null,"order_index":9,"permission":{"can_view":true,"can_create":true,"can_edit":true,"can_delete":true},"children":[{"key_name":"sistem.profil_toko","label":"Profil Toko","icon":"Settings","path":"/settings/store","order_index":1,"permission":{"can_view":true,"can_create":true,"can_edit":true,"can_delete":true},"children":[]},{"key_name":"sistem.users","label":"Manajemen User","icon":"Users","path":"/settings/users","order_index":2,"permission":{"can_view":true,"can_create":true,"can_edit":true,"can_delete":true},"children":[]},{"key_name":"sistem.roles","label":"Manajemen Role","icon":"Shield","path":"/settings/roles","order_index":3,"permission":{"can_view":true,"can_create":true,"can_edit":true,"can_delete":true},"children":[]},{"key_name":"sistem.menus","label":"Manajemen Menu","icon":"LayoutList","path":"/settings/menus","order_index":4,"permission":{"can_view":true,"can_create":true,"can_edit":true,"can_delete":true},"children":[]},{"key_name":"sistem.printer","label":"Printer","icon":"Printer","path":"/settings/printer","order_index":5,"permission":{"can_view":true,"can_create":true,"can_edit":true,"can_delete":true},"children":[]},{"key_name":"sistem.versi","label":"Versi Aplikasi","icon":"RefreshCw","path":"/settings/versions","order_index":6,"permission":{"can_view":true,"can_create":true,"can_edit":true,"can_delete":true},"children":[]},{"key_name":"sistem.backup","label":"Backup \u0026 Restore","icon":"DatabaseBackup","path":"/settings/backup","order_index":7,"permission":{"can_view":true,"can_create":true,"can_edit":true,"can_delete":true},"children":[]}]}]}', 2, 17, '::1', NULL, '2026-07-26 00:40:14.291')

2026/07/26 00:40:14 [32mD:/Develop/Project_pos_mahenz/BE/domain/menu/repo/menu_repo.go:121
[0m[33m[17.423ms] [34;1m[rows:-][0m 
		SELECT
			m.id,
			m.parent_id,
			m.key_name,
			m.label,
			m.icon,
			m.path,
			m.order_index,
			COALESCE(rma.can_view,   0),
			COALESCE(rma.can_create, 0),
			COALESCE(rma.can_edit,   0),
			COALESCE(rma.can_delete, 0)
		FROM menus m
		LEFT JOIN role_menu_access rma ON rma.menu_id = m.id
			AND rma.role_id = (SELECT id FROM roles WHERE name = 'admin' AND is_active = 1 LIMIT 1)
		WHERE m.is_active = 1
		ORDER BY m.order_index ASC, m.id ASC
		
[GIN] 2026/07/26 - 00:40:14 | 200 |     24.9713ms |             ::1 | POST     "/api/menus/my"

2026/07/26 00:40:14 [32mD:/Develop/Project_pos_mahenz/BE/repository/log_request_repository.go:32
[0m[33m[2.513ms] [34;1m[rows:1][0m INSERT INTO log_requests (id, method, endpoint, status_code, request_body, response_body, user_id, duration_ms, ip_address, error_message, created_at) VALUES ('64f4b93a-0657-4bf9-b6c5-713922326728', 'POST', '/api/menus/my', 200, '{}', '{"code":"00","status":true,"message":"Menu akses","data":[{"key_name":"beranda","label":"Beranda","icon":"Home","path":null,"order_index":1,"permission":{"can_view":true,"can_create":true,"can_edit":true,"can_delete":true},"children":[{"key_name":"beranda.dashboard","label":"Dashboard","icon":"LayoutDashboard","path":"/dashboard","order_index":1,"permission":{"can_view":true,"can_create":true,"can_edit":true,"can_delete":true},"children":[]}]},{"key_name":"penjualan","label":"Penjualan","icon":"ShoppingCart","path":null,"order_index":2,"permission":{"can_view":true,"can_create":true,"can_edit":true,"can_delete":true},"children":[{"key_name":"penjualan.kasir","label":"Kasir","icon":"ShoppingCart","path":"/kasir","order_index":1,"permission":{"can_view":true,"can_create":true,"can_edit":true,"can_delete":true},"children":[]},{"key_name":"penjualan.transaksi","label":"Transaksi","icon":"Receipt","path":"/transactions","order_index":2,"permission":{"can_view":true,"can_create":true,"can_edit":true,"can_delete":true},"children":[]}]},{"key_name":"produk","label":"Produk","icon":"Package","path":null,"order_index":3,"permission":{"can_view":true,"can_create":true,"can_edit":true,"can_delete":true},"children":[{"key_name":"produk.produk","label":"Produk","icon":"Package","path":"/products","order_index":1,"permission":{"can_view":true,"can_create":true,"can_edit":true,"can_delete":true},"children":[]},{"key_name":"produk.kategori","label":"Kategori","icon":"Tag","path":"/products/categories","order_index":2,"permission":{"can_view":true,"can_create":true,"can_edit":true,"can_delete":true},"children":[]},{"key_name":"produk.unit","label":"Unit","icon":"PackageSearch","path":"/products/units","order_index":3,"permission":{"can_view":true,"can_create":true,"can_edit":true,"can_delete":true},"children":[]}]},{"key_name":"pengadaan","label":"Pengadaan","icon":"Truck","path":null,"order_index":4,"permission":{"can_view":true,"can_create":true,"can_edit":true,"can_delete":true},"children":[{"key_name":"pengadaan.supplier","label":"Supplier","icon":"Truck","path":"/suppliers","order_index":1,"permission":{"can_view":true,"can_create":true,"can_edit":true,"can_delete":true},"children":[]},{"key_name":"pengadaan.pembelian","label":"Pembelian","icon":"ShoppingBag","path":"/suppliers/purchases","order_index":2,"permission":{"can_view":true,"can_create":true,"can_edit":true,"can_delete":true},"children":[]},{"key_name":"pengadaan.retur","label":"Retur","icon":"RotateCcw","path":"/suppliers/returns","order_index":3,"permission":{"can_view":true,"can_create":true,"can_edit":true,"can_delete":true},"children":[]}]},{"key_name":"pelanggan","label":"Pelanggan","icon":"Users","path":null,"order_index":5,"permission":{"can_view":true,"can_create":true,"can_edit":true,"can_delete":true},"children":[{"key_name":"pelanggan.pelanggan","label":"Pelanggan","icon":"Users","path":"/customers","order_index":1,"permission":{"can_view":true,"can_create":true,"can_edit":true,"can_delete":true},"children":[]},{"key_name":"pelanggan.piutang","label":"Piutang","icon":"CreditCard","path":"/receivables","order_index":2,"permission":{"can_view":true,"can_create":true,"can_edit":true,"can_delete":true},"children":[]}]},{"key_name":"keuangan","label":"Keuangan","icon":"Wallet","path":null,"order_index":6,"permission":{"can_view":true,"can_create":true,"can_edit":true,"can_delete":true},"children":[{"key_name":"keuangan.dashboard","label":"Dashboard Keuangan","icon":"Wallet","path":"/finance","order_index":1,"permission":{"can_view":true,"can_create":true,"can_edit":true,"can_delete":true},"children":[]},{"key_name":"keuangan.kas_harian","label":"Kas Harian","icon":"Landmark","path":"/finance/cash-drawer","order_index":2,"permission":{"can_view":true,"can_create":true,"can_edit":true,"can_delete":true},"children":[]},{"key_name":"keuangan.pengeluaran","label":"Pengeluaran","icon":"TrendingDown","path":"/finance/expenses","order_index":3,"permission":{"can_view":true,"can_create":true,"can_edit":true,"can_delete":true},"children":[]},{"key_name":"keuangan.kas_saya","label":"Kas Saya","icon":"Wallet","path":"/finance/my-cash","order_index":4,"permission":{"can_view":true,"can_create":true,"can_edit":true,"can_delete":true},"children":[]}]},{"key_name":"pelaporan","label":"Pelaporan","icon":"BarChart2","path":null,"order_index":7,"permission":{"can_view":true,"can_create":true,"can_edit":true,"can_delete":true},"children":[{"key_name":"pelaporan.penjualan","label":"Penjualan","icon":"TrendingUp","path":"/reports/sales","order_index":1,"permission":{"can_view":true,"can_create":true,"can_edit":true,"can_delete":true},"children":[]},{"key_name":"pelaporan.laba_rugi","label":"Laba Rugi","icon":"LineChart","path":"/reports/profit-loss","order_index":2,"permission":{"can_view":true,"can_create":true,"can_edit":true,"can_delete":true},"children":[]},{"key_name":"pelaporan.stok","label":"Stok","icon":"PackageSearch","path":"/reports/stock","order_index":3,"permission":{"can_view":true,"can_create":true,"can_edit":true,"can_delete":true},"children":[]},{"key_name":"pelaporan.kinerja_kasir","label":"Kinerja Kasir","icon":"BarChart2","path":"/reports/cashier","order_index":4,"permission":{"can_view":true,"can_create":true,"can_edit":true,"can_delete":true},"children":[]},{"key_name":"pelaporan.ringkasan_bisnis","label":"Ringkasan Bisnis","icon":"BarChart3","path":"/reports/business-summary","order_index":5,"permission":{"can_view":true,"can_create":true,"can_edit":true,"can_delete":true},"children":[]}]},{"key_name":"operasional","label":"Operasional","icon":"Clock","path":null,"order_index":8,"permission":{"can_view":true,"can_create":true,"can_edit":true,"can_delete":true},"children":[{"key_name":"operasional.shift","label":"Shift","icon":"Clock","path":"/shifts","order_index":1,"permission":{"can_view":true,"can_create":true,"can_edit":true,"can_delete":true},"children":[]},{"key_name":"operasional.sync","label":"Sync Center","icon":"RefreshCw","path":"/sync","order_index":2,"permission":{"can_view":true,"can_create":true,"can_edit":true,"can_delete":true},"children":[]}]},{"key_name":"sistem","label":"Sistem","icon":"Settings","path":null,"order_index":9,"permission":{"can_view":true,"can_create":true,"can_edit":true,"can_delete":true},"children":[{"key_name":"sistem.profil_toko","label":"Profil Toko","icon":"Settings","path":"/settings/store","order_index":1,"permission":{"can_view":true,"can_create":true,"can_edit":true,"can_delete":true},"children":[]},{"key_name":"sistem.users","label":"Manajemen User","icon":"Users","path":"/settings/users","order_index":2,"permission":{"can_view":true,"can_create":true,"can_edit":true,"can_delete":true},"children":[]},{"key_name":"sistem.roles","label":"Manajemen Role","icon":"Shield","path":"/settings/roles","order_index":3,"permission":{"can_view":true,"can_create":true,"can_edit":true,"can_delete":true},"children":[]},{"key_name":"sistem.menus","label":"Manajemen Menu","icon":"LayoutList","path":"/settings/menus","order_index":4,"permission":{"can_view":true,"can_create":true,"can_edit":true,"can_delete":true},"children":[]},{"key_name":"sistem.printer","label":"Printer","icon":"Printer","path":"/settings/printer","order_index":5,"permission":{"can_view":true,"can_create":true,"can_edit":true,"can_delete":true},"children":[]},{"key_name":"sistem.versi","label":"Versi Aplikasi","icon":"RefreshCw","path":"/settings/versions","order_index":6,"permission":{"can_view":true,"can_create":true,"can_edit":true,"can_delete":true},"children":[]},{"key_name":"sistem.backup","label":"Backup \u0026 Restore","icon":"DatabaseBackup","path":"/settings/backup","order_index":7,"permission":{"can_view":true,"can_create":true,"can_edit":true,"can_delete":true},"children":[]}]}]}', 2, 23, '::1', NULL, '2026-07-26 00:40:14.313')

2026/07/26 00:40:15 [32mD:/Develop/Project_pos_mahenz/BE/domain/auth/repo/auth_repo.go:46
[0m[33m[0.506ms] [34;1m[rows:1][0m SELECT id, user_id, user_role, token, device_info, expires_at FROM sessions WHERE token = 'eyJhbGciOiJIUzI1NiIsInR5cCI6IkpXVCJ9.eyJhcHBzIjoid2ViIiwiZXhwIjoxNzg1MDMwMDE0LCJmdWxsX25hbWUiOiJBZG1pbmlzdHJhdG9yIiwicm9sZSI6ImFkbWluIiwidXNlcl9pZCI6MiwidXNlcm5hbWUiOiJhZG1pbiJ9.qxQSLvEEVWNdjJREYlWzcMwN3AiDsqbAwCqZVqDdbMc' LIMIT 1

2026/07/26 00:40:15 [32mD:/Develop/Project_pos_mahenz/BE/domain/menu/repo/menu_repo.go:121
[0m[33m[0.526ms] [34;1m[rows:-][0m 
		SELECT
			m.id,
			m.parent_id,
			m.key_name,
			m.label,
			m.icon,
			m.path,
			m.order_index,
			COALESCE(rma.can_view,   0),
			COALESCE(rma.can_create, 0),
			COALESCE(rma.can_edit,   0),
			COALESCE(rma.can_delete, 0)
		FROM menus m
		LEFT JOIN role_menu_access rma ON rma.menu_id = m.id
			AND rma.role_id = (SELECT id FROM roles WHERE name = 'admin' AND is_active = 1 LIMIT 1)
		WHERE m.is_active = 1
		ORDER BY m.order_index ASC, m.id ASC
		
[GIN] 2026/07/26 - 00:40:15 | 200 |      2.5937ms |             ::1 | POST     "/api/menus/my"

2026/07/26 00:40:15 [32mD:/Develop/Project_pos_mahenz/BE/repository/log_request_repository.go:32
[0m[33m[3.171ms] [34;1m[rows:1][0m INSERT INTO log_requests (id, method, endpoint, status_code, request_body, response_body, user_id, duration_ms, ip_address, error_message, created_at) VALUES ('746d36e5-11ab-4b68-8e37-3cf6e66805a7', 'POST', '/api/menus/my', 200, '{}', '{"code":"00","status":true,"message":"Menu akses","data":[{"key_name":"beranda","label":"Beranda","icon":"Home","path":null,"order_index":1,"permission":{"can_view":true,"can_create":true,"can_edit":true,"can_delete":true},"children":[{"key_name":"beranda.dashboard","label":"Dashboard","icon":"LayoutDashboard","path":"/dashboard","order_index":1,"permission":{"can_view":true,"can_create":true,"can_edit":true,"can_delete":true},"children":[]}]},{"key_name":"penjualan","label":"Penjualan","icon":"ShoppingCart","path":null,"order_index":2,"permission":{"can_view":true,"can_create":true,"can_edit":true,"can_delete":true},"children":[{"key_name":"penjualan.kasir","label":"Kasir","icon":"ShoppingCart","path":"/kasir","order_index":1,"permission":{"can_view":true,"can_create":true,"can_edit":true,"can_delete":true},"children":[]},{"key_name":"penjualan.transaksi","label":"Transaksi","icon":"Receipt","path":"/transactions","order_index":2,"permission":{"can_view":true,"can_create":true,"can_edit":true,"can_delete":true},"children":[]}]},{"key_name":"produk","label":"Produk","icon":"Package","path":null,"order_index":3,"permission":{"can_view":true,"can_create":true,"can_edit":true,"can_delete":true},"children":[{"key_name":"produk.produk","label":"Produk","icon":"Package","path":"/products","order_index":1,"permission":{"can_view":true,"can_create":true,"can_edit":true,"can_delete":true},"children":[]},{"key_name":"produk.kategori","label":"Kategori","icon":"Tag","path":"/products/categories","order_index":2,"permission":{"can_view":true,"can_create":true,"can_edit":true,"can_delete":true},"children":[]},{"key_name":"produk.unit","label":"Unit","icon":"PackageSearch","path":"/products/units","order_index":3,"permission":{"can_view":true,"can_create":true,"can_edit":true,"can_delete":true},"children":[]}]},{"key_name":"pengadaan","label":"Pengadaan","icon":"Truck","path":null,"order_index":4,"permission":{"can_view":true,"can_create":true,"can_edit":true,"can_delete":true},"children":[{"key_name":"pengadaan.supplier","label":"Supplier","icon":"Truck","path":"/suppliers","order_index":1,"permission":{"can_view":true,"can_create":true,"can_edit":true,"can_delete":true},"children":[]},{"key_name":"pengadaan.pembelian","label":"Pembelian","icon":"ShoppingBag","path":"/suppliers/purchases","order_index":2,"permission":{"can_view":true,"can_create":true,"can_edit":true,"can_delete":true},"children":[]},{"key_name":"pengadaan.retur","label":"Retur","icon":"RotateCcw","path":"/suppliers/returns","order_index":3,"permission":{"can_view":true,"can_create":true,"can_edit":true,"can_delete":true},"children":[]}]},{"key_name":"pelanggan","label":"Pelanggan","icon":"Users","path":null,"order_index":5,"permission":{"can_view":true,"can_create":true,"can_edit":true,"can_delete":true},"children":[{"key_name":"pelanggan.pelanggan","label":"Pelanggan","icon":"Users","path":"/customers","order_index":1,"permission":{"can_view":true,"can_create":true,"can_edit":true,"can_delete":true},"children":[]},{"key_name":"pelanggan.piutang","label":"Piutang","icon":"CreditCard","path":"/receivables","order_index":2,"permission":{"can_view":true,"can_create":true,"can_edit":true,"can_delete":true},"children":[]}]},{"key_name":"keuangan","label":"Keuangan","icon":"Wallet","path":null,"order_index":6,"permission":{"can_view":true,"can_create":true,"can_edit":true,"can_delete":true},"children":[{"key_name":"keuangan.dashboard","label":"Dashboard Keuangan","icon":"Wallet","path":"/finance","order_index":1,"permission":{"can_view":true,"can_create":true,"can_edit":true,"can_delete":true},"children":[]},{"key_name":"keuangan.kas_harian","label":"Kas Harian","icon":"Landmark","path":"/finance/cash-drawer","order_index":2,"permission":{"can_view":true,"can_create":true,"can_edit":true,"can_delete":true},"children":[]},{"key_name":"keuangan.pengeluaran","label":"Pengeluaran","icon":"TrendingDown","path":"/finance/expenses","order_index":3,"permission":{"can_view":true,"can_create":true,"can_edit":true,"can_delete":true},"children":[]},{"key_name":"keuangan.kas_saya","label":"Kas Saya","icon":"Wallet","path":"/finance/my-cash","order_index":4,"permission":{"can_view":true,"can_create":true,"can_edit":true,"can_delete":true},"children":[]}]},{"key_name":"pelaporan","label":"Pelaporan","icon":"BarChart2","path":null,"order_index":7,"permission":{"can_view":true,"can_create":true,"can_edit":true,"can_delete":true},"children":[{"key_name":"pelaporan.penjualan","label":"Penjualan","icon":"TrendingUp","path":"/reports/sales","order_index":1,"permission":{"can_view":true,"can_create":true,"can_edit":true,"can_delete":true},"children":[]},{"key_name":"pelaporan.laba_rugi","label":"Laba Rugi","icon":"LineChart","path":"/reports/profit-loss","order_index":2,"permission":{"can_view":true,"can_create":true,"can_edit":true,"can_delete":true},"children":[]},{"key_name":"pelaporan.stok","label":"Stok","icon":"PackageSearch","path":"/reports/stock","order_index":3,"permission":{"can_view":true,"can_create":true,"can_edit":true,"can_delete":true},"children":[]},{"key_name":"pelaporan.kinerja_kasir","label":"Kinerja Kasir","icon":"BarChart2","path":"/reports/cashier","order_index":4,"permission":{"can_view":true,"can_create":true,"can_edit":true,"can_delete":true},"children":[]},{"key_name":"pelaporan.ringkasan_bisnis","label":"Ringkasan Bisnis","icon":"BarChart3","path":"/reports/business-summary","order_index":5,"permission":{"can_view":true,"can_create":true,"can_edit":true,"can_delete":true},"children":[]}]},{"key_name":"operasional","label":"Operasional","icon":"Clock","path":null,"order_index":8,"permission":{"can_view":true,"can_create":true,"can_edit":true,"can_delete":true},"children":[{"key_name":"operasional.shift","label":"Shift","icon":"Clock","path":"/shifts","order_index":1,"permission":{"can_view":true,"can_create":true,"can_edit":true,"can_delete":true},"children":[]},{"key_name":"operasional.sync","label":"Sync Center","icon":"RefreshCw","path":"/sync","order_index":2,"permission":{"can_view":true,"can_create":true,"can_edit":true,"can_delete":true},"children":[]}]},{"key_name":"sistem","label":"Sistem","icon":"Settings","path":null,"order_index":9,"permission":{"can_view":true,"can_create":true,"can_edit":true,"can_delete":true},"children":[{"key_name":"sistem.profil_toko","label":"Profil Toko","icon":"Settings","path":"/settings/store","order_index":1,"permission":{"can_view":true,"can_create":true,"can_edit":true,"can_delete":true},"children":[]},{"key_name":"sistem.users","label":"Manajemen User","icon":"Users","path":"/settings/users","order_index":2,"permission":{"can_view":true,"can_create":true,"can_edit":true,"can_delete":true},"children":[]},{"key_name":"sistem.roles","label":"Manajemen Role","icon":"Shield","path":"/settings/roles","order_index":3,"permission":{"can_view":true,"can_create":true,"can_edit":true,"can_delete":true},"children":[]},{"key_name":"sistem.menus","label":"Manajemen Menu","icon":"LayoutList","path":"/settings/menus","order_index":4,"permission":{"can_view":true,"can_create":true,"can_edit":true,"can_delete":true},"children":[]},{"key_name":"sistem.printer","label":"Printer","icon":"Printer","path":"/settings/printer","order_index":5,"permission":{"can_view":true,"can_create":true,"can_edit":true,"can_delete":true},"children":[]},{"key_name":"sistem.versi","label":"Versi Aplikasi","icon":"RefreshCw","path":"/settings/versions","order_index":6,"permission":{"can_view":true,"can_create":true,"can_edit":true,"can_delete":true},"children":[]},{"key_name":"sistem.backup","label":"Backup \u0026 Restore","icon":"DatabaseBackup","path":"/settings/backup","order_index":7,"permission":{"can_view":true,"can_create":true,"can_edit":true,"can_delete":true},"children":[]}]}]}', 2, 2, '::1', NULL, '2026-07-26 00:40:15.501')
[GIN] 2026/07/26 - 00:40:15 | 204 |            0s |             ::1 | OPTIONS  "/api/sync/conflicts/count"

2026/07/26 00:40:15 [32mD:/Develop/Project_pos_mahenz/BE/domain/auth/repo/auth_repo.go:46
[0m[33m[0.505ms] [34;1m[rows:1][0m SELECT id, user_id, user_role, token, device_info, expires_at FROM sessions WHERE token = 'eyJhbGciOiJIUzI1NiIsInR5cCI6IkpXVCJ9.eyJhcHBzIjoid2ViIiwiZXhwIjoxNzg1MDMwMDE0LCJmdWxsX25hbWUiOiJBZG1pbmlzdHJhdG9yIiwicm9sZSI6ImFkbWluIiwidXNlcl9pZCI6MiwidXNlcm5hbWUiOiJhZG1pbiJ9.qxQSLvEEVWNdjJREYlWzcMwN3AiDsqbAwCqZVqDdbMc' LIMIT 1

2026/07/26 00:40:15 [32mD:/Develop/Project_pos_mahenz/BE/domain/sync/repo/sync_repo.go:84
[0m[33m[0.657ms] [34;1m[rows:1][0m SELECT COUNT(*) FROM sync_conflicts WHERE status = 'pending'
[GIN] 2026/07/26 - 00:40:15 | 200 |      1.1625ms |             ::1 | GET      "/api/sync/conflicts/count"

2026/07/26 00:40:15 [32mD:/Develop/Project_pos_mahenz/BE/repository/log_request_repository.go:32
[0m[33m[3.273ms] [34;1m[rows:1][0m INSERT INTO log_requests (id, method, endpoint, status_code, request_body, response_body, user_id, duration_ms, ip_address, error_message, created_at) VALUES ('97ea4efc-43d1-43ce-9590-6cc23cd21972', 'GET', '/api/sync/conflicts/count', 200, '', '{"code":"00","status":true,"message":"Jumlah konflik pending","data":{"count":0}}', 2, 1, '::1', NULL, '2026-07-26 00:40:15.789')
[GIN] 2026/07/26 - 00:40:16 | 204 |            0s |             ::1 | OPTIONS  "/api/suppliers/list"
[GIN] 2026/07/26 - 00:40:16 | 204 |            0s |             ::1 | OPTIONS  "/api/products/list"

2026/07/26 00:40:16 [32mD:/Develop/Project_pos_mahenz/BE/domain/auth/repo/auth_repo.go:46
[0m[33m[0.506ms] [34;1m[rows:1][0m SELECT id, user_id, user_role, token, device_info, expires_at FROM sessions WHERE token = 'eyJhbGciOiJIUzI1NiIsInR5cCI6IkpXVCJ9.eyJhcHBzIjoid2ViIiwiZXhwIjoxNzg1MDMwMDE0LCJmdWxsX25hbWUiOiJBZG1pbmlzdHJhdG9yIiwicm9sZSI6ImFkbWluIiwidXNlcl9pZCI6MiwidXNlcm5hbWUiOiJhZG1pbiJ9.qxQSLvEEVWNdjJREYlWzcMwN3AiDsqbAwCqZVqDdbMc' LIMIT 1

2026/07/26 00:40:16 [32mD:/Develop/Project_pos_mahenz/BE/domain/auth/repo/auth_repo.go:46
[0m[33m[0.506ms] [34;1m[rows:1][0m SELECT id, user_id, user_role, token, device_info, expires_at FROM sessions WHERE token = 'eyJhbGciOiJIUzI1NiIsInR5cCI6IkpXVCJ9.eyJhcHBzIjoid2ViIiwiZXhwIjoxNzg1MDMwMDE0LCJmdWxsX25hbWUiOiJBZG1pbmlzdHJhdG9yIiwicm9sZSI6ImFkbWluIiwidXNlcl9pZCI6MiwidXNlcm5hbWUiOiJhZG1pbiJ9.qxQSLvEEVWNdjJREYlWzcMwN3AiDsqbAwCqZVqDdbMc' LIMIT 1

2026/07/26 00:40:16 [32mD:/Develop/Project_pos_mahenz/BE/domain/product/repo/product_repo.go:100
[0m[33m[0.528ms] [34;1m[rows:1][0m SELECT COUNT(*) FROM products p WHERE 1=1

2026/07/26 00:40:16 [32mD:/Develop/Project_pos_mahenz/BE/domain/supplier/repo/supplier_repo.go:44
[0m[33m[0.000ms] [34;1m[rows:1][0m SELECT COUNT(*) FROM suppliers WHERE 1=1

2026/07/26 00:40:16 [32mD:/Develop/Project_pos_mahenz/BE/domain/supplier/repo/supplier_repo.go:67
[0m[33m[0.724ms] [34;1m[rows:1][0m SELECT id, supplier_code, name, address, phone, email, contact_person, notes, is_active, created_at FROM suppliers WHERE 1=1 ORDER BY name ASC LIMIT 1 OFFSET 0
[GIN] 2026/07/26 - 00:40:16 | 200 |      2.5298ms |             ::1 | POST     "/api/suppliers/list"

2026/07/26 00:40:16 [32mD:/Develop/Project_pos_mahenz/BE/domain/product/repo/product_repo.go:119
[0m[33m[0.724ms] [34;1m[rows:1][0m 
		SELECT p.id, p.barcode, COALESCE(p.sku, '') as sku, p.name, p.category_id, COALESCE(c.name, '') as category_name,
		       p.purchase_price, p.selling_price, p.stock, p.reserved_qty, p.min_stock,
		       COALESCE(p.unit_id, 0) as unit_id, COALESCE(u.name, '') as unit_name, COALESCE(u.abbreviation, '') as unit_abbreviation,
		       p.is_active,
		       (SELECT COUNT(*) FROM product_packages pp WHERE pp.product_id = p.id AND pp.is_default = 0) AS extra_packages,
		       (SELECT COUNT(*) FROM product_prices pr WHERE pr.product_id = p.id) AS price_tiers_count
		FROM products p
		LEFT JOIN categories c ON p.category_id = c.id
		LEFT JOIN units u ON u.id = p.unit_id
		WHERE 1=1 ORDER BY p.name ASC LIMIT 1 OFFSET 0
[GIN] 2026/07/26 - 00:40:16 | 200 |      3.0643ms |             ::1 | POST     "/api/products/list"

2026/07/26 00:40:16 [32mD:/Develop/Project_pos_mahenz/BE/repository/log_request_repository.go:32
[0m[33m[2.824ms] [34;1m[rows:1][0m INSERT INTO log_requests (id, method, endpoint, status_code, request_body, response_body, user_id, duration_ms, ip_address, error_message, created_at) VALUES ('b11a4062-7671-4fac-8e08-9760070c5d47', 'POST', '/api/suppliers/list', 200, '{"page":1,"limit":1,"search":""}', '{"code":"00","status":true,"message":"Daftar supplier","data":[{"id":1,"supplier_code":"SUP-001","name":"Supplier Test Fase14","address":"Jl. Test","phone":"08123456789","email":"","contact_person":"","notes":"","is_active":true,"created_at":"2026-07-25T13:19:10+07:00"}],"pagination":{"page":1,"per_page":1,"total":1,"total_pages":1}}', 2, 2, '::1', NULL, '2026-07-26 00:40:16.095')

2026/07/26 00:40:16 [32mD:/Develop/Project_pos_mahenz/BE/repository/log_request_repository.go:32
[0m[33m[2.290ms] [34;1m[rows:1][0m INSERT INTO log_requests (id, method, endpoint, status_code, request_body, response_body, user_id, duration_ms, ip_address, error_message, created_at) VALUES ('65460deb-5d7d-46cc-8349-f4d8e0cdfd6a', 'POST', '/api/products/list', 200, '{"page":1,"limit":1,"search":""}', '{"code":"00","status":true,"message":"Daftar produk","data":[{"id":4,"barcode":"8992260464338","sku":"SEM-0003","name":"Gula Pasir 1kg","category_id":1,"category_name":"Sembako Test","purchase_price":0,"selling_price":15000,"stock":50,"reserved_qty":0,"min_stock":5,"unit_id":1,"unit_name":"Pieces","unit_abbreviation":"Pcs","is_active":false,"extra_packages":0,"price_tiers_count":0}],"pagination":{"page":1,"per_page":1,"total":11,"total_pages":11}}', 2, 3, '::1', NULL, '2026-07-26 00:40:16.096')
[GIN] 2026/07/26 - 00:40:16 | 204 |            0s |             ::1 | OPTIONS  "/api/suppliers/options"
[GIN] 2026/07/26 - 00:40:16 | 204 |            0s |             ::1 | OPTIONS  "/api/payment-statuses/list"
[GIN] 2026/07/26 - 00:40:16 | 204 |            0s |             ::1 | OPTIONS  "/api/settings/pagination_sizes"
[GIN] 2026/07/26 - 00:40:16 | 204 |            0s |             ::1 | OPTIONS  "/api/payment-methods/list"
[GIN] 2026/07/26 - 00:40:16 | 204 |            0s |             ::1 | OPTIONS  "/api/supplier-purchases/list"

2026/07/26 00:40:16 [32mD:/Develop/Project_pos_mahenz/BE/domain/auth/repo/auth_repo.go:46
[0m[33m[0.000ms] [34;1m[rows:1][0m SELECT id, user_id, user_role, token, device_info, expires_at FROM sessions WHERE token = 'eyJhbGciOiJIUzI1NiIsInR5cCI6IkpXVCJ9.eyJhcHBzIjoid2ViIiwiZXhwIjoxNzg1MDMwMDE0LCJmdWxsX25hbWUiOiJBZG1pbmlzdHJhdG9yIiwicm9sZSI6ImFkbWluIiwidXNlcl9pZCI6MiwidXNlcm5hbWUiOiJhZG1pbiJ9.qxQSLvEEVWNdjJREYlWzcMwN3AiDsqbAwCqZVqDdbMc' LIMIT 1

2026/07/26 00:40:16 [32mD:/Develop/Project_pos_mahenz/BE/domain/auth/repo/auth_repo.go:46
[0m[33m[0.882ms] [34;1m[rows:1][0m SELECT id, user_id, user_role, token, device_info, expires_at FROM sessions WHERE token = 'eyJhbGciOiJIUzI1NiIsInR5cCI6IkpXVCJ9.eyJhcHBzIjoid2ViIiwiZXhwIjoxNzg1MDMwMDE0LCJmdWxsX25hbWUiOiJBZG1pbmlzdHJhdG9yIiwicm9sZSI6ImFkbWluIiwidXNlcl9pZCI6MiwidXNlcm5hbWUiOiJhZG1pbiJ9.qxQSLvEEVWNdjJREYlWzcMwN3AiDsqbAwCqZVqDdbMc' LIMIT 1

2026/07/26 00:40:16 [32mD:/Develop/Project_pos_mahenz/BE/domain/supplier/repo/supplier_repo.go:81
[0m[33m[0.000ms] [34;1m[rows:1][0m SELECT id, supplier_code, name FROM suppliers WHERE is_active = 1 ORDER BY name
[GIN] 2026/07/26 - 00:40:16 | 200 |       893.4µs |             ::1 | POST     "/api/suppliers/options"

2026/07/26 00:40:16 [32mD:/Develop/Project_pos_mahenz/BE/domain/supplier/repo/supplier_repo.go:44
[0m[33m[0.789ms] [34;1m[rows:1][0m SELECT COUNT(*) FROM suppliers WHERE 1=1

2026/07/26 00:40:16 [32mD:/Develop/Project_pos_mahenz/BE/domain/supplier/repo/supplier_repo.go:67
[0m[33m[0.558ms] [34;1m[rows:1][0m SELECT id, supplier_code, name, address, phone, email, contact_person, notes, is_active, created_at FROM suppliers WHERE 1=1 ORDER BY name ASC LIMIT 10 OFFSET 0
[GIN] 2026/07/26 - 00:40:16 | 200 |       3.123ms |             ::1 | POST     "/api/suppliers/list"

2026/07/26 00:40:16 [32mD:/Develop/Project_pos_mahenz/BE/domain/auth/repo/auth_repo.go:46
[0m[33m[2.241ms] [34;1m[rows:1][0m SELECT id, user_id, user_role, token, device_info, expires_at FROM sessions WHERE token = 'eyJhbGciOiJIUzI1NiIsInR5cCI6IkpXVCJ9.eyJhcHBzIjoid2ViIiwiZXhwIjoxNzg1MDMwMDE0LCJmdWxsX25hbWUiOiJBZG1pbmlzdHJhdG9yIiwicm9sZSI6ImFkbWluIiwidXNlcl9pZCI6MiwidXNlcm5hbWUiOiJhZG1pbiJ9.qxQSLvEEVWNdjJREYlWzcMwN3AiDsqbAwCqZVqDdbMc' LIMIT 1

2026/07/26 00:40:16 [32mD:/Develop/Project_pos_mahenz/BE/domain/payment_status/repo/payment_status_repo.go:9
[0m[33m[0.000ms] [34;1m[rows:3][0m SELECT id, code, label, is_active, sort_order FROM payment_statuses WHERE is_active = 1 ORDER BY sort_order ASC
[GIN] 2026/07/26 - 00:40:16 | 200 |      3.7342ms |             ::1 | POST     "/api/payment-statuses/list"

2026/07/26 00:40:16 [32mD:/Develop/Project_pos_mahenz/BE/repository/log_request_repository.go:32
[0m[33m[2.026ms] [34;1m[rows:1][0m INSERT INTO log_requests (id, method, endpoint, status_code, request_body, response_body, user_id, duration_ms, ip_address, error_message, created_at) VALUES ('9e74bc8f-a1df-46e1-9cc3-59b582f96260', 'POST', '/api/suppliers/list', 200, '{"page":1,"limit":200,"search":""}', '{"code":"00","status":true,"message":"Daftar supplier","data":[{"id":1,"supplier_code":"SUP-001","name":"Supplier Test Fase14","address":"Jl. Test","phone":"08123456789","email":"","contact_person":"","notes":"","is_active":true,"created_at":"2026-07-25T13:19:10+07:00"}],"pagination":{"page":1,"per_page":200,"total":1,"total_pages":1}}', 2, 3, '::1', NULL, '2026-07-26 00:40:16.185')

2026/07/26 00:40:16 [32mD:/Develop/Project_pos_mahenz/BE/repository/log_request_repository.go:32
[0m[33m[3.374ms] [34;1m[rows:1][0m INSERT INTO log_requests (id, method, endpoint, status_code, request_body, response_body, user_id, duration_ms, ip_address, error_message, created_at) VALUES ('01da0ca6-4a5c-4484-8d35-6f05659ad224', 'POST', '/api/suppliers/options', 200, '{"search":""}', '{"code":"00","status":true,"message":"Opsi supplier","data":[{"id":1,"supplier_code":"SUP-001","name":"Supplier Test Fase14"}]}', 2, 0, '::1', NULL, '2026-07-26 00:40:16.184')

2026/07/26 00:40:16 [32mD:/Develop/Project_pos_mahenz/BE/domain/auth/repo/auth_repo.go:46
[0m[33m[3.149ms] [34;1m[rows:1][0m SELECT id, user_id, user_role, token, device_info, expires_at FROM sessions WHERE token = 'eyJhbGciOiJIUzI1NiIsInR5cCI6IkpXVCJ9.eyJhcHBzIjoid2ViIiwiZXhwIjoxNzg1MDMwMDE0LCJmdWxsX25hbWUiOiJBZG1pbmlzdHJhdG9yIiwicm9sZSI6ImFkbWluIiwidXNlcl9pZCI6MiwidXNlcm5hbWUiOiJhZG1pbiJ9.qxQSLvEEVWNdjJREYlWzcMwN3AiDsqbAwCqZVqDdbMc' LIMIT 1

2026/07/26 00:40:16 [32mD:/Develop/Project_pos_mahenz/BE/repository/log_request_repository.go:32
[0m[33m[2.161ms] [34;1m[rows:1][0m INSERT INTO log_requests (id, method, endpoint, status_code, request_body, response_body, user_id, duration_ms, ip_address, error_message, created_at) VALUES ('16d393b3-27b4-4bc6-b73e-259baa40505c', 'POST', '/api/payment-statuses/list', 200, '{}', '{"code":"00","status":true,"message":"Daftar status pembayaran","data":[{"id":1,"code":"unpaid","label":"Hutang","is_active":1,"sort_order":1},{"id":2,"code":"partial","label":"Bayar Sebagian","is_active":1,"sort_order":2},{"id":3,"code":"paid","label":"Lunas","is_active":1,"sort_order":3}]}', 2, 3, '::1', NULL, '2026-07-26 00:40:16.187')

2026/07/26 00:40:16 [32mD:/Develop/Project_pos_mahenz/BE/domain/setting/repo/setting_repo.go:32
[0m[33m[0.506ms] [34;1m[rows:-][0m SELECT setting_key, setting_value FROM settings WHERE setting_key = 'pagination_sizes'
[GIN] 2026/07/26 - 00:40:16 | 200 |      4.7739ms |             ::1 | GET      "/api/settings/pagination_sizes"

2026/07/26 00:40:16 [32mD:/Develop/Project_pos_mahenz/BE/domain/auth/repo/auth_repo.go:46
[0m[33m[2.857ms] [34;1m[rows:1][0m SELECT id, user_id, user_role, token, device_info, expires_at FROM sessions WHERE token = 'eyJhbGciOiJIUzI1NiIsInR5cCI6IkpXVCJ9.eyJhcHBzIjoid2ViIiwiZXhwIjoxNzg1MDMwMDE0LCJmdWxsX25hbWUiOiJBZG1pbmlzdHJhdG9yIiwicm9sZSI6ImFkbWluIiwidXNlcl9pZCI6MiwidXNlcm5hbWUiOiJhZG1pbiJ9.qxQSLvEEVWNdjJREYlWzcMwN3AiDsqbAwCqZVqDdbMc' LIMIT 1

2026/07/26 00:40:16 [32mD:/Develop/Project_pos_mahenz/BE/domain/payment_method/repo/payment_method_repo.go:9
[0m[33m[1.510ms] [34;1m[rows:5][0m SELECT id, code, label, is_active, sort_order FROM payment_methods WHERE is_active = 1 ORDER BY sort_order ASC
[GIN] 2026/07/26 - 00:40:16 | 200 |      6.2535ms |             ::1 | POST     "/api/payment-methods/list"

2026/07/26 00:40:16 [32mD:/Develop/Project_pos_mahenz/BE/domain/auth/repo/auth_repo.go:46
[0m[33m[6.062ms] [34;1m[rows:1][0m SELECT id, user_id, user_role, token, device_info, expires_at FROM sessions WHERE token = 'eyJhbGciOiJIUzI1NiIsInR5cCI6IkpXVCJ9.eyJhcHBzIjoid2ViIiwiZXhwIjoxNzg1MDMwMDE0LCJmdWxsX25hbWUiOiJBZG1pbmlzdHJhdG9yIiwicm9sZSI6ImFkbWluIiwidXNlcl9pZCI6MiwidXNlcm5hbWUiOiJhZG1pbiJ9.qxQSLvEEVWNdjJREYlWzcMwN3AiDsqbAwCqZVqDdbMc' LIMIT 1

2026/07/26 00:40:16 [32mD:/Develop/Project_pos_mahenz/BE/repository/log_request_repository.go:32
[0m[33m[4.120ms] [34;1m[rows:1][0m INSERT INTO log_requests (id, method, endpoint, status_code, request_body, response_body, user_id, duration_ms, ip_address, error_message, created_at) VALUES ('718aa156-3049-45ba-b26f-f899abd26bb2', 'GET', '/api/settings/pagination_sizes', 200, '', '{"code":"00","status":true,"message":"Detail pengaturan","data":{"key":"pagination_sizes","value":"[10,20,50]"}}', 2, 4, '::1', NULL, '2026-07-26 00:40:16.189')

2026/07/26 00:40:16 [32mD:/Develop/Project_pos_mahenz/BE/domain/supplier_purchase/repo/purchase_repo.go:124
[0m[33m[0.505ms] [34;1m[rows:1][0m SELECT COUNT(*) FROM purchases p WHERE 1=1 AND DATE(p.purchase_date) >= '2026-07-01' AND DATE(p.purchase_date) <= '2026-07-26'

2026/07/26 00:40:16 [32mD:/Develop/Project_pos_mahenz/BE/repository/log_request_repository.go:32
[0m[33m[3.057ms] [34;1m[rows:1][0m INSERT INTO log_requests (id, method, endpoint, status_code, request_body, response_body, user_id, duration_ms, ip_address, error_message, created_at) VALUES ('459ad04c-b4ac-4c8f-99a4-e11dfc18b258', 'POST', '/api/payment-methods/list', 200, '{}', '{"code":"00","status":true,"message":"Daftar metode pembayaran","data":[{"id":1,"code":"cash","label":"Tunai","is_active":1,"sort_order":1},{"id":2,"code":"transfer","label":"Transfer Bank","is_active":1,"sort_order":2},{"id":3,"code":"card","label":"Kartu","is_active":1,"sort_order":3},{"id":4,"code":"qris","label":"QRIS","is_active":1,"sort_order":4},{"id":5,"code":"kredit","label":"Kredit","is_active":1,"sort_order":5}]}', 2, 6, '::1', NULL, '2026-07-26 00:40:16.193')

2026/07/26 00:40:16 [32mD:/Develop/Project_pos_mahenz/BE/domain/supplier_purchase/repo/purchase_repo.go:141
[0m[33m[1.110ms] [34;1m[rows:-][0m SELECT p.id, p.purchase_code, p.invoice_number, p.supplier_id, COALESCE(s.name, '') as supplier_name, p.purchase_date, p.discount_amount, p.total_amount, p.payment_status, p.paid_amount, p.remaining_amount, p.status, COALESCE(u.full_name, '') as user_name, p.notes FROM purchases p LEFT JOIN users u ON p.user_id = u.id LEFT JOIN suppliers s ON p.supplier_id = s.id WHERE 1=1 AND DATE(p.purchase_date) >= '2026-07-01' AND DATE(p.purchase_date) <= '2026-07-26' ORDER BY p.purchase_date DESC, p.id DESC LIMIT 10 OFFSET 0
[GIN] 2026/07/26 - 00:40:16 | 200 |      9.1187ms |             ::1 | POST     "/api/supplier-purchases/list"

2026/07/26 00:40:16 [32mD:/Develop/Project_pos_mahenz/BE/repository/log_request_repository.go:32
[0m[33m[2.458ms] [34;1m[rows:1][0m INSERT INTO log_requests (id, method, endpoint, status_code, request_body, response_body, user_id, duration_ms, ip_address, error_message, created_at) VALUES ('b7bf6535-bd4e-40bb-b2e9-3c60747e17dc', 'POST', '/api/supplier-purchases/list', 200, '{"page":1,"limit":10,"start_date":"2026-07-01","end_date":"2026-07-26"}', '{"code":"00","status":true,"message":"Daftar purchase order","data":[{"id":6,"purchase_code":"PO-20260726-004","invoice_number":"INV-QA-NORMAL","supplier_id":1,"supplier_name":"Supplier Test Fase14","purchase_date":"2026-07-26T00:00:00+07:00","discount_amount":500,"total_amount":2500,"payment_status":"unpaid","paid_amount":0,"remaining_amount":2500,"status":"active","user_name":"Administrator","notes":""},{"id":5,"purchase_code":"PO-20260726-003","invoice_number":"INV-QA-DISKON-PAS","supplier_id":1,"supplier_name":"Supplier Test Fase14","purchase_date":"2026-07-26T00:00:00+07:00","discount_amount":2000,"total_amount":0,"payment_status":"unpaid","paid_amount":0,"remaining_amount":0,"status":"active","user_name":"Administrator","notes":""},{"id":4,"purchase_code":"PO-20260726-002","invoice_number":"INV-QA-DUP-PRODUCT","supplier_id":1,"supplier_name":"Supplier Test Fase14","purchase_date":"2026-07-26T00:00:00+07:00","discount_amount":0,"total_amount":8000,"payment_status":"unpaid","paid_amount":0,"remaining_amount":8000,"status":"active","user_name":"Administrator","notes":""},{"id":3,"purchase_code":"PO-20260726-001","invoice_number":"INV-QA-DISKON-BUG","supplier_id":1,"supplier_name":"Supplier Test Fase14","purchase_date":"2026-07-26T00:00:00+07:00","discount_amount":5000,"total_amount":0,"payment_status":"unpaid","paid_amount":0,"remaining_amount":0,"status":"active","user_name":"Administrator","notes":""},{"id":2,"purchase_code":"PO-20260725-002","invoice_number":"INV-EXP-002","supplier_id":1,"supplier_name":"Supplier Test Fase14","purchase_date":"2026-07-25T00:00:00+07:00","discount_amount":0,"total_amount":4000,"payment_status":"unpaid","paid_amount":0,"remaining_amount":4000,"status":"active","user_name":"Administrator","notes":""},{"id":1,"purchase_code":"PO-20260725-001","invoice_number":"INV-EXP-001","supplier_id":1,"supplier_name":"Supplier Test Fase14","purchase_date":"2026-07-25T00:00:00+07:00","discount_amount":0,"total_amount":8000,"payment_status":"unpaid","paid_amount":0,"remaining_amount":8000,"status":"active","user_name":"Administrator","notes":""}],"pagination":{"page":1,"per_page":10,"total":6,"total_pages":1}}', 2, 9, '::1', NULL, '2026-07-26 00:40:16.196')
[GIN] 2026/07/26 - 00:40:17 | 204 |            0s |             ::1 | OPTIONS  "/api/supplier-purchases/generate-code"

2026/07/26 00:40:17 [32mD:/Develop/Project_pos_mahenz/BE/domain/auth/repo/auth_repo.go:46
[0m[33m[0.509ms] [34;1m[rows:1][0m SELECT id, user_id, user_role, token, device_info, expires_at FROM sessions WHERE token = 'eyJhbGciOiJIUzI1NiIsInR5cCI6IkpXVCJ9.eyJhcHBzIjoid2ViIiwiZXhwIjoxNzg1MDMwMDE0LCJmdWxsX25hbWUiOiJBZG1pbmlzdHJhdG9yIiwicm9sZSI6ImFkbWluIiwidXNlcl9pZCI6MiwidXNlcm5hbWUiOiJhZG1pbiJ9.qxQSLvEEVWNdjJREYlWzcMwN3AiDsqbAwCqZVqDdbMc' LIMIT 1

2026/07/26 00:40:17 [32mD:/Develop/Project_pos_mahenz/BE/domain/supplier_purchase/repo/purchase_repo.go:272
[0m[33m[0.792ms] [34;1m[rows:1][0m SELECT COUNT(*) FROM purchases WHERE DATE(purchase_date) = '2026-07-26'
[GIN] 2026/07/26 - 00:40:17 | 200 |      1.3014ms |             ::1 | POST     "/api/supplier-purchases/generate-code"

2026/07/26 00:40:17 [32mD:/Develop/Project_pos_mahenz/BE/repository/log_request_repository.go:32
[0m[33m[9.177ms] [34;1m[rows:1][0m INSERT INTO log_requests (id, method, endpoint, status_code, request_body, response_body, user_id, duration_ms, ip_address, error_message, created_at) VALUES ('ed7f9fa7-02ea-448a-bb08-8ca6bf330fc1', 'POST', '/api/supplier-purchases/generate-code', 200, '{}', '{"code":"00","status":true,"message":"Generate kode PO","data":{"purchase_code":"PO-20260726-005"}}', 2, 1, '::1', NULL, '2026-07-26 00:40:17.553')

2026/07/26 00:40:18 [32mD:/Develop/Project_pos_mahenz/BE/domain/auth/repo/auth_repo.go:46
[0m[33m[0.506ms] [34;1m[rows:1][0m SELECT id, user_id, user_role, token, device_info, expires_at FROM sessions WHERE token = 'eyJhbGciOiJIUzI1NiIsInR5cCI6IkpXVCJ9.eyJhcHBzIjoid2ViIiwiZXhwIjoxNzg1MDMwMDE0LCJmdWxsX25hbWUiOiJBZG1pbmlzdHJhdG9yIiwicm9sZSI6ImFkbWluIiwidXNlcl9pZCI6MiwidXNlcm5hbWUiOiJhZG1pbiJ9.qxQSLvEEVWNdjJREYlWzcMwN3AiDsqbAwCqZVqDdbMc' LIMIT 1

2026/07/26 00:40:18 [32mD:/Develop/Project_pos_mahenz/BE/domain/supplier/repo/supplier_repo.go:81
[0m[33m[0.632ms] [34;1m[rows:1][0m SELECT id, supplier_code, name FROM suppliers WHERE is_active = 1 AND name LIKE '%Fase14%' ORDER BY name LIMIT 20
[GIN] 2026/07/26 - 00:40:18 | 200 |      1.6764ms |             ::1 | POST     "/api/suppliers/options"

2026/07/26 00:40:18 [32mD:/Develop/Project_pos_mahenz/BE/repository/log_request_repository.go:32
[0m[33m[9.913ms] [34;1m[rows:1][0m INSERT INTO log_requests (id, method, endpoint, status_code, request_body, response_body, user_id, duration_ms, ip_address, error_message, created_at) VALUES ('aaf47a2a-04f4-4d54-93c3-d13808cadda8', 'POST', '/api/suppliers/options', 200, '{"search":"Fase14"}', '{"code":"00","status":true,"message":"Opsi supplier","data":[{"id":1,"supplier_code":"SUP-001","name":"Supplier Test Fase14"}]}', 2, 1, '::1', NULL, '2026-07-26 00:40:18.96')
[GIN] 2026/07/26 - 00:40:20 | 204 |            0s |             ::1 | OPTIONS  "/api/products/search"

2026/07/26 00:40:20 [32mD:/Develop/Project_pos_mahenz/BE/domain/auth/repo/auth_repo.go:46
[0m[33m[0.692ms] [34;1m[rows:1][0m SELECT id, user_id, user_role, token, device_info, expires_at FROM sessions WHERE token = 'eyJhbGciOiJIUzI1NiIsInR5cCI6IkpXVCJ9.eyJhcHBzIjoid2ViIiwiZXhwIjoxNzg1MDMwMDE0LCJmdWxsX25hbWUiOiJBZG1pbmlzdHJhdG9yIiwicm9sZSI6ImFkbWluIiwidXNlcl9pZCI6MiwidXNlcm5hbWUiOiJhZG1pbiJ9.qxQSLvEEVWNdjJREYlWzcMwN3AiDsqbAwCqZVqDdbMc' LIMIT 1

2026/07/26 00:40:20 [32mD:/Develop/Project_pos_mahenz/BE/domain/product/repo/product_repo.go:170
[0m[33m[0.661ms] [34;1m[rows:1][0m 
		SELECT p.id, p.barcode, p.name, p.selling_price, (p.stock - p.reserved_qty) as stock, p.min_stock,
		       COALESCE(p.unit_id, 0) as unit_id, COALESCE(u.name, '') as unit_name
		FROM products p
		LEFT JOIN units u ON u.id = p.unit_id
		WHERE p.is_active = 1 AND (p.name LIKE '%Rokok Test Berantai%' OR p.barcode LIKE '%Rokok Test Berantai%') LIMIT 20
[GIN] 2026/07/26 - 00:40:20 | 200 |      1.3524ms |             ::1 | POST     "/api/products/search"

2026/07/26 00:40:20 [32mD:/Develop/Project_pos_mahenz/BE/repository/log_request_repository.go:32
[0m[33m[9.866ms] [34;1m[rows:1][0m INSERT INTO log_requests (id, method, endpoint, status_code, request_body, response_body, user_id, duration_ms, ip_address, error_message, created_at) VALUES ('8e0b3551-072c-4dde-8fa6-b49aaf03e0ae', 'POST', '/api/products/search', 200, '{"q":"Rokok Test Berantai","limit":20}', '{"code":"00","status":true,"message":"Hasil pencarian produk","data":[{"id":12,"barcode":"8997789608850","name":"Rokok Test Berantai","selling_price":1000,"stock":1024,"min_stock":5,"unit_id":2,"unit_name":"Batang"}]}', 2, 1, '::1', NULL, '2026-07-26 00:40:20.317')
[GIN] 2026/07/26 - 00:40:20 | 204 |       602.6µs |             ::1 | OPTIONS  "/api/products/12/packages/list"

2026/07/26 00:40:20 [32mD:/Develop/Project_pos_mahenz/BE/domain/auth/repo/auth_repo.go:46
[0m[33m[0.505ms] [34;1m[rows:1][0m SELECT id, user_id, user_role, token, device_info, expires_at FROM sessions WHERE token = 'eyJhbGciOiJIUzI1NiIsInR5cCI6IkpXVCJ9.eyJhcHBzIjoid2ViIiwiZXhwIjoxNzg1MDMwMDE0LCJmdWxsX25hbWUiOiJBZG1pbmlzdHJhdG9yIiwicm9sZSI6ImFkbWluIiwidXNlcl9pZCI6MiwidXNlcm5hbWUiOiJhZG1pbiJ9.qxQSLvEEVWNdjJREYlWzcMwN3AiDsqbAwCqZVqDdbMc' LIMIT 1

2026/07/26 00:40:20 [32mD:/Develop/Project_pos_mahenz/BE/domain/product/repo/product_repo.go:136
[0m[33m[0.772ms] [34;1m[rows:1][0m 
		SELECT p.id, p.barcode, COALESCE(p.sku, '') as sku, p.name, p.category_id, COALESCE(c.name, '') as category_name,
		       p.purchase_price, p.selling_price, p.stock, p.reserved_qty, p.min_stock,
		       COALESCE(p.unit_id, 0) as unit_id, COALESCE(u.name, '') as unit_name, COALESCE(u.abbreviation, '') as unit_abbreviation,
		       p.is_active, p.created_at, p.updated_at,
		       (SELECT COUNT(*) FROM product_packages pp WHERE pp.product_id = p.id AND pp.is_default = 0) AS extra_packages,
		       (SELECT COUNT(*) FROM product_prices pr WHERE pr.product_id = p.id) AS price_tiers_count
		FROM products p
		LEFT JOIN categories c ON p.category_id = c.id
		LEFT JOIN units u ON u.id = p.unit_id
		WHERE p.id = 12 LIMIT 1

2026/07/26 00:40:20 [32mD:/Develop/Project_pos_mahenz/BE/domain/product/repo/product_package_repo.go:23
[0m[33m[0.000ms] [34;1m[rows:4][0m 
		SELECT pp.id, pp.product_id, pp.unit_id, COALESCE(u.name, '') AS unit_name, COALESCE(u.abbreviation, '') AS abbreviation,
		       COALESCE(pp.package_name, '') AS package_name, pp.ref_package_id, pp.qty, pp.ref_qty, pp.purchase_price, pp.selling_price, pp.is_default
		FROM product_packages pp
		JOIN units u ON u.id = pp.unit_id
		WHERE pp.product_id = 12
[GIN] 2026/07/26 - 00:40:20 | 200 |       2.513ms |             ::1 | POST     "/api/products/12/packages/list"

2026/07/26 00:40:20 [32mD:/Develop/Project_pos_mahenz/BE/repository/log_request_repository.go:32
[0m[33m[11.405ms] [34;1m[rows:1][0m INSERT INTO log_requests (id, method, endpoint, status_code, request_body, response_body, user_id, duration_ms, ip_address, error_message, created_at) VALUES ('7d4fb91c-e3d7-46cd-8204-8331abac48b2', 'POST', '/api/products/12/packages/list', 200, '{}', '{"code":"00","status":true,"message":"Daftar paket produk","data":[{"id":13,"product_id":12,"unit_id":2,"unit_name":"Batang","abbreviation":"Btg","package_name":"","ref_package_id":null,"qty":1,"ref_qty":null,"resolved_factor":1,"purchase_price":800,"selling_price":1000,"is_default":true},{"id":14,"product_id":12,"unit_id":3,"unit_name":"Pack","abbreviation":"Pack","package_name":"","ref_package_id":13,"qty":1,"ref_qty":20,"resolved_factor":20,"purchase_price":15000,"selling_price":20000,"is_default":false},{"id":15,"product_id":12,"unit_id":4,"unit_name":"Slop","abbreviation":"Slop","package_name":"","ref_package_id":14,"qty":1,"ref_qty":10,"resolved_factor":200,"purchase_price":140000,"selling_price":150000,"is_default":false},{"id":16,"product_id":12,"unit_id":1,"unit_name":"Pieces","abbreviation":"Pcs","package_name":"","ref_package_id":15,"qty":1,"ref_qty":5,"resolved_factor":1000,"purchase_price":0,"selling_price":700000,"is_default":false}]}', 2, 2, '::1', NULL, '2026-07-26 00:40:20.759')
[GIN] 2026/07/26 - 00:40:49 | 204 |            0s |             ::1 | OPTIONS  "/api/auth/login"

2026/07/26 00:40:49 [32mD:/Develop/Project_pos_mahenz/BE/domain/auth/repo/auth_repo.go:17
[0m[33m[0.691ms] [34;1m[rows:1][0m SELECT u.id, u.username, u.password, u.full_name, u.role_id, r.name AS role_name, u.is_active FROM users u INNER JOIN roles r ON r.id = u.role_id WHERE u.username = 'admin' LIMIT 1

2026/07/26 00:40:49 [32mD:/Develop/Project_pos_mahenz/BE/domain/auth/repo/auth_repo.go:67
[0m[33m[8.710ms] [34;1m[rows:1][0m DELETE FROM sessions WHERE user_id = 2

2026/07/26 00:40:49 [32mD:/Develop/Project_pos_mahenz/BE/domain/auth/repo/auth_repo.go:38
[0m[33m[3.164ms] [34;1m[rows:1][0m INSERT INTO sessions (user_id, user_role, token, refresh_token, device_info, ip_address, expires_at) VALUES (2, 'admin', 'eyJhbGciOiJIUzI1NiIsInR5cCI6IkpXVCJ9.eyJhcHBzIjoid2ViIiwiZXhwIjoxNzg1MDMwMDQ5LCJmdWxsX25hbWUiOiJBZG1pbmlzdHJhdG9yIiwicm9sZSI6ImFkbWluIiwidXNlcl9pZCI6MiwidXNlcm5hbWUiOiJhZG1pbiJ9.X6mV4bBwix3_aJcl-YKo83QxcC8Wi5nND-xJXJLk5cY', '1676d5d8ead0d5ec66ef88407efeabda26688f1d34823cea941c2a51f5b32067', 'web', '::1', '2026-08-02 00:40:49.492') ON DUPLICATE KEY UPDATE user_role=VALUES(user_role), token=VALUES(token), refresh_token=VALUES(refresh_token), device_info=VALUES(device_info), ip_address=VALUES(ip_address), expires_at=VALUES(expires_at), created_at=NOW()
[GIN] 2026/07/26 - 00:40:49 | 200 |      72.853ms |             ::1 | POST     "/api/auth/login"

2026/07/26 00:40:49 [32mD:/Develop/Project_pos_mahenz/BE/repository/log_request_repository.go:32
[0m[33m[2.124ms] [34;1m[rows:1][0m INSERT INTO log_requests (id, method, endpoint, status_code, request_body, response_body, user_id, duration_ms, ip_address, error_message, created_at) VALUES ('d509a1cd-6530-468f-9851-28092c216033', 'POST', '/api/auth/login', 200, '{"username":"admin","password":"admin123","device_info":"web"}', '{"code":"00","status":true,"message":"Login berhasil","data":{"token":"eyJhbGciOiJIUzI1NiIsInR5cCI6IkpXVCJ9.eyJhcHBzIjoid2ViIiwiZXhwIjoxNzg1MDMwMDQ5LCJmdWxsX25hbWUiOiJBZG1pbmlzdHJhdG9yIiwicm9sZSI6ImFkbWluIiwidXNlcl9pZCI6MiwidXNlcm5hbWUiOiJhZG1pbiJ9.X6mV4bBwix3_aJcl-YKo83QxcC8Wi5nND-xJXJLk5cY","refresh_token":"1676d5d8ead0d5ec66ef88407efeabda26688f1d34823cea941c2a51f5b32067","expires_at":"2026-08-02T00:40:49.4924947+07:00","user":{"id":2,"username":"admin","full_name":"Administrator","role_id":2,"role_name":"admin"}}}', NULL, 72, '::1', NULL, '2026-07-26 00:40:49.504')
[GIN] 2026/07/26 - 00:40:49 | 204 |            0s |             ::1 | OPTIONS  "/api/menus/my"
[GIN] 2026/07/26 - 00:40:49 | 204 |            0s |             ::1 | OPTIONS  "/api/menus/my"

2026/07/26 00:40:49 [32mD:/Develop/Project_pos_mahenz/BE/domain/auth/repo/auth_repo.go:46
[0m[33m[0.504ms] [34;1m[rows:1][0m SELECT id, user_id, user_role, token, device_info, expires_at FROM sessions WHERE token = 'eyJhbGciOiJIUzI1NiIsInR5cCI6IkpXVCJ9.eyJhcHBzIjoid2ViIiwiZXhwIjoxNzg1MDMwMDQ5LCJmdWxsX25hbWUiOiJBZG1pbmlzdHJhdG9yIiwicm9sZSI6ImFkbWluIiwidXNlcl9pZCI6MiwidXNlcm5hbWUiOiJhZG1pbiJ9.X6mV4bBwix3_aJcl-YKo83QxcC8Wi5nND-xJXJLk5cY' LIMIT 1

2026/07/26 00:40:49 [32mD:/Develop/Project_pos_mahenz/BE/domain/auth/repo/auth_repo.go:46
[0m[33m[0.509ms] [34;1m[rows:1][0m SELECT id, user_id, user_role, token, device_info, expires_at FROM sessions WHERE token = 'eyJhbGciOiJIUzI1NiIsInR5cCI6IkpXVCJ9.eyJhcHBzIjoid2ViIiwiZXhwIjoxNzg1MDMwMDQ5LCJmdWxsX25hbWUiOiJBZG1pbmlzdHJhdG9yIiwicm9sZSI6ImFkbWluIiwidXNlcl9pZCI6MiwidXNlcm5hbWUiOiJhZG1pbiJ9.X6mV4bBwix3_aJcl-YKo83QxcC8Wi5nND-xJXJLk5cY' LIMIT 1

2026/07/26 00:40:49 [32mD:/Develop/Project_pos_mahenz/BE/domain/menu/repo/menu_repo.go:121
[0m[33m[1.487ms] [34;1m[rows:-][0m 
		SELECT
			m.id,
			m.parent_id,
			m.key_name,
			m.label,
			m.icon,
			m.path,
			m.order_index,
			COALESCE(rma.can_view,   0),
			COALESCE(rma.can_create, 0),
			COALESCE(rma.can_edit,   0),
			COALESCE(rma.can_delete, 0)
		FROM menus m
		LEFT JOIN role_menu_access rma ON rma.menu_id = m.id
			AND rma.role_id = (SELECT id FROM roles WHERE name = 'admin' AND is_active = 1 LIMIT 1)
		WHERE m.is_active = 1
		ORDER BY m.order_index ASC, m.id ASC
		
[GIN] 2026/07/26 - 00:40:49 | 200 |      3.6339ms |             ::1 | POST     "/api/menus/my"

2026/07/26 00:40:49 [32mD:/Develop/Project_pos_mahenz/BE/domain/menu/repo/menu_repo.go:121
[0m[33m[1.126ms] [34;1m[rows:-][0m 
		SELECT
			m.id,
			m.parent_id,
			m.key_name,
			m.label,
			m.icon,
			m.path,
			m.order_index,
			COALESCE(rma.can_view,   0),
			COALESCE(rma.can_create, 0),
			COALESCE(rma.can_edit,   0),
			COALESCE(rma.can_delete, 0)
		FROM menus m
		LEFT JOIN role_menu_access rma ON rma.menu_id = m.id
			AND rma.role_id = (SELECT id FROM roles WHERE name = 'admin' AND is_active = 1 LIMIT 1)
		WHERE m.is_active = 1
		ORDER BY m.order_index ASC, m.id ASC
		
[GIN] 2026/07/26 - 00:40:49 | 200 |      1.6347ms |             ::1 | POST     "/api/menus/my"

2026/07/26 00:40:49 [32mD:/Develop/Project_pos_mahenz/BE/repository/log_request_repository.go:32
[0m[33m[2.503ms] [34;1m[rows:1][0m INSERT INTO log_requests (id, method, endpoint, status_code, request_body, response_body, user_id, duration_ms, ip_address, error_message, created_at) VALUES ('b6839997-14a1-493c-8fd2-d260495b2fff', 'POST', '/api/menus/my', 200, '{}', '{"code":"00","status":true,"message":"Menu akses","data":[{"key_name":"beranda","label":"Beranda","icon":"Home","path":null,"order_index":1,"permission":{"can_view":true,"can_create":true,"can_edit":true,"can_delete":true},"children":[{"key_name":"beranda.dashboard","label":"Dashboard","icon":"LayoutDashboard","path":"/dashboard","order_index":1,"permission":{"can_view":true,"can_create":true,"can_edit":true,"can_delete":true},"children":[]}]},{"key_name":"penjualan","label":"Penjualan","icon":"ShoppingCart","path":null,"order_index":2,"permission":{"can_view":true,"can_create":true,"can_edit":true,"can_delete":true},"children":[{"key_name":"penjualan.kasir","label":"Kasir","icon":"ShoppingCart","path":"/kasir","order_index":1,"permission":{"can_view":true,"can_create":true,"can_edit":true,"can_delete":true},"children":[]},{"key_name":"penjualan.transaksi","label":"Transaksi","icon":"Receipt","path":"/transactions","order_index":2,"permission":{"can_view":true,"can_create":true,"can_edit":true,"can_delete":true},"children":[]}]},{"key_name":"produk","label":"Produk","icon":"Package","path":null,"order_index":3,"permission":{"can_view":true,"can_create":true,"can_edit":true,"can_delete":true},"children":[{"key_name":"produk.produk","label":"Produk","icon":"Package","path":"/products","order_index":1,"permission":{"can_view":true,"can_create":true,"can_edit":true,"can_delete":true},"children":[]},{"key_name":"produk.kategori","label":"Kategori","icon":"Tag","path":"/products/categories","order_index":2,"permission":{"can_view":true,"can_create":true,"can_edit":true,"can_delete":true},"children":[]},{"key_name":"produk.unit","label":"Unit","icon":"PackageSearch","path":"/products/units","order_index":3,"permission":{"can_view":true,"can_create":true,"can_edit":true,"can_delete":true},"children":[]}]},{"key_name":"pengadaan","label":"Pengadaan","icon":"Truck","path":null,"order_index":4,"permission":{"can_view":true,"can_create":true,"can_edit":true,"can_delete":true},"children":[{"key_name":"pengadaan.supplier","label":"Supplier","icon":"Truck","path":"/suppliers","order_index":1,"permission":{"can_view":true,"can_create":true,"can_edit":true,"can_delete":true},"children":[]},{"key_name":"pengadaan.pembelian","label":"Pembelian","icon":"ShoppingBag","path":"/suppliers/purchases","order_index":2,"permission":{"can_view":true,"can_create":true,"can_edit":true,"can_delete":true},"children":[]},{"key_name":"pengadaan.retur","label":"Retur","icon":"RotateCcw","path":"/suppliers/returns","order_index":3,"permission":{"can_view":true,"can_create":true,"can_edit":true,"can_delete":true},"children":[]}]},{"key_name":"pelanggan","label":"Pelanggan","icon":"Users","path":null,"order_index":5,"permission":{"can_view":true,"can_create":true,"can_edit":true,"can_delete":true},"children":[{"key_name":"pelanggan.pelanggan","label":"Pelanggan","icon":"Users","path":"/customers","order_index":1,"permission":{"can_view":true,"can_create":true,"can_edit":true,"can_delete":true},"children":[]},{"key_name":"pelanggan.piutang","label":"Piutang","icon":"CreditCard","path":"/receivables","order_index":2,"permission":{"can_view":true,"can_create":true,"can_edit":true,"can_delete":true},"children":[]}]},{"key_name":"keuangan","label":"Keuangan","icon":"Wallet","path":null,"order_index":6,"permission":{"can_view":true,"can_create":true,"can_edit":true,"can_delete":true},"children":[{"key_name":"keuangan.dashboard","label":"Dashboard Keuangan","icon":"Wallet","path":"/finance","order_index":1,"permission":{"can_view":true,"can_create":true,"can_edit":true,"can_delete":true},"children":[]},{"key_name":"keuangan.kas_harian","label":"Kas Harian","icon":"Landmark","path":"/finance/cash-drawer","order_index":2,"permission":{"can_view":true,"can_create":true,"can_edit":true,"can_delete":true},"children":[]},{"key_name":"keuangan.pengeluaran","label":"Pengeluaran","icon":"TrendingDown","path":"/finance/expenses","order_index":3,"permission":{"can_view":true,"can_create":true,"can_edit":true,"can_delete":true},"children":[]},{"key_name":"keuangan.kas_saya","label":"Kas Saya","icon":"Wallet","path":"/finance/my-cash","order_index":4,"permission":{"can_view":true,"can_create":true,"can_edit":true,"can_delete":true},"children":[]}]},{"key_name":"pelaporan","label":"Pelaporan","icon":"BarChart2","path":null,"order_index":7,"permission":{"can_view":true,"can_create":true,"can_edit":true,"can_delete":true},"children":[{"key_name":"pelaporan.penjualan","label":"Penjualan","icon":"TrendingUp","path":"/reports/sales","order_index":1,"permission":{"can_view":true,"can_create":true,"can_edit":true,"can_delete":true},"children":[]},{"key_name":"pelaporan.laba_rugi","label":"Laba Rugi","icon":"LineChart","path":"/reports/profit-loss","order_index":2,"permission":{"can_view":true,"can_create":true,"can_edit":true,"can_delete":true},"children":[]},{"key_name":"pelaporan.stok","label":"Stok","icon":"PackageSearch","path":"/reports/stock","order_index":3,"permission":{"can_view":true,"can_create":true,"can_edit":true,"can_delete":true},"children":[]},{"key_name":"pelaporan.kinerja_kasir","label":"Kinerja Kasir","icon":"BarChart2","path":"/reports/cashier","order_index":4,"permission":{"can_view":true,"can_create":true,"can_edit":true,"can_delete":true},"children":[]},{"key_name":"pelaporan.ringkasan_bisnis","label":"Ringkasan Bisnis","icon":"BarChart3","path":"/reports/business-summary","order_index":5,"permission":{"can_view":true,"can_create":true,"can_edit":true,"can_delete":true},"children":[]}]},{"key_name":"operasional","label":"Operasional","icon":"Clock","path":null,"order_index":8,"permission":{"can_view":true,"can_create":true,"can_edit":true,"can_delete":true},"children":[{"key_name":"operasional.shift","label":"Shift","icon":"Clock","path":"/shifts","order_index":1,"permission":{"can_view":true,"can_create":true,"can_edit":true,"can_delete":true},"children":[]},{"key_name":"operasional.sync","label":"Sync Center","icon":"RefreshCw","path":"/sync","order_index":2,"permission":{"can_view":true,"can_create":true,"can_edit":true,"can_delete":true},"children":[]}]},{"key_name":"sistem","label":"Sistem","icon":"Settings","path":null,"order_index":9,"permission":{"can_view":true,"can_create":true,"can_edit":true,"can_delete":true},"children":[{"key_name":"sistem.profil_toko","label":"Profil Toko","icon":"Settings","path":"/settings/store","order_index":1,"permission":{"can_view":true,"can_create":true,"can_edit":true,"can_delete":true},"children":[]},{"key_name":"sistem.users","label":"Manajemen User","icon":"Users","path":"/settings/users","order_index":2,"permission":{"can_view":true,"can_create":true,"can_edit":true,"can_delete":true},"children":[]},{"key_name":"sistem.roles","label":"Manajemen Role","icon":"Shield","path":"/settings/roles","order_index":3,"permission":{"can_view":true,"can_create":true,"can_edit":true,"can_delete":true},"children":[]},{"key_name":"sistem.menus","label":"Manajemen Menu","icon":"LayoutList","path":"/settings/menus","order_index":4,"permission":{"can_view":true,"can_create":true,"can_edit":true,"can_delete":true},"children":[]},{"key_name":"sistem.printer","label":"Printer","icon":"Printer","path":"/settings/printer","order_index":5,"permission":{"can_view":true,"can_create":true,"can_edit":true,"can_delete":true},"children":[]},{"key_name":"sistem.versi","label":"Versi Aplikasi","icon":"RefreshCw","path":"/settings/versions","order_index":6,"permission":{"can_view":true,"can_create":true,"can_edit":true,"can_delete":true},"children":[]},{"key_name":"sistem.backup","label":"Backup \u0026 Restore","icon":"DatabaseBackup","path":"/settings/backup","order_index":7,"permission":{"can_view":true,"can_create":true,"can_edit":true,"can_delete":true},"children":[]}]}]}', 2, 3, '::1', NULL, '2026-07-26 00:40:49.516')

2026/07/26 00:40:49 [32mD:/Develop/Project_pos_mahenz/BE/repository/log_request_repository.go:32
[0m[33m[2.579ms] [34;1m[rows:1][0m INSERT INTO log_requests (id, method, endpoint, status_code, request_body, response_body, user_id, duration_ms, ip_address, error_message, created_at) VALUES ('b59638c2-ef5c-4b38-8063-e667c75d86ad', 'POST', '/api/menus/my', 200, '{}', '{"code":"00","status":true,"message":"Menu akses","data":[{"key_name":"beranda","label":"Beranda","icon":"Home","path":null,"order_index":1,"permission":{"can_view":true,"can_create":true,"can_edit":true,"can_delete":true},"children":[{"key_name":"beranda.dashboard","label":"Dashboard","icon":"LayoutDashboard","path":"/dashboard","order_index":1,"permission":{"can_view":true,"can_create":true,"can_edit":true,"can_delete":true},"children":[]}]},{"key_name":"penjualan","label":"Penjualan","icon":"ShoppingCart","path":null,"order_index":2,"permission":{"can_view":true,"can_create":true,"can_edit":true,"can_delete":true},"children":[{"key_name":"penjualan.kasir","label":"Kasir","icon":"ShoppingCart","path":"/kasir","order_index":1,"permission":{"can_view":true,"can_create":true,"can_edit":true,"can_delete":true},"children":[]},{"key_name":"penjualan.transaksi","label":"Transaksi","icon":"Receipt","path":"/transactions","order_index":2,"permission":{"can_view":true,"can_create":true,"can_edit":true,"can_delete":true},"children":[]}]},{"key_name":"produk","label":"Produk","icon":"Package","path":null,"order_index":3,"permission":{"can_view":true,"can_create":true,"can_edit":true,"can_delete":true},"children":[{"key_name":"produk.produk","label":"Produk","icon":"Package","path":"/products","order_index":1,"permission":{"can_view":true,"can_create":true,"can_edit":true,"can_delete":true},"children":[]},{"key_name":"produk.kategori","label":"Kategori","icon":"Tag","path":"/products/categories","order_index":2,"permission":{"can_view":true,"can_create":true,"can_edit":true,"can_delete":true},"children":[]},{"key_name":"produk.unit","label":"Unit","icon":"PackageSearch","path":"/products/units","order_index":3,"permission":{"can_view":true,"can_create":true,"can_edit":true,"can_delete":true},"children":[]}]},{"key_name":"pengadaan","label":"Pengadaan","icon":"Truck","path":null,"order_index":4,"permission":{"can_view":true,"can_create":true,"can_edit":true,"can_delete":true},"children":[{"key_name":"pengadaan.supplier","label":"Supplier","icon":"Truck","path":"/suppliers","order_index":1,"permission":{"can_view":true,"can_create":true,"can_edit":true,"can_delete":true},"children":[]},{"key_name":"pengadaan.pembelian","label":"Pembelian","icon":"ShoppingBag","path":"/suppliers/purchases","order_index":2,"permission":{"can_view":true,"can_create":true,"can_edit":true,"can_delete":true},"children":[]},{"key_name":"pengadaan.retur","label":"Retur","icon":"RotateCcw","path":"/suppliers/returns","order_index":3,"permission":{"can_view":true,"can_create":true,"can_edit":true,"can_delete":true},"children":[]}]},{"key_name":"pelanggan","label":"Pelanggan","icon":"Users","path":null,"order_index":5,"permission":{"can_view":true,"can_create":true,"can_edit":true,"can_delete":true},"children":[{"key_name":"pelanggan.pelanggan","label":"Pelanggan","icon":"Users","path":"/customers","order_index":1,"permission":{"can_view":true,"can_create":true,"can_edit":true,"can_delete":true},"children":[]},{"key_name":"pelanggan.piutang","label":"Piutang","icon":"CreditCard","path":"/receivables","order_index":2,"permission":{"can_view":true,"can_create":true,"can_edit":true,"can_delete":true},"children":[]}]},{"key_name":"keuangan","label":"Keuangan","icon":"Wallet","path":null,"order_index":6,"permission":{"can_view":true,"can_create":true,"can_edit":true,"can_delete":true},"children":[{"key_name":"keuangan.dashboard","label":"Dashboard Keuangan","icon":"Wallet","path":"/finance","order_index":1,"permission":{"can_view":true,"can_create":true,"can_edit":true,"can_delete":true},"children":[]},{"key_name":"keuangan.kas_harian","label":"Kas Harian","icon":"Landmark","path":"/finance/cash-drawer","order_index":2,"permission":{"can_view":true,"can_create":true,"can_edit":true,"can_delete":true},"children":[]},{"key_name":"keuangan.pengeluaran","label":"Pengeluaran","icon":"TrendingDown","path":"/finance/expenses","order_index":3,"permission":{"can_view":true,"can_create":true,"can_edit":true,"can_delete":true},"children":[]},{"key_name":"keuangan.kas_saya","label":"Kas Saya","icon":"Wallet","path":"/finance/my-cash","order_index":4,"permission":{"can_view":true,"can_create":true,"can_edit":true,"can_delete":true},"children":[]}]},{"key_name":"pelaporan","label":"Pelaporan","icon":"BarChart2","path":null,"order_index":7,"permission":{"can_view":true,"can_create":true,"can_edit":true,"can_delete":true},"children":[{"key_name":"pelaporan.penjualan","label":"Penjualan","icon":"TrendingUp","path":"/reports/sales","order_index":1,"permission":{"can_view":true,"can_create":true,"can_edit":true,"can_delete":true},"children":[]},{"key_name":"pelaporan.laba_rugi","label":"Laba Rugi","icon":"LineChart","path":"/reports/profit-loss","order_index":2,"permission":{"can_view":true,"can_create":true,"can_edit":true,"can_delete":true},"children":[]},{"key_name":"pelaporan.stok","label":"Stok","icon":"PackageSearch","path":"/reports/stock","order_index":3,"permission":{"can_view":true,"can_create":true,"can_edit":true,"can_delete":true},"children":[]},{"key_name":"pelaporan.kinerja_kasir","label":"Kinerja Kasir","icon":"BarChart2","path":"/reports/cashier","order_index":4,"permission":{"can_view":true,"can_create":true,"can_edit":true,"can_delete":true},"children":[]},{"key_name":"pelaporan.ringkasan_bisnis","label":"Ringkasan Bisnis","icon":"BarChart3","path":"/reports/business-summary","order_index":5,"permission":{"can_view":true,"can_create":true,"can_edit":true,"can_delete":true},"children":[]}]},{"key_name":"operasional","label":"Operasional","icon":"Clock","path":null,"order_index":8,"permission":{"can_view":true,"can_create":true,"can_edit":true,"can_delete":true},"children":[{"key_name":"operasional.shift","label":"Shift","icon":"Clock","path":"/shifts","order_index":1,"permission":{"can_view":true,"can_create":true,"can_edit":true,"can_delete":true},"children":[]},{"key_name":"operasional.sync","label":"Sync Center","icon":"RefreshCw","path":"/sync","order_index":2,"permission":{"can_view":true,"can_create":true,"can_edit":true,"can_delete":true},"children":[]}]},{"key_name":"sistem","label":"Sistem","icon":"Settings","path":null,"order_index":9,"permission":{"can_view":true,"can_create":true,"can_edit":true,"can_delete":true},"children":[{"key_name":"sistem.profil_toko","label":"Profil Toko","icon":"Settings","path":"/settings/store","order_index":1,"permission":{"can_view":true,"can_create":true,"can_edit":true,"can_delete":true},"children":[]},{"key_name":"sistem.users","label":"Manajemen User","icon":"Users","path":"/settings/users","order_index":2,"permission":{"can_view":true,"can_create":true,"can_edit":true,"can_delete":true},"children":[]},{"key_name":"sistem.roles","label":"Manajemen Role","icon":"Shield","path":"/settings/roles","order_index":3,"permission":{"can_view":true,"can_create":true,"can_edit":true,"can_delete":true},"children":[]},{"key_name":"sistem.menus","label":"Manajemen Menu","icon":"LayoutList","path":"/settings/menus","order_index":4,"permission":{"can_view":true,"can_create":true,"can_edit":true,"can_delete":true},"children":[]},{"key_name":"sistem.printer","label":"Printer","icon":"Printer","path":"/settings/printer","order_index":5,"permission":{"can_view":true,"can_create":true,"can_edit":true,"can_delete":true},"children":[]},{"key_name":"sistem.versi","label":"Versi Aplikasi","icon":"RefreshCw","path":"/settings/versions","order_index":6,"permission":{"can_view":true,"can_create":true,"can_edit":true,"can_delete":true},"children":[]},{"key_name":"sistem.backup","label":"Backup \u0026 Restore","icon":"DatabaseBackup","path":"/settings/backup","order_index":7,"permission":{"can_view":true,"can_create":true,"can_edit":true,"can_delete":true},"children":[]}]}]}', 2, 1, '::1', NULL, '2026-07-26 00:40:49.516')

2026/07/26 00:40:49 [32mD:/Develop/Project_pos_mahenz/BE/domain/auth/repo/auth_repo.go:46
[0m[33m[0.508ms] [34;1m[rows:1][0m SELECT id, user_id, user_role, token, device_info, expires_at FROM sessions WHERE token = 'eyJhbGciOiJIUzI1NiIsInR5cCI6IkpXVCJ9.eyJhcHBzIjoid2ViIiwiZXhwIjoxNzg1MDMwMDQ5LCJmdWxsX25hbWUiOiJBZG1pbmlzdHJhdG9yIiwicm9sZSI6ImFkbWluIiwidXNlcl9pZCI6MiwidXNlcm5hbWUiOiJhZG1pbiJ9.X6mV4bBwix3_aJcl-YKo83QxcC8Wi5nND-xJXJLk5cY' LIMIT 1

2026/07/26 00:40:49 [32mD:/Develop/Project_pos_mahenz/BE/domain/menu/repo/menu_repo.go:121
[0m[33m[1.101ms] [34;1m[rows:-][0m 
		SELECT
			m.id,
			m.parent_id,
			m.key_name,
			m.label,
			m.icon,
			m.path,
			m.order_index,
			COALESCE(rma.can_view,   0),
			COALESCE(rma.can_create, 0),
			COALESCE(rma.can_edit,   0),
			COALESCE(rma.can_delete, 0)
		FROM menus m
		LEFT JOIN role_menu_access rma ON rma.menu_id = m.id
			AND rma.role_id = (SELECT id FROM roles WHERE name = 'admin' AND is_active = 1 LIMIT 1)
		WHERE m.is_active = 1
		ORDER BY m.order_index ASC, m.id ASC
		
[GIN] 2026/07/26 - 00:40:49 | 200 |       4.593ms |             ::1 | POST     "/api/menus/my"
Error #01: write tcp [::1]:8080->[::1]:13693: wsasend: An established connection was aborted by the software in your host machine.
Error #02: write tcp [::1]:8080->[::1]:13693: wsasend: An established connection was aborted by the software in your host machine.

2026/07/26 00:40:49 [32mD:/Develop/Project_pos_mahenz/BE/repository/log_request_repository.go:32
[0m[33m[3.028ms] [34;1m[rows:1][0m INSERT INTO log_requests (id, method, endpoint, status_code, request_body, response_body, user_id, duration_ms, ip_address, error_message, created_at) VALUES ('2bc6cb4e-4251-4451-ad8f-8bdac062e119', 'POST', '/api/menus/my', 200, '{}', '{"code":"00","status":true,"message":"Menu akses","data":[{"key_name":"beranda","label":"Beranda","icon":"Home","path":null,"order_index":1,"permission":{"can_view":true,"can_create":true,"can_edit":true,"can_delete":true},"children":[{"key_name":"beranda.dashboard","label":"Dashboard","icon":"LayoutDashboard","path":"/dashboard","order_index":1,"permission":{"can_view":true,"can_create":true,"can_edit":true,"can_delete":true},"children":[]}]},{"key_name":"penjualan","label":"Penjualan","icon":"ShoppingCart","path":null,"order_index":2,"permission":{"can_view":true,"can_create":true,"can_edit":true,"can_delete":true},"children":[{"key_name":"penjualan.kasir","label":"Kasir","icon":"ShoppingCart","path":"/kasir","order_index":1,"permission":{"can_view":true,"can_create":true,"can_edit":true,"can_delete":true},"children":[]},{"key_name":"penjualan.transaksi","label":"Transaksi","icon":"Receipt","path":"/transactions","order_index":2,"permission":{"can_view":true,"can_create":true,"can_edit":true,"can_delete":true},"children":[]}]},{"key_name":"produk","label":"Produk","icon":"Package","path":null,"order_index":3,"permission":{"can_view":true,"can_create":true,"can_edit":true,"can_delete":true},"children":[{"key_name":"produk.produk","label":"Produk","icon":"Package","path":"/products","order_index":1,"permission":{"can_view":true,"can_create":true,"can_edit":true,"can_delete":true},"children":[]},{"key_name":"produk.kategori","label":"Kategori","icon":"Tag","path":"/products/categories","order_index":2,"permission":{"can_view":true,"can_create":true,"can_edit":true,"can_delete":true},"children":[]},{"key_name":"produk.unit","label":"Unit","icon":"PackageSearch","path":"/products/units","order_index":3,"permission":{"can_view":true,"can_create":true,"can_edit":true,"can_delete":true},"children":[]}]},{"key_name":"pengadaan","label":"Pengadaan","icon":"Truck","path":null,"order_index":4,"permission":{"can_view":true,"can_create":true,"can_edit":true,"can_delete":true},"children":[{"key_name":"pengadaan.supplier","label":"Supplier","icon":"Truck","path":"/suppliers","order_index":1,"permission":{"can_view":true,"can_create":true,"can_edit":true,"can_delete":true},"children":[]},{"key_name":"pengadaan.pembelian","label":"Pembelian","icon":"ShoppingBag","path":"/suppliers/purchases","order_index":2,"permission":{"can_view":true,"can_create":true,"can_edit":true,"can_delete":true},"children":[]},{"key_name":"pengadaan.retur","label":"Retur","icon":"RotateCcw","path":"/suppliers/returns","order_index":3,"permission":{"can_view":true,"can_create":true,"can_edit":true,"can_delete":true},"children":[]}]},{"key_name":"pelanggan","label":"Pelanggan","icon":"Users","path":null,"order_index":5,"permission":{"can_view":true,"can_create":true,"can_edit":true,"can_delete":true},"children":[{"key_name":"pelanggan.pelanggan","label":"Pelanggan","icon":"Users","path":"/customers","order_index":1,"permission":{"can_view":true,"can_create":true,"can_edit":true,"can_delete":true},"children":[]},{"key_name":"pelanggan.piutang","label":"Piutang","icon":"CreditCard","path":"/receivables","order_index":2,"permission":{"can_view":true,"can_create":true,"can_edit":true,"can_delete":true},"children":[]}]},{"key_name":"keuangan","label":"Keuangan","icon":"Wallet","path":null,"order_index":6,"permission":{"can_view":true,"can_create":true,"can_edit":true,"can_delete":true},"children":[{"key_name":"keuangan.dashboard","label":"Dashboard Keuangan","icon":"Wallet","path":"/finance","order_index":1,"permission":{"can_view":true,"can_create":true,"can_edit":true,"can_delete":true},"children":[]},{"key_name":"keuangan.kas_harian","label":"Kas Harian","icon":"Landmark","path":"/finance/cash-drawer","order_index":2,"permission":{"can_view":true,"can_create":true,"can_edit":true,"can_delete":true},"children":[]},{"key_name":"keuangan.pengeluaran","label":"Pengeluaran","icon":"TrendingDown","path":"/finance/expenses","order_index":3,"permission":{"can_view":true,"can_create":true,"can_edit":true,"can_delete":true},"children":[]},{"key_name":"keuangan.kas_saya","label":"Kas Saya","icon":"Wallet","path":"/finance/my-cash","order_index":4,"permission":{"can_view":true,"can_create":true,"can_edit":true,"can_delete":true},"children":[]}]},{"key_name":"pelaporan","label":"Pelaporan","icon":"BarChart2","path":null,"order_index":7,"permission":{"can_view":true,"can_create":true,"can_edit":true,"can_delete":true},"children":[{"key_name":"pelaporan.penjualan","label":"Penjualan","icon":"TrendingUp","path":"/reports/sales","order_index":1,"permission":{"can_view":true,"can_create":true,"can_edit":true,"can_delete":true},"children":[]},{"key_name":"pelaporan.laba_rugi","label":"Laba Rugi","icon":"LineChart","path":"/reports/profit-loss","order_index":2,"permission":{"can_view":true,"can_create":true,"can_edit":true,"can_delete":true},"children":[]},{"key_name":"pelaporan.stok","label":"Stok","icon":"PackageSearch","path":"/reports/stock","order_index":3,"permission":{"can_view":true,"can_create":true,"can_edit":true,"can_delete":true},"children":[]},{"key_name":"pelaporan.kinerja_kasir","label":"Kinerja Kasir","icon":"BarChart2","path":"/reports/cashier","order_index":4,"permission":{"can_view":true,"can_create":true,"can_edit":true,"can_delete":true},"children":[]},{"key_name":"pelaporan.ringkasan_bisnis","label":"Ringkasan Bisnis","icon":"BarChart3","path":"/reports/business-summary","order_index":5,"permission":{"can_view":true,"can_create":true,"can_edit":true,"can_delete":true},"children":[]}]},{"key_name":"operasional","label":"Operasional","icon":"Clock","path":null,"order_index":8,"permission":{"can_view":true,"can_create":true,"can_edit":true,"can_delete":true},"children":[{"key_name":"operasional.shift","label":"Shift","icon":"Clock","path":"/shifts","order_index":1,"permission":{"can_view":true,"can_create":true,"can_edit":true,"can_delete":true},"children":[]},{"key_name":"operasional.sync","label":"Sync Center","icon":"RefreshCw","path":"/sync","order_index":2,"permission":{"can_view":true,"can_create":true,"can_edit":true,"can_delete":true},"children":[]}]},{"key_name":"sistem","label":"Sistem","icon":"Settings","path":null,"order_index":9,"permission":{"can_view":true,"can_create":true,"can_edit":true,"can_delete":true},"children":[{"key_name":"sistem.profil_toko","label":"Profil Toko","icon":"Settings","path":"/settings/store","order_index":1,"permission":{"can_view":true,"can_create":true,"can_edit":true,"can_delete":true},"children":[]},{"key_name":"sistem.users","label":"Manajemen User","icon":"Users","path":"/settings/users","order_index":2,"permission":{"can_view":true,"can_create":true,"can_edit":true,"can_delete":true},"children":[]},{"key_name":"sistem.roles","label":"Manajemen Role","icon":"Shield","path":"/settings/roles","order_index":3,"permission":{"can_view":true,"can_create":true,"can_edit":true,"can_delete":true},"children":[]},{"key_name":"sistem.menus","label":"Manajemen Menu","icon":"LayoutList","path":"/settings/menus","order_index":4,"permission":{"can_view":true,"can_create":true,"can_edit":true,"can_delete":true},"children":[]},{"key_name":"sistem.printer","label":"Printer","icon":"Printer","path":"/settings/printer","order_index":5,"permission":{"can_view":true,"can_create":true,"can_edit":true,"can_delete":true},"children":[]},{"key_name":"sistem.versi","label":"Versi Aplikasi","icon":"RefreshCw","path":"/settings/versions","order_index":6,"permission":{"can_view":true,"can_create":true,"can_edit":true,"can_delete":true},"children":[]},{"key_name":"sistem.backup","label":"Backup \u0026 Restore","icon":"DatabaseBackup","path":"/settings/backup","order_index":7,"permission":{"can_view":true,"can_create":true,"can_edit":true,"can_delete":true},"children":[]}]}]}{"code":"50","status":false,"trace_id":"2bc6cb4e-4251-4451-ad8f-8bdac062e119","message":"Internal Server Error","data":null}', 2, 4, '::1', NULL, '2026-07-26 00:40:49.748')

2026/07/26 00:40:49 [32mD:/Develop/Project_pos_mahenz/BE/domain/auth/repo/auth_repo.go:46
[0m[33m[1.068ms] [34;1m[rows:1][0m SELECT id, user_id, user_role, token, device_info, expires_at FROM sessions WHERE token = 'eyJhbGciOiJIUzI1NiIsInR5cCI6IkpXVCJ9.eyJhcHBzIjoid2ViIiwiZXhwIjoxNzg1MDMwMDQ5LCJmdWxsX25hbWUiOiJBZG1pbmlzdHJhdG9yIiwicm9sZSI6ImFkbWluIiwidXNlcl9pZCI6MiwidXNlcm5hbWUiOiJhZG1pbiJ9.X6mV4bBwix3_aJcl-YKo83QxcC8Wi5nND-xJXJLk5cY' LIMIT 1

2026/07/26 00:40:49 [32mD:/Develop/Project_pos_mahenz/BE/domain/menu/repo/menu_repo.go:121
[0m[33m[0.523ms] [34;1m[rows:-][0m 
		SELECT
			m.id,
			m.parent_id,
			m.key_name,
			m.label,
			m.icon,
			m.path,
			m.order_index,
			COALESCE(rma.can_view,   0),
			COALESCE(rma.can_create, 0),
			COALESCE(rma.can_edit,   0),
			COALESCE(rma.can_delete, 0)
		FROM menus m
		LEFT JOIN role_menu_access rma ON rma.menu_id = m.id
			AND rma.role_id = (SELECT id FROM roles WHERE name = 'admin' AND is_active = 1 LIMIT 1)
		WHERE m.is_active = 1
		ORDER BY m.order_index ASC, m.id ASC
		
[GIN] 2026/07/26 - 00:40:49 | 200 |      1.9687ms |             ::1 | POST     "/api/menus/my"

2026/07/26 00:40:49 [32mD:/Develop/Project_pos_mahenz/BE/repository/log_request_repository.go:32
[0m[33m[2.701ms] [34;1m[rows:1][0m INSERT INTO log_requests (id, method, endpoint, status_code, request_body, response_body, user_id, duration_ms, ip_address, error_message, created_at) VALUES ('1ac09c2b-2f76-4740-afcf-e8f6089446f6', 'POST', '/api/menus/my', 200, '{}', '{"code":"00","status":true,"message":"Menu akses","data":[{"key_name":"beranda","label":"Beranda","icon":"Home","path":null,"order_index":1,"permission":{"can_view":true,"can_create":true,"can_edit":true,"can_delete":true},"children":[{"key_name":"beranda.dashboard","label":"Dashboard","icon":"LayoutDashboard","path":"/dashboard","order_index":1,"permission":{"can_view":true,"can_create":true,"can_edit":true,"can_delete":true},"children":[]}]},{"key_name":"penjualan","label":"Penjualan","icon":"ShoppingCart","path":null,"order_index":2,"permission":{"can_view":true,"can_create":true,"can_edit":true,"can_delete":true},"children":[{"key_name":"penjualan.kasir","label":"Kasir","icon":"ShoppingCart","path":"/kasir","order_index":1,"permission":{"can_view":true,"can_create":true,"can_edit":true,"can_delete":true},"children":[]},{"key_name":"penjualan.transaksi","label":"Transaksi","icon":"Receipt","path":"/transactions","order_index":2,"permission":{"can_view":true,"can_create":true,"can_edit":true,"can_delete":true},"children":[]}]},{"key_name":"produk","label":"Produk","icon":"Package","path":null,"order_index":3,"permission":{"can_view":true,"can_create":true,"can_edit":true,"can_delete":true},"children":[{"key_name":"produk.produk","label":"Produk","icon":"Package","path":"/products","order_index":1,"permission":{"can_view":true,"can_create":true,"can_edit":true,"can_delete":true},"children":[]},{"key_name":"produk.kategori","label":"Kategori","icon":"Tag","path":"/products/categories","order_index":2,"permission":{"can_view":true,"can_create":true,"can_edit":true,"can_delete":true},"children":[]},{"key_name":"produk.unit","label":"Unit","icon":"PackageSearch","path":"/products/units","order_index":3,"permission":{"can_view":true,"can_create":true,"can_edit":true,"can_delete":true},"children":[]}]},{"key_name":"pengadaan","label":"Pengadaan","icon":"Truck","path":null,"order_index":4,"permission":{"can_view":true,"can_create":true,"can_edit":true,"can_delete":true},"children":[{"key_name":"pengadaan.supplier","label":"Supplier","icon":"Truck","path":"/suppliers","order_index":1,"permission":{"can_view":true,"can_create":true,"can_edit":true,"can_delete":true},"children":[]},{"key_name":"pengadaan.pembelian","label":"Pembelian","icon":"ShoppingBag","path":"/suppliers/purchases","order_index":2,"permission":{"can_view":true,"can_create":true,"can_edit":true,"can_delete":true},"children":[]},{"key_name":"pengadaan.retur","label":"Retur","icon":"RotateCcw","path":"/suppliers/returns","order_index":3,"permission":{"can_view":true,"can_create":true,"can_edit":true,"can_delete":true},"children":[]}]},{"key_name":"pelanggan","label":"Pelanggan","icon":"Users","path":null,"order_index":5,"permission":{"can_view":true,"can_create":true,"can_edit":true,"can_delete":true},"children":[{"key_name":"pelanggan.pelanggan","label":"Pelanggan","icon":"Users","path":"/customers","order_index":1,"permission":{"can_view":true,"can_create":true,"can_edit":true,"can_delete":true},"children":[]},{"key_name":"pelanggan.piutang","label":"Piutang","icon":"CreditCard","path":"/receivables","order_index":2,"permission":{"can_view":true,"can_create":true,"can_edit":true,"can_delete":true},"children":[]}]},{"key_name":"keuangan","label":"Keuangan","icon":"Wallet","path":null,"order_index":6,"permission":{"can_view":true,"can_create":true,"can_edit":true,"can_delete":true},"children":[{"key_name":"keuangan.dashboard","label":"Dashboard Keuangan","icon":"Wallet","path":"/finance","order_index":1,"permission":{"can_view":true,"can_create":true,"can_edit":true,"can_delete":true},"children":[]},{"key_name":"keuangan.kas_harian","label":"Kas Harian","icon":"Landmark","path":"/finance/cash-drawer","order_index":2,"permission":{"can_view":true,"can_create":true,"can_edit":true,"can_delete":true},"children":[]},{"key_name":"keuangan.pengeluaran","label":"Pengeluaran","icon":"TrendingDown","path":"/finance/expenses","order_index":3,"permission":{"can_view":true,"can_create":true,"can_edit":true,"can_delete":true},"children":[]},{"key_name":"keuangan.kas_saya","label":"Kas Saya","icon":"Wallet","path":"/finance/my-cash","order_index":4,"permission":{"can_view":true,"can_create":true,"can_edit":true,"can_delete":true},"children":[]}]},{"key_name":"pelaporan","label":"Pelaporan","icon":"BarChart2","path":null,"order_index":7,"permission":{"can_view":true,"can_create":true,"can_edit":true,"can_delete":true},"children":[{"key_name":"pelaporan.penjualan","label":"Penjualan","icon":"TrendingUp","path":"/reports/sales","order_index":1,"permission":{"can_view":true,"can_create":true,"can_edit":true,"can_delete":true},"children":[]},{"key_name":"pelaporan.laba_rugi","label":"Laba Rugi","icon":"LineChart","path":"/reports/profit-loss","order_index":2,"permission":{"can_view":true,"can_create":true,"can_edit":true,"can_delete":true},"children":[]},{"key_name":"pelaporan.stok","label":"Stok","icon":"PackageSearch","path":"/reports/stock","order_index":3,"permission":{"can_view":true,"can_create":true,"can_edit":true,"can_delete":true},"children":[]},{"key_name":"pelaporan.kinerja_kasir","label":"Kinerja Kasir","icon":"BarChart2","path":"/reports/cashier","order_index":4,"permission":{"can_view":true,"can_create":true,"can_edit":true,"can_delete":true},"children":[]},{"key_name":"pelaporan.ringkasan_bisnis","label":"Ringkasan Bisnis","icon":"BarChart3","path":"/reports/business-summary","order_index":5,"permission":{"can_view":true,"can_create":true,"can_edit":true,"can_delete":true},"children":[]}]},{"key_name":"operasional","label":"Operasional","icon":"Clock","path":null,"order_index":8,"permission":{"can_view":true,"can_create":true,"can_edit":true,"can_delete":true},"children":[{"key_name":"operasional.shift","label":"Shift","icon":"Clock","path":"/shifts","order_index":1,"permission":{"can_view":true,"can_create":true,"can_edit":true,"can_delete":true},"children":[]},{"key_name":"operasional.sync","label":"Sync Center","icon":"RefreshCw","path":"/sync","order_index":2,"permission":{"can_view":true,"can_create":true,"can_edit":true,"can_delete":true},"children":[]}]},{"key_name":"sistem","label":"Sistem","icon":"Settings","path":null,"order_index":9,"permission":{"can_view":true,"can_create":true,"can_edit":true,"can_delete":true},"children":[{"key_name":"sistem.profil_toko","label":"Profil Toko","icon":"Settings","path":"/settings/store","order_index":1,"permission":{"can_view":true,"can_create":true,"can_edit":true,"can_delete":true},"children":[]},{"key_name":"sistem.users","label":"Manajemen User","icon":"Users","path":"/settings/users","order_index":2,"permission":{"can_view":true,"can_create":true,"can_edit":true,"can_delete":true},"children":[]},{"key_name":"sistem.roles","label":"Manajemen Role","icon":"Shield","path":"/settings/roles","order_index":3,"permission":{"can_view":true,"can_create":true,"can_edit":true,"can_delete":true},"children":[]},{"key_name":"sistem.menus","label":"Manajemen Menu","icon":"LayoutList","path":"/settings/menus","order_index":4,"permission":{"can_view":true,"can_create":true,"can_edit":true,"can_delete":true},"children":[]},{"key_name":"sistem.printer","label":"Printer","icon":"Printer","path":"/settings/printer","order_index":5,"permission":{"can_view":true,"can_create":true,"can_edit":true,"can_delete":true},"children":[]},{"key_name":"sistem.versi","label":"Versi Aplikasi","icon":"RefreshCw","path":"/settings/versions","order_index":6,"permission":{"can_view":true,"can_create":true,"can_edit":true,"can_delete":true},"children":[]},{"key_name":"sistem.backup","label":"Backup \u0026 Restore","icon":"DatabaseBackup","path":"/settings/backup","order_index":7,"permission":{"can_view":true,"can_create":true,"can_edit":true,"can_delete":true},"children":[]}]}]}', 2, 1, '::1', NULL, '2026-07-26 00:40:49.865')
[GIN] 2026/07/26 - 00:40:49 | 204 |            0s |             ::1 | OPTIONS  "/api/sync/conflicts/count"

2026/07/26 00:40:49 [32mD:/Develop/Project_pos_mahenz/BE/domain/auth/repo/auth_repo.go:46
[0m[33m[0.509ms] [34;1m[rows:1][0m SELECT id, user_id, user_role, token, device_info, expires_at FROM sessions WHERE token = 'eyJhbGciOiJIUzI1NiIsInR5cCI6IkpXVCJ9.eyJhcHBzIjoid2ViIiwiZXhwIjoxNzg1MDMwMDQ5LCJmdWxsX25hbWUiOiJBZG1pbmlzdHJhdG9yIiwicm9sZSI6ImFkbWluIiwidXNlcl9pZCI6MiwidXNlcm5hbWUiOiJhZG1pbiJ9.X6mV4bBwix3_aJcl-YKo83QxcC8Wi5nND-xJXJLk5cY' LIMIT 1

2026/07/26 00:40:49 [32mD:/Develop/Project_pos_mahenz/BE/domain/access/repo/access_repo.go:55
[0m[33m[1.266ms] [34;1m[rows:38][0m 
SELECT
    m.key_name,
    COALESCE(rma.can_view,   0) AS can_view,
    COALESCE(rma.can_create, 0) AS can_create,
    COALESCE(rma.can_edit,   0) AS can_edit,
    COALESCE(rma.can_delete, 0) AS can_delete
FROM menus m
LEFT JOIN role_menu_access rma ON rma.menu_id = m.id
    AND rma.role_id = (SELECT id FROM roles WHERE name = 'admin' AND is_active = 1 LIMIT 1)
WHERE m.is_active = 1
ORDER BY m.id ASC

2026/07/26 00:40:49 [32mD:/Develop/Project_pos_mahenz/BE/domain/sync/repo/sync_repo.go:84
[0m[33m[0.529ms] [34;1m[rows:1][0m SELECT COUNT(*) FROM sync_conflicts WHERE status = 'pending'
[GIN] 2026/07/26 - 00:40:49 | 200 |      2.3041ms |             ::1 | GET      "/api/sync/conflicts/count"

2026/07/26 00:40:49 [32mD:/Develop/Project_pos_mahenz/BE/repository/log_request_repository.go:32
[0m[33m[2.559ms] [34;1m[rows:1][0m INSERT INTO log_requests (id, method, endpoint, status_code, request_body, response_body, user_id, duration_ms, ip_address, error_message, created_at) VALUES ('745afb02-7135-491d-9a8e-b8da38afa746', 'GET', '/api/sync/conflicts/count', 200, '', '{"code":"00","status":true,"message":"Jumlah konflik pending","data":{"count":0}}', 2, 2, '::1', NULL, '2026-07-26 00:40:49.921')
[GIN] 2026/07/26 - 00:40:50 | 204 |            0s |             ::1 | OPTIONS  "/api/suppliers/list"
[GIN] 2026/07/26 - 00:40:50 | 204 |            0s |             ::1 | OPTIONS  "/api/products/list"

2026/07/26 00:40:50 [32mD:/Develop/Project_pos_mahenz/BE/domain/auth/repo/auth_repo.go:46
[0m[33m[1.161ms] [34;1m[rows:1][0m SELECT id, user_id, user_role, token, device_info, expires_at FROM sessions WHERE token = 'eyJhbGciOiJIUzI1NiIsInR5cCI6IkpXVCJ9.eyJhcHBzIjoid2ViIiwiZXhwIjoxNzg1MDMwMDQ5LCJmdWxsX25hbWUiOiJBZG1pbmlzdHJhdG9yIiwicm9sZSI6ImFkbWluIiwidXNlcl9pZCI6MiwidXNlcm5hbWUiOiJhZG1pbiJ9.X6mV4bBwix3_aJcl-YKo83QxcC8Wi5nND-xJXJLk5cY' LIMIT 1

2026/07/26 00:40:50 [32mD:/Develop/Project_pos_mahenz/BE/domain/supplier/repo/supplier_repo.go:44
[0m[33m[0.549ms] [34;1m[rows:1][0m SELECT COUNT(*) FROM suppliers WHERE 1=1

2026/07/26 00:40:50 [32mD:/Develop/Project_pos_mahenz/BE/domain/supplier/repo/supplier_repo.go:67
[0m[33m[0.708ms] [34;1m[rows:1][0m SELECT id, supplier_code, name, address, phone, email, contact_person, notes, is_active, created_at FROM suppliers WHERE 1=1 ORDER BY name ASC LIMIT 1 OFFSET 0
[GIN] 2026/07/26 - 00:40:50 | 200 |      3.0077ms |             ::1 | POST     "/api/suppliers/list"

2026/07/26 00:40:50 [32mD:/Develop/Project_pos_mahenz/BE/domain/auth/repo/auth_repo.go:46
[0m[33m[1.298ms] [34;1m[rows:1][0m SELECT id, user_id, user_role, token, device_info, expires_at FROM sessions WHERE token = 'eyJhbGciOiJIUzI1NiIsInR5cCI6IkpXVCJ9.eyJhcHBzIjoid2ViIiwiZXhwIjoxNzg1MDMwMDQ5LCJmdWxsX25hbWUiOiJBZG1pbmlzdHJhdG9yIiwicm9sZSI6ImFkbWluIiwidXNlcl9pZCI6MiwidXNlcm5hbWUiOiJhZG1pbiJ9.X6mV4bBwix3_aJcl-YKo83QxcC8Wi5nND-xJXJLk5cY' LIMIT 1

2026/07/26 00:40:50 [32mD:/Develop/Project_pos_mahenz/BE/domain/product/repo/product_repo.go:100
[0m[33m[0.585ms] [34;1m[rows:1][0m SELECT COUNT(*) FROM products p WHERE 1=1

2026/07/26 00:40:50 [32mD:/Develop/Project_pos_mahenz/BE/repository/log_request_repository.go:32
[0m[33m[2.999ms] [34;1m[rows:1][0m INSERT INTO log_requests (id, method, endpoint, status_code, request_body, response_body, user_id, duration_ms, ip_address, error_message, created_at) VALUES ('59361b8d-578b-49a9-a56e-7f430c58878e', 'POST', '/api/suppliers/list', 200, '{"page":1,"limit":1,"search":""}', '{"code":"00","status":true,"message":"Daftar supplier","data":[{"id":1,"supplier_code":"SUP-001","name":"Supplier Test Fase14","address":"Jl. Test","phone":"08123456789","email":"","contact_person":"","notes":"","is_active":true,"created_at":"2026-07-25T13:19:10+07:00"}],"pagination":{"page":1,"per_page":1,"total":1,"total_pages":1}}', 2, 3, '::1', NULL, '2026-07-26 00:40:50.224')

2026/07/26 00:40:50 [32mD:/Develop/Project_pos_mahenz/BE/domain/product/repo/product_repo.go:119
[0m[33m[1.871ms] [34;1m[rows:1][0m 
		SELECT p.id, p.barcode, COALESCE(p.sku, '') as sku, p.name, p.category_id, COALESCE(c.name, '') as category_name,
		       p.purchase_price, p.selling_price, p.stock, p.reserved_qty, p.min_stock,
		       COALESCE(p.unit_id, 0) as unit_id, COALESCE(u.name, '') as unit_name, COALESCE(u.abbreviation, '') as unit_abbreviation,
		       p.is_active,
		       (SELECT COUNT(*) FROM product_packages pp WHERE pp.product_id = p.id AND pp.is_default = 0) AS extra_packages,
		       (SELECT COUNT(*) FROM product_prices pr WHERE pr.product_id = p.id) AS price_tiers_count
		FROM products p
		LEFT JOIN categories c ON p.category_id = c.id
		LEFT JOIN units u ON u.id = p.unit_id
		WHERE 1=1 ORDER BY p.name ASC LIMIT 1 OFFSET 0
[GIN] 2026/07/26 - 00:40:50 | 200 |      4.8026ms |             ::1 | POST     "/api/products/list"

2026/07/26 00:40:50 [32mD:/Develop/Project_pos_mahenz/BE/repository/log_request_repository.go:32
[0m[33m[4.787ms] [34;1m[rows:1][0m INSERT INTO log_requests (id, method, endpoint, status_code, request_body, response_body, user_id, duration_ms, ip_address, error_message, created_at) VALUES ('796346c3-317e-45f4-9d79-ae94796d6ca3', 'POST', '/api/products/list', 200, '{"page":1,"limit":1,"search":""}', '{"code":"00","status":true,"message":"Daftar produk","data":[{"id":4,"barcode":"8992260464338","sku":"SEM-0003","name":"Gula Pasir 1kg","category_id":1,"category_name":"Sembako Test","purchase_price":0,"selling_price":15000,"stock":50,"reserved_qty":0,"min_stock":5,"unit_id":1,"unit_name":"Pieces","unit_abbreviation":"Pcs","is_active":false,"extra_packages":0,"price_tiers_count":0}],"pagination":{"page":1,"per_page":1,"total":11,"total_pages":11}}', 2, 4, '::1', NULL, '2026-07-26 00:40:50.228')
[GIN] 2026/07/26 - 00:40:50 | 204 |            0s |             ::1 | OPTIONS  "/api/suppliers/options"
[GIN] 2026/07/26 - 00:40:50 | 204 |            0s |             ::1 | OPTIONS  "/api/payment-statuses/list"
[GIN] 2026/07/26 - 00:40:50 | 204 |            0s |             ::1 | OPTIONS  "/api/settings/pagination_sizes"
[GIN] 2026/07/26 - 00:40:50 | 204 |            0s |             ::1 | OPTIONS  "/api/payment-methods/list"

2026/07/26 00:40:50 [32mD:/Develop/Project_pos_mahenz/BE/domain/auth/repo/auth_repo.go:46
[0m[33m[0.593ms] [34;1m[rows:1][0m SELECT id, user_id, user_role, token, device_info, expires_at FROM sessions WHERE token = 'eyJhbGciOiJIUzI1NiIsInR5cCI6IkpXVCJ9.eyJhcHBzIjoid2ViIiwiZXhwIjoxNzg1MDMwMDQ5LCJmdWxsX25hbWUiOiJBZG1pbmlzdHJhdG9yIiwicm9sZSI6ImFkbWluIiwidXNlcl9pZCI6MiwidXNlcm5hbWUiOiJhZG1pbiJ9.X6mV4bBwix3_aJcl-YKo83QxcC8Wi5nND-xJXJLk5cY' LIMIT 1
[GIN] 2026/07/26 - 00:40:50 | 204 |            0s |             ::1 | OPTIONS  "/api/supplier-purchases/list"

2026/07/26 00:40:50 [32mD:/Develop/Project_pos_mahenz/BE/domain/supplier/repo/supplier_repo.go:44
[0m[33m[0.000ms] [34;1m[rows:1][0m SELECT COUNT(*) FROM suppliers WHERE 1=1

2026/07/26 00:40:50 [32mD:/Develop/Project_pos_mahenz/BE/domain/auth/repo/auth_repo.go:46
[0m[33m[0.525ms] [34;1m[rows:1][0m SELECT id, user_id, user_role, token, device_info, expires_at FROM sessions WHERE token = 'eyJhbGciOiJIUzI1NiIsInR5cCI6IkpXVCJ9.eyJhcHBzIjoid2ViIiwiZXhwIjoxNzg1MDMwMDQ5LCJmdWxsX25hbWUiOiJBZG1pbmlzdHJhdG9yIiwicm9sZSI6ImFkbWluIiwidXNlcl9pZCI6MiwidXNlcm5hbWUiOiJhZG1pbiJ9.X6mV4bBwix3_aJcl-YKo83QxcC8Wi5nND-xJXJLk5cY' LIMIT 1

2026/07/26 00:40:50 [32mD:/Develop/Project_pos_mahenz/BE/domain/supplier/repo/supplier_repo.go:81
[0m[33m[0.524ms] [34;1m[rows:1][0m SELECT id, supplier_code, name FROM suppliers WHERE is_active = 1 ORDER BY name

2026/07/26 00:40:50 [32mD:/Develop/Project_pos_mahenz/BE/domain/supplier/repo/supplier_repo.go:67
[0m[33m[0.524ms] [34;1m[rows:1][0m SELECT id, supplier_code, name, address, phone, email, contact_person, notes, is_active, created_at FROM suppliers WHERE 1=1 ORDER BY name ASC LIMIT 10 OFFSET 0
[GIN] 2026/07/26 - 00:40:50 | 200 |      1.0488ms |             ::1 | POST     "/api/suppliers/options"
[GIN] 2026/07/26 - 00:40:50 | 200 |       2.168ms |             ::1 | POST     "/api/suppliers/list"

2026/07/26 00:40:50 [32mD:/Develop/Project_pos_mahenz/BE/domain/auth/repo/auth_repo.go:46
[0m[33m[0.658ms] [34;1m[rows:1][0m SELECT id, user_id, user_role, token, device_info, expires_at FROM sessions WHERE token = 'eyJhbGciOiJIUzI1NiIsInR5cCI6IkpXVCJ9.eyJhcHBzIjoid2ViIiwiZXhwIjoxNzg1MDMwMDQ5LCJmdWxsX25hbWUiOiJBZG1pbmlzdHJhdG9yIiwicm9sZSI6ImFkbWluIiwidXNlcl9pZCI6MiwidXNlcm5hbWUiOiJhZG1pbiJ9.X6mV4bBwix3_aJcl-YKo83QxcC8Wi5nND-xJXJLk5cY' LIMIT 1

2026/07/26 00:40:50 [32mD:/Develop/Project_pos_mahenz/BE/domain/auth/repo/auth_repo.go:46
[0m[33m[0.658ms] [34;1m[rows:1][0m SELECT id, user_id, user_role, token, device_info, expires_at FROM sessions WHERE token = 'eyJhbGciOiJIUzI1NiIsInR5cCI6IkpXVCJ9.eyJhcHBzIjoid2ViIiwiZXhwIjoxNzg1MDMwMDQ5LCJmdWxsX25hbWUiOiJBZG1pbmlzdHJhdG9yIiwicm9sZSI6ImFkbWluIiwidXNlcl9pZCI6MiwidXNlcm5hbWUiOiJhZG1pbiJ9.X6mV4bBwix3_aJcl-YKo83QxcC8Wi5nND-xJXJLk5cY' LIMIT 1

2026/07/26 00:40:50 [32mD:/Develop/Project_pos_mahenz/BE/domain/setting/repo/setting_repo.go:32
[0m[33m[0.661ms] [34;1m[rows:-][0m SELECT setting_key, setting_value FROM settings WHERE setting_key = 'pagination_sizes'
[GIN] 2026/07/26 - 00:40:50 | 200 |      1.3192ms |             ::1 | GET      "/api/settings/pagination_sizes"

2026/07/26 00:40:50 [32mD:/Develop/Project_pos_mahenz/BE/domain/payment_status/repo/payment_status_repo.go:9
[0m[33m[0.661ms] [34;1m[rows:3][0m SELECT id, code, label, is_active, sort_order FROM payment_statuses WHERE is_active = 1 ORDER BY sort_order ASC
[GIN] 2026/07/26 - 00:40:50 | 200 |      1.3192ms |             ::1 | POST     "/api/payment-statuses/list"

2026/07/26 00:40:50 [32mD:/Develop/Project_pos_mahenz/BE/domain/auth/repo/auth_repo.go:46
[0m[33m[0.542ms] [34;1m[rows:1][0m SELECT id, user_id, user_role, token, device_info, expires_at FROM sessions WHERE token = 'eyJhbGciOiJIUzI1NiIsInR5cCI6IkpXVCJ9.eyJhcHBzIjoid2ViIiwiZXhwIjoxNzg1MDMwMDQ5LCJmdWxsX25hbWUiOiJBZG1pbmlzdHJhdG9yIiwicm9sZSI6ImFkbWluIiwidXNlcl9pZCI6MiwidXNlcm5hbWUiOiJhZG1pbiJ9.X6mV4bBwix3_aJcl-YKo83QxcC8Wi5nND-xJXJLk5cY' LIMIT 1

2026/07/26 00:40:50 [32mD:/Develop/Project_pos_mahenz/BE/domain/payment_method/repo/payment_method_repo.go:9
[0m[33m[3.335ms] [34;1m[rows:5][0m SELECT id, code, label, is_active, sort_order FROM payment_methods WHERE is_active = 1 ORDER BY sort_order ASC

2026/07/26 00:40:50 [32mD:/Develop/Project_pos_mahenz/BE/repository/log_request_repository.go:32
[0m[33m[4.434ms] [34;1m[rows:1][0m INSERT INTO log_requests (id, method, endpoint, status_code, request_body, response_body, user_id, duration_ms, ip_address, error_message, created_at) VALUES ('f524dac3-83f3-4d79-9ed8-c4198632da41', 'POST', '/api/payment-statuses/list', 200, '{}', '{"code":"00","status":true,"message":"Daftar status pembayaran","data":[{"id":1,"code":"unpaid","label":"Hutang","is_active":1,"sort_order":1},{"id":2,"code":"partial","label":"Bayar Sebagian","is_active":1,"sort_order":2},{"id":3,"code":"paid","label":"Lunas","is_active":1,"sort_order":3}]}', 2, 1, '::1', NULL, '2026-07-26 00:40:50.309')
[GIN] 2026/07/26 - 00:40:50 | 200 |      3.8775ms |             ::1 | POST     "/api/payment-methods/list"

2026/07/26 00:40:50 [32mD:/Develop/Project_pos_mahenz/BE/repository/log_request_repository.go:32
[0m[33m[5.754ms] [34;1m[rows:1][0m INSERT INTO log_requests (id, method, endpoint, status_code, request_body, response_body, user_id, duration_ms, ip_address, error_message, created_at) VALUES ('37198752-1fb8-4a6c-bdd6-7facc3ed7fd5', 'POST', '/api/suppliers/options', 200, '{"search":""}', '{"code":"00","status":true,"message":"Opsi supplier","data":[{"id":1,"supplier_code":"SUP-001","name":"Supplier Test Fase14"}]}', 2, 1, '::1', NULL, '2026-07-26 00:40:50.308')

2026/07/26 00:40:50 [32mD:/Develop/Project_pos_mahenz/BE/repository/log_request_repository.go:32
[0m[33m[4.434ms] [34;1m[rows:1][0m INSERT INTO log_requests (id, method, endpoint, status_code, request_body, response_body, user_id, duration_ms, ip_address, error_message, created_at) VALUES ('ee4ccc83-c7dd-4f92-9b83-c8b18434935e', 'GET', '/api/settings/pagination_sizes', 200, '', '{"code":"00","status":true,"message":"Detail pengaturan","data":{"key":"pagination_sizes","value":"[10,20,50]"}}', 2, 1, '::1', NULL, '2026-07-26 00:40:50.309')

2026/07/26 00:40:50 [32mD:/Develop/Project_pos_mahenz/BE/repository/log_request_repository.go:32
[0m[33m[5.754ms] [34;1m[rows:1][0m INSERT INTO log_requests (id, method, endpoint, status_code, request_body, response_body, user_id, duration_ms, ip_address, error_message, created_at) VALUES ('d9b69c27-e722-4778-a3c9-546dcaca46db', 'POST', '/api/suppliers/list', 200, '{"page":1,"limit":200,"search":""}', '{"code":"00","status":true,"message":"Daftar supplier","data":[{"id":1,"supplier_code":"SUP-001","name":"Supplier Test Fase14","address":"Jl. Test","phone":"08123456789","email":"","contact_person":"","notes":"","is_active":true,"created_at":"2026-07-25T13:19:10+07:00"}],"pagination":{"page":1,"per_page":200,"total":1,"total_pages":1}}', 2, 2, '::1', NULL, '2026-07-26 00:40:50.308')

2026/07/26 00:40:50 [32mD:/Develop/Project_pos_mahenz/BE/domain/auth/repo/auth_repo.go:46
[0m[33m[6.225ms] [34;1m[rows:1][0m SELECT id, user_id, user_role, token, device_info, expires_at FROM sessions WHERE token = 'eyJhbGciOiJIUzI1NiIsInR5cCI6IkpXVCJ9.eyJhcHBzIjoid2ViIiwiZXhwIjoxNzg1MDMwMDQ5LCJmdWxsX25hbWUiOiJBZG1pbmlzdHJhdG9yIiwicm9sZSI6ImFkbWluIiwidXNlcl9pZCI6MiwidXNlcm5hbWUiOiJhZG1pbiJ9.X6mV4bBwix3_aJcl-YKo83QxcC8Wi5nND-xJXJLk5cY' LIMIT 1

2026/07/26 00:40:50 [32mD:/Develop/Project_pos_mahenz/BE/repository/log_request_repository.go:32
[0m[33m[3.414ms] [34;1m[rows:1][0m INSERT INTO log_requests (id, method, endpoint, status_code, request_body, response_body, user_id, duration_ms, ip_address, error_message, created_at) VALUES ('3e21d88f-28c2-46ea-be89-1f8c5b46c662', 'POST', '/api/payment-methods/list', 200, '{}', '{"code":"00","status":true,"message":"Daftar metode pembayaran","data":[{"id":1,"code":"cash","label":"Tunai","is_active":1,"sort_order":1},{"id":2,"code":"transfer","label":"Transfer Bank","is_active":1,"sort_order":2},{"id":3,"code":"card","label":"Kartu","is_active":1,"sort_order":3},{"id":4,"code":"qris","label":"QRIS","is_active":1,"sort_order":4},{"id":5,"code":"kredit","label":"Kredit","is_active":1,"sort_order":5}]}', 2, 3, '::1', NULL, '2026-07-26 00:40:50.314')

2026/07/26 00:40:50 [32mD:/Develop/Project_pos_mahenz/BE/domain/supplier_purchase/repo/purchase_repo.go:124
[0m[33m[0.721ms] [34;1m[rows:1][0m SELECT COUNT(*) FROM purchases p WHERE 1=1 AND DATE(p.purchase_date) >= '2026-07-01' AND DATE(p.purchase_date) <= '2026-07-26'

2026/07/26 00:40:50 [32mD:/Develop/Project_pos_mahenz/BE/domain/supplier_purchase/repo/purchase_repo.go:141
[0m[33m[1.350ms] [34;1m[rows:-][0m SELECT p.id, p.purchase_code, p.invoice_number, p.supplier_id, COALESCE(s.name, '') as supplier_name, p.purchase_date, p.discount_amount, p.total_amount, p.payment_status, p.paid_amount, p.remaining_amount, p.status, COALESCE(u.full_name, '') as user_name, p.notes FROM purchases p LEFT JOIN users u ON p.user_id = u.id LEFT JOIN suppliers s ON p.supplier_id = s.id WHERE 1=1 AND DATE(p.purchase_date) >= '2026-07-01' AND DATE(p.purchase_date) <= '2026-07-26' ORDER BY p.purchase_date DESC, p.id DESC LIMIT 10 OFFSET 0
[GIN] 2026/07/26 - 00:40:50 | 200 |      9.3625ms |             ::1 | POST     "/api/supplier-purchases/list"

2026/07/26 00:40:50 [32mD:/Develop/Project_pos_mahenz/BE/repository/log_request_repository.go:32
[0m[33m[2.883ms] [34;1m[rows:1][0m INSERT INTO log_requests (id, method, endpoint, status_code, request_body, response_body, user_id, duration_ms, ip_address, error_message, created_at) VALUES ('97a2d0fe-8d3a-4f63-be73-5b87d3295367', 'POST', '/api/supplier-purchases/list', 200, '{"page":1,"limit":10,"start_date":"2026-07-01","end_date":"2026-07-26"}', '{"code":"00","status":true,"message":"Daftar purchase order","data":[{"id":6,"purchase_code":"PO-20260726-004","invoice_number":"INV-QA-NORMAL","supplier_id":1,"supplier_name":"Supplier Test Fase14","purchase_date":"2026-07-26T00:00:00+07:00","discount_amount":500,"total_amount":2500,"payment_status":"unpaid","paid_amount":0,"remaining_amount":2500,"status":"active","user_name":"Administrator","notes":""},{"id":5,"purchase_code":"PO-20260726-003","invoice_number":"INV-QA-DISKON-PAS","supplier_id":1,"supplier_name":"Supplier Test Fase14","purchase_date":"2026-07-26T00:00:00+07:00","discount_amount":2000,"total_amount":0,"payment_status":"unpaid","paid_amount":0,"remaining_amount":0,"status":"active","user_name":"Administrator","notes":""},{"id":4,"purchase_code":"PO-20260726-002","invoice_number":"INV-QA-DUP-PRODUCT","supplier_id":1,"supplier_name":"Supplier Test Fase14","purchase_date":"2026-07-26T00:00:00+07:00","discount_amount":0,"total_amount":8000,"payment_status":"unpaid","paid_amount":0,"remaining_amount":8000,"status":"active","user_name":"Administrator","notes":""},{"id":3,"purchase_code":"PO-20260726-001","invoice_number":"INV-QA-DISKON-BUG","supplier_id":1,"supplier_name":"Supplier Test Fase14","purchase_date":"2026-07-26T00:00:00+07:00","discount_amount":5000,"total_amount":0,"payment_status":"unpaid","paid_amount":0,"remaining_amount":0,"status":"active","user_name":"Administrator","notes":""},{"id":2,"purchase_code":"PO-20260725-002","invoice_number":"INV-EXP-002","supplier_id":1,"supplier_name":"Supplier Test Fase14","purchase_date":"2026-07-25T00:00:00+07:00","discount_amount":0,"total_amount":4000,"payment_status":"unpaid","paid_amount":0,"remaining_amount":4000,"status":"active","user_name":"Administrator","notes":""},{"id":1,"purchase_code":"PO-20260725-001","invoice_number":"INV-EXP-001","supplier_id":1,"supplier_name":"Supplier Test Fase14","purchase_date":"2026-07-25T00:00:00+07:00","discount_amount":0,"total_amount":8000,"payment_status":"unpaid","paid_amount":0,"remaining_amount":8000,"status":"active","user_name":"Administrator","notes":""}],"pagination":{"page":1,"per_page":10,"total":6,"total_pages":1}}', 2, 9, '::1', NULL, '2026-07-26 00:40:50.319')
[GIN] 2026/07/26 - 00:40:51 | 204 |            0s |             ::1 | OPTIONS  "/api/supplier-purchases/generate-code"

2026/07/26 00:40:51 [32mD:/Develop/Project_pos_mahenz/BE/domain/auth/repo/auth_repo.go:46
[0m[33m[0.865ms] [34;1m[rows:1][0m SELECT id, user_id, user_role, token, device_info, expires_at FROM sessions WHERE token = 'eyJhbGciOiJIUzI1NiIsInR5cCI6IkpXVCJ9.eyJhcHBzIjoid2ViIiwiZXhwIjoxNzg1MDMwMDQ5LCJmdWxsX25hbWUiOiJBZG1pbmlzdHJhdG9yIiwicm9sZSI6ImFkbWluIiwidXNlcl9pZCI6MiwidXNlcm5hbWUiOiJhZG1pbiJ9.X6mV4bBwix3_aJcl-YKo83QxcC8Wi5nND-xJXJLk5cY' LIMIT 1

2026/07/26 00:40:51 [32mD:/Develop/Project_pos_mahenz/BE/domain/supplier_purchase/repo/purchase_repo.go:272
[0m[33m[0.000ms] [34;1m[rows:1][0m SELECT COUNT(*) FROM purchases WHERE DATE(purchase_date) = '2026-07-26'
[GIN] 2026/07/26 - 00:40:51 | 200 |       1.969ms |             ::1 | POST     "/api/supplier-purchases/generate-code"

2026/07/26 00:40:51 [32mD:/Develop/Project_pos_mahenz/BE/repository/log_request_repository.go:32
[0m[33m[21.036ms] [34;1m[rows:1][0m INSERT INTO log_requests (id, method, endpoint, status_code, request_body, response_body, user_id, duration_ms, ip_address, error_message, created_at) VALUES ('a8b429ad-0efd-49f9-bd43-c244e7cc46a1', 'POST', '/api/supplier-purchases/generate-code', 200, '{}', '{"code":"00","status":true,"message":"Generate kode PO","data":{"purchase_code":"PO-20260726-005"}}', 2, 1, '::1', NULL, '2026-07-26 00:40:51.667')

2026/07/26 00:40:53 [32mD:/Develop/Project_pos_mahenz/BE/domain/auth/repo/auth_repo.go:46
[0m[33m[0.511ms] [34;1m[rows:1][0m SELECT id, user_id, user_role, token, device_info, expires_at FROM sessions WHERE token = 'eyJhbGciOiJIUzI1NiIsInR5cCI6IkpXVCJ9.eyJhcHBzIjoid2ViIiwiZXhwIjoxNzg1MDMwMDQ5LCJmdWxsX25hbWUiOiJBZG1pbmlzdHJhdG9yIiwicm9sZSI6ImFkbWluIiwidXNlcl9pZCI6MiwidXNlcm5hbWUiOiJhZG1pbiJ9.X6mV4bBwix3_aJcl-YKo83QxcC8Wi5nND-xJXJLk5cY' LIMIT 1

2026/07/26 00:40:53 [32mD:/Develop/Project_pos_mahenz/BE/domain/supplier/repo/supplier_repo.go:81
[0m[33m[0.569ms] [34;1m[rows:1][0m SELECT id, supplier_code, name FROM suppliers WHERE is_active = 1 AND name LIKE '%Fase14%' ORDER BY name LIMIT 20
[GIN] 2026/07/26 - 00:40:53 | 200 |      1.6463ms |             ::1 | POST     "/api/suppliers/options"

2026/07/26 00:40:53 [32mD:/Develop/Project_pos_mahenz/BE/repository/log_request_repository.go:32
[0m[33m[9.995ms] [34;1m[rows:1][0m INSERT INTO log_requests (id, method, endpoint, status_code, request_body, response_body, user_id, duration_ms, ip_address, error_message, created_at) VALUES ('d4010dfd-42ef-4ef6-b0ae-dc454a80ed9e', 'POST', '/api/suppliers/options', 200, '{"search":"Fase14"}', '{"code":"00","status":true,"message":"Opsi supplier","data":[{"id":1,"supplier_code":"SUP-001","name":"Supplier Test Fase14"}]}', 2, 1, '::1', NULL, '2026-07-26 00:40:53.097')
[GIN] 2026/07/26 - 00:40:54 | 204 |            0s |             ::1 | OPTIONS  "/api/products/search"

2026/07/26 00:40:54 [32mD:/Develop/Project_pos_mahenz/BE/domain/auth/repo/auth_repo.go:46
[0m[33m[1.389ms] [34;1m[rows:1][0m SELECT id, user_id, user_role, token, device_info, expires_at FROM sessions WHERE token = 'eyJhbGciOiJIUzI1NiIsInR5cCI6IkpXVCJ9.eyJhcHBzIjoid2ViIiwiZXhwIjoxNzg1MDMwMDQ5LCJmdWxsX25hbWUiOiJBZG1pbmlzdHJhdG9yIiwicm9sZSI6ImFkbWluIiwidXNlcl9pZCI6MiwidXNlcm5hbWUiOiJhZG1pbiJ9.X6mV4bBwix3_aJcl-YKo83QxcC8Wi5nND-xJXJLk5cY' LIMIT 1

2026/07/26 00:40:54 [32mD:/Develop/Project_pos_mahenz/BE/domain/product/repo/product_repo.go:170
[0m[33m[0.528ms] [34;1m[rows:1][0m 
		SELECT p.id, p.barcode, p.name, p.selling_price, (p.stock - p.reserved_qty) as stock, p.min_stock,
		       COALESCE(p.unit_id, 0) as unit_id, COALESCE(u.name, '') as unit_name
		FROM products p
		LEFT JOIN units u ON u.id = p.unit_id
		WHERE p.is_active = 1 AND (p.name LIKE '%Rokok Test Berantai%' OR p.barcode LIKE '%Rokok Test Berantai%') LIMIT 20
[GIN] 2026/07/26 - 00:40:54 | 200 |      2.4785ms |             ::1 | POST     "/api/products/search"

2026/07/26 00:40:54 [32mD:/Develop/Project_pos_mahenz/BE/repository/log_request_repository.go:32
[0m[33m[9.900ms] [34;1m[rows:1][0m INSERT INTO log_requests (id, method, endpoint, status_code, request_body, response_body, user_id, duration_ms, ip_address, error_message, created_at) VALUES ('873e9d4e-e848-46ca-9627-59195c407c16', 'POST', '/api/products/search', 200, '{"q":"Rokok Test Berantai","limit":20}', '{"code":"00","status":true,"message":"Hasil pencarian produk","data":[{"id":12,"barcode":"8997789608850","name":"Rokok Test Berantai","selling_price":1000,"stock":1024,"min_stock":5,"unit_id":2,"unit_name":"Batang"}]}', 2, 2, '::1', NULL, '2026-07-26 00:40:54.461')
[GIN] 2026/07/26 - 00:40:54 | 204 |            0s |             ::1 | OPTIONS  "/api/products/12/packages/list"

2026/07/26 00:40:54 [32mD:/Develop/Project_pos_mahenz/BE/domain/auth/repo/auth_repo.go:46
[0m[33m[0.991ms] [34;1m[rows:1][0m SELECT id, user_id, user_role, token, device_info, expires_at FROM sessions WHERE token = 'eyJhbGciOiJIUzI1NiIsInR5cCI6IkpXVCJ9.eyJhcHBzIjoid2ViIiwiZXhwIjoxNzg1MDMwMDQ5LCJmdWxsX25hbWUiOiJBZG1pbmlzdHJhdG9yIiwicm9sZSI6ImFkbWluIiwidXNlcl9pZCI6MiwidXNlcm5hbWUiOiJhZG1pbiJ9.X6mV4bBwix3_aJcl-YKo83QxcC8Wi5nND-xJXJLk5cY' LIMIT 1

2026/07/26 00:40:54 [32mD:/Develop/Project_pos_mahenz/BE/domain/product/repo/product_repo.go:136
[0m[33m[0.504ms] [34;1m[rows:1][0m 
		SELECT p.id, p.barcode, COALESCE(p.sku, '') as sku, p.name, p.category_id, COALESCE(c.name, '') as category_name,
		       p.purchase_price, p.selling_price, p.stock, p.reserved_qty, p.min_stock,
		       COALESCE(p.unit_id, 0) as unit_id, COALESCE(u.name, '') as unit_name, COALESCE(u.abbreviation, '') as unit_abbreviation,
		       p.is_active, p.created_at, p.updated_at,
		       (SELECT COUNT(*) FROM product_packages pp WHERE pp.product_id = p.id AND pp.is_default = 0) AS extra_packages,
		       (SELECT COUNT(*) FROM product_prices pr WHERE pr.product_id = p.id) AS price_tiers_count
		FROM products p
		LEFT JOIN categories c ON p.category_id = c.id
		LEFT JOIN units u ON u.id = p.unit_id
		WHERE p.id = 12 LIMIT 1

2026/07/26 00:40:54 [32mD:/Develop/Project_pos_mahenz/BE/domain/product/repo/product_package_repo.go:23
[0m[33m[15.938ms] [34;1m[rows:4][0m 
		SELECT pp.id, pp.product_id, pp.unit_id, COALESCE(u.name, '') AS unit_name, COALESCE(u.abbreviation, '') AS abbreviation,
		       COALESCE(pp.package_name, '') AS package_name, pp.ref_package_id, pp.qty, pp.ref_qty, pp.purchase_price, pp.selling_price, pp.is_default
		FROM product_packages pp
		JOIN units u ON u.id = pp.unit_id
		WHERE pp.product_id = 12
[GIN] 2026/07/26 - 00:40:54 | 200 |     18.4689ms |             ::1 | POST     "/api/products/12/packages/list"

2026/07/26 00:40:54 [32mD:/Develop/Project_pos_mahenz/BE/repository/log_request_repository.go:32
[0m[33m[9.388ms] [34;1m[rows:1][0m INSERT INTO log_requests (id, method, endpoint, status_code, request_body, response_body, user_id, duration_ms, ip_address, error_message, created_at) VALUES ('964a773b-babe-43b6-937c-46c2b212a4a5', 'POST', '/api/products/12/packages/list', 200, '{}', '{"code":"00","status":true,"message":"Daftar paket produk","data":[{"id":13,"product_id":12,"unit_id":2,"unit_name":"Batang","abbreviation":"Btg","package_name":"","ref_package_id":null,"qty":1,"ref_qty":null,"resolved_factor":1,"purchase_price":800,"selling_price":1000,"is_default":true},{"id":14,"product_id":12,"unit_id":3,"unit_name":"Pack","abbreviation":"Pack","package_name":"","ref_package_id":13,"qty":1,"ref_qty":20,"resolved_factor":20,"purchase_price":15000,"selling_price":20000,"is_default":false},{"id":15,"product_id":12,"unit_id":4,"unit_name":"Slop","abbreviation":"Slop","package_name":"","ref_package_id":14,"qty":1,"ref_qty":10,"resolved_factor":200,"purchase_price":140000,"selling_price":150000,"is_default":false},{"id":16,"product_id":12,"unit_id":1,"unit_name":"Pieces","abbreviation":"Pcs","package_name":"","ref_package_id":15,"qty":1,"ref_qty":5,"resolved_factor":1000,"purchase_price":0,"selling_price":700000,"is_default":false}]}', 2, 18, '::1', NULL, '2026-07-26 00:40:54.923')
[GIN] 2026/07/26 - 00:40:56 | 204 |            0s |             ::1 | OPTIONS  "/api/supplier-purchases/create"
[GIN] 2026/07/26 - 00:40:56 | 204 |            0s |             ::1 | OPTIONS  "/api/supplier-purchases/create"

2026/07/26 00:40:56 [32mD:/Develop/Project_pos_mahenz/BE/domain/auth/repo/auth_repo.go:46
[0m[33m[1.079ms] [34;1m[rows:1][0m SELECT id, user_id, user_role, token, device_info, expires_at FROM sessions WHERE token = 'eyJhbGciOiJIUzI1NiIsInR5cCI6IkpXVCJ9.eyJhcHBzIjoid2ViIiwiZXhwIjoxNzg1MDMwMDQ5LCJmdWxsX25hbWUiOiJBZG1pbmlzdHJhdG9yIiwicm9sZSI6ImFkbWluIiwidXNlcl9pZCI6MiwidXNlcm5hbWUiOiJhZG1pbiJ9.X6mV4bBwix3_aJcl-YKo83QxcC8Wi5nND-xJXJLk5cY' LIMIT 1

2026/07/26 00:40:56 [32mD:/Develop/Project_pos_mahenz/BE/domain/auth/repo/auth_repo.go:46
[0m[33m[0.922ms] [34;1m[rows:1][0m SELECT id, user_id, user_role, token, device_info, expires_at FROM sessions WHERE token = 'eyJhbGciOiJIUzI1NiIsInR5cCI6IkpXVCJ9.eyJhcHBzIjoid2ViIiwiZXhwIjoxNzg1MDMwMDQ5LCJmdWxsX25hbWUiOiJBZG1pbmlzdHJhdG9yIiwicm9sZSI6ImFkbWluIiwidXNlcl9pZCI6MiwidXNlcm5hbWUiOiJhZG1pbiJ9.X6mV4bBwix3_aJcl-YKo83QxcC8Wi5nND-xJXJLk5cY' LIMIT 1

2026/07/26 00:40:56 [32mD:/Develop/Project_pos_mahenz/BE/domain/auth/repo/auth_repo.go:46
[0m[33m[0.543ms] [34;1m[rows:1][0m SELECT id, user_id, user_role, token, device_info, expires_at FROM sessions WHERE token = 'eyJhbGciOiJIUzI1NiIsInR5cCI6IkpXVCJ9.eyJhcHBzIjoid2ViIiwiZXhwIjoxNzg1MDMwMDQ5LCJmdWxsX25hbWUiOiJBZG1pbmlzdHJhdG9yIiwicm9sZSI6ImFkbWluIiwidXNlcl9pZCI6MiwidXNlcm5hbWUiOiJhZG1pbiJ9.X6mV4bBwix3_aJcl-YKo83QxcC8Wi5nND-xJXJLk5cY' LIMIT 1

2026/07/26 00:40:56 [32mD:/Develop/Project_pos_mahenz/BE/domain/supplier_purchase/repo/purchase_repo.go:495
[0m[33m[0.543ms] [34;1m[rows:1][0m SELECT COUNT(*) FROM payment_methods WHERE code = 'cash' AND is_active = 1

2026/07/26 00:40:56 [32mD:/Develop/Project_pos_mahenz/BE/domain/supplier_purchase/repo/purchase_repo.go:495
[0m[33m[0.535ms] [34;1m[rows:1][0m SELECT COUNT(*) FROM payment_methods WHERE code = 'cash' AND is_active = 1

2026/07/26 00:40:56 [32mD:/Develop/Project_pos_mahenz/BE/domain/supplier_purchase/repo/purchase_repo.go:495
[0m[33m[0.530ms] [34;1m[rows:1][0m SELECT COUNT(*) FROM payment_methods WHERE code = 'cash' AND is_active = 1

2026/07/26 00:40:56 [32mD:/Develop/Project_pos_mahenz/BE/domain/supplier_purchase/repo/purchase_repo.go:284
[0m[33m[0.530ms] [34;1m[rows:1][0m SELECT COUNT(*) FROM purchases WHERE DATE(purchase_date) = '2026-07-26'

2026/07/26 00:40:56 [32mD:/Develop/Project_pos_mahenz/BE/domain/supplier_purchase/repo/purchase_repo.go:284
[0m[33m[0.530ms] [34;1m[rows:1][0m SELECT COUNT(*) FROM purchases WHERE DATE(purchase_date) = '2026-07-26'

2026/07/26 00:40:56 [32mD:/Develop/Project_pos_mahenz/BE/domain/supplier_purchase/repo/purchase_repo.go:284
[0m[33m[0.603ms] [34;1m[rows:1][0m SELECT COUNT(*) FROM purchases WHERE DATE(purchase_date) = '2026-07-26'

2026/07/26 00:40:56 [32mD:/Develop/Project_pos_mahenz/BE/domain/supplier_purchase/repo/purchase_repo.go:304
[0m[33m[0.603ms] [34;1m[rows:1][0m INSERT INTO purchases (purchase_code, invoice_number, supplier_id, purchase_date, discount_amount, total_amount, payment_status, paid_amount, remaining_amount, user_id, notes) VALUES ('PO-20260726-005', 'INV-QA-DBLCLICK', 1, '2026-07-26', 0, 800, 'paid', 800, 0, 2, '')

2026/07/26 00:40:56 [32mD:/Develop/Project_pos_mahenz/BE/domain/supplier_purchase/repo/purchase_repo.go:311
[0m[33m[0.000ms] [34;1m[rows:1][0m SELECT LAST_INSERT_ID()

2026/07/26 00:40:56 [32mD:/Develop/Project_pos_mahenz/BE/domain/supplier_purchase/repo/purchase_repo.go:320
[0m[33m[1.049ms] [34;1m[rows:1][0m INSERT INTO purchase_payments (purchase_id, payment_date, amount, payment_method, notes, user_id) VALUES (8, '2026-07-26', 800, 'cash', '', 2)

2026/07/26 00:40:56 [32mD:/Develop/Project_pos_mahenz/BE/domain/supplier_purchase/repo/purchase_repo.go:73
[0m[33m[0.532ms] [34;1m[rows:4][0m SELECT pp.id, pp.ref_package_id, pp.qty, pp.ref_qty, COALESCE(u.name, '') AS unit_name FROM product_packages pp JOIN units u ON u.id = pp.unit_id WHERE pp.product_id = 12

2026/07/26 00:40:56 [32mD:/Develop/Project_pos_mahenz/BE/domain/supplier_purchase/repo/purchase_repo.go:332
[0m[33m[0.547ms] [34;1m[rows:1][0m INSERT INTO purchase_items (purchase_id, product_id, quantity, unit, conversion_qty, purchase_price, subtotal) VALUES (8, 12, 1, 'Batang', 1, 800, 800)

2026/07/26 00:40:56 [32mD:/Develop/Project_pos_mahenz/BE/domain/supplier_purchase/repo/purchase_repo.go:350
[0m[33m[0.000ms] [34;1m[rows:1][0m SELECT stock FROM products WHERE id = 12 LIMIT 1

2026/07/26 00:40:56 [32mD:/Develop/Project_pos_mahenz/BE/domain/supplier_purchase/repo/purchase_repo.go:354
[0m[33m[0.000ms] [34;1m[rows:1][0m UPDATE products SET stock = stock + 1, updated_at = NOW() WHERE id = 12

2026/07/26 00:40:56 [32mD:/Develop/Project_pos_mahenz/BE/domain/supplier_purchase/repo/purchase_repo.go:360
[0m[33m[0.566ms] [34;1m[rows:1][0m INSERT INTO stock_mutations (product_id, mutation_type, quantity, stock_before, stock_after, reference_type, reference_id, notes, user_id) VALUES (12, 'in', 1, 1024, 1025, 'purchase', 8, 'Purchase Order PO-20260726-005', 2)

2026/07/26 00:40:56 [31;1mD:/Develop/Project_pos_mahenz/BE/domain/supplier_purchase/repo/purchase_repo.go:304 [35;1mError 1062 (23000): Duplicate entry 'PO-20260726-005' for key 'purchases.purchase_code'
[0m[33m[5.379ms] [34;1m[rows:0][0m INSERT INTO purchases (purchase_code, invoice_number, supplier_id, purchase_date, discount_amount, total_amount, payment_status, paid_amount, remaining_amount, user_id, notes) VALUES ('PO-20260726-005', 'INV-QA-DBLCLICK', 1, '2026-07-26', 0, 800, 'paid', 800, 0, 2, '')

2026/07/26 00:40:56 [31;1mD:/Develop/Project_pos_mahenz/BE/domain/supplier_purchase/repo/purchase_repo.go:304 [35;1mError 1062 (23000): Duplicate entry 'PO-20260726-005' for key 'purchases.purchase_code'
[0m[33m[4.776ms] [34;1m[rows:0][0m INSERT INTO purchases (purchase_code, invoice_number, supplier_id, purchase_date, discount_amount, total_amount, payment_status, paid_amount, remaining_amount, user_id, notes) VALUES ('PO-20260726-005', 'INV-QA-DBLCLICK', 1, '2026-07-26', 0, 800, 'paid', 800, 0, 2, '')
[GIN] 2026/07/26 - 00:40:56 | 500 |      8.5864ms |             ::1 | POST     "/api/supplier-purchases/create"
Error #01: Error 1062 (23000): Duplicate entry 'PO-20260726-005' for key 'purchases.purchase_code'
[GIN] 2026/07/26 - 00:40:56 | 500 |     10.1941ms |             ::1 | POST     "/api/supplier-purchases/create"
Error #01: Error 1062 (23000): Duplicate entry 'PO-20260726-005' for key 'purchases.purchase_code'

2026/07/26 00:40:56 [32mD:/Develop/Project_pos_mahenz/BE/domain/supplier_purchase/repo/purchase_repo.go:166
[0m[33m[0.660ms] [34;1m[rows:-][0m SELECT p.id, p.purchase_code, p.invoice_number, p.supplier_id, COALESCE(s.name, '') as supplier_name, p.purchase_date, p.discount_amount, p.total_amount, p.payment_status, p.paid_amount, p.remaining_amount, p.status, COALESCE(u.full_name, '') as user_name, p.notes FROM purchases p LEFT JOIN users u ON p.user_id = u.id LEFT JOIN suppliers s ON p.supplier_id = s.id WHERE p.id = 8

2026/07/26 00:40:56 [32mD:/Develop/Project_pos_mahenz/BE/domain/supplier_purchase/repo/purchase_repo.go:208
[0m[33m[0.539ms] [34;1m[rows:-][0m SELECT pi.id, pi.product_id, COALESCE(p.name, '') as product_name, pi.quantity, pi.unit, COALESCE(pi.conversion_qty, 1) as conversion_qty, pi.purchase_price, pi.subtotal FROM purchase_items pi LEFT JOIN products p ON pi.product_id = p.id WHERE pi.purchase_id = 8

2026/07/26 00:40:56 [32mD:/Develop/Project_pos_mahenz/BE/domain/supplier_purchase/repo/purchase_repo.go:242
[0m[33m[0.608ms] [34;1m[rows:0][0m SELECT qty, expired_date FROM product_expiry_batches WHERE purchase_item_id = 12 ORDER BY expired_date ASC
[GIN] 2026/07/26 - 00:40:56 | 201 |     11.3147ms |             ::1 | POST     "/api/supplier-purchases/create"

2026/07/26 00:40:56 [32mD:/Develop/Project_pos_mahenz/BE/repository/log_request_repository.go:32
[0m[33m[1.806ms] [34;1m[rows:1][0m INSERT INTO log_requests (id, method, endpoint, status_code, request_body, response_body, user_id, duration_ms, ip_address, error_message, created_at) VALUES ('5abafc28-bb16-4fe3-a3cc-6dd851d9f205', 'POST', '/api/supplier-purchases/create', 500, '{"purchase_date":"2026-07-26","invoice_number":"INV-QA-DBLCLICK","supplier_id":1,"items":[{"product_id":12,"package_id":13,"quantity":1,"purchase_price":800,"unit":"Batang","conversion_qty":1}],"discount_amount":0,"notes":"","payment_status":"paid","paid_amount":800,"payment_method":"cash"}', '{"code":"50","status":false,"trace_id":"5abafc28-bb16-4fe3-a3cc-6dd851d9f205","message":"Internal Server Error","data":null}', 2, 8, '::1', 'Error 1062 (23000): Duplicate entry ''PO-20260726-005'' for key ''purchases.purchase_code''', '2026-07-26 00:40:56.053')

2026/07/26 00:40:56 [32mD:/Develop/Project_pos_mahenz/BE/repository/log_request_repository.go:32
[0m[33m[1.806ms] [34;1m[rows:1][0m INSERT INTO log_requests (id, method, endpoint, status_code, request_body, response_body, user_id, duration_ms, ip_address, error_message, created_at) VALUES ('039696f0-1849-4f22-9874-60ab5465a88e', 'POST', '/api/supplier-purchases/create', 500, '{"purchase_date":"2026-07-26","invoice_number":"INV-QA-DBLCLICK","supplier_id":1,"items":[{"product_id":12,"package_id":13,"quantity":1,"purchase_price":800,"unit":"Batang","conversion_qty":1}],"discount_amount":0,"notes":"","payment_status":"paid","paid_amount":800,"payment_method":"cash"}', '{"code":"50","status":false,"trace_id":"039696f0-1849-4f22-9874-60ab5465a88e","message":"Internal Server Error","data":null}', 2, 10, '::1', 'Error 1062 (23000): Duplicate entry ''PO-20260726-005'' for key ''purchases.purchase_code''', '2026-07-26 00:40:56.053')

2026/07/26 00:40:56 [32mD:/Develop/Project_pos_mahenz/BE/repository/log_request_repository.go:32
[0m[33m[2.854ms] [34;1m[rows:1][0m INSERT INTO log_requests (id, method, endpoint, status_code, request_body, response_body, user_id, duration_ms, ip_address, error_message, created_at) VALUES ('3c85d42b-0090-4594-9351-74d7b8347d96', 'POST', '/api/supplier-purchases/create', 201, '{"purchase_date":"2026-07-26","invoice_number":"INV-QA-DBLCLICK","supplier_id":1,"items":[{"product_id":12,"package_id":13,"quantity":1,"purchase_price":800,"unit":"Batang","conversion_qty":1}],"discount_amount":0,"notes":"","payment_status":"paid","paid_amount":800,"payment_method":"cash"}', '{"code":"21","status":true,"message":"Purchase order berhasil dibuat","data":{"id":8,"purchase_code":"PO-20260726-005","invoice_number":"INV-QA-DBLCLICK","supplier_id":1,"supplier_name":"Supplier Test Fase14","purchase_date":"2026-07-26T00:00:00+07:00","discount_amount":0,"total_amount":800,"payment_status":"paid","paid_amount":800,"remaining_amount":0,"status":"active","user_name":"Administrator","notes":"","items":[{"id":12,"product_id":12,"product_name":"Rokok Test Berantai","quantity":1,"unit":"Batang","conversion_qty":1,"purchase_price":800,"subtotal":800}]}}', 2, 11, '::1', NULL, '2026-07-26 00:40:56.055')

2026/07/26 00:40:56 [32mD:/Develop/Project_pos_mahenz/BE/domain/auth/repo/auth_repo.go:46
[0m[33m[0.719ms] [34;1m[rows:1][0m SELECT id, user_id, user_role, token, device_info, expires_at FROM sessions WHERE token = 'eyJhbGciOiJIUzI1NiIsInR5cCI6IkpXVCJ9.eyJhcHBzIjoid2ViIiwiZXhwIjoxNzg1MDMwMDQ5LCJmdWxsX25hbWUiOiJBZG1pbmlzdHJhdG9yIiwicm9sZSI6ImFkbWluIiwidXNlcl9pZCI6MiwidXNlcm5hbWUiOiJhZG1pbiJ9.X6mV4bBwix3_aJcl-YKo83QxcC8Wi5nND-xJXJLk5cY' LIMIT 1

2026/07/26 00:40:56 [32mD:/Develop/Project_pos_mahenz/BE/domain/auth/repo/auth_repo.go:46
[0m[33m[0.719ms] [34;1m[rows:1][0m SELECT id, user_id, user_role, token, device_info, expires_at FROM sessions WHERE token = 'eyJhbGciOiJIUzI1NiIsInR5cCI6IkpXVCJ9.eyJhcHBzIjoid2ViIiwiZXhwIjoxNzg1MDMwMDQ5LCJmdWxsX25hbWUiOiJBZG1pbmlzdHJhdG9yIiwicm9sZSI6ImFkbWluIiwidXNlcl9pZCI6MiwidXNlcm5hbWUiOiJhZG1pbiJ9.X6mV4bBwix3_aJcl-YKo83QxcC8Wi5nND-xJXJLk5cY' LIMIT 1

2026/07/26 00:40:56 [32mD:/Develop/Project_pos_mahenz/BE/domain/supplier_purchase/repo/purchase_repo.go:272
[0m[33m[0.000ms] [34;1m[rows:1][0m SELECT COUNT(*) FROM purchases WHERE DATE(purchase_date) = '2026-07-26'
[GIN] 2026/07/26 - 00:40:56 | 200 |      1.7875ms |             ::1 | POST     "/api/supplier-purchases/generate-code"

2026/07/26 00:40:56 [32mD:/Develop/Project_pos_mahenz/BE/domain/supplier_purchase/repo/purchase_repo.go:124
[0m[33m[0.539ms] [34;1m[rows:1][0m SELECT COUNT(*) FROM purchases p WHERE 1=1 AND DATE(p.purchase_date) >= '2026-07-01' AND DATE(p.purchase_date) <= '2026-07-26'

2026/07/26 00:40:56 [32mD:/Develop/Project_pos_mahenz/BE/domain/supplier_purchase/repo/purchase_repo.go:141
[0m[33m[1.063ms] [34;1m[rows:-][0m SELECT p.id, p.purchase_code, p.invoice_number, p.supplier_id, COALESCE(s.name, '') as supplier_name, p.purchase_date, p.discount_amount, p.total_amount, p.payment_status, p.paid_amount, p.remaining_amount, p.status, COALESCE(u.full_name, '') as user_name, p.notes FROM purchases p LEFT JOIN users u ON p.user_id = u.id LEFT JOIN suppliers s ON p.supplier_id = s.id WHERE 1=1 AND DATE(p.purchase_date) >= '2026-07-01' AND DATE(p.purchase_date) <= '2026-07-26' ORDER BY p.purchase_date DESC, p.id DESC LIMIT 10 OFFSET 0
[GIN] 2026/07/26 - 00:40:56 | 200 |      3.2224ms |             ::1 | POST     "/api/supplier-purchases/list"

2026/07/26 00:40:56 [32mD:/Develop/Project_pos_mahenz/BE/repository/log_request_repository.go:32
[0m[33m[2.329ms] [34;1m[rows:1][0m INSERT INTO log_requests (id, method, endpoint, status_code, request_body, response_body, user_id, duration_ms, ip_address, error_message, created_at) VALUES ('f3003e14-3d51-40c8-ae94-8e4dd1f5b78e', 'POST', '/api/supplier-purchases/generate-code', 200, '{}', '{"code":"00","status":true,"message":"Generate kode PO","data":{"purchase_code":"PO-20260726-006"}}', 2, 1, '::1', NULL, '2026-07-26 00:40:56.064')

2026/07/26 00:40:56 [32mD:/Develop/Project_pos_mahenz/BE/repository/log_request_repository.go:32
[0m[33m[1.399ms] [34;1m[rows:1][0m INSERT INTO log_requests (id, method, endpoint, status_code, request_body, response_body, user_id, duration_ms, ip_address, error_message, created_at) VALUES ('7ce6fbdb-0f7a-41de-a7ae-0dc4b6e797af', 'POST', '/api/supplier-purchases/list', 200, '{"page":1,"limit":10,"start_date":"2026-07-01","end_date":"2026-07-26"}', '{"code":"00","status":true,"message":"Daftar purchase order","data":[{"id":8,"purchase_code":"PO-20260726-005","invoice_number":"INV-QA-DBLCLICK","supplier_id":1,"supplier_name":"Supplier Test Fase14","purchase_date":"2026-07-26T00:00:00+07:00","discount_amount":0,"total_amount":800,"payment_status":"paid","paid_amount":800,"remaining_amount":0,"status":"active","user_name":"Administrator","notes":""},{"id":6,"purchase_code":"PO-20260726-004","invoice_number":"INV-QA-NORMAL","supplier_id":1,"supplier_name":"Supplier Test Fase14","purchase_date":"2026-07-26T00:00:00+07:00","discount_amount":500,"total_amount":2500,"payment_status":"unpaid","paid_amount":0,"remaining_amount":2500,"status":"active","user_name":"Administrator","notes":""},{"id":5,"purchase_code":"PO-20260726-003","invoice_number":"INV-QA-DISKON-PAS","supplier_id":1,"supplier_name":"Supplier Test Fase14","purchase_date":"2026-07-26T00:00:00+07:00","discount_amount":2000,"total_amount":0,"payment_status":"unpaid","paid_amount":0,"remaining_amount":0,"status":"active","user_name":"Administrator","notes":""},{"id":4,"purchase_code":"PO-20260726-002","invoice_number":"INV-QA-DUP-PRODUCT","supplier_id":1,"supplier_name":"Supplier Test Fase14","purchase_date":"2026-07-26T00:00:00+07:00","discount_amount":0,"total_amount":8000,"payment_status":"unpaid","paid_amount":0,"remaining_amount":8000,"status":"active","user_name":"Administrator","notes":""},{"id":3,"purchase_code":"PO-20260726-001","invoice_number":"INV-QA-DISKON-BUG","supplier_id":1,"supplier_name":"Supplier Test Fase14","purchase_date":"2026-07-26T00:00:00+07:00","discount_amount":5000,"total_amount":0,"payment_status":"unpaid","paid_amount":0,"remaining_amount":0,"status":"active","user_name":"Administrator","notes":""},{"id":2,"purchase_code":"PO-20260725-002","invoice_number":"INV-EXP-002","supplier_id":1,"supplier_name":"Supplier Test Fase14","purchase_date":"2026-07-25T00:00:00+07:00","discount_amount":0,"total_amount":4000,"payment_status":"unpaid","paid_amount":0,"remaining_amount":4000,"status":"active","user_name":"Administrator","notes":""},{"id":1,"purchase_code":"PO-20260725-001","invoice_number":"INV-EXP-001","supplier_id":1,"supplier_name":"Supplier Test Fase14","purchase_date":"2026-07-25T00:00:00+07:00","discount_amount":0,"total_amount":8000,"payment_status":"unpaid","paid_amount":0,"remaining_amount":8000,"status":"active","user_name":"Administrator","notes":""}],"pagination":{"page":1,"per_page":10,"total":7,"total_pages":1}}', 2, 3, '::1', NULL, '2026-07-26 00:40:56.066')

2026/07/26 00:53:17 [32mD:/Develop/Project_pos_mahenz/BE/domain/auth/repo/auth_repo.go:17
[0m[33m[18.032ms] [34;1m[rows:1][0m SELECT u.id, u.username, u.password, u.full_name, u.role_id, r.name AS role_name, u.is_active FROM users u INNER JOIN roles r ON r.id = u.role_id WHERE u.username = 'admin' LIMIT 1

2026/07/26 00:53:17 [32mD:/Develop/Project_pos_mahenz/BE/domain/auth/repo/auth_repo.go:67
[0m[33m[3.496ms] [34;1m[rows:1][0m DELETE FROM sessions WHERE user_id = 2

2026/07/26 00:53:17 [32mD:/Develop/Project_pos_mahenz/BE/domain/auth/repo/auth_repo.go:38
[0m[33m[6.944ms] [34;1m[rows:1][0m INSERT INTO sessions (user_id, user_role, token, refresh_token, device_info, ip_address, expires_at) VALUES (2, 'admin', 'eyJhbGciOiJIUzI1NiIsInR5cCI6IkpXVCJ9.eyJhcHBzIjoiIiwiZXhwIjoxNzg1MDMwNzk3LCJmdWxsX25hbWUiOiJBZG1pbmlzdHJhdG9yIiwicm9sZSI6ImFkbWluIiwidXNlcl9pZCI6MiwidXNlcm5hbWUiOiJhZG1pbiJ9.XmVlUlIsNGZXwV9WOMn0etH1WhT7rtkMncWIeD59HsI', '3a88cb8ba20159fce1d1bcd7022b9bcf4f0f4c471555c1be93475c91d3a26d73', '', '::1', '2026-08-02 00:53:17.976') ON DUPLICATE KEY UPDATE user_role=VALUES(user_role), token=VALUES(token), refresh_token=VALUES(refresh_token), device_info=VALUES(device_info), ip_address=VALUES(ip_address), expires_at=VALUES(expires_at), created_at=NOW()
[GIN] 2026/07/26 - 00:53:17 | 200 |    613.8131ms |             ::1 | POST     "/api/auth/login"

2026/07/26 00:53:17 [32mD:/Develop/Project_pos_mahenz/BE/repository/log_request_repository.go:32
[0m[33m[2.623ms] [34;1m[rows:1][0m INSERT INTO log_requests (id, method, endpoint, status_code, request_body, response_body, user_id, duration_ms, ip_address, error_message, created_at) VALUES ('bf81ba74-8aab-464f-8e0e-6a174088ade2', 'POST', '/api/auth/login', 200, '{"username":"admin","password":"admin123"}', '{"code":"00","status":true,"message":"Login berhasil","data":{"token":"eyJhbGciOiJIUzI1NiIsInR5cCI6IkpXVCJ9.eyJhcHBzIjoiIiwiZXhwIjoxNzg1MDMwNzk3LCJmdWxsX25hbWUiOiJBZG1pbmlzdHJhdG9yIiwicm9sZSI6ImFkbWluIiwidXNlcl9pZCI6MiwidXNlcm5hbWUiOiJhZG1pbiJ9.XmVlUlIsNGZXwV9WOMn0etH1WhT7rtkMncWIeD59HsI","refresh_token":"3a88cb8ba20159fce1d1bcd7022b9bcf4f0f4c471555c1be93475c91d3a26d73","expires_at":"2026-08-02T00:53:17.9762127+07:00","user":{"id":2,"username":"admin","full_name":"Administrator","role_id":2,"role_name":"admin"}}}', NULL, 613, '::1', NULL, '2026-07-26 00:53:17.986')

2026/07/26 00:53:18 [32mD:/Develop/Project_pos_mahenz/BE/domain/auth/repo/auth_repo.go:46
[0m[33m[0.507ms] [34;1m[rows:1][0m SELECT id, user_id, user_role, token, device_info, expires_at FROM sessions WHERE token = 'eyJhbGciOiJIUzI1NiIsInR5cCI6IkpXVCJ9.eyJhcHBzIjoiIiwiZXhwIjoxNzg1MDMwNzk3LCJmdWxsX25hbWUiOiJBZG1pbmlzdHJhdG9yIiwicm9sZSI6ImFkbWluIiwidXNlcl9pZCI6MiwidXNlcm5hbWUiOiJhZG1pbiJ9.XmVlUlIsNGZXwV9WOMn0etH1WhT7rtkMncWIeD59HsI' LIMIT 1

2026/07/26 00:53:18 [32mD:/Develop/Project_pos_mahenz/BE/domain/supplier_purchase/repo/purchase_repo.go:124
[0m[33m[0.000ms] [34;1m[rows:1][0m SELECT COUNT(*) FROM purchases p WHERE 1=1 AND (p.invoice_number LIKE '%INV-QA-DBLCLICK%' OR p.purchase_code LIKE '%INV-QA-DBLCLICK%')

2026/07/26 00:53:18 [32mD:/Develop/Project_pos_mahenz/BE/domain/supplier_purchase/repo/purchase_repo.go:141
[0m[33m[0.000ms] [34;1m[rows:-][0m SELECT p.id, p.purchase_code, p.invoice_number, p.supplier_id, COALESCE(s.name, '') as supplier_name, p.purchase_date, p.discount_amount, p.total_amount, p.payment_status, p.paid_amount, p.remaining_amount, p.status, COALESCE(u.full_name, '') as user_name, p.notes FROM purchases p LEFT JOIN users u ON p.user_id = u.id LEFT JOIN suppliers s ON p.supplier_id = s.id WHERE 1=1 AND (p.invoice_number LIKE '%INV-QA-DBLCLICK%' OR p.purchase_code LIKE '%INV-QA-DBLCLICK%') ORDER BY p.purchase_date DESC, p.id DESC LIMIT 10 OFFSET 0
[GIN] 2026/07/26 - 00:53:18 | 200 |      2.1387ms |             ::1 | POST     "/api/supplier-purchases/list"

2026/07/26 00:53:18 [32mD:/Develop/Project_pos_mahenz/BE/repository/log_request_repository.go:32
[0m[33m[2.038ms] [34;1m[rows:1][0m INSERT INTO log_requests (id, method, endpoint, status_code, request_body, response_body, user_id, duration_ms, ip_address, error_message, created_at) VALUES ('e05028ea-93a4-4be4-80a0-3a9aa693ebfa', 'POST', '/api/supplier-purchases/list', 200, '{"page":1,"limit":10,"search":"INV-QA-DBLCLICK"}', '{"code":"00","status":true,"message":"Daftar purchase order","data":[{"id":8,"purchase_code":"PO-20260726-005","invoice_number":"INV-QA-DBLCLICK","supplier_id":1,"supplier_name":"Supplier Test Fase14","purchase_date":"2026-07-26T00:00:00+07:00","discount_amount":0,"total_amount":800,"payment_status":"paid","paid_amount":800,"remaining_amount":0,"status":"active","user_name":"Administrator","notes":""}],"pagination":{"page":1,"per_page":10,"total":1,"total_pages":1}}', 2, 2, '::1', NULL, '2026-07-26 00:53:18.109')

2026/07/26 00:53:28 [32mD:/Develop/Project_pos_mahenz/BE/domain/auth/repo/auth_repo.go:17
[0m[33m[1.511ms] [34;1m[rows:1][0m SELECT u.id, u.username, u.password, u.full_name, u.role_id, r.name AS role_name, u.is_active FROM users u INNER JOIN roles r ON r.id = u.role_id WHERE u.username = 'admin' LIMIT 1

2026/07/26 00:53:29 [32mD:/Develop/Project_pos_mahenz/BE/domain/auth/repo/auth_repo.go:67
[0m[33m[2.358ms] [34;1m[rows:1][0m DELETE FROM sessions WHERE user_id = 2

2026/07/26 00:53:29 [32mD:/Develop/Project_pos_mahenz/BE/domain/auth/repo/auth_repo.go:38
[0m[33m[3.541ms] [34;1m[rows:1][0m INSERT INTO sessions (user_id, user_role, token, refresh_token, device_info, ip_address, expires_at) VALUES (2, 'admin', 'eyJhbGciOiJIUzI1NiIsInR5cCI6IkpXVCJ9.eyJhcHBzIjoiIiwiZXhwIjoxNzg1MDMwODA5LCJmdWxsX25hbWUiOiJBZG1pbmlzdHJhdG9yIiwicm9sZSI6ImFkbWluIiwidXNlcl9pZCI6MiwidXNlcm5hbWUiOiJhZG1pbiJ9.v-vU9BAKp144XwOyUdv34CSMCMb2N0HgLvaZ0D9YxRc', '5c898ba49d795a81d20947953043a5d4d86e82a5b62463a80314fb2011a4a637', '', '::1', '2026-08-02 00:53:29.042') ON DUPLICATE KEY UPDATE user_role=VALUES(user_role), token=VALUES(token), refresh_token=VALUES(refresh_token), device_info=VALUES(device_info), ip_address=VALUES(ip_address), expires_at=VALUES(expires_at), created_at=NOW()
[GIN] 2026/07/26 - 00:53:29 | 200 |    341.0756ms |             ::1 | POST     "/api/auth/login"

2026/07/26 00:53:29 [32mD:/Develop/Project_pos_mahenz/BE/repository/log_request_repository.go:32
[0m[33m[1.807ms] [34;1m[rows:1][0m INSERT INTO log_requests (id, method, endpoint, status_code, request_body, response_body, user_id, duration_ms, ip_address, error_message, created_at) VALUES ('4763909f-ff58-414b-a145-daa79e2a0253', 'POST', '/api/auth/login', 200, '{"username":"admin","password":"admin123"}', '{"code":"00","status":true,"message":"Login berhasil","data":{"token":"eyJhbGciOiJIUzI1NiIsInR5cCI6IkpXVCJ9.eyJhcHBzIjoiIiwiZXhwIjoxNzg1MDMwODA5LCJmdWxsX25hbWUiOiJBZG1pbmlzdHJhdG9yIiwicm9sZSI6ImFkbWluIiwidXNlcl9pZCI6MiwidXNlcm5hbWUiOiJhZG1pbiJ9.v-vU9BAKp144XwOyUdv34CSMCMb2N0HgLvaZ0D9YxRc","refresh_token":"5c898ba49d795a81d20947953043a5d4d86e82a5b62463a80314fb2011a4a637","expires_at":"2026-08-02T00:53:29.0427149+07:00","user":{"id":2,"username":"admin","full_name":"Administrator","role_id":2,"role_name":"admin"}}}', NULL, 341, '::1', NULL, '2026-07-26 00:53:29.048')

2026/07/26 00:53:29 [32mD:/Develop/Project_pos_mahenz/BE/domain/auth/repo/auth_repo.go:46
[0m[33m[10.217ms] [34;1m[rows:1][0m SELECT id, user_id, user_role, token, device_info, expires_at FROM sessions WHERE token = 'eyJhbGciOiJIUzI1NiIsInR5cCI6IkpXVCJ9.eyJhcHBzIjoiIiwiZXhwIjoxNzg1MDMwODA5LCJmdWxsX25hbWUiOiJBZG1pbmlzdHJhdG9yIiwicm9sZSI6ImFkbWluIiwidXNlcl9pZCI6MiwidXNlcm5hbWUiOiJhZG1pbiJ9.v-vU9BAKp144XwOyUdv34CSMCMb2N0HgLvaZ0D9YxRc' LIMIT 1

2026/07/26 00:53:29 [32mD:/Develop/Project_pos_mahenz/BE/domain/supplier_purchase/repo/purchase_repo.go:124
[0m[33m[1.861ms] [34;1m[rows:1][0m SELECT COUNT(*) FROM purchases p WHERE 1=1

2026/07/26 00:53:29 [32mD:/Develop/Project_pos_mahenz/BE/domain/supplier_purchase/repo/purchase_repo.go:141
[0m[33m[0.863ms] [34;1m[rows:-][0m SELECT p.id, p.purchase_code, p.invoice_number, p.supplier_id, COALESCE(s.name, '') as supplier_name, p.purchase_date, p.discount_amount, p.total_amount, p.payment_status, p.paid_amount, p.remaining_amount, p.status, COALESCE(u.full_name, '') as user_name, p.notes FROM purchases p LEFT JOIN users u ON p.user_id = u.id LEFT JOIN suppliers s ON p.supplier_id = s.id WHERE 1=1 ORDER BY p.purchase_date DESC, p.id DESC LIMIT 20 OFFSET 0
[GIN] 2026/07/26 - 00:53:29 | 200 |      14.328ms |             ::1 | POST     "/api/supplier-purchases/list"

2026/07/26 00:53:29 [32mD:/Develop/Project_pos_mahenz/BE/repository/log_request_repository.go:32
[0m[33m[21.405ms] [34;1m[rows:1][0m INSERT INTO log_requests (id, method, endpoint, status_code, request_body, response_body, user_id, duration_ms, ip_address, error_message, created_at) VALUES ('2c74452c-c16d-4ab8-ba45-f406fb6dede1', 'POST', '/api/supplier-purchases/list', 200, '{"page":1,"limit":20}', '{"code":"00","status":true,"message":"Daftar purchase order","data":[{"id":8,"purchase_code":"PO-20260726-005","invoice_number":"INV-QA-DBLCLICK","supplier_id":1,"supplier_name":"Supplier Test Fase14","purchase_date":"2026-07-26T00:00:00+07:00","discount_amount":0,"total_amount":800,"payment_status":"paid","paid_amount":800,"remaining_amount":0,"status":"active","user_name":"Administrator","notes":""},{"id":6,"purchase_code":"PO-20260726-004","invoice_number":"INV-QA-NORMAL","supplier_id":1,"supplier_name":"Supplier Test Fase14","purchase_date":"2026-07-26T00:00:00+07:00","discount_amount":500,"total_amount":2500,"payment_status":"unpaid","paid_amount":0,"remaining_amount":2500,"status":"active","user_name":"Administrator","notes":""},{"id":5,"purchase_code":"PO-20260726-003","invoice_number":"INV-QA-DISKON-PAS","supplier_id":1,"supplier_name":"Supplier Test Fase14","purchase_date":"2026-07-26T00:00:00+07:00","discount_amount":2000,"total_amount":0,"payment_status":"unpaid","paid_amount":0,"remaining_amount":0,"status":"active","user_name":"Administrator","notes":""},{"id":4,"purchase_code":"PO-20260726-002","invoice_number":"INV-QA-DUP-PRODUCT","supplier_id":1,"supplier_name":"Supplier Test Fase14","purchase_date":"2026-07-26T00:00:00+07:00","discount_amount":0,"total_amount":8000,"payment_status":"unpaid","paid_amount":0,"remaining_amount":8000,"status":"active","user_name":"Administrator","notes":""},{"id":3,"purchase_code":"PO-20260726-001","invoice_number":"INV-QA-DISKON-BUG","supplier_id":1,"supplier_name":"Supplier Test Fase14","purchase_date":"2026-07-26T00:00:00+07:00","discount_amount":5000,"total_amount":0,"payment_status":"unpaid","paid_amount":0,"remaining_amount":0,"status":"active","user_name":"Administrator","notes":""},{"id":2,"purchase_code":"PO-20260725-002","invoice_number":"INV-EXP-002","supplier_id":1,"supplier_name":"Supplier Test Fase14","purchase_date":"2026-07-25T00:00:00+07:00","discount_amount":0,"total_amount":4000,"payment_status":"unpaid","paid_amount":0,"remaining_amount":4000,"status":"active","user_name":"Administrator","notes":""},{"id":1,"purchase_code":"PO-20260725-001","invoice_number":"INV-EXP-001","supplier_id":1,"supplier_name":"Supplier Test Fase14","purchase_date":"2026-07-25T00:00:00+07:00","discount_amount":0,"total_amount":8000,"payment_status":"unpaid","paid_amount":0,"remaining_amount":8000,"status":"active","user_name":"Administrator","notes":""}],"pagination":{"page":1,"per_page":20,"total":7,"total_pages":1}}', 2, 14, '::1', NULL, '2026-07-26 00:53:29.343')
exit status 1
