
2026/07/26 15:36:30 [32mD:/Develop/Project_pos_mahenz/BE/database/migrate.go:99
[0m[33m[0.588ms] [34;1m[rows:0][0m CREATE TABLE IF NOT EXISTS migrations_history (
		id          INT AUTO_INCREMENT PRIMARY KEY,
		filename    VARCHAR(255) UNIQUE NOT NULL,
		executed_at DATETIME DEFAULT CURRENT_TIMESTAMP
	) DEFAULT CHARSET=utf8

2026/07/26 15:36:30 [32mD:/Develop/Project_pos_mahenz/BE/database/migrate.go:27
[0m[33m[0.506ms] [34;1m[rows:1][0m SELECT COUNT(*) FROM migrations_history

2026/07/26 15:36:30 [32mD:/Develop/Project_pos_mahenz/BE/database/migrate.go:28
[0m[33m[4.599ms] [34;1m[rows:1][0m SELECT COUNT(*) FROM information_schema.tables WHERE table_schema = DATABASE() AND table_name != 'migrations_history'

2026/07/26 15:36:30 [32mD:/Develop/Project_pos_mahenz/BE/database/migrate.go:104
[0m[33m[0.586ms] [34;1m[rows:1][0m SELECT COUNT(*) FROM migrations_history WHERE filename = '001_init_schema.sql'

2026/07/26 15:36:30 [32mD:/Develop/Project_pos_mahenz/BE/database/migrate.go:104
[0m[33m[0.532ms] [34;1m[rows:1][0m SELECT COUNT(*) FROM migrations_history WHERE filename = '002_seed_data.sql'
2026/07/26 15:36:30 [37mServer running on port[0m :8080
2026/07/26 15:36:30 [37mRoutes:[0m
2026/07/26 15:36:30 [32mPOST[0m   [34m/api/supplier-purchases/detail/:id           [0m   [37mpos_api/domain/supplier_purchase/handler.(*PurchaseHandler).GetByID-fm[0m
2026/07/26 15:36:30 [32mPOST[0m   [34m/api/supplier-purchases/delete/:id           [0m   [37mpos_api/domain/supplier_purchase/handler.(*PurchaseHandler).Delete-fm[0m
2026/07/26 15:36:30 [32mPOST[0m   [34m/api/supplier-purchases/generate-code        [0m   [37mpos_api/domain/supplier_purchase/handler.(*PurchaseHandler).GenerateCode-fm[0m
2026/07/26 15:36:30 [32mPOST[0m   [34m/api/supplier-purchases/list                 [0m   [37mpos_api/domain/supplier_purchase/handler.(*PurchaseHandler).GetAll-fm[0m
2026/07/26 15:36:30 [32mPOST[0m   [34m/api/supplier-purchases/create               [0m   [37mpos_api/domain/supplier_purchase/handler.(*PurchaseHandler).Create-fm[0m
2026/07/26 15:36:30 [32mPOST[0m   [34m/api/supplier-purchases/update/:id           [0m   [37mpos_api/domain/supplier_purchase/handler.(*PurchaseHandler).Update-fm[0m
2026/07/26 15:36:30 [32mPOST[0m   [34m/api/supplier-purchases/pay/:id              [0m   [37mpos_api/domain/supplier_purchase/handler.(*PurchaseHandler).Pay-fm[0m
2026/07/26 15:36:30 [32mPOST[0m   [34m/api/supplier-purchases/void/:id             [0m   [37mpos_api/domain/supplier_purchase/handler.(*PurchaseHandler).Void-fm[0m
2026/07/26 15:36:30 [32mPOST[0m   [34m/api/supplier-purchases/:id/payments         [0m   [37mpos_api/domain/supplier_purchase/handler.(*PurchaseHandler).GetPayments-fm[0m
2026/07/26 15:36:30 [32mPOST[0m   [34m/api/supplier-purchases/:id/add-items        [0m   [37mpos_api/domain/supplier_purchase/handler.(*PurchaseHandler).AddItems-fm[0m
2026/07/26 15:36:30 [32mPOST[0m   [34m/api/supplier-returns/detail/:id             [0m   [37mpos_api/domain/supplier_return/handler.(*SupplierReturnHandler).GetByID-fm[0m
2026/07/26 15:36:30 [32mPOST[0m   [34m/api/supplier-returns/delete/:id             [0m   [37mpos_api/domain/supplier_return/handler.(*SupplierReturnHandler).Delete-fm[0m
2026/07/26 15:36:30 [32mPOST[0m   [34m/api/supplier-returns/list                   [0m   [37mpos_api/domain/supplier_return/handler.(*SupplierReturnHandler).GetAll-fm[0m
2026/07/26 15:36:30 [32mPOST[0m   [34m/api/supplier-returns/create                 [0m   [37mpos_api/domain/supplier_return/handler.(*SupplierReturnHandler).Create-fm[0m
2026/07/26 15:36:30 [32mPOST[0m   [34m/api/supplier-returns/update-status/:id      [0m   [37mpos_api/domain/supplier_return/handler.(*SupplierReturnHandler).UpdateStatus-fm[0m
2026/07/26 15:36:30 [32mPOST[0m   [34m/api/suppliers/detail/:id                    [0m   [37mpos_api/domain/supplier/handler.(*SupplierHandler).GetDetail-fm[0m
2026/07/26 15:36:30 [32mPOST[0m   [34m/api/suppliers/delete/:id                    [0m   [37mpos_api/domain/supplier/handler.(*SupplierHandler).Delete-fm[0m
2026/07/26 15:36:30 [32mPOST[0m   [34m/api/suppliers/list                          [0m   [37mpos_api/domain/supplier/handler.(*SupplierHandler).GetAll-fm[0m
2026/07/26 15:36:30 [32mPOST[0m   [34m/api/suppliers/options                       [0m   [37mpos_api/domain/supplier/handler.(*SupplierHandler).GetOptions-fm[0m
2026/07/26 15:36:30 [32mPOST[0m   [34m/api/suppliers/create                        [0m   [37mpos_api/domain/supplier/handler.(*SupplierHandler).Create-fm[0m
2026/07/26 15:36:30 [32mPOST[0m   [34m/api/suppliers/update/:id                    [0m   [37mpos_api/domain/supplier/handler.(*SupplierHandler).Update-fm[0m
2026/07/26 15:36:30 [32mPOST[0m   [34m/api/suppliers/toggle-status/:id             [0m   [37mpos_api/domain/supplier/handler.(*SupplierHandler).ToggleStatus-fm[0m
2026/07/26 15:36:30 [32mPOST[0m   [34m/api/shifts/detail/:id                       [0m   [37mpos_api/domain/shift/handler.(*ShiftHandler).GetByID-fm[0m
2026/07/26 15:36:30 [32mPOST[0m   [34m/api/shifts/delete/:id                       [0m   [37mpos_api/domain/shift/handler.(*ShiftHandler).Delete-fm[0m
2026/07/26 15:36:30 [32mPOST[0m   [34m/api/shifts/list                             [0m   [37mpos_api/domain/shift/handler.(*ShiftHandler).GetAll-fm[0m
2026/07/26 15:36:30 [32mPOST[0m   [34m/api/shifts/active                           [0m   [37mpos_api/domain/shift/handler.(*ShiftHandler).GetOptions-fm[0m
2026/07/26 15:36:30 [32mPOST[0m   [34m/api/shifts/summary                          [0m   [37mpos_api/domain/shift/handler.(*ShiftHandler).GetSummary-fm[0m
2026/07/26 15:36:30 [32mPOST[0m   [34m/api/shifts/create                           [0m   [37mpos_api/domain/shift/handler.(*ShiftHandler).Create-fm[0m
2026/07/26 15:36:30 [32mPOST[0m   [34m/api/shifts/update/:id                       [0m   [37mpos_api/domain/shift/handler.(*ShiftHandler).Update-fm[0m
2026/07/26 15:36:30 [32mPOST[0m   [34m/api/shifts/toggle-status/:id                [0m   [37mpos_api/domain/shift/handler.(*ShiftHandler).ToggleStatus-fm[0m
2026/07/26 15:36:30 [32mPOST[0m   [34m/api/settings                                [0m   [37mpos_api/domain/setting/handler.(*SettingHandler).Save-fm[0m
2026/07/26 15:36:30 [32mPOST[0m   [34m/api/settings/reset                          [0m   [37mpos_api/domain/setting/handler.(*SettingHandler).Reset-fm[0m
2026/07/26 15:36:30 [32mPOST[0m   [34m/api/settings/store                          [0m   [37mpos_api/domain/setting/handler.(*SettingHandler).UpdateStoreProfile-fm[0m
2026/07/26 15:36:30 [32mPOST[0m   [34m/api/settings/printer                        [0m   [37mpos_api/domain/setting/handler.(*SettingHandler).UpdatePrinterSettings-fm[0m
2026/07/26 15:36:30 [32mPOST[0m   [34m/api/stock-mutations/list                    [0m   [37mpos_api/domain/stock_mutation/handler.(*StockMutationHandler).GetAll-fm[0m
2026/07/26 15:36:30 [32mPOST[0m   [34m/api/stock-mutations/product/:product_id     [0m   [37mpos_api/domain/stock_mutation/handler.(*StockMutationHandler).GetByProduct-fm[0m
2026/07/26 15:36:30 [32mPOST[0m   [34m/api/sync/conflicts/:id/resolve              [0m   [37mpos_api/domain/sync/handler.(*SyncHandler).ResolveConflict-fm[0m
2026/07/26 15:36:30 [32mPOST[0m   [34m/api/sync/push                               [0m   [37mpos_api/domain/sync/handler.(*SyncHandler).PushSync-fm[0m
2026/07/26 15:36:30 [32mPOST[0m   [34m/api/products/import-preview                 [0m   [37mpos_api/domain/product/handler.(*ProductImportHandler).ImportPreview-fm[0m
2026/07/26 15:36:30 [32mPOST[0m   [34m/api/products/import-bulk                    [0m   [37mpos_api/domain/product/handler.(*ProductImportHandler).ImportBulk-fm[0m
2026/07/26 15:36:30 [32mPOST[0m   [34m/api/products/import-template                [0m   [37mpos_api/domain/product/handler.(*ProductImportHandler).DownloadImportTemplate-fm[0m
2026/07/26 15:36:30 [32mPOST[0m   [34m/api/products/detail/:id                     [0m   [37mpos_api/domain/product/handler.(*ProductHandler).GetByID-fm[0m
2026/07/26 15:36:30 [32mPOST[0m   [34m/api/products/delete/:id                     [0m   [37mpos_api/domain/product/handler.(*ProductHandler).Delete-fm[0m
2026/07/26 15:36:30 [32mPOST[0m   [34m/api/products/generate-barcode               [0m   [37mpos_api/domain/product/handler.(*ProductGenerateHandler).GenerateBarcode-fm[0m
2026/07/26 15:36:30 [32mPOST[0m   [34m/api/products/generate-sku                   [0m   [37mpos_api/domain/product/handler.(*ProductGenerateHandler).GenerateSku-fm[0m
2026/07/26 15:36:30 [32mPOST[0m   [34m/api/products/list                           [0m   [37mpos_api/domain/product/handler.(*ProductHandler).GetAll-fm[0m
2026/07/26 15:36:30 [32mPOST[0m   [34m/api/products/options                        [0m   [37mpos_api/domain/product/handler.(*ProductHandler).GetOptions-fm[0m
2026/07/26 15:36:30 [32mPOST[0m   [34m/api/products/search                         [0m   [37mpos_api/domain/product/handler.(*ProductHandler).Search-fm[0m
2026/07/26 15:36:30 [32mPOST[0m   [34m/api/products/by-barcode/:barcode            [0m   [37mpos_api/domain/product/handler.(*ProductHandler).GetByBarcode-fm[0m
2026/07/26 15:36:30 [32mPOST[0m   [34m/api/products/create                         [0m   [37mpos_api/domain/product/handler.(*ProductHandler).Create-fm[0m
2026/07/26 15:36:30 [32mPOST[0m   [34m/api/products/update/:id                     [0m   [37mpos_api/domain/product/handler.(*ProductHandler).Update-fm[0m
2026/07/26 15:36:30 [32mPOST[0m   [34m/api/products/toggle-status/:id              [0m   [37mpos_api/domain/product/handler.(*ProductHandler).ToggleStatus-fm[0m
2026/07/26 15:36:30 [32mPOST[0m   [34m/api/products/:id/packages/list              [0m   [37mpos_api/domain/product/handler.(*ProductPackageHandler).GetPackagesByProduct-fm[0m
2026/07/26 15:36:30 [32mPOST[0m   [34m/api/products/:id/packages/create            [0m   [37mpos_api/domain/product/handler.(*ProductPackageHandler).CreatePackage-fm[0m
2026/07/26 15:36:30 [32mPOST[0m   [34m/api/products/:id/packages/update/:package_id[0m   [37mpos_api/domain/product/handler.(*ProductPackageHandler).UpdatePackage-fm[0m
2026/07/26 15:36:30 [32mPOST[0m   [34m/api/products/:id/packages/delete/:package_id[0m   [37mpos_api/domain/product/handler.(*ProductPackageHandler).DeletePackage-fm[0m
2026/07/26 15:36:30 [32mPOST[0m   [34m/api/products/:id/prices/list                [0m   [37mpos_api/domain/product/handler.(*ProductPriceHandler).GetPricesByProduct-fm[0m
2026/07/26 15:36:30 [32mPOST[0m   [34m/api/pin/set                                 [0m   [37mpos_api/domain/pin/handler.(*PinHandler).SetPin-fm[0m
2026/07/26 15:36:30 [32mPOST[0m   [34m/api/pin/verify                              [0m   [37mpos_api/domain/pin/handler.(*PinHandler).VerifyPin-fm[0m
2026/07/26 15:36:30 [32mPOST[0m   [34m/api/pin/change                              [0m   [37mpos_api/domain/pin/handler.(*PinHandler).ChangePin-fm[0m
2026/07/26 15:36:30 [32mPOST[0m   [34m/api/payment-statuses/list                   [0m   [37mpos_api/domain/payment_status/handler.(*PaymentStatusHandler).GetAll-fm[0m
2026/07/26 15:36:30 [32mPOST[0m   [34m/api/payment-methods/list                    [0m   [37mpos_api/domain/payment_method/handler.(*PaymentMethodHandler).GetAll-fm[0m
2026/07/26 15:36:30 [32mPOST[0m   [34m/api/cash-drawer/current                     [0m   [37mpos_api/domain/cash_drawer/handler.(*CashDrawerHandler).GetCurrent-fm[0m
2026/07/26 15:36:30 [32mPOST[0m   [34m/api/cash-drawer/close/:id                   [0m   [37mpos_api/domain/cash_drawer/handler.(*CashDrawerHandler).Close-fm[0m
2026/07/26 15:36:30 [32mPOST[0m   [34m/api/cash-drawer/update-sales/:id            [0m   [37mpos_api/domain/cash_drawer/handler.(*CashDrawerHandler).UpdateSales-fm[0m
2026/07/26 15:36:30 [32mPOST[0m   [34m/api/cash-drawer/update-expenses/:id         [0m   [37mpos_api/domain/cash_drawer/handler.(*CashDrawerHandler).UpdateExpenses-fm[0m
2026/07/26 15:36:30 [32mPOST[0m   [34m/api/cash-drawer/my-cash                     [0m   [37mpos_api/domain/cash_drawer/handler.(*CashDrawerHandler).GetMyCash-fm[0m
2026/07/26 15:36:30 [32mPOST[0m   [34m/api/cash-drawer/list                        [0m   [37mpos_api/domain/cash_drawer/handler.(*CashDrawerHandler).GetHistory-fm[0m
2026/07/26 15:36:30 [32mPOST[0m   [34m/api/cash-drawer/summary                     [0m   [37mpos_api/domain/cash_drawer/handler.(*CashDrawerHandler).GetSummary-fm[0m
2026/07/26 15:36:30 [32mPOST[0m   [34m/api/cash-drawer/kasir-options               [0m   [37mpos_api/domain/cash_drawer/handler.(*CashDrawerHandler).GetKasirOptions-fm[0m
2026/07/26 15:36:30 [32mPOST[0m   [34m/api/cash-drawer/detail/:id                  [0m   [37mpos_api/domain/cash_drawer/handler.(*CashDrawerHandler).GetByID-fm[0m
2026/07/26 15:36:30 [32mPOST[0m   [34m/api/cash-drawer/open                        [0m   [37mpos_api/domain/cash_drawer/handler.(*CashDrawerHandler).Open-fm[0m
2026/07/26 15:36:30 [32mPOST[0m   [34m/api/categories/detail/:id                   [0m   [37mpos_api/domain/product_category/handler.(*CategoryHandler).GetByID-fm[0m
2026/07/26 15:36:30 [32mPOST[0m   [34m/api/categories/delete/:id                   [0m   [37mpos_api/domain/product_category/handler.(*CategoryHandler).Delete-fm[0m
2026/07/26 15:36:30 [32mPOST[0m   [34m/api/categories/list                         [0m   [37mpos_api/domain/product_category/handler.(*CategoryHandler).GetAll-fm[0m
2026/07/26 15:36:30 [32mPOST[0m   [34m/api/categories/options                      [0m   [37mpos_api/domain/product_category/handler.(*CategoryHandler).GetOptions-fm[0m
2026/07/26 15:36:30 [32mPOST[0m   [34m/api/categories/create                       [0m   [37mpos_api/domain/product_category/handler.(*CategoryHandler).Create-fm[0m
2026/07/26 15:36:30 [32mPOST[0m   [34m/api/categories/update/:id                   [0m   [37mpos_api/domain/product_category/handler.(*CategoryHandler).Update-fm[0m
2026/07/26 15:36:30 [32mPOST[0m   [34m/api/categories/toggle-status/:id            [0m   [37mpos_api/domain/product_category/handler.(*CategoryHandler).ToggleStatus-fm[0m
2026/07/26 15:36:30 [32mPOST[0m   [34m/api/customers/detail/:id                    [0m   [37mpos_api/domain/customer/handler.(*CustomerHandler).GetByID-fm[0m
2026/07/26 15:36:30 [32mPOST[0m   [34m/api/customers/delete/:id                    [0m   [37mpos_api/domain/customer/handler.(*CustomerHandler).Delete-fm[0m
2026/07/26 15:36:30 [32mPOST[0m   [34m/api/customers/list                          [0m   [37mpos_api/domain/customer/handler.(*CustomerHandler).GetAll-fm[0m
2026/07/26 15:36:30 [32mPOST[0m   [34m/api/customers/active                        [0m   [37mpos_api/domain/customer/handler.(*CustomerHandler).GetOptions-fm[0m
2026/07/26 15:36:30 [32mPOST[0m   [34m/api/customers/create                        [0m   [37mpos_api/domain/customer/handler.(*CustomerHandler).Create-fm[0m
2026/07/26 15:36:30 [32mPOST[0m   [34m/api/customers/update/:id                    [0m   [37mpos_api/domain/customer/handler.(*CustomerHandler).Update-fm[0m
2026/07/26 15:36:30 [32mPOST[0m   [34m/api/customers/toggle-status/:id             [0m   [37mpos_api/domain/customer/handler.(*CustomerHandler).ToggleStatus-fm[0m
2026/07/26 15:36:30 [32mPOST[0m   [34m/api/reports/sales/list                      [0m   [37mpos_api/domain/report/handler.(*ReportHandler).GetSalesList-fm[0m
2026/07/26 15:36:30 [32mPOST[0m   [34m/api/reports/sales/summary                   [0m   [37mpos_api/domain/report/handler.(*ReportHandler).GetSalesSummaryData-fm[0m
2026/07/26 15:36:30 [32mPOST[0m   [34m/api/reports/stock/list                      [0m   [37mpos_api/domain/report/handler.(*ReportHandler).GetStockList-fm[0m
2026/07/26 15:36:30 [32mPOST[0m   [34m/api/reports/stock/summary                   [0m   [37mpos_api/domain/report/handler.(*ReportHandler).GetStockSummaryData-fm[0m
2026/07/26 15:36:30 [32mPOST[0m   [34m/api/reports/profit-loss/data                [0m   [37mpos_api/domain/report/handler.(*ReportHandler).GetProfitLossData-fm[0m
2026/07/26 15:36:30 [32mPOST[0m   [34m/api/reports/cashier/list                    [0m   [37mpos_api/domain/report/handler.(*ReportHandler).GetCashierList-fm[0m
2026/07/26 15:36:30 [32mPOST[0m   [34m/api/receivables/payments/:id                [0m   [37mpos_api/domain/receivable/handler.(*ReceivableHandler).GetPayments-fm[0m
2026/07/26 15:36:30 [32mPOST[0m   [34m/api/receivables/pay/:id                     [0m   [37mpos_api/domain/receivable/handler.(*ReceivableHandler).Pay-fm[0m
2026/07/26 15:36:30 [32mPOST[0m   [34m/api/receivables/list                        [0m   [37mpos_api/domain/receivable/handler.(*ReceivableHandler).GetAll-fm[0m
2026/07/26 15:36:30 [32mPOST[0m   [34m/api/receivables/summary                     [0m   [37mpos_api/domain/receivable/handler.(*ReceivableHandler).GetSummary-fm[0m
2026/07/26 15:36:30 [32mPOST[0m   [34m/api/receivables/detail/:id                  [0m   [37mpos_api/domain/receivable/handler.(*ReceivableHandler).GetByID-fm[0m
2026/07/26 15:36:30 [32mPOST[0m   [34m/api/restore                                 [0m   [37mpos_api/domain/backup/handler.(*BackupHandler).Restore-fm[0m
2026/07/26 15:36:30 [32mPOST[0m   [34m/api/roles/detail/:id                        [0m   [37mpos_api/domain/role/handler.(*RoleHandler).GetByID-fm[0m
2026/07/26 15:36:30 [32mPOST[0m   [34m/api/roles/delete/:id                        [0m   [37mpos_api/domain/role/handler.(*RoleHandler).Delete-fm[0m
2026/07/26 15:36:30 [32mPOST[0m   [34m/api/roles/list                              [0m   [37mpos_api/domain/role/handler.(*RoleHandler).GetAll-fm[0m
2026/07/26 15:36:30 [32mPOST[0m   [34m/api/roles/options                           [0m   [37mpos_api/domain/role/handler.(*RoleHandler).GetOptions-fm[0m
2026/07/26 15:36:30 [32mPOST[0m   [34m/api/roles/create                            [0m   [37mpos_api/domain/role/handler.(*RoleHandler).Create-fm[0m
2026/07/26 15:36:30 [32mPOST[0m   [34m/api/roles/update/:id                        [0m   [37mpos_api/domain/role/handler.(*RoleHandler).Update-fm[0m
2026/07/26 15:36:30 [32mPOST[0m   [34m/api/roles/toggle-status/:id                 [0m   [37mpos_api/domain/role/handler.(*RoleHandler).ToggleStatus-fm[0m
2026/07/26 15:36:30 [32mPOST[0m   [34m/api/roles/:id/menus/list                    [0m   [37mpos_api/domain/access/handler.(*AccessHandler).GetByRoleID-fm[0m
2026/07/26 15:36:30 [32mPOST[0m   [34m/api/roles/:id/menus/set                     [0m   [37mpos_api/domain/access/handler.(*AccessHandler).SetRoleAccess-fm[0m
2026/07/26 15:36:30 [32mPOST[0m   [34m/api/route-registry/options                  [0m   [37mpos_api/domain/route_registry/handler.(*RouteRegistryHandler).GetOptions-fm[0m
2026/07/26 15:36:30 [32mPOST[0m   [34m/api/users/create                            [0m   [37mpos_api/domain/user/handler.(*UserHandler).Create-fm[0m
2026/07/26 15:36:30 [32mPOST[0m   [34m/api/users/change-password/:id               [0m   [37mpos_api/domain/user/handler.(*UserHandler).ChangePassword-fm[0m
2026/07/26 15:36:30 [32mPOST[0m   [34m/api/users/detail/:id                        [0m   [37mpos_api/domain/user/handler.(*UserHandler).GetByID-fm[0m
2026/07/26 15:36:30 [32mPOST[0m   [34m/api/users/delete/:id                        [0m   [37mpos_api/domain/user/handler.(*UserHandler).Delete-fm[0m
2026/07/26 15:36:30 [32mPOST[0m   [34m/api/users/list                              [0m   [37mpos_api/domain/user/handler.(*UserHandler).GetAll-fm[0m
2026/07/26 15:36:30 [32mPOST[0m   [34m/api/users/update/:id                        [0m   [37mpos_api/domain/user/handler.(*UserHandler).Update-fm[0m
2026/07/26 15:36:30 [32mPOST[0m   [34m/api/users/toggle-status/:id                 [0m   [37mpos_api/domain/user/handler.(*UserHandler).ToggleStatus-fm[0m
2026/07/26 15:36:30 [32mPOST[0m   [34m/api/units/detail/:id                        [0m   [37mpos_api/domain/product_unit/handler.(*UnitHandler).GetByID-fm[0m
2026/07/26 15:36:30 [32mPOST[0m   [34m/api/units/delete/:id                        [0m   [37mpos_api/domain/product_unit/handler.(*UnitHandler).Delete-fm[0m
2026/07/26 15:36:30 [32mPOST[0m   [34m/api/units/list                              [0m   [37mpos_api/domain/product_unit/handler.(*UnitHandler).GetAll-fm[0m
2026/07/26 15:36:30 [32mPOST[0m   [34m/api/units/options                           [0m   [37mpos_api/domain/product_unit/handler.(*UnitHandler).GetOptions-fm[0m
2026/07/26 15:36:30 [32mPOST[0m   [34m/api/units/create                            [0m   [37mpos_api/domain/product_unit/handler.(*UnitHandler).Create-fm[0m
2026/07/26 15:36:30 [32mPOST[0m   [34m/api/units/update/:id                        [0m   [37mpos_api/domain/product_unit/handler.(*UnitHandler).Update-fm[0m
2026/07/26 15:36:30 [32mPOST[0m   [34m/api/units/toggle-status/:id                 [0m   [37mpos_api/domain/product_unit/handler.(*UnitHandler).ToggleStatus-fm[0m
2026/07/26 15:36:30 [32mPOST[0m   [34m/api/expenses/detail/:id                     [0m   [37mpos_api/domain/expense/handler.(*ExpenseHandler).GetByID-fm[0m
2026/07/26 15:36:30 [32mPOST[0m   [34m/api/expenses/delete/:id                     [0m   [37mpos_api/domain/expense/handler.(*ExpenseHandler).Delete-fm[0m
2026/07/26 15:36:30 [32mPOST[0m   [34m/api/expenses/list                           [0m   [37mpos_api/domain/expense/handler.(*ExpenseHandler).GetAll-fm[0m
2026/07/26 15:36:30 [32mPOST[0m   [34m/api/expenses/create                         [0m   [37mpos_api/domain/expense/handler.(*ExpenseHandler).Create-fm[0m
2026/07/26 15:36:30 [32mPOST[0m   [34m/api/expenses/update/:id                     [0m   [37mpos_api/domain/expense/handler.(*ExpenseHandler).Update-fm[0m
2026/07/26 15:36:30 [32mPOST[0m   [34m/api/expiry-batches/warnings                 [0m   [37mpos_api/domain/expiry_batch/handler.(*ExpiryBatchHandler).GetWarnings-fm[0m
2026/07/26 15:36:30 [32mPOST[0m   [34m/api/expiry-batches/write-off/:id            [0m   [37mpos_api/domain/expiry_batch/handler.(*ExpiryBatchHandler).WriteOff-fm[0m
2026/07/26 15:36:30 [32mPOST[0m   [34m/api/expiry-batches/product/:id              [0m   [37mpos_api/domain/expiry_batch/handler.(*ExpiryBatchHandler).GetByProduct-fm[0m
2026/07/26 15:36:30 [32mPOST[0m   [34m/api/expiry-batches/confirm/:id              [0m   [37mpos_api/domain/expiry_batch/handler.(*ExpiryBatchHandler).Confirm-fm[0m
2026/07/26 15:36:30 [32mPOST[0m   [34m/api/menus/detail/:id                        [0m   [37mpos_api/domain/menu/handler.(*MenuHandler).GetByID-fm[0m
2026/07/26 15:36:30 [32mPOST[0m   [34m/api/menus/delete/:id                        [0m   [37mpos_api/domain/menu/handler.(*MenuHandler).Delete-fm[0m
2026/07/26 15:36:30 [32mPOST[0m   [34m/api/menus/my                                [0m   [37mpos_api/domain/menu/handler.(*MenuHandler).GetMyMenus-fm[0m
2026/07/26 15:36:30 [32mPOST[0m   [34m/api/menus/options                           [0m   [37mpos_api/domain/menu/handler.(*MenuHandler).GetOptions-fm[0m
2026/07/26 15:36:30 [32mPOST[0m   [34m/api/menus/list                              [0m   [37mpos_api/domain/menu/handler.(*MenuHandler).GetAll-fm[0m
2026/07/26 15:36:30 [32mPOST[0m   [34m/api/menus/create                            [0m   [37mpos_api/domain/menu/handler.(*MenuHandler).Create-fm[0m
2026/07/26 15:36:30 [32mPOST[0m   [34m/api/menus/update/:id                        [0m   [37mpos_api/domain/menu/handler.(*MenuHandler).Update-fm[0m
2026/07/26 15:36:30 [32mPOST[0m   [34m/api/menus/reorder                           [0m   [37mpos_api/domain/menu/handler.(*MenuHandler).Reorder-fm[0m
2026/07/26 15:36:30 [32mPOST[0m   [34m/api/auth/login                              [0m   [37mpos_api/domain/auth/handler.(*AuthHandler).Login-fm[0m
2026/07/26 15:36:30 [32mPOST[0m   [34m/api/auth/logout                             [0m   [37mpos_api/domain/auth/handler.(*AuthHandler).Logout-fm[0m
2026/07/26 15:36:30 [32mPOST[0m   [34m/api/auth/refresh                            [0m   [37mpos_api/domain/auth/handler.(*AuthHandler).RefreshToken-fm[0m
2026/07/26 15:36:30 [32mPOST[0m   [34m/api/auth/verify-token                       [0m   [37mpos_api/domain/auth/handler.(*AuthHandler).VerifyToken-fm[0m
2026/07/26 15:36:30 [32mPOST[0m   [34m/api/auth/me                                 [0m   [37mpos_api/domain/auth/handler.(*AuthHandler).GetMe-fm[0m
2026/07/26 15:36:30 [32mPOST[0m   [34m/api/transactions/list                       [0m   [37mpos_api/domain/transaction/handler.(*TransactionHandler).GetAll-fm[0m
2026/07/26 15:36:30 [32mPOST[0m   [34m/api/transactions/detail/:id                 [0m   [37mpos_api/domain/transaction/handler.(*TransactionHandler).GetByID-fm[0m
2026/07/26 15:36:30 [32mPOST[0m   [34m/api/transactions/create                     [0m   [37mpos_api/domain/transaction/handler.(*TransactionHandler).Create-fm[0m
2026/07/26 15:36:30 [32mPOST[0m   [34m/api/transactions/void/:id                   [0m   [37mpos_api/domain/transaction/handler.(*TransactionHandler).Void-fm[0m
2026/07/26 15:36:30 [32mPOST[0m   [34m/api/finance/summary                         [0m   [37mpos_api/domain/finance/handler.(*FinanceHandler).GetSummary-fm[0m
2026/07/26 15:36:30 [32mPOST[0m   [34m/api/finance/cashflow                        [0m   [37mpos_api/domain/finance/handler.(*FinanceHandler).GetCashflow-fm[0m
2026/07/26 15:36:30 [32mPOST[0m   [34m/api/version/list                            [0m   [37mpos_api/domain/version/handler.(*VersionHandler).GetAll-fm[0m
2026/07/26 15:36:30 [32mPOST[0m   [34m/api/version/android                         [0m   [37mpos_api/domain/version/handler.(*VersionHandler).UpdateAndroidVersion-fm[0m
2026/07/26 15:36:30 [32mPOST[0m   [34m/api/backup                                  [0m   [37mpos_api/domain/backup/handler.(*BackupHandler).Create-fm[0m
2026/07/26 15:36:30 [32mGET [0m   [34m/api/reports/business-summary/stats          [0m   [37mpos_api/domain/business_summary/handler.(*BusinessSummaryHandler).GetStats-fm[0m
2026/07/26 15:36:30 [32mGET [0m   [34m/api/reports/business-summary/sales-trend    [0m   [37mpos_api/domain/business_summary/handler.(*BusinessSummaryHandler).GetSalesTrend-fm[0m
2026/07/26 15:36:30 [32mGET [0m   [34m/api/reports/business-summary/summary-extra  [0m   [37mpos_api/domain/business_summary/handler.(*BusinessSummaryHandler).GetSummaryExtra-fm[0m
2026/07/26 15:36:30 [32mGET [0m   [34m/api/reports/business-summary/top-products   [0m   [37mpos_api/domain/business_summary/handler.(*BusinessSummaryHandler).GetTopProducts-fm[0m
2026/07/26 15:36:30 [32mGET [0m   [34m/api/reports/business-summary/top-categories [0m   [37mpos_api/domain/business_summary/handler.(*BusinessSummaryHandler).GetTopCategories-fm[0m
2026/07/26 15:36:30 [32mGET [0m   [34m/api/reports/business-summary/payment-methods[0m   [37mpos_api/domain/business_summary/handler.(*BusinessSummaryHandler).GetPaymentMethods-fm[0m
2026/07/26 15:36:30 [32mGET [0m   [34m/api/reports/sales                           [0m   [37mpos_api/domain/report/handler.(*ReportHandler).GetSalesReport-fm[0m
2026/07/26 15:36:30 [32mGET [0m   [34m/api/reports/sales/chart                     [0m   [37mpos_api/domain/report/handler.(*ReportHandler).GetSalesChart-fm[0m
2026/07/26 15:36:30 [32mGET [0m   [34m/api/reports/sales/export                    [0m   [37mpos_api/domain/report/handler.(*ReportHandler).ExportSalesReport-fm[0m
2026/07/26 15:36:30 [32mGET [0m   [34m/api/reports/stock                           [0m   [37mpos_api/domain/report/handler.(*ReportHandler).GetStockReport-fm[0m
2026/07/26 15:36:30 [32mGET [0m   [34m/api/reports/stock/export                    [0m   [37mpos_api/domain/report/handler.(*ReportHandler).ExportStockReport-fm[0m
2026/07/26 15:36:30 [32mGET [0m   [34m/api/reports/profit-loss                     [0m   [37mpos_api/domain/report/handler.(*ReportHandler).GetProfitLoss-fm[0m
2026/07/26 15:36:30 [32mGET [0m   [34m/api/reports/profit-loss/export              [0m   [37mpos_api/domain/report/handler.(*ReportHandler).ExportProfitLoss-fm[0m
2026/07/26 15:36:30 [32mGET [0m   [34m/api/reports/cashier                         [0m   [37mpos_api/domain/report/handler.(*ReportHandler).GetCashierReport-fm[0m
2026/07/26 15:36:30 [32mGET [0m   [34m/api/reports/cashier/export                  [0m   [37mpos_api/domain/report/handler.(*ReportHandler).ExportCashierReport-fm[0m
2026/07/26 15:36:30 [32mGET [0m   [34m/api/settings                                [0m   [37mpos_api/domain/setting/handler.(*SettingHandler).GetAll-fm[0m
2026/07/26 15:36:30 [32mGET [0m   [34m/api/settings/store                          [0m   [37mpos_api/domain/setting/handler.(*SettingHandler).GetStoreProfile-fm[0m
2026/07/26 15:36:30 [32mGET [0m   [34m/api/settings/printer                        [0m   [37mpos_api/domain/setting/handler.(*SettingHandler).GetPrinterSettings-fm[0m
2026/07/26 15:36:30 [32mGET [0m   [34m/api/settings/:key                           [0m   [37mpos_api/domain/setting/handler.(*SettingHandler).GetByKey-fm[0m
2026/07/26 15:36:30 [32mGET [0m   [34m/api/sync/conflicts                          [0m   [37mpos_api/domain/sync/handler.(*SyncHandler).GetConflicts-fm[0m
2026/07/26 15:36:30 [32mGET [0m   [34m/api/sync/conflicts/count                    [0m   [37mpos_api/domain/sync/handler.(*SyncHandler).GetConflictCount-fm[0m
2026/07/26 15:36:30 [32mGET [0m   [34m/api/sync/queue                              [0m   [37mpos_api/domain/sync/handler.(*SyncHandler).GetQueue-fm[0m
2026/07/26 15:36:30 [32mGET [0m   [34m/api/sync/history                            [0m   [37mpos_api/domain/sync/handler.(*SyncHandler).GetHistory-fm[0m
2026/07/26 15:36:30 [32mGET [0m   [34m/api/dashboard/recent-transactions           [0m   [37mpos_api/domain/dashboard/handler.(*DashboardHandler).GetRecentTransactions-fm[0m
2026/07/26 15:36:30 [32mGET [0m   [34m/api/dashboard/today-summary                 [0m   [37mpos_api/domain/dashboard/handler.(*DashboardHandler).GetTodaySummary-fm[0m
2026/07/26 15:36:30 [32mGET [0m   [34m/api/backup/list                             [0m   [37mpos_api/domain/backup/handler.(*BackupHandler).GetList-fm[0m
2026/07/26 15:36:30 [32mGET [0m   [34m/api/backup/download/:filename               [0m   [37mpos_api/domain/backup/handler.(*BackupHandler).Download-fm[0m
2026/07/26 15:36:30 [32mGET [0m   [34m/api/version/android                         [0m   [37mpos_api/domain/version/handler.(*VersionHandler).CheckAndroid-fm[0m
2026/07/26 15:36:30 [32mGET [0m   [34m/api/health                                  [0m   [37mpos_api/routes.publicRoutes.func1[0m
2026/07/26 15:36:30 [32mGET [0m   [34m/api/pin/check                               [0m   [37mpos_api/domain/pin/handler.(*PinHandler).CheckPin-fm[0m
[GIN] 2026/07/26 - 15:36:42 | 200 |            0s |             ::1 | GET      "/api/health"

2026/07/26 15:36:42 [32mD:/Develop/Project_pos_mahenz/BE/repository/log_request_repository.go:32
[0m[33m[6.269ms] [34;1m[rows:1][0m INSERT INTO log_requests (id, method, endpoint, status_code, request_body, response_body, user_id, duration_ms, ip_address, error_message, created_at) VALUES ('b612f306-16e2-4012-9982-f517a02db743', 'GET', '/api/health', 200, '', '{"code":"00","data":null,"message":"OK","status":true}', NULL, 0, '::1', NULL, '2026-07-26 15:36:42.932')

2026/07/26 15:37:11 [32mD:/Develop/Project_pos_mahenz/BE/domain/auth/repo/auth_repo.go:17
[0m[33m[1.670ms] [34;1m[rows:1][0m SELECT u.id, u.username, u.password, u.full_name, u.role_id, r.name AS role_name, u.is_active FROM users u INNER JOIN roles r ON r.id = u.role_id WHERE u.username = 'admin' LIMIT 1

2026/07/26 15:37:11 [32mD:/Develop/Project_pos_mahenz/BE/domain/auth/repo/auth_repo.go:67
[0m[33m[1.978ms] [34;1m[rows:1][0m DELETE FROM sessions WHERE user_id = 2

2026/07/26 15:37:11 [32mD:/Develop/Project_pos_mahenz/BE/domain/auth/repo/auth_repo.go:38
[0m[33m[3.259ms] [34;1m[rows:1][0m INSERT INTO sessions (user_id, user_role, token, refresh_token, device_info, ip_address, expires_at) VALUES (2, 'admin', 'eyJhbGciOiJIUzI1NiIsInR5cCI6IkpXVCJ9.eyJhcHBzIjoiIiwiZXhwIjoxNzg1MDgzODMxLCJmdWxsX25hbWUiOiJBZG1pbmlzdHJhdG9yIiwicm9sZSI6ImFkbWluIiwidXNlcl9pZCI6MiwidXNlcm5hbWUiOiJhZG1pbiJ9.ibQRLGXIhhUCFsCmGYZ2WQqFmjsWRtr-y9lH2BUrphI', '3d4b0594cb61daac739b0ad7f4ee0c636a0596a8059ce26489f4dea9fc0cb5fd', '', '::1', '2026-08-02 15:37:11.173') ON DUPLICATE KEY UPDATE user_role=VALUES(user_role), token=VALUES(token), refresh_token=VALUES(refresh_token), device_info=VALUES(device_info), ip_address=VALUES(ip_address), expires_at=VALUES(expires_at), created_at=NOW()
[GIN] 2026/07/26 - 15:37:11 | 200 |    106.9487ms |             ::1 | POST     "/api/auth/login"

2026/07/26 15:37:11 [32mD:/Develop/Project_pos_mahenz/BE/repository/log_request_repository.go:32
[0m[33m[2.502ms] [34;1m[rows:1][0m INSERT INTO log_requests (id, method, endpoint, status_code, request_body, response_body, user_id, duration_ms, ip_address, error_message, created_at) VALUES ('38030933-c9e0-4e13-a7f0-8267224822e1', 'POST', '/api/auth/login', 200, '{"username":"admin","password":"admin123"}', '{"code":"00","status":true,"message":"Login berhasil","data":{"token":"eyJhbGciOiJIUzI1NiIsInR5cCI6IkpXVCJ9.eyJhcHBzIjoiIiwiZXhwIjoxNzg1MDgzODMxLCJmdWxsX25hbWUiOiJBZG1pbmlzdHJhdG9yIiwicm9sZSI6ImFkbWluIiwidXNlcl9pZCI6MiwidXNlcm5hbWUiOiJhZG1pbiJ9.ibQRLGXIhhUCFsCmGYZ2WQqFmjsWRtr-y9lH2BUrphI","refresh_token":"3d4b0594cb61daac739b0ad7f4ee0c636a0596a8059ce26489f4dea9fc0cb5fd","expires_at":"2026-08-02T15:37:11.173644+07:00","user":{"id":2,"username":"admin","full_name":"Administrator","role_id":2,"role_name":"admin"}}}', NULL, 106, '::1', NULL, '2026-07-26 15:37:11.179')

2026/07/26 15:37:11 [32mD:/Develop/Project_pos_mahenz/BE/domain/auth/repo/auth_repo.go:46
[0m[33m[1.191ms] [34;1m[rows:1][0m SELECT id, user_id, user_role, token, device_info, expires_at FROM sessions WHERE token = 'eyJhbGciOiJIUzI1NiIsInR5cCI6IkpXVCJ9.eyJhcHBzIjoiIiwiZXhwIjoxNzg1MDgzODMxLCJmdWxsX25hbWUiOiJBZG1pbmlzdHJhdG9yIiwicm9sZSI6ImFkbWluIiwidXNlcl9pZCI6MiwidXNlcm5hbWUiOiJhZG1pbiJ9.ibQRLGXIhhUCFsCmGYZ2WQqFmjsWRtr-y9lH2BUrphI' LIMIT 1

2026/07/26 15:37:11 [32mD:/Develop/Project_pos_mahenz/BE/domain/product/repo/product_repo.go:100
[0m[33m[1.362ms] [34;1m[rows:1][0m SELECT COUNT(*) FROM products p WHERE 1=1 AND (p.name LIKE '%Rokok Test Berantai%' OR p.barcode LIKE '%Rokok Test Berantai%')

2026/07/26 15:37:11 [32mD:/Develop/Project_pos_mahenz/BE/domain/product/repo/product_repo.go:119
[0m[33m[2.662ms] [34;1m[rows:1][0m 
		SELECT p.id, p.barcode, COALESCE(p.sku, '') as sku, p.name, p.category_id, COALESCE(c.name, '') as category_name,
		       p.purchase_price, p.selling_price, p.stock, p.reserved_qty, p.min_stock,
		       COALESCE(p.unit_id, 0) as unit_id, COALESCE(u.name, '') as unit_name, COALESCE(u.abbreviation, '') as unit_abbreviation,
		       p.is_active,
		       (SELECT COUNT(*) FROM product_packages pp WHERE pp.product_id = p.id AND pp.is_default = 0) AS extra_packages,
		       (SELECT COUNT(*) FROM product_prices pr WHERE pr.product_id = p.id) AS price_tiers_count
		FROM products p
		LEFT JOIN categories c ON p.category_id = c.id
		LEFT JOIN units u ON u.id = p.unit_id
		WHERE 1=1 AND (p.name LIKE '%Rokok Test Berantai%' OR p.barcode LIKE '%Rokok Test Berantai%') ORDER BY p.name ASC LIMIT 1 OFFSET 0
[GIN] 2026/07/26 - 15:37:11 | 200 |      5.7255ms |             ::1 | POST     "/api/products/list"

2026/07/26 15:37:11 [32mD:/Develop/Project_pos_mahenz/BE/repository/log_request_repository.go:32
[0m[33m[4.846ms] [34;1m[rows:1][0m INSERT INTO log_requests (id, method, endpoint, status_code, request_body, response_body, user_id, duration_ms, ip_address, error_message, created_at) VALUES ('37e2d11b-7c06-49b7-8602-a3702d6474b7', 'POST', '/api/products/list', 200, '{"page":1,"limit":1,"search":"Rokok Test Berantai"}', '{"code":"00","status":true,"message":"Daftar produk","data":[{"id":12,"barcode":"8997789608850","sku":"SEM-0008","name":"Rokok Test Berantai","category_id":1,"category_name":"Sembako Test","purchase_price":800,"selling_price":1000,"stock":3034,"reserved_qty":0,"min_stock":5,"unit_id":2,"unit_name":"Batang","unit_abbreviation":"Btg","is_active":true,"extra_packages":3,"price_tiers_count":2}],"pagination":{"page":1,"per_page":1,"total":1,"total_pages":1}}', 2, 5, '::1', NULL, '2026-07-26 15:37:11.333')

2026/07/26 15:37:11 [32mD:/Develop/Project_pos_mahenz/BE/domain/auth/repo/auth_repo.go:46
[0m[33m[0.514ms] [34;1m[rows:1][0m SELECT id, user_id, user_role, token, device_info, expires_at FROM sessions WHERE token = 'eyJhbGciOiJIUzI1NiIsInR5cCI6IkpXVCJ9.eyJhcHBzIjoiIiwiZXhwIjoxNzg1MDgzODMxLCJmdWxsX25hbWUiOiJBZG1pbmlzdHJhdG9yIiwicm9sZSI6ImFkbWluIiwidXNlcl9pZCI6MiwidXNlcm5hbWUiOiJhZG1pbiJ9.ibQRLGXIhhUCFsCmGYZ2WQqFmjsWRtr-y9lH2BUrphI' LIMIT 1

2026/07/26 15:37:11 [32mD:/Develop/Project_pos_mahenz/BE/domain/access/repo/access_repo.go:55
[0m[33m[1.584ms] [34;1m[rows:38][0m 
SELECT
    m.key_name,
    COALESCE(rma.can_view,   0) AS can_view,
    COALESCE(rma.can_create, 0) AS can_create,
    COALESCE(rma.can_edit,   0) AS can_edit,
    COALESCE(rma.can_delete, 0) AS can_delete
FROM menus m
LEFT JOIN role_menu_access rma ON rma.menu_id = m.id
    AND rma.role_id = (SELECT id FROM roles WHERE name = 'admin' AND is_active = 1 LIMIT 1)
WHERE m.is_active = 1
ORDER BY m.id ASC

2026/07/26 15:37:11 [32mD:/Develop/Project_pos_mahenz/BE/domain/supplier_purchase/repo/purchase_repo.go:563
[0m[33m[0.542ms] [34;1m[rows:1][0m SELECT COUNT(*) FROM payment_methods WHERE code = 'cash' AND is_active = 1

2026/07/26 15:37:11 [32mD:/Develop/Project_pos_mahenz/BE/domain/supplier_purchase/repo/purchase_repo.go:318
[0m[33m[0.556ms] [34;1m[rows:1][0m SELECT COUNT(*) FROM purchases WHERE DATE(purchase_date) = '2026-07-26'

2026/07/26 15:37:11 [32mD:/Develop/Project_pos_mahenz/BE/domain/supplier_purchase/repo/purchase_repo.go:338
[0m[33m[0.651ms] [34;1m[rows:1][0m INSERT INTO purchases (purchase_code, invoice_number, supplier_id, purchase_date, discount_amount, total_amount, payment_status, paid_amount, remaining_amount, user_id, notes) VALUES ('PO-20260726-013', 'INV-EDIT-PAID', 1, '2026-07-26', 0, 5000, 'paid', 5000, 0, 2, '')

2026/07/26 15:37:11 [32mD:/Develop/Project_pos_mahenz/BE/domain/supplier_purchase/repo/purchase_repo.go:345
[0m[33m[0.000ms] [34;1m[rows:1][0m SELECT LAST_INSERT_ID()

2026/07/26 15:37:11 [32mD:/Develop/Project_pos_mahenz/BE/domain/supplier_purchase/repo/purchase_repo.go:354
[0m[33m[2.109ms] [34;1m[rows:1][0m INSERT INTO purchase_payments (purchase_id, payment_date, amount, payment_method, notes, user_id) VALUES (23, '2026-07-26', 5000, 'cash', '', 2)

2026/07/26 15:37:11 [32mD:/Develop/Project_pos_mahenz/BE/domain/supplier_purchase/repo/purchase_repo.go:366
[0m[33m[0.548ms] [34;1m[rows:1][0m INSERT INTO purchase_items (purchase_id, product_id, quantity, unit, conversion_qty, purchase_price, subtotal) VALUES (23, 12, 5, 'Batang', 1, 1000, 5000)

2026/07/26 15:37:11 [32mD:/Develop/Project_pos_mahenz/BE/domain/supplier_purchase/repo/purchase_repo.go:384
[0m[33m[0.793ms] [34;1m[rows:1][0m SELECT stock FROM products WHERE id = 12 LIMIT 1

2026/07/26 15:37:11 [32mD:/Develop/Project_pos_mahenz/BE/domain/supplier_purchase/repo/purchase_repo.go:388
[0m[33m[0.679ms] [34;1m[rows:1][0m UPDATE products SET stock = stock + 5, updated_at = NOW() WHERE id = 12

2026/07/26 15:37:11 [32mD:/Develop/Project_pos_mahenz/BE/domain/supplier_purchase/repo/purchase_repo.go:394
[0m[33m[0.524ms] [34;1m[rows:1][0m INSERT INTO stock_mutations (product_id, mutation_type, quantity, stock_before, stock_after, reference_type, reference_id, notes, user_id) VALUES (12, 'in', 5, 3034, 3039, 'purchase', 23, 'Purchase Order PO-20260726-013', 2)

2026/07/26 15:37:11 [32mD:/Develop/Project_pos_mahenz/BE/domain/supplier_purchase/repo/purchase_repo.go:174
[0m[33m[0.000ms] [34;1m[rows:-][0m SELECT p.id, p.purchase_code, p.invoice_number, p.supplier_id, COALESCE(s.name, '') as supplier_name, p.purchase_date, p.discount_amount, p.total_amount, p.payment_status, p.paid_amount, p.remaining_amount, p.status, COALESCE(u.full_name, '') as user_name, p.notes FROM purchases p LEFT JOIN users u ON p.user_id = u.id LEFT JOIN suppliers s ON p.supplier_id = s.id WHERE p.id = 23

2026/07/26 15:37:11 [32mD:/Develop/Project_pos_mahenz/BE/domain/supplier_purchase/repo/purchase_repo.go:216
[0m[33m[0.000ms] [34;1m[rows:-][0m SELECT pi.id, pi.product_id, COALESCE(p.name, '') as product_name, pi.quantity, pi.unit, COALESCE(pi.conversion_qty, 1) as conversion_qty, pi.purchase_price, pi.subtotal FROM purchase_items pi LEFT JOIN products p ON pi.product_id = p.id WHERE pi.purchase_id = 23

2026/07/26 15:37:11 [32mD:/Develop/Project_pos_mahenz/BE/domain/supplier_purchase/repo/purchase_repo.go:250
[0m[33m[0.000ms] [34;1m[rows:0][0m SELECT qty, expired_date FROM product_expiry_batches WHERE purchase_item_id = 31 ORDER BY expired_date ASC
[GIN] 2026/07/26 - 15:37:11 | 201 |     14.4367ms |             ::1 | POST     "/api/supplier-purchases/create"

2026/07/26 15:37:11 [32mD:/Develop/Project_pos_mahenz/BE/repository/log_request_repository.go:32
[0m[33m[2.634ms] [34;1m[rows:1][0m INSERT INTO log_requests (id, method, endpoint, status_code, request_body, response_body, user_id, duration_ms, ip_address, error_message, created_at) VALUES ('17d88551-89ed-4d56-806f-13aa7b1f1fd1', 'POST', '/api/supplier-purchases/create', 201, '{"invoice_number":"INV-EDIT-PAID","supplier_id":1,"purchase_date":"2026-07-26","discount_amount":0,"payment_status":"paid","payment_method":"cash","items":[{"product_id":12,"quantity":5,"unit":"Batang","conversion_qty":1,"purchase_price":1000}]}', '{"code":"21","status":true,"message":"Purchase order berhasil dibuat","data":{"id":23,"purchase_code":"PO-20260726-013","invoice_number":"INV-EDIT-PAID","supplier_id":1,"supplier_name":"Supplier Test Fase14","purchase_date":"2026-07-26T00:00:00+07:00","discount_amount":0,"total_amount":5000,"payment_status":"paid","paid_amount":5000,"remaining_amount":0,"status":"active","user_name":"Administrator","notes":"","items":[{"id":31,"product_id":12,"product_name":"Rokok Test Berantai","quantity":5,"unit":"Batang","conversion_qty":1,"purchase_price":1000,"subtotal":5000}]}}', 2, 14, '::1', NULL, '2026-07-26 15:37:11.444')

2026/07/26 15:39:12 [32mD:/Develop/Project_pos_mahenz/BE/domain/auth/repo/auth_repo.go:17
[0m[33m[4.567ms] [34;1m[rows:1][0m SELECT u.id, u.username, u.password, u.full_name, u.role_id, r.name AS role_name, u.is_active FROM users u INNER JOIN roles r ON r.id = u.role_id WHERE u.username = 'admin' LIMIT 1

2026/07/26 15:39:12 [32mD:/Develop/Project_pos_mahenz/BE/domain/auth/repo/auth_repo.go:67
[0m[33m[2.581ms] [34;1m[rows:1][0m DELETE FROM sessions WHERE user_id = 2

2026/07/26 15:39:12 [32mD:/Develop/Project_pos_mahenz/BE/domain/auth/repo/auth_repo.go:38
[0m[33m[2.677ms] [34;1m[rows:1][0m INSERT INTO sessions (user_id, user_role, token, refresh_token, device_info, ip_address, expires_at) VALUES (2, 'admin', 'eyJhbGciOiJIUzI1NiIsInR5cCI6IkpXVCJ9.eyJhcHBzIjoiIiwiZXhwIjoxNzg1MDgzOTUyLCJmdWxsX25hbWUiOiJBZG1pbmlzdHJhdG9yIiwicm9sZSI6ImFkbWluIiwidXNlcl9pZCI6MiwidXNlcm5hbWUiOiJhZG1pbiJ9.eCn7Yfdda1bSDMAdLIYQJuPQdLLNY5hfi-rv7gTZp_E', 'ce5eb0294f930b9e5051db85ba5fa760bc2b9f37bdc1b68e29c3f2424cb5c751', '', '::1', '2026-08-02 15:39:12.09') ON DUPLICATE KEY UPDATE user_role=VALUES(user_role), token=VALUES(token), refresh_token=VALUES(refresh_token), device_info=VALUES(device_info), ip_address=VALUES(ip_address), expires_at=VALUES(expires_at), created_at=NOW()
[GIN] 2026/07/26 - 15:39:12 | 200 |      97.616ms |             ::1 | POST     "/api/auth/login"

2026/07/26 15:39:12 [32mD:/Develop/Project_pos_mahenz/BE/repository/log_request_repository.go:32
[0m[33m[2.547ms] [34;1m[rows:1][0m INSERT INTO log_requests (id, method, endpoint, status_code, request_body, response_body, user_id, duration_ms, ip_address, error_message, created_at) VALUES ('9b769e7e-c348-4edc-af90-8e0cb16fa057', 'POST', '/api/auth/login', 200, '{"username":"admin","password":"admin123"}', '{"code":"00","status":true,"message":"Login berhasil","data":{"token":"eyJhbGciOiJIUzI1NiIsInR5cCI6IkpXVCJ9.eyJhcHBzIjoiIiwiZXhwIjoxNzg1MDgzOTUyLCJmdWxsX25hbWUiOiJBZG1pbmlzdHJhdG9yIiwicm9sZSI6ImFkbWluIiwidXNlcl9pZCI6MiwidXNlcm5hbWUiOiJhZG1pbiJ9.eCn7Yfdda1bSDMAdLIYQJuPQdLLNY5hfi-rv7gTZp_E","refresh_token":"ce5eb0294f930b9e5051db85ba5fa760bc2b9f37bdc1b68e29c3f2424cb5c751","expires_at":"2026-08-02T15:39:12.0907674+07:00","user":{"id":2,"username":"admin","full_name":"Administrator","role_id":2,"role_name":"admin"}}}', NULL, 97, '::1', NULL, '2026-07-26 15:39:12.096')

2026/07/26 15:39:12 [32mD:/Develop/Project_pos_mahenz/BE/domain/auth/repo/auth_repo.go:46
[0m[33m[0.519ms] [34;1m[rows:1][0m SELECT id, user_id, user_role, token, device_info, expires_at FROM sessions WHERE token = 'eyJhbGciOiJIUzI1NiIsInR5cCI6IkpXVCJ9.eyJhcHBzIjoiIiwiZXhwIjoxNzg1MDgzOTUyLCJmdWxsX25hbWUiOiJBZG1pbmlzdHJhdG9yIiwicm9sZSI6ImFkbWluIiwidXNlcl9pZCI6MiwidXNlcm5hbWUiOiJhZG1pbiJ9.eCn7Yfdda1bSDMAdLIYQJuPQdLLNY5hfi-rv7gTZp_E' LIMIT 1

2026/07/26 15:39:12 [32mD:/Develop/Project_pos_mahenz/BE/domain/supplier_purchase/repo/purchase_repo.go:205
[0m[33m[0.514ms] [34;1m[rows:1][0m SELECT id, purchase_code, invoice_number, supplier_id, purchase_date, discount_amount, total_amount, payment_status, paid_amount, remaining_amount, status, user_id, notes FROM purchases WHERE id = 23

2026/07/26 15:39:12 [32mD:/Develop/Project_pos_mahenz/BE/domain/supplier_purchase/repo/purchase_repo.go:563
[0m[33m[0.521ms] [34;1m[rows:1][0m SELECT COUNT(*) FROM payment_methods WHERE code = 'cash' AND is_active = 1

2026/07/26 15:39:12 [32mD:/Develop/Project_pos_mahenz/BE/domain/supplier_purchase/repo/purchase_repo.go:216
[0m[33m[2.725ms] [34;1m[rows:-][0m SELECT pi.id, pi.product_id, COALESCE(p.name, '') as product_name, pi.quantity, pi.unit, COALESCE(pi.conversion_qty, 1) as conversion_qty, pi.purchase_price, pi.subtotal FROM purchase_items pi LEFT JOIN products p ON pi.product_id = p.id WHERE pi.purchase_id = 23

2026/07/26 15:39:12 [32mD:/Develop/Project_pos_mahenz/BE/domain/supplier_purchase/repo/purchase_repo.go:250
[0m[33m[0.524ms] [34;1m[rows:0][0m SELECT qty, expired_date FROM product_expiry_batches WHERE purchase_item_id = 31 ORDER BY expired_date ASC
[GIN] 2026/07/26 - 15:39:12 | 400 |      6.1337ms |             ::1 | POST     "/api/supplier-purchases/update/23"
Error #01: Total baru (3000.00) tidak boleh lebih kecil dari yang sudah dibayar (5000.00)

2026/07/26 15:39:12 [32mD:/Develop/Project_pos_mahenz/BE/repository/log_request_repository.go:32
[0m[33m[2.954ms] [34;1m[rows:1][0m INSERT INTO log_requests (id, method, endpoint, status_code, request_body, response_body, user_id, duration_ms, ip_address, error_message, created_at) VALUES ('1e259526-a8c5-4aed-b7da-fc292fc69570', 'POST', '/api/supplier-purchases/update/23', 400, '{"invoice_number":"INV-EDIT-PAID","supplier_id":1,"purchase_date":"2026-07-26","discount_amount":0,"payment_status":"paid","payment_method":"cash","paid_amount":5000,"items":[{"product_id":12,"quantity":3,"unit":"Batang","conversion_qty":1,"purchase_price":1000}]}', '{"code":"40","status":false,"message":"Total baru (3000.00) tidak boleh lebih kecil dari yang sudah dibayar (5000.00)","data":null}', 2, 6, '::1', 'Total baru (3000.00) tidak boleh lebih kecil dari yang sudah dibayar (5000.00)', '2026-07-26 15:39:12.218')

2026/07/26 15:39:12 [32mD:/Develop/Project_pos_mahenz/BE/domain/auth/repo/auth_repo.go:46
[0m[33m[0.647ms] [34;1m[rows:1][0m SELECT id, user_id, user_role, token, device_info, expires_at FROM sessions WHERE token = 'eyJhbGciOiJIUzI1NiIsInR5cCI6IkpXVCJ9.eyJhcHBzIjoiIiwiZXhwIjoxNzg1MDgzOTUyLCJmdWxsX25hbWUiOiJBZG1pbmlzdHJhdG9yIiwicm9sZSI6ImFkbWluIiwidXNlcl9pZCI6MiwidXNlcm5hbWUiOiJhZG1pbiJ9.eCn7Yfdda1bSDMAdLIYQJuPQdLLNY5hfi-rv7gTZp_E' LIMIT 1

2026/07/26 15:39:12 [32mD:/Develop/Project_pos_mahenz/BE/domain/supplier_purchase/repo/purchase_repo.go:174
[0m[33m[0.528ms] [34;1m[rows:-][0m SELECT p.id, p.purchase_code, p.invoice_number, p.supplier_id, COALESCE(s.name, '') as supplier_name, p.purchase_date, p.discount_amount, p.total_amount, p.payment_status, p.paid_amount, p.remaining_amount, p.status, COALESCE(u.full_name, '') as user_name, p.notes FROM purchases p LEFT JOIN users u ON p.user_id = u.id LEFT JOIN suppliers s ON p.supplier_id = s.id WHERE p.id = 23

2026/07/26 15:39:12 [32mD:/Develop/Project_pos_mahenz/BE/domain/supplier_purchase/repo/purchase_repo.go:216
[0m[33m[0.656ms] [34;1m[rows:-][0m SELECT pi.id, pi.product_id, COALESCE(p.name, '') as product_name, pi.quantity, pi.unit, COALESCE(pi.conversion_qty, 1) as conversion_qty, pi.purchase_price, pi.subtotal FROM purchase_items pi LEFT JOIN products p ON pi.product_id = p.id WHERE pi.purchase_id = 23

2026/07/26 15:39:12 [32mD:/Develop/Project_pos_mahenz/BE/domain/supplier_purchase/repo/purchase_repo.go:250
[0m[33m[0.000ms] [34;1m[rows:0][0m SELECT qty, expired_date FROM product_expiry_batches WHERE purchase_item_id = 31 ORDER BY expired_date ASC
[GIN] 2026/07/26 - 15:39:12 | 200 |      1.8307ms |             ::1 | POST     "/api/supplier-purchases/detail/23"

2026/07/26 15:39:12 [32mD:/Develop/Project_pos_mahenz/BE/repository/log_request_repository.go:32
[0m[33m[1.696ms] [34;1m[rows:1][0m INSERT INTO log_requests (id, method, endpoint, status_code, request_body, response_body, user_id, duration_ms, ip_address, error_message, created_at) VALUES ('195bf7f6-bb0a-4cd7-8672-a357aeb1e87d', 'POST', '/api/supplier-purchases/detail/23', 200, '', '{"code":"00","status":true,"message":"Detail purchase order","data":{"id":23,"purchase_code":"PO-20260726-013","invoice_number":"INV-EDIT-PAID","supplier_id":1,"supplier_name":"Supplier Test Fase14","purchase_date":"2026-07-26T00:00:00+07:00","discount_amount":0,"total_amount":5000,"payment_status":"paid","paid_amount":5000,"remaining_amount":0,"status":"active","user_name":"Administrator","notes":"","items":[{"id":31,"product_id":12,"product_name":"Rokok Test Berantai","quantity":5,"unit":"Batang","conversion_qty":1,"purchase_price":1000,"subtotal":5000}]}}', 2, 1, '::1', NULL, '2026-07-26 15:39:12.342')

2026/07/26 15:41:40 [32mD:/Develop/Project_pos_mahenz/BE/domain/auth/repo/auth_repo.go:17
[0m[33m[1.047ms] [34;1m[rows:1][0m SELECT u.id, u.username, u.password, u.full_name, u.role_id, r.name AS role_name, u.is_active FROM users u INNER JOIN roles r ON r.id = u.role_id WHERE u.username = 'admin' LIMIT 1

2026/07/26 15:41:41 [32mD:/Develop/Project_pos_mahenz/BE/domain/auth/repo/auth_repo.go:67
[0m[33m[2.730ms] [34;1m[rows:1][0m DELETE FROM sessions WHERE user_id = 2

2026/07/26 15:41:41 [32mD:/Develop/Project_pos_mahenz/BE/domain/auth/repo/auth_repo.go:38
[0m[33m[2.620ms] [34;1m[rows:1][0m INSERT INTO sessions (user_id, user_role, token, refresh_token, device_info, ip_address, expires_at) VALUES (2, 'admin', 'eyJhbGciOiJIUzI1NiIsInR5cCI6IkpXVCJ9.eyJhcHBzIjoiIiwiZXhwIjoxNzg1MDg0MTAxLCJmdWxsX25hbWUiOiJBZG1pbmlzdHJhdG9yIiwicm9sZSI6ImFkbWluIiwidXNlcl9pZCI6MiwidXNlcm5hbWUiOiJhZG1pbiJ9.hWMG2PCVysT_yUgqpxlg8WvJMIYy9jz_JW7_iJASeAs', 'c2eb949c0ff6e68497c3c9f60b3532bdf8b44cf2cef5acff4a2a0c9b8c931bb7', '', '::1', '2026-08-02 15:41:41.063') ON DUPLICATE KEY UPDATE user_role=VALUES(user_role), token=VALUES(token), refresh_token=VALUES(refresh_token), device_info=VALUES(device_info), ip_address=VALUES(ip_address), expires_at=VALUES(expires_at), created_at=NOW()
[GIN] 2026/07/26 - 15:41:41 | 200 |    127.3976ms |             ::1 | POST     "/api/auth/login"

2026/07/26 15:41:41 [32mD:/Develop/Project_pos_mahenz/BE/repository/log_request_repository.go:32
[0m[33m[2.612ms] [34;1m[rows:1][0m INSERT INTO log_requests (id, method, endpoint, status_code, request_body, response_body, user_id, duration_ms, ip_address, error_message, created_at) VALUES ('3cf4dc35-8f4e-4456-afbc-41a83589e62d', 'POST', '/api/auth/login', 200, '{"username":"admin","password":"admin123"}', '{"code":"00","status":true,"message":"Login berhasil","data":{"token":"eyJhbGciOiJIUzI1NiIsInR5cCI6IkpXVCJ9.eyJhcHBzIjoiIiwiZXhwIjoxNzg1MDg0MTAxLCJmdWxsX25hbWUiOiJBZG1pbmlzdHJhdG9yIiwicm9sZSI6ImFkbWluIiwidXNlcl9pZCI6MiwidXNlcm5hbWUiOiJhZG1pbiJ9.hWMG2PCVysT_yUgqpxlg8WvJMIYy9jz_JW7_iJASeAs","refresh_token":"c2eb949c0ff6e68497c3c9f60b3532bdf8b44cf2cef5acff4a2a0c9b8c931bb7","expires_at":"2026-08-02T15:41:41.0634599+07:00","user":{"id":2,"username":"admin","full_name":"Administrator","role_id":2,"role_name":"admin"}}}', NULL, 127, '::1', NULL, '2026-07-26 15:41:41.069')

2026/07/26 15:41:41 [32mD:/Develop/Project_pos_mahenz/BE/domain/auth/repo/auth_repo.go:46
[0m[33m[0.000ms] [34;1m[rows:1][0m SELECT id, user_id, user_role, token, device_info, expires_at FROM sessions WHERE token = 'eyJhbGciOiJIUzI1NiIsInR5cCI6IkpXVCJ9.eyJhcHBzIjoiIiwiZXhwIjoxNzg1MDg0MTAxLCJmdWxsX25hbWUiOiJBZG1pbmlzdHJhdG9yIiwicm9sZSI6ImFkbWluIiwidXNlcl9pZCI6MiwidXNlcm5hbWUiOiJhZG1pbiJ9.hWMG2PCVysT_yUgqpxlg8WvJMIYy9jz_JW7_iJASeAs' LIMIT 1

2026/07/26 15:41:41 [32mD:/Develop/Project_pos_mahenz/BE/domain/product/repo/product_repo.go:100
[0m[33m[0.000ms] [34;1m[rows:1][0m SELECT COUNT(*) FROM products p WHERE 1=1 AND (p.name LIKE '%Rokok Test Berantai%' OR p.barcode LIKE '%Rokok Test Berantai%')

2026/07/26 15:41:41 [32mD:/Develop/Project_pos_mahenz/BE/domain/product/repo/product_repo.go:119
[0m[33m[0.000ms] [34;1m[rows:1][0m 
		SELECT p.id, p.barcode, COALESCE(p.sku, '') as sku, p.name, p.category_id, COALESCE(c.name, '') as category_name,
		       p.purchase_price, p.selling_price, p.stock, p.reserved_qty, p.min_stock,
		       COALESCE(p.unit_id, 0) as unit_id, COALESCE(u.name, '') as unit_name, COALESCE(u.abbreviation, '') as unit_abbreviation,
		       p.is_active,
		       (SELECT COUNT(*) FROM product_packages pp WHERE pp.product_id = p.id AND pp.is_default = 0) AS extra_packages,
		       (SELECT COUNT(*) FROM product_prices pr WHERE pr.product_id = p.id) AS price_tiers_count
		FROM products p
		LEFT JOIN categories c ON p.category_id = c.id
		LEFT JOIN units u ON u.id = p.unit_id
		WHERE 1=1 AND (p.name LIKE '%Rokok Test Berantai%' OR p.barcode LIKE '%Rokok Test Berantai%') ORDER BY p.name ASC LIMIT 1 OFFSET 0
[GIN] 2026/07/26 - 15:41:41 | 200 |            0s |             ::1 | POST     "/api/products/list"

2026/07/26 15:41:41 [32mD:/Develop/Project_pos_mahenz/BE/repository/log_request_repository.go:32
[0m[33m[7.495ms] [34;1m[rows:1][0m INSERT INTO log_requests (id, method, endpoint, status_code, request_body, response_body, user_id, duration_ms, ip_address, error_message, created_at) VALUES ('3c473180-bb43-46c0-8561-151fde361c4f', 'POST', '/api/products/list', 200, '{"page":1,"limit":1,"search":"Rokok Test Berantai"}', '{"code":"00","status":true,"message":"Daftar produk","data":[{"id":12,"barcode":"8997789608850","sku":"SEM-0008","name":"Rokok Test Berantai","category_id":1,"category_name":"Sembako Test","purchase_price":800,"selling_price":1000,"stock":3039,"reserved_qty":0,"min_stock":5,"unit_id":2,"unit_name":"Batang","unit_abbreviation":"Btg","is_active":true,"extra_packages":3,"price_tiers_count":2}],"pagination":{"page":1,"per_page":1,"total":1,"total_pages":1}}', 2, 0, '::1', NULL, '2026-07-26 15:41:41.167')

2026/07/26 15:41:41 [32mD:/Develop/Project_pos_mahenz/BE/domain/auth/repo/auth_repo.go:46
[0m[33m[0.540ms] [34;1m[rows:1][0m SELECT id, user_id, user_role, token, device_info, expires_at FROM sessions WHERE token = 'eyJhbGciOiJIUzI1NiIsInR5cCI6IkpXVCJ9.eyJhcHBzIjoiIiwiZXhwIjoxNzg1MDg0MTAxLCJmdWxsX25hbWUiOiJBZG1pbmlzdHJhdG9yIiwicm9sZSI6ImFkbWluIiwidXNlcl9pZCI6MiwidXNlcm5hbWUiOiJhZG1pbiJ9.hWMG2PCVysT_yUgqpxlg8WvJMIYy9jz_JW7_iJASeAs' LIMIT 1

2026/07/26 15:41:41 [32mD:/Develop/Project_pos_mahenz/BE/domain/supplier_purchase/repo/purchase_repo.go:205
[0m[33m[0.532ms] [34;1m[rows:1][0m SELECT id, purchase_code, invoice_number, supplier_id, purchase_date, discount_amount, total_amount, payment_status, paid_amount, remaining_amount, status, user_id, notes FROM purchases WHERE id = 23

2026/07/26 15:41:41 [32mD:/Develop/Project_pos_mahenz/BE/domain/supplier_purchase/repo/purchase_repo.go:563
[0m[33m[0.642ms] [34;1m[rows:1][0m SELECT COUNT(*) FROM payment_methods WHERE code = 'cash' AND is_active = 1

2026/07/26 15:41:41 [32mD:/Develop/Project_pos_mahenz/BE/domain/supplier_purchase/repo/purchase_repo.go:216
[0m[33m[2.959ms] [34;1m[rows:-][0m SELECT pi.id, pi.product_id, COALESCE(p.name, '') as product_name, pi.quantity, pi.unit, COALESCE(pi.conversion_qty, 1) as conversion_qty, pi.purchase_price, pi.subtotal FROM purchase_items pi LEFT JOIN products p ON pi.product_id = p.id WHERE pi.purchase_id = 23

2026/07/26 15:41:41 [32mD:/Develop/Project_pos_mahenz/BE/domain/supplier_purchase/repo/purchase_repo.go:250
[0m[33m[0.000ms] [34;1m[rows:0][0m SELECT qty, expired_date FROM product_expiry_batches WHERE purchase_item_id = 31 ORDER BY expired_date ASC

2026/07/26 15:41:41 [32mD:/Develop/Project_pos_mahenz/BE/domain/supplier_purchase/repo/purchase_repo.go:483
[0m[33m[0.000ms] [34;1m[rows:1][0m UPDATE products SET stock = stock - 5, updated_at = NOW() WHERE id = 12

2026/07/26 15:41:41 [32mD:/Develop/Project_pos_mahenz/BE/domain/supplier_purchase/repo/purchase_repo.go:488
[0m[33m[0.000ms] [34;1m[rows:1][0m DELETE FROM purchase_items WHERE purchase_id = 23

2026/07/26 15:41:41 [32mD:/Develop/Project_pos_mahenz/BE/domain/supplier_purchase/repo/purchase_repo.go:501
[0m[33m[0.000ms] [34;1m[rows:1][0m UPDATE purchases SET invoice_number='INV-EDIT-PAID', supplier_id=1, purchase_date='2026-07-26', discount_amount=0, total_amount=8000, payment_status='partial', paid_amount=5000, payment_method='cash', remaining_amount=3000, notes='', updated_at=NOW() WHERE id=23

2026/07/26 15:41:41 [32mD:/Develop/Project_pos_mahenz/BE/domain/supplier_purchase/repo/purchase_repo.go:512
[0m[33m[2.006ms] [34;1m[rows:1][0m INSERT INTO purchase_items (purchase_id, product_id, quantity, unit, conversion_qty, purchase_price, subtotal) VALUES (23, 12, 8, 'Batang', 1, 1000, 8000)

2026/07/26 15:41:41 [32mD:/Develop/Project_pos_mahenz/BE/domain/supplier_purchase/repo/purchase_repo.go:529
[0m[33m[0.626ms] [34;1m[rows:1][0m UPDATE products SET stock = stock + 8, updated_at = NOW() WHERE id = 12

2026/07/26 15:41:41 [32mD:/Develop/Project_pos_mahenz/BE/domain/supplier_purchase/repo/purchase_repo.go:174
[0m[33m[0.506ms] [34;1m[rows:-][0m SELECT p.id, p.purchase_code, p.invoice_number, p.supplier_id, COALESCE(s.name, '') as supplier_name, p.purchase_date, p.discount_amount, p.total_amount, p.payment_status, p.paid_amount, p.remaining_amount, p.status, COALESCE(u.full_name, '') as user_name, p.notes FROM purchases p LEFT JOIN users u ON p.user_id = u.id LEFT JOIN suppliers s ON p.supplier_id = s.id WHERE p.id = 23

2026/07/26 15:41:41 [32mD:/Develop/Project_pos_mahenz/BE/domain/supplier_purchase/repo/purchase_repo.go:216
[0m[33m[2.017ms] [34;1m[rows:-][0m SELECT pi.id, pi.product_id, COALESCE(p.name, '') as product_name, pi.quantity, pi.unit, COALESCE(pi.conversion_qty, 1) as conversion_qty, pi.purchase_price, pi.subtotal FROM purchase_items pi LEFT JOIN products p ON pi.product_id = p.id WHERE pi.purchase_id = 23

2026/07/26 15:41:41 [32mD:/Develop/Project_pos_mahenz/BE/domain/supplier_purchase/repo/purchase_repo.go:250
[0m[33m[0.506ms] [34;1m[rows:0][0m SELECT qty, expired_date FROM product_expiry_batches WHERE purchase_item_id = 32 ORDER BY expired_date ASC
[GIN] 2026/07/26 - 15:41:41 | 200 |        17.7ms |             ::1 | POST     "/api/supplier-purchases/update/23"

2026/07/26 15:41:41 [32mD:/Develop/Project_pos_mahenz/BE/repository/log_request_repository.go:32
[0m[33m[3.832ms] [34;1m[rows:1][0m INSERT INTO log_requests (id, method, endpoint, status_code, request_body, response_body, user_id, duration_ms, ip_address, error_message, created_at) VALUES ('c0c55d8c-5a8d-4c45-877a-526b3184d416', 'POST', '/api/supplier-purchases/update/23', 200, '{"invoice_number":"INV-EDIT-PAID","supplier_id":1,"purchase_date":"2026-07-26","discount_amount":0,"payment_status":"paid","payment_method":"cash","paid_amount":5000,"items":[{"product_id":12,"quantity":8,"unit":"Batang","conversion_qty":1,"purchase_price":1000}]}', '{"code":"00","status":true,"message":"Purchase order berhasil diperbarui","data":{"id":23,"purchase_code":"PO-20260726-013","invoice_number":"INV-EDIT-PAID","supplier_id":1,"supplier_name":"Supplier Test Fase14","purchase_date":"2026-07-26T00:00:00+07:00","discount_amount":0,"total_amount":8000,"payment_status":"partial","paid_amount":5000,"remaining_amount":3000,"status":"active","user_name":"Administrator","notes":"","items":[{"id":32,"product_id":12,"product_name":"Rokok Test Berantai","quantity":8,"unit":"Batang","conversion_qty":1,"purchase_price":1000,"subtotal":8000}]}}', 2, 17, '::1', NULL, '2026-07-26 15:41:41.327')

2026/07/26 15:41:41 [32mD:/Develop/Project_pos_mahenz/BE/domain/auth/repo/auth_repo.go:46
[0m[33m[0.672ms] [34;1m[rows:1][0m SELECT id, user_id, user_role, token, device_info, expires_at FROM sessions WHERE token = 'eyJhbGciOiJIUzI1NiIsInR5cCI6IkpXVCJ9.eyJhcHBzIjoiIiwiZXhwIjoxNzg1MDg0MTAxLCJmdWxsX25hbWUiOiJBZG1pbmlzdHJhdG9yIiwicm9sZSI6ImFkbWluIiwidXNlcl9pZCI6MiwidXNlcm5hbWUiOiJhZG1pbiJ9.hWMG2PCVysT_yUgqpxlg8WvJMIYy9jz_JW7_iJASeAs' LIMIT 1

2026/07/26 15:41:41 [32mD:/Develop/Project_pos_mahenz/BE/domain/product/repo/product_repo.go:100
[0m[33m[0.527ms] [34;1m[rows:1][0m SELECT COUNT(*) FROM products p WHERE 1=1 AND (p.name LIKE '%Rokok Test Berantai%' OR p.barcode LIKE '%Rokok Test Berantai%')

2026/07/26 15:41:41 [32mD:/Develop/Project_pos_mahenz/BE/domain/product/repo/product_repo.go:119
[0m[33m[1.099ms] [34;1m[rows:1][0m 
		SELECT p.id, p.barcode, COALESCE(p.sku, '') as sku, p.name, p.category_id, COALESCE(c.name, '') as category_name,
		       p.purchase_price, p.selling_price, p.stock, p.reserved_qty, p.min_stock,
		       COALESCE(p.unit_id, 0) as unit_id, COALESCE(u.name, '') as unit_name, COALESCE(u.abbreviation, '') as unit_abbreviation,
		       p.is_active,
		       (SELECT COUNT(*) FROM product_packages pp WHERE pp.product_id = p.id AND pp.is_default = 0) AS extra_packages,
		       (SELECT COUNT(*) FROM product_prices pr WHERE pr.product_id = p.id) AS price_tiers_count
		FROM products p
		LEFT JOIN categories c ON p.category_id = c.id
		LEFT JOIN units u ON u.id = p.unit_id
		WHERE 1=1 AND (p.name LIKE '%Rokok Test Berantai%' OR p.barcode LIKE '%Rokok Test Berantai%') ORDER BY p.name ASC LIMIT 1 OFFSET 0
[GIN] 2026/07/26 - 15:41:41 | 200 |      3.3441ms |             ::1 | POST     "/api/products/list"

2026/07/26 15:41:41 [32mD:/Develop/Project_pos_mahenz/BE/repository/log_request_repository.go:32
[0m[33m[2.307ms] [34;1m[rows:1][0m INSERT INTO log_requests (id, method, endpoint, status_code, request_body, response_body, user_id, duration_ms, ip_address, error_message, created_at) VALUES ('ddff887b-9342-483b-9fca-82f6008a30bb', 'POST', '/api/products/list', 200, '{"page":1,"limit":1,"search":"Rokok Test Berantai"}', '{"code":"00","status":true,"message":"Daftar produk","data":[{"id":12,"barcode":"8997789608850","sku":"SEM-0008","name":"Rokok Test Berantai","category_id":1,"category_name":"Sembako Test","purchase_price":800,"selling_price":1000,"stock":3042,"reserved_qty":0,"min_stock":5,"unit_id":2,"unit_name":"Batang","unit_abbreviation":"Btg","is_active":true,"extra_packages":3,"price_tiers_count":2}],"pagination":{"page":1,"per_page":1,"total":1,"total_pages":1}}', 2, 3, '::1', NULL, '2026-07-26 15:41:41.471')

2026/07/26 15:42:43 [32mD:/Develop/Project_pos_mahenz/BE/domain/auth/repo/auth_repo.go:17
[0m[33m[1.945ms] [34;1m[rows:1][0m SELECT u.id, u.username, u.password, u.full_name, u.role_id, r.name AS role_name, u.is_active FROM users u INNER JOIN roles r ON r.id = u.role_id WHERE u.username = 'admin' LIMIT 1

2026/07/26 15:42:43 [32mD:/Develop/Project_pos_mahenz/BE/domain/auth/repo/auth_repo.go:67
[0m[33m[2.207ms] [34;1m[rows:1][0m DELETE FROM sessions WHERE user_id = 2

2026/07/26 15:42:43 [32mD:/Develop/Project_pos_mahenz/BE/domain/auth/repo/auth_repo.go:38
[0m[33m[2.825ms] [34;1m[rows:1][0m INSERT INTO sessions (user_id, user_role, token, refresh_token, device_info, ip_address, expires_at) VALUES (2, 'admin', 'eyJhbGciOiJIUzI1NiIsInR5cCI6IkpXVCJ9.eyJhcHBzIjoiIiwiZXhwIjoxNzg1MDg0MTYzLCJmdWxsX25hbWUiOiJBZG1pbmlzdHJhdG9yIiwicm9sZSI6ImFkbWluIiwidXNlcl9pZCI6MiwidXNlcm5hbWUiOiJhZG1pbiJ9.M99f9S-u7O6w2qUusCB9rypCCe5yCO-I7YmKcL7w-Y0', '185110866128d70b93295722ffa1209a0780b4c95258d95bb468ba6776c82ad1', '', '::1', '2026-08-02 15:42:43.164') ON DUPLICATE KEY UPDATE user_role=VALUES(user_role), token=VALUES(token), refresh_token=VALUES(refresh_token), device_info=VALUES(device_info), ip_address=VALUES(ip_address), expires_at=VALUES(expires_at), created_at=NOW()
[GIN] 2026/07/26 - 15:42:43 | 200 |     99.2663ms |             ::1 | POST     "/api/auth/login"

2026/07/26 15:42:43 [32mD:/Develop/Project_pos_mahenz/BE/repository/log_request_repository.go:32
[0m[33m[2.492ms] [34;1m[rows:1][0m INSERT INTO log_requests (id, method, endpoint, status_code, request_body, response_body, user_id, duration_ms, ip_address, error_message, created_at) VALUES ('98aa75f2-de9c-440f-bb91-29897a073d2e', 'POST', '/api/auth/login', 200, '{"username":"admin","password":"admin123"}', '{"code":"00","status":true,"message":"Login berhasil","data":{"token":"eyJhbGciOiJIUzI1NiIsInR5cCI6IkpXVCJ9.eyJhcHBzIjoiIiwiZXhwIjoxNzg1MDg0MTYzLCJmdWxsX25hbWUiOiJBZG1pbmlzdHJhdG9yIiwicm9sZSI6ImFkbWluIiwidXNlcl9pZCI6MiwidXNlcm5hbWUiOiJhZG1pbiJ9.M99f9S-u7O6w2qUusCB9rypCCe5yCO-I7YmKcL7w-Y0","refresh_token":"185110866128d70b93295722ffa1209a0780b4c95258d95bb468ba6776c82ad1","expires_at":"2026-08-02T15:42:43.1649847+07:00","user":{"id":2,"username":"admin","full_name":"Administrator","role_id":2,"role_name":"admin"}}}', NULL, 99, '::1', NULL, '2026-07-26 15:42:43.17')

2026/07/26 15:42:43 [32mD:/Develop/Project_pos_mahenz/BE/domain/auth/repo/auth_repo.go:46
[0m[33m[0.507ms] [34;1m[rows:1][0m SELECT id, user_id, user_role, token, device_info, expires_at FROM sessions WHERE token = 'eyJhbGciOiJIUzI1NiIsInR5cCI6IkpXVCJ9.eyJhcHBzIjoiIiwiZXhwIjoxNzg1MDg0MTYzLCJmdWxsX25hbWUiOiJBZG1pbmlzdHJhdG9yIiwicm9sZSI6ImFkbWluIiwidXNlcl9pZCI6MiwidXNlcm5hbWUiOiJhZG1pbiJ9.M99f9S-u7O6w2qUusCB9rypCCe5yCO-I7YmKcL7w-Y0' LIMIT 1

2026/07/26 15:42:43 [32mD:/Develop/Project_pos_mahenz/BE/domain/supplier_purchase/repo/purchase_repo.go:318
[0m[33m[0.535ms] [34;1m[rows:1][0m SELECT COUNT(*) FROM purchases WHERE DATE(purchase_date) = '2026-07-26'

2026/07/26 15:42:43 [32mD:/Develop/Project_pos_mahenz/BE/domain/supplier_purchase/repo/purchase_repo.go:338
[0m[33m[0.646ms] [34;1m[rows:1][0m INSERT INTO purchases (purchase_code, invoice_number, supplier_id, purchase_date, discount_amount, total_amount, payment_status, paid_amount, remaining_amount, user_id, notes) VALUES ('PO-20260726-014', 'INV-EDIT-STOCKSWAP', 1, '2026-07-26', 0, 10000, 'unpaid', 0, 10000, 2, '')

2026/07/26 15:42:43 [32mD:/Develop/Project_pos_mahenz/BE/domain/supplier_purchase/repo/purchase_repo.go:345
[0m[33m[0.000ms] [34;1m[rows:1][0m SELECT LAST_INSERT_ID()

2026/07/26 15:42:43 [32mD:/Develop/Project_pos_mahenz/BE/domain/supplier_purchase/repo/purchase_repo.go:366
[0m[33m[0.610ms] [34;1m[rows:1][0m INSERT INTO purchase_items (purchase_id, product_id, quantity, unit, conversion_qty, purchase_price, subtotal) VALUES (24, 12, 10, 'Batang', 1, 1000, 10000)

2026/07/26 15:42:43 [32mD:/Develop/Project_pos_mahenz/BE/domain/supplier_purchase/repo/purchase_repo.go:384
[0m[33m[0.000ms] [34;1m[rows:1][0m SELECT stock FROM products WHERE id = 12 LIMIT 1

2026/07/26 15:42:43 [32mD:/Develop/Project_pos_mahenz/BE/domain/supplier_purchase/repo/purchase_repo.go:388
[0m[33m[0.595ms] [34;1m[rows:1][0m UPDATE products SET stock = stock + 10, updated_at = NOW() WHERE id = 12

2026/07/26 15:42:43 [32mD:/Develop/Project_pos_mahenz/BE/domain/supplier_purchase/repo/purchase_repo.go:394
[0m[33m[0.000ms] [34;1m[rows:1][0m INSERT INTO stock_mutations (product_id, mutation_type, quantity, stock_before, stock_after, reference_type, reference_id, notes, user_id) VALUES (12, 'in', 10, 3042, 3052, 'purchase', 24, 'Purchase Order PO-20260726-014', 2)

2026/07/26 15:42:43 [32mD:/Develop/Project_pos_mahenz/BE/domain/supplier_purchase/repo/purchase_repo.go:174
[0m[33m[0.609ms] [34;1m[rows:-][0m SELECT p.id, p.purchase_code, p.invoice_number, p.supplier_id, COALESCE(s.name, '') as supplier_name, p.purchase_date, p.discount_amount, p.total_amount, p.payment_status, p.paid_amount, p.remaining_amount, p.status, COALESCE(u.full_name, '') as user_name, p.notes FROM purchases p LEFT JOIN users u ON p.user_id = u.id LEFT JOIN suppliers s ON p.supplier_id = s.id WHERE p.id = 24

2026/07/26 15:42:43 [32mD:/Develop/Project_pos_mahenz/BE/domain/supplier_purchase/repo/purchase_repo.go:216
[0m[33m[0.000ms] [34;1m[rows:-][0m SELECT pi.id, pi.product_id, COALESCE(p.name, '') as product_name, pi.quantity, pi.unit, COALESCE(pi.conversion_qty, 1) as conversion_qty, pi.purchase_price, pi.subtotal FROM purchase_items pi LEFT JOIN products p ON pi.product_id = p.id WHERE pi.purchase_id = 24

2026/07/26 15:42:43 [32mD:/Develop/Project_pos_mahenz/BE/domain/supplier_purchase/repo/purchase_repo.go:250
[0m[33m[0.537ms] [34;1m[rows:0][0m SELECT qty, expired_date FROM product_expiry_batches WHERE purchase_item_id = 33 ORDER BY expired_date ASC
[GIN] 2026/07/26 - 15:42:43 | 201 |      6.3181ms |             ::1 | POST     "/api/supplier-purchases/create"

2026/07/26 15:42:43 [32mD:/Develop/Project_pos_mahenz/BE/repository/log_request_repository.go:32
[0m[33m[1.835ms] [34;1m[rows:1][0m INSERT INTO log_requests (id, method, endpoint, status_code, request_body, response_body, user_id, duration_ms, ip_address, error_message, created_at) VALUES ('ad34b9a0-9fd5-46ad-969e-a1d45e9647bc', 'POST', '/api/supplier-purchases/create', 201, '{"invoice_number":"INV-EDIT-STOCKSWAP","supplier_id":1,"purchase_date":"2026-07-26","discount_amount":0,"payment_status":"unpaid","items":[{"product_id":12,"quantity":10,"unit":"Batang","conversion_qty":1,"purchase_price":1000}]}', '{"code":"21","status":true,"message":"Purchase order berhasil dibuat","data":{"id":24,"purchase_code":"PO-20260726-014","invoice_number":"INV-EDIT-STOCKSWAP","supplier_id":1,"supplier_name":"Supplier Test Fase14","purchase_date":"2026-07-26T00:00:00+07:00","discount_amount":0,"total_amount":10000,"payment_status":"unpaid","paid_amount":0,"remaining_amount":10000,"status":"active","user_name":"Administrator","notes":"","items":[{"id":33,"product_id":12,"product_name":"Rokok Test Berantai","quantity":10,"unit":"Batang","conversion_qty":1,"purchase_price":1000,"subtotal":10000}]}}', 2, 6, '::1', NULL, '2026-07-26 15:42:43.322')

2026/07/26 15:44:07 [32mD:/Develop/Project_pos_mahenz/BE/domain/auth/repo/auth_repo.go:17
[0m[33m[2.326ms] [34;1m[rows:1][0m SELECT u.id, u.username, u.password, u.full_name, u.role_id, r.name AS role_name, u.is_active FROM users u INNER JOIN roles r ON r.id = u.role_id WHERE u.username = 'admin' LIMIT 1

2026/07/26 15:44:08 [32mD:/Develop/Project_pos_mahenz/BE/domain/auth/repo/auth_repo.go:67
[0m[33m[0.478ms] [34;1m[rows:1][0m DELETE FROM sessions WHERE user_id = 2

2026/07/26 15:44:08 [32mD:/Develop/Project_pos_mahenz/BE/domain/auth/repo/auth_repo.go:38
[0m[33m[6.543ms] [34;1m[rows:1][0m INSERT INTO sessions (user_id, user_role, token, refresh_token, device_info, ip_address, expires_at) VALUES (2, 'admin', 'eyJhbGciOiJIUzI1NiIsInR5cCI6IkpXVCJ9.eyJhcHBzIjoiIiwiZXhwIjoxNzg1MDg0MjQ4LCJmdWxsX25hbWUiOiJBZG1pbmlzdHJhdG9yIiwicm9sZSI6ImFkbWluIiwidXNlcl9pZCI6MiwidXNlcm5hbWUiOiJhZG1pbiJ9.xydyLVFmzJxDlWQ_WrkjAjVfwGXVVieS69TIpJ-i5E0', '67d4ec44b358f781e94d89c641d64bc8818c24b146a77211e422ba37fc806cc9', '', '::1', '2026-08-02 15:44:08.004') ON DUPLICATE KEY UPDATE user_role=VALUES(user_role), token=VALUES(token), refresh_token=VALUES(refresh_token), device_info=VALUES(device_info), ip_address=VALUES(ip_address), expires_at=VALUES(expires_at), created_at=NOW()
[GIN] 2026/07/26 - 15:44:08 | 200 |    119.7407ms |             ::1 | POST     "/api/auth/login"

2026/07/26 15:44:08 [32mD:/Develop/Project_pos_mahenz/BE/repository/log_request_repository.go:32
[0m[33m[2.730ms] [34;1m[rows:1][0m INSERT INTO log_requests (id, method, endpoint, status_code, request_body, response_body, user_id, duration_ms, ip_address, error_message, created_at) VALUES ('4e093871-4906-4c97-90b4-d04b310849a3', 'POST', '/api/auth/login', 200, '{"username":"admin","password":"admin123"}', '{"code":"00","status":true,"message":"Login berhasil","data":{"token":"eyJhbGciOiJIUzI1NiIsInR5cCI6IkpXVCJ9.eyJhcHBzIjoiIiwiZXhwIjoxNzg1MDg0MjQ4LCJmdWxsX25hbWUiOiJBZG1pbmlzdHJhdG9yIiwicm9sZSI6ImFkbWluIiwidXNlcl9pZCI6MiwidXNlcm5hbWUiOiJhZG1pbiJ9.xydyLVFmzJxDlWQ_WrkjAjVfwGXVVieS69TIpJ-i5E0","refresh_token":"67d4ec44b358f781e94d89c641d64bc8818c24b146a77211e422ba37fc806cc9","expires_at":"2026-08-02T15:44:08.0045964+07:00","user":{"id":2,"username":"admin","full_name":"Administrator","role_id":2,"role_name":"admin"}}}', NULL, 119, '::1', NULL, '2026-07-26 15:44:08.012')

2026/07/26 15:44:08 [32mD:/Develop/Project_pos_mahenz/BE/domain/auth/repo/auth_repo.go:46
[0m[33m[3.088ms] [34;1m[rows:1][0m SELECT id, user_id, user_role, token, device_info, expires_at FROM sessions WHERE token = 'eyJhbGciOiJIUzI1NiIsInR5cCI6IkpXVCJ9.eyJhcHBzIjoiIiwiZXhwIjoxNzg1MDg0MjQ4LCJmdWxsX25hbWUiOiJBZG1pbmlzdHJhdG9yIiwicm9sZSI6ImFkbWluIiwidXNlcl9pZCI6MiwidXNlcm5hbWUiOiJhZG1pbiJ9.xydyLVFmzJxDlWQ_WrkjAjVfwGXVVieS69TIpJ-i5E0' LIMIT 1

2026/07/26 15:44:08 [32mD:/Develop/Project_pos_mahenz/BE/domain/product_unit/repo/unit_repo.go:78
[0m[33m[3.946ms] [34;1m[rows:4][0m SELECT id, name, abbreviation FROM units WHERE is_active = 1 ORDER BY name
[GIN] 2026/07/26 - 15:44:08 | 200 |      7.6048ms |             ::1 | POST     "/api/units/options"

2026/07/26 15:44:08 [32mD:/Develop/Project_pos_mahenz/BE/repository/log_request_repository.go:32
[0m[33m[9.198ms] [34;1m[rows:1][0m INSERT INTO log_requests (id, method, endpoint, status_code, request_body, response_body, user_id, duration_ms, ip_address, error_message, created_at) VALUES ('d423e538-68e3-4f2b-a033-0310475819c4', 'POST', '/api/units/options', 200, '', '{"code":"00","status":true,"message":"Opsi satuan","data":[{"id":2,"name":"Batang","abbreviation":"Btg"},{"id":3,"name":"Pack","abbreviation":"Pack"},{"id":1,"name":"Pieces","abbreviation":"Pcs"},{"id":4,"name":"Slop","abbreviation":"Slop"}]}', 2, 7, '::1', NULL, '2026-07-26 15:44:08.245')

2026/07/26 15:44:08 [32mD:/Develop/Project_pos_mahenz/BE/domain/auth/repo/auth_repo.go:46
[0m[33m[0.508ms] [34;1m[rows:1][0m SELECT id, user_id, user_role, token, device_info, expires_at FROM sessions WHERE token = 'eyJhbGciOiJIUzI1NiIsInR5cCI6IkpXVCJ9.eyJhcHBzIjoiIiwiZXhwIjoxNzg1MDg0MjQ4LCJmdWxsX25hbWUiOiJBZG1pbmlzdHJhdG9yIiwicm9sZSI6ImFkbWluIiwidXNlcl9pZCI6MiwidXNlcm5hbWUiOiJhZG1pbiJ9.xydyLVFmzJxDlWQ_WrkjAjVfwGXVVieS69TIpJ-i5E0' LIMIT 1

2026/07/26 15:44:08 [32mD:/Develop/Project_pos_mahenz/BE/domain/product_category/repo/product_category_repo.go:70
[0m[33m[0.539ms] [34;1m[rows:2][0m SELECT id, name FROM categories WHERE is_active = 1 ORDER BY name
[GIN] 2026/07/26 - 15:44:08 | 200 |      1.7564ms |             ::1 | POST     "/api/categories/options"

2026/07/26 15:44:08 [32mD:/Develop/Project_pos_mahenz/BE/repository/log_request_repository.go:32
[0m[33m[2.619ms] [34;1m[rows:1][0m INSERT INTO log_requests (id, method, endpoint, status_code, request_body, response_body, user_id, duration_ms, ip_address, error_message, created_at) VALUES ('4ec17f20-cfec-40e4-96a6-660aabbc3c44', 'POST', '/api/categories/options', 200, '', '{"code":"00","status":true,"message":"Opsi kategori","data":[{"id":2,"name":"Minuman Test"},{"id":1,"name":"Sembako Test"}]}', 2, 1, '::1', NULL, '2026-07-26 15:44:08.383')

2026/07/26 15:44:28 [32mD:/Develop/Project_pos_mahenz/BE/domain/auth/repo/auth_repo.go:17
[0m[33m[0.886ms] [34;1m[rows:1][0m SELECT u.id, u.username, u.password, u.full_name, u.role_id, r.name AS role_name, u.is_active FROM users u INNER JOIN roles r ON r.id = u.role_id WHERE u.username = 'admin' LIMIT 1

2026/07/26 15:44:28 [32mD:/Develop/Project_pos_mahenz/BE/domain/auth/repo/auth_repo.go:67
[0m[33m[4.498ms] [34;1m[rows:1][0m DELETE FROM sessions WHERE user_id = 2

2026/07/26 15:44:28 [32mD:/Develop/Project_pos_mahenz/BE/domain/auth/repo/auth_repo.go:38
[0m[33m[2.334ms] [34;1m[rows:1][0m INSERT INTO sessions (user_id, user_role, token, refresh_token, device_info, ip_address, expires_at) VALUES (2, 'admin', 'eyJhbGciOiJIUzI1NiIsInR5cCI6IkpXVCJ9.eyJhcHBzIjoiIiwiZXhwIjoxNzg1MDg0MjY4LCJmdWxsX25hbWUiOiJBZG1pbmlzdHJhdG9yIiwicm9sZSI6ImFkbWluIiwidXNlcl9pZCI6MiwidXNlcm5hbWUiOiJhZG1pbiJ9.RZRzB_Jr1TZ7c0CM02QZfAfLFTPAB5yw5-xw_1d-pY4', '98f9498064ebbfaf97a6d32f109dc7565ef7ff167a59b61135dc082d3e65939f', '', '::1', '2026-08-02 15:44:28.944') ON DUPLICATE KEY UPDATE user_role=VALUES(user_role), token=VALUES(token), refresh_token=VALUES(refresh_token), device_info=VALUES(device_info), ip_address=VALUES(ip_address), expires_at=VALUES(expires_at), created_at=NOW()
[GIN] 2026/07/26 - 15:44:28 | 200 |    112.5757ms |             ::1 | POST     "/api/auth/login"

2026/07/26 15:44:28 [32mD:/Develop/Project_pos_mahenz/BE/repository/log_request_repository.go:32
[0m[33m[3.658ms] [34;1m[rows:1][0m INSERT INTO log_requests (id, method, endpoint, status_code, request_body, response_body, user_id, duration_ms, ip_address, error_message, created_at) VALUES ('5a09ccf1-0fff-44fd-844d-26393f78e03f', 'POST', '/api/auth/login', 200, '{"username":"admin","password":"admin123"}', '{"code":"00","status":true,"message":"Login berhasil","data":{"token":"eyJhbGciOiJIUzI1NiIsInR5cCI6IkpXVCJ9.eyJhcHBzIjoiIiwiZXhwIjoxNzg1MDg0MjY4LCJmdWxsX25hbWUiOiJBZG1pbmlzdHJhdG9yIiwicm9sZSI6ImFkbWluIiwidXNlcl9pZCI6MiwidXNlcm5hbWUiOiJhZG1pbiJ9.RZRzB_Jr1TZ7c0CM02QZfAfLFTPAB5yw5-xw_1d-pY4","refresh_token":"98f9498064ebbfaf97a6d32f109dc7565ef7ff167a59b61135dc082d3e65939f","expires_at":"2026-08-02T15:44:28.9449648+07:00","user":{"id":2,"username":"admin","full_name":"Administrator","role_id":2,"role_name":"admin"}}}', NULL, 112, '::1', NULL, '2026-07-26 15:44:28.952')

2026/07/26 15:44:29 [32mD:/Develop/Project_pos_mahenz/BE/domain/auth/repo/auth_repo.go:46
[0m[33m[0.534ms] [34;1m[rows:1][0m SELECT id, user_id, user_role, token, device_info, expires_at FROM sessions WHERE token = 'eyJhbGciOiJIUzI1NiIsInR5cCI6IkpXVCJ9.eyJhcHBzIjoiIiwiZXhwIjoxNzg1MDg0MjY4LCJmdWxsX25hbWUiOiJBZG1pbmlzdHJhdG9yIiwicm9sZSI6ImFkbWluIiwidXNlcl9pZCI6MiwidXNlcm5hbWUiOiJhZG1pbiJ9.RZRzB_Jr1TZ7c0CM02QZfAfLFTPAB5yw5-xw_1d-pY4' LIMIT 1

2026/07/26 15:44:29 [32mD:/Develop/Project_pos_mahenz/BE/domain/product_category/repo/product_category_repo.go:79
[0m[33m[6.324ms] [34;1m[rows:1][0m SELECT c.id, c.name, COALESCE(c.code, '') as code, c.description, COALESCE(c.is_active, 1) as is_active, (SELECT COUNT(*) FROM products p WHERE p.category_id = c.id) AS product_count, (SELECT COUNT(*) FROM products p WHERE p.category_id = c.id AND p.is_active = 1) AS active_product_count, c.created_at FROM categories c WHERE c.id = 1 LIMIT 1

2026/07/26 15:44:29 [32mD:/Develop/Project_pos_mahenz/BE/domain/product_unit/repo/unit_repo.go:87
[0m[33m[1.518ms] [34;1m[rows:1][0m SELECT id, name, abbreviation, is_active, created_at FROM units WHERE id = 1 LIMIT 1

2026/07/26 15:44:29 [32mD:/Develop/Project_pos_mahenz/BE/domain/product/repo/product_generate_repo.go:12
[0m[33m[0.000ms] [34;1m[rows:0][0m SELECT id FROM products WHERE barcode = '9990001112223' AND id != 0 LIMIT 1

2026/07/26 15:44:29 [32mD:/Develop/Project_pos_mahenz/BE/domain/product/repo/product_generate_repo.go:21
[0m[33m[1.026ms] [34;1m[rows:0][0m SELECT id FROM products WHERE sku = 'TESTSWAP-001' AND id != 0 LIMIT 1

2026/07/26 15:44:29 [32mD:/Develop/Project_pos_mahenz/BE/domain/product/repo/product_generate_repo.go:30
[0m[33m[1.003ms] [34;1m[rows:0][0m SELECT id FROM products WHERE LOWER(TRIM(name)) = LOWER(TRIM('Produk Test StockSwap')) AND id != 0 LIMIT 1

2026/07/26 15:44:29 [32mD:/Develop/Project_pos_mahenz/BE/domain/product/repo/product_repo.go:212
[0m[33m[0.961ms] [34;1m[rows:1][0m INSERT INTO products (barcode, sku, name, category_id, purchase_price, selling_price, stock, min_stock, unit_id) VALUES ('9990001112223', 'TESTSWAP-001', 'Produk Test StockSwap', 1, 1000, 2000, 0, 1, 1)

2026/07/26 15:44:29 [32mD:/Develop/Project_pos_mahenz/BE/domain/product/repo/product_repo.go:219
[0m[33m[0.000ms] [34;1m[rows:1][0m SELECT LAST_INSERT_ID()

2026/07/26 15:44:29 [32mD:/Develop/Project_pos_mahenz/BE/domain/product/repo/product_repo.go:223
[0m[33m[0.519ms] [34;1m[rows:1][0m INSERT INTO product_packages (product_id, unit_id, purchase_price, selling_price, is_default) VALUES (13, 1, 1000, 2000, 1)

2026/07/26 15:44:29 [32mD:/Develop/Project_pos_mahenz/BE/domain/product/repo/product_repo.go:227
[0m[33m[0.000ms] [34;1m[rows:1][0m SELECT LAST_INSERT_ID()

2026/07/26 15:44:29 [32mD:/Develop/Project_pos_mahenz/BE/domain/product/repo/product_repo.go:136
[0m[33m[4.030ms] [34;1m[rows:1][0m 
		SELECT p.id, p.barcode, COALESCE(p.sku, '') as sku, p.name, p.category_id, COALESCE(c.name, '') as category_name,
		       p.purchase_price, p.selling_price, p.stock, p.reserved_qty, p.min_stock,
		       COALESCE(p.unit_id, 0) as unit_id, COALESCE(u.name, '') as unit_name, COALESCE(u.abbreviation, '') as unit_abbreviation,
		       p.is_active, p.created_at, p.updated_at,
		       (SELECT COUNT(*) FROM product_packages pp WHERE pp.product_id = p.id AND pp.is_default = 0) AS extra_packages,
		       (SELECT COUNT(*) FROM product_prices pr WHERE pr.product_id = p.id) AS price_tiers_count
		FROM products p
		LEFT JOIN categories c ON p.category_id = c.id
		LEFT JOIN units u ON u.id = p.unit_id
		WHERE p.id = 13 LIMIT 1
[GIN] 2026/07/26 - 15:44:29 | 201 |     26.0367ms |             ::1 | POST     "/api/products/create"

2026/07/26 15:44:29 [32mD:/Develop/Project_pos_mahenz/BE/repository/log_request_repository.go:32
[0m[33m[2.558ms] [34;1m[rows:1][0m INSERT INTO log_requests (id, method, endpoint, status_code, request_body, response_body, user_id, duration_ms, ip_address, error_message, created_at) VALUES ('af342df4-0904-4840-9379-a68c70d71ca2', 'POST', '/api/products/create', 201, '{
  "name":"Produk Test StockSwap",
  "barcode":"9990001112223",
  "sku":"TESTSWAP-001",
  "category_id":1,
  "unit_id":1,
  "purchase_price":1000,
  "selling_price":2000,
  "min_stock":1,
  "is_active":true
}', '{"code":"00","status":true,"message":"Produk berhasil dibuat","data":{"id":13,"barcode":"9990001112223","sku":"TESTSWAP-001","name":"Produk Test StockSwap","category_id":1,"category_name":"Sembako Test","purchase_price":1000,"selling_price":2000,"stock":0,"reserved_qty":0,"min_stock":1,"unit_id":1,"unit_name":"Pieces","unit_abbreviation":"Pcs","is_active":true,"extra_packages":0,"price_tiers_count":0}}', 2, 26, '::1', NULL, '2026-07-26 15:44:29.183')

2026/07/26 15:45:01 [32mD:/Develop/Project_pos_mahenz/BE/domain/auth/repo/auth_repo.go:17
[0m[33m[2.458ms] [34;1m[rows:1][0m SELECT u.id, u.username, u.password, u.full_name, u.role_id, r.name AS role_name, u.is_active FROM users u INNER JOIN roles r ON r.id = u.role_id WHERE u.username = 'admin' LIMIT 1

2026/07/26 15:45:01 [32mD:/Develop/Project_pos_mahenz/BE/domain/auth/repo/auth_repo.go:67
[0m[33m[4.963ms] [34;1m[rows:1][0m DELETE FROM sessions WHERE user_id = 2

2026/07/26 15:45:01 [32mD:/Develop/Project_pos_mahenz/BE/domain/auth/repo/auth_repo.go:38
[0m[33m[3.358ms] [34;1m[rows:1][0m INSERT INTO sessions (user_id, user_role, token, refresh_token, device_info, ip_address, expires_at) VALUES (2, 'admin', 'eyJhbGciOiJIUzI1NiIsInR5cCI6IkpXVCJ9.eyJhcHBzIjoiIiwiZXhwIjoxNzg1MDg0MzAxLCJmdWxsX25hbWUiOiJBZG1pbmlzdHJhdG9yIiwicm9sZSI6ImFkbWluIiwidXNlcl9pZCI6MiwidXNlcm5hbWUiOiJhZG1pbiJ9.YCZ8-PBocfmq5gd4cVP79djtrbyUxj80boPCOV7L8a8', '0bb72730f0878d5163520b66d145e8724a1829fe5fbcd335d644ce4b1f49f55d', '', '::1', '2026-08-02 15:45:01.677') ON DUPLICATE KEY UPDATE user_role=VALUES(user_role), token=VALUES(token), refresh_token=VALUES(refresh_token), device_info=VALUES(device_info), ip_address=VALUES(ip_address), expires_at=VALUES(expires_at), created_at=NOW()
[GIN] 2026/07/26 - 15:45:01 | 200 |     98.0952ms |             ::1 | POST     "/api/auth/login"

2026/07/26 15:45:01 [32mD:/Develop/Project_pos_mahenz/BE/repository/log_request_repository.go:32
[0m[33m[2.047ms] [34;1m[rows:1][0m INSERT INTO log_requests (id, method, endpoint, status_code, request_body, response_body, user_id, duration_ms, ip_address, error_message, created_at) VALUES ('7feac8fb-5d09-46a9-a328-0ee139478555', 'POST', '/api/auth/login', 200, '{"username":"admin","password":"admin123"}', '{"code":"00","status":true,"message":"Login berhasil","data":{"token":"eyJhbGciOiJIUzI1NiIsInR5cCI6IkpXVCJ9.eyJhcHBzIjoiIiwiZXhwIjoxNzg1MDg0MzAxLCJmdWxsX25hbWUiOiJBZG1pbmlzdHJhdG9yIiwicm9sZSI6ImFkbWluIiwidXNlcl9pZCI6MiwidXNlcm5hbWUiOiJhZG1pbiJ9.YCZ8-PBocfmq5gd4cVP79djtrbyUxj80boPCOV7L8a8","refresh_token":"0bb72730f0878d5163520b66d145e8724a1829fe5fbcd335d644ce4b1f49f55d","expires_at":"2026-08-02T15:45:01.6773644+07:00","user":{"id":2,"username":"admin","full_name":"Administrator","role_id":2,"role_name":"admin"}}}', NULL, 98, '::1', NULL, '2026-07-26 15:45:01.685')

2026/07/26 15:45:01 [32mD:/Develop/Project_pos_mahenz/BE/domain/auth/repo/auth_repo.go:46
[0m[33m[0.685ms] [34;1m[rows:1][0m SELECT id, user_id, user_role, token, device_info, expires_at FROM sessions WHERE token = 'eyJhbGciOiJIUzI1NiIsInR5cCI6IkpXVCJ9.eyJhcHBzIjoiIiwiZXhwIjoxNzg1MDg0MzAxLCJmdWxsX25hbWUiOiJBZG1pbmlzdHJhdG9yIiwicm9sZSI6ImFkbWluIiwidXNlcl9pZCI6MiwidXNlcm5hbWUiOiJhZG1pbiJ9.YCZ8-PBocfmq5gd4cVP79djtrbyUxj80boPCOV7L8a8' LIMIT 1

2026/07/26 15:45:01 [32mD:/Develop/Project_pos_mahenz/BE/domain/supplier_purchase/repo/purchase_repo.go:318
[0m[33m[0.558ms] [34;1m[rows:1][0m SELECT COUNT(*) FROM purchases WHERE DATE(purchase_date) = '2026-07-26'

2026/07/26 15:45:01 [32mD:/Develop/Project_pos_mahenz/BE/domain/supplier_purchase/repo/purchase_repo.go:338
[0m[33m[1.667ms] [34;1m[rows:1][0m INSERT INTO purchases (purchase_code, invoice_number, supplier_id, purchase_date, discount_amount, total_amount, payment_status, paid_amount, remaining_amount, user_id, notes) VALUES ('PO-20260726-015', 'INV-EDIT-SWAP2', 1, '2026-07-26', 0, 5000, 'unpaid', 0, 5000, 2, '')

2026/07/26 15:45:01 [32mD:/Develop/Project_pos_mahenz/BE/domain/supplier_purchase/repo/purchase_repo.go:345
[0m[33m[0.687ms] [34;1m[rows:1][0m SELECT LAST_INSERT_ID()

2026/07/26 15:45:01 [32mD:/Develop/Project_pos_mahenz/BE/domain/supplier_purchase/repo/purchase_repo.go:366
[0m[33m[0.691ms] [34;1m[rows:1][0m INSERT INTO purchase_items (purchase_id, product_id, quantity, unit, conversion_qty, purchase_price, subtotal) VALUES (25, 13, 5, 'Pieces', 1, 1000, 5000)

2026/07/26 15:45:01 [32mD:/Develop/Project_pos_mahenz/BE/domain/supplier_purchase/repo/purchase_repo.go:384
[0m[33m[0.000ms] [34;1m[rows:1][0m SELECT stock FROM products WHERE id = 13 LIMIT 1

2026/07/26 15:45:01 [32mD:/Develop/Project_pos_mahenz/BE/domain/supplier_purchase/repo/purchase_repo.go:388
[0m[33m[0.000ms] [34;1m[rows:1][0m UPDATE products SET stock = stock + 5, updated_at = NOW() WHERE id = 13

2026/07/26 15:45:01 [32mD:/Develop/Project_pos_mahenz/BE/domain/supplier_purchase/repo/purchase_repo.go:394
[0m[33m[0.513ms] [34;1m[rows:1][0m INSERT INTO stock_mutations (product_id, mutation_type, quantity, stock_before, stock_after, reference_type, reference_id, notes, user_id) VALUES (13, 'in', 5, 0, 5, 'purchase', 25, 'Purchase Order PO-20260726-015', 2)

2026/07/26 15:45:01 [32mD:/Develop/Project_pos_mahenz/BE/domain/supplier_purchase/repo/purchase_repo.go:174
[0m[33m[1.272ms] [34;1m[rows:-][0m SELECT p.id, p.purchase_code, p.invoice_number, p.supplier_id, COALESCE(s.name, '') as supplier_name, p.purchase_date, p.discount_amount, p.total_amount, p.payment_status, p.paid_amount, p.remaining_amount, p.status, COALESCE(u.full_name, '') as user_name, p.notes FROM purchases p LEFT JOIN users u ON p.user_id = u.id LEFT JOIN suppliers s ON p.supplier_id = s.id WHERE p.id = 25

2026/07/26 15:45:01 [32mD:/Develop/Project_pos_mahenz/BE/domain/supplier_purchase/repo/purchase_repo.go:216
[0m[33m[0.503ms] [34;1m[rows:-][0m SELECT pi.id, pi.product_id, COALESCE(p.name, '') as product_name, pi.quantity, pi.unit, COALESCE(pi.conversion_qty, 1) as conversion_qty, pi.purchase_price, pi.subtotal FROM purchase_items pi LEFT JOIN products p ON pi.product_id = p.id WHERE pi.purchase_id = 25

2026/07/26 15:45:01 [32mD:/Develop/Project_pos_mahenz/BE/domain/supplier_purchase/repo/purchase_repo.go:250
[0m[33m[0.627ms] [34;1m[rows:0][0m SELECT qty, expired_date FROM product_expiry_batches WHERE purchase_item_id = 34 ORDER BY expired_date ASC
[GIN] 2026/07/26 - 15:45:01 | 201 |      9.5847ms |             ::1 | POST     "/api/supplier-purchases/create"

2026/07/26 15:45:01 [32mD:/Develop/Project_pos_mahenz/BE/repository/log_request_repository.go:32
[0m[33m[1.964ms] [34;1m[rows:1][0m INSERT INTO log_requests (id, method, endpoint, status_code, request_body, response_body, user_id, duration_ms, ip_address, error_message, created_at) VALUES ('b68cd513-5b89-4cb1-8723-fa588a70e330', 'POST', '/api/supplier-purchases/create', 201, '{"invoice_number":"INV-EDIT-SWAP2","supplier_id":1,"purchase_date":"2026-07-26","discount_amount":0,"payment_status":"unpaid","items":[{"product_id":13,"quantity":5,"unit":"Pieces","conversion_qty":1,"purchase_price":1000}]}', '{"code":"21","status":true,"message":"Purchase order berhasil dibuat","data":{"id":25,"purchase_code":"PO-20260726-015","invoice_number":"INV-EDIT-SWAP2","supplier_id":1,"supplier_name":"Supplier Test Fase14","purchase_date":"2026-07-26T00:00:00+07:00","discount_amount":0,"total_amount":5000,"payment_status":"unpaid","paid_amount":0,"remaining_amount":5000,"status":"active","user_name":"Administrator","notes":"","items":[{"id":34,"product_id":13,"product_name":"Produk Test StockSwap","quantity":5,"unit":"Pieces","conversion_qty":1,"purchase_price":1000,"subtotal":5000}]}}', 2, 9, '::1', NULL, '2026-07-26 15:45:01.788')

2026/07/26 15:52:27 [32mD:/Develop/Project_pos_mahenz/BE/domain/auth/repo/auth_repo.go:17
[0m[33m[2.778ms] [34;1m[rows:1][0m SELECT u.id, u.username, u.password, u.full_name, u.role_id, r.name AS role_name, u.is_active FROM users u INNER JOIN roles r ON r.id = u.role_id WHERE u.username = 'admin' LIMIT 1

2026/07/26 15:52:27 [32mD:/Develop/Project_pos_mahenz/BE/domain/auth/repo/auth_repo.go:67
[0m[33m[0.000ms] [34;1m[rows:1][0m DELETE FROM sessions WHERE user_id = 2

2026/07/26 15:52:27 [32mD:/Develop/Project_pos_mahenz/BE/domain/auth/repo/auth_repo.go:38
[0m[33m[8.896ms] [34;1m[rows:1][0m INSERT INTO sessions (user_id, user_role, token, refresh_token, device_info, ip_address, expires_at) VALUES (2, 'admin', 'eyJhbGciOiJIUzI1NiIsInR5cCI6IkpXVCJ9.eyJhcHBzIjoiIiwiZXhwIjoxNzg1MDg0NzQ3LCJmdWxsX25hbWUiOiJBZG1pbmlzdHJhdG9yIiwicm9sZSI6ImFkbWluIiwidXNlcl9pZCI6MiwidXNlcm5hbWUiOiJhZG1pbiJ9.Fkg40xpkHkfmPq3LkIh5O_AuxEUl4EooRgIRG_lUlCg', '3e32c3c69156bdc64e158f3e57cf877d29ca0e437651ca5a25373deb6db2da02', '', '::1', '2026-08-02 15:52:27.189') ON DUPLICATE KEY UPDATE user_role=VALUES(user_role), token=VALUES(token), refresh_token=VALUES(refresh_token), device_info=VALUES(device_info), ip_address=VALUES(ip_address), expires_at=VALUES(expires_at), created_at=NOW()
[GIN] 2026/07/26 - 15:52:27 | 200 |     112.568ms |             ::1 | POST     "/api/auth/login"

2026/07/26 15:52:27 [32mD:/Develop/Project_pos_mahenz/BE/repository/log_request_repository.go:32
[0m[33m[2.691ms] [34;1m[rows:1][0m INSERT INTO log_requests (id, method, endpoint, status_code, request_body, response_body, user_id, duration_ms, ip_address, error_message, created_at) VALUES ('b0f32296-b991-499c-8ebb-61e21dd13c33', 'POST', '/api/auth/login', 200, '{"username":"admin","password":"admin123"}', '{"code":"00","status":true,"message":"Login berhasil","data":{"token":"eyJhbGciOiJIUzI1NiIsInR5cCI6IkpXVCJ9.eyJhcHBzIjoiIiwiZXhwIjoxNzg1MDg0NzQ3LCJmdWxsX25hbWUiOiJBZG1pbmlzdHJhdG9yIiwicm9sZSI6ImFkbWluIiwidXNlcl9pZCI6MiwidXNlcm5hbWUiOiJhZG1pbiJ9.Fkg40xpkHkfmPq3LkIh5O_AuxEUl4EooRgIRG_lUlCg","refresh_token":"3e32c3c69156bdc64e158f3e57cf877d29ca0e437651ca5a25373deb6db2da02","expires_at":"2026-08-02T15:52:27.1890365+07:00","user":{"id":2,"username":"admin","full_name":"Administrator","role_id":2,"role_name":"admin"}}}', NULL, 112, '::1', NULL, '2026-07-26 15:52:27.198')

2026/07/26 15:52:27 [32mD:/Develop/Project_pos_mahenz/BE/domain/auth/repo/auth_repo.go:46
[0m[33m[0.534ms] [34;1m[rows:1][0m SELECT id, user_id, user_role, token, device_info, expires_at FROM sessions WHERE token = 'eyJhbGciOiJIUzI1NiIsInR5cCI6IkpXVCJ9.eyJhcHBzIjoiIiwiZXhwIjoxNzg1MDg0NzQ3LCJmdWxsX25hbWUiOiJBZG1pbmlzdHJhdG9yIiwicm9sZSI6ImFkbWluIiwidXNlcl9pZCI6MiwidXNlcm5hbWUiOiJhZG1pbiJ9.Fkg40xpkHkfmPq3LkIh5O_AuxEUl4EooRgIRG_lUlCg' LIMIT 1

2026/07/26 15:52:27 [32mD:/Develop/Project_pos_mahenz/BE/domain/product/repo/product_repo.go:136
[0m[33m[0.543ms] [34;1m[rows:1][0m 
		SELECT p.id, p.barcode, COALESCE(p.sku, '') as sku, p.name, p.category_id, COALESCE(c.name, '') as category_name,
		       p.purchase_price, p.selling_price, p.stock, p.reserved_qty, p.min_stock,
		       COALESCE(p.unit_id, 0) as unit_id, COALESCE(u.name, '') as unit_name, COALESCE(u.abbreviation, '') as unit_abbreviation,
		       p.is_active, p.created_at, p.updated_at,
		       (SELECT COUNT(*) FROM product_packages pp WHERE pp.product_id = p.id AND pp.is_default = 0) AS extra_packages,
		       (SELECT COUNT(*) FROM product_prices pr WHERE pr.product_id = p.id) AS price_tiers_count
		FROM products p
		LEFT JOIN categories c ON p.category_id = c.id
		LEFT JOIN units u ON u.id = p.unit_id
		WHERE p.id = 13 LIMIT 1
[GIN] 2026/07/26 - 15:52:27 | 200 |       2.244ms |             ::1 | POST     "/api/products/detail/13"

2026/07/26 15:52:27 [32mD:/Develop/Project_pos_mahenz/BE/repository/log_request_repository.go:32
[0m[33m[1.872ms] [34;1m[rows:1][0m INSERT INTO log_requests (id, method, endpoint, status_code, request_body, response_body, user_id, duration_ms, ip_address, error_message, created_at) VALUES ('46ea7d7d-a729-4f3f-8ce0-c841db8ea666', 'POST', '/api/products/detail/13', 200, '', '{"code":"00","status":true,"message":"Detail produk","data":{"id":13,"barcode":"9990001112223","sku":"TESTSWAP-001","name":"Produk Test StockSwap","category_id":1,"category_name":"Sembako Test","purchase_price":1000,"selling_price":2000,"stock":5,"reserved_qty":0,"min_stock":1,"unit_id":1,"unit_name":"Pieces","unit_abbreviation":"Pcs","is_active":true,"extra_packages":0,"price_tiers_count":0}}', 2, 2, '::1', NULL, '2026-07-26 15:52:27.291')

2026/07/26 15:52:27 [32mD:/Develop/Project_pos_mahenz/BE/domain/auth/repo/auth_repo.go:46
[0m[33m[0.544ms] [34;1m[rows:1][0m SELECT id, user_id, user_role, token, device_info, expires_at FROM sessions WHERE token = 'eyJhbGciOiJIUzI1NiIsInR5cCI6IkpXVCJ9.eyJhcHBzIjoiIiwiZXhwIjoxNzg1MDg0NzQ3LCJmdWxsX25hbWUiOiJBZG1pbmlzdHJhdG9yIiwicm9sZSI6ImFkbWluIiwidXNlcl9pZCI6MiwidXNlcm5hbWUiOiJhZG1pbiJ9.Fkg40xpkHkfmPq3LkIh5O_AuxEUl4EooRgIRG_lUlCg' LIMIT 1

2026/07/26 15:52:27 [32mD:/Develop/Project_pos_mahenz/BE/domain/access/repo/access_repo.go:55
[0m[33m[0.999ms] [34;1m[rows:38][0m 
SELECT
    m.key_name,
    COALESCE(rma.can_view,   0) AS can_view,
    COALESCE(rma.can_create, 0) AS can_create,
    COALESCE(rma.can_edit,   0) AS can_edit,
    COALESCE(rma.can_delete, 0) AS can_delete
FROM menus m
LEFT JOIN role_menu_access rma ON rma.menu_id = m.id
    AND rma.role_id = (SELECT id FROM roles WHERE name = 'admin' AND is_active = 1 LIMIT 1)
WHERE m.is_active = 1
ORDER BY m.id ASC

2026/07/26 15:52:27 [32mD:/Develop/Project_pos_mahenz/BE/domain/supplier_purchase/repo/purchase_repo.go:318
[0m[33m[0.679ms] [34;1m[rows:1][0m SELECT COUNT(*) FROM purchases WHERE DATE(purchase_date) = '2026-07-26'

2026/07/26 15:52:27 [32mD:/Develop/Project_pos_mahenz/BE/domain/supplier_purchase/repo/purchase_repo.go:338
[0m[33m[0.000ms] [34;1m[rows:1][0m INSERT INTO purchases (purchase_code, invoice_number, supplier_id, purchase_date, discount_amount, total_amount, payment_status, paid_amount, remaining_amount, user_id, notes) VALUES ('PO-20260726-016', 'INV-EDIT-SWAP-EXP', 1, '2026-07-26', 0, 3000, 'unpaid', 0, 3000, 2, '')

2026/07/26 15:52:27 [32mD:/Develop/Project_pos_mahenz/BE/domain/supplier_purchase/repo/purchase_repo.go:345
[0m[33m[0.425ms] [34;1m[rows:1][0m SELECT LAST_INSERT_ID()

2026/07/26 15:52:27 [32mD:/Develop/Project_pos_mahenz/BE/domain/supplier_purchase/repo/purchase_repo.go:366
[0m[33m[0.868ms] [34;1m[rows:1][0m INSERT INTO purchase_items (purchase_id, product_id, quantity, unit, conversion_qty, purchase_price, subtotal) VALUES (26, 13, 3, 'Pieces', 1, 1000, 3000)

2026/07/26 15:52:27 [32mD:/Develop/Project_pos_mahenz/BE/domain/supplier_purchase/repo/purchase_repo.go:375
[0m[33m[0.000ms] [34;1m[rows:1][0m SELECT LAST_INSERT_ID()

2026/07/26 15:52:27 [32mD:/Develop/Project_pos_mahenz/BE/domain/supplier_purchase/repo/purchase_repo.go:60
[0m[33m[0.446ms] [34;1m[rows:1][0m INSERT INTO product_expiry_batches (product_id, purchase_item_id, qty, expired_date) VALUES (13, 35, 3, '2026-06-01')

2026/07/26 15:52:27 [32mD:/Develop/Project_pos_mahenz/BE/domain/supplier_purchase/repo/purchase_repo.go:384
[0m[33m[0.504ms] [34;1m[rows:1][0m SELECT stock FROM products WHERE id = 13 LIMIT 1

2026/07/26 15:52:27 [32mD:/Develop/Project_pos_mahenz/BE/domain/supplier_purchase/repo/purchase_repo.go:388
[0m[33m[0.556ms] [34;1m[rows:1][0m UPDATE products SET stock = stock + 3, updated_at = NOW() WHERE id = 13

2026/07/26 15:52:27 [32mD:/Develop/Project_pos_mahenz/BE/domain/supplier_purchase/repo/purchase_repo.go:394
[0m[33m[0.550ms] [34;1m[rows:1][0m INSERT INTO stock_mutations (product_id, mutation_type, quantity, stock_before, stock_after, reference_type, reference_id, notes, user_id) VALUES (13, 'in', 3, 5, 8, 'purchase', 26, 'Purchase Order PO-20260726-016', 2)

2026/07/26 15:52:27 [32mD:/Develop/Project_pos_mahenz/BE/domain/supplier_purchase/repo/purchase_repo.go:174
[0m[33m[1.554ms] [34;1m[rows:-][0m SELECT p.id, p.purchase_code, p.invoice_number, p.supplier_id, COALESCE(s.name, '') as supplier_name, p.purchase_date, p.discount_amount, p.total_amount, p.payment_status, p.paid_amount, p.remaining_amount, p.status, COALESCE(u.full_name, '') as user_name, p.notes FROM purchases p LEFT JOIN users u ON p.user_id = u.id LEFT JOIN suppliers s ON p.supplier_id = s.id WHERE p.id = 26

2026/07/26 15:52:27 [32mD:/Develop/Project_pos_mahenz/BE/domain/supplier_purchase/repo/purchase_repo.go:216
[0m[33m[0.000ms] [34;1m[rows:-][0m SELECT pi.id, pi.product_id, COALESCE(p.name, '') as product_name, pi.quantity, pi.unit, COALESCE(pi.conversion_qty, 1) as conversion_qty, pi.purchase_price, pi.subtotal FROM purchase_items pi LEFT JOIN products p ON pi.product_id = p.id WHERE pi.purchase_id = 26

2026/07/26 15:52:27 [32mD:/Develop/Project_pos_mahenz/BE/domain/supplier_purchase/repo/purchase_repo.go:250
[0m[33m[0.527ms] [34;1m[rows:1][0m SELECT qty, expired_date FROM product_expiry_batches WHERE purchase_item_id = 35 ORDER BY expired_date ASC
[GIN] 2026/07/26 - 15:52:27 | 201 |     11.7069ms |             ::1 | POST     "/api/supplier-purchases/create"

2026/07/26 15:52:27 [32mD:/Develop/Project_pos_mahenz/BE/repository/log_request_repository.go:32
[0m[33m[2.327ms] [34;1m[rows:1][0m INSERT INTO log_requests (id, method, endpoint, status_code, request_body, response_body, user_id, duration_ms, ip_address, error_message, created_at) VALUES ('3dbe4be2-053e-48b8-85dc-811d33612e98', 'POST', '/api/supplier-purchases/create', 201, '{"invoice_number":"INV-EDIT-SWAP-EXP","supplier_id":1,"purchase_date":"2026-07-26","discount_amount":0,"payment_status":"unpaid","items":[{"product_id":13,"quantity":3,"unit":"Pieces","conversion_qty":1,"purchase_price":1000,"expiry_batches":[{"qty":3,"expired_date":"2026-06-01"}]}]}', '{"code":"21","status":true,"message":"Purchase order berhasil dibuat","data":{"id":26,"purchase_code":"PO-20260726-016","invoice_number":"INV-EDIT-SWAP-EXP","supplier_id":1,"supplier_name":"Supplier Test Fase14","purchase_date":"2026-07-26T00:00:00+07:00","discount_amount":0,"total_amount":3000,"payment_status":"unpaid","paid_amount":0,"remaining_amount":3000,"status":"active","user_name":"Administrator","notes":"","items":[{"id":35,"product_id":13,"product_name":"Produk Test StockSwap","quantity":3,"unit":"Pieces","conversion_qty":1,"purchase_price":1000,"subtotal":3000,"expiry_batches":[{"qty":3,"expired_date":"2026-06-01"}]}]}}', 2, 11, '::1', NULL, '2026-07-26 15:52:27.437')

2026/07/26 15:53:38 [32mD:/Develop/Project_pos_mahenz/BE/domain/auth/repo/auth_repo.go:17
[0m[33m[0.943ms] [34;1m[rows:1][0m SELECT u.id, u.username, u.password, u.full_name, u.role_id, r.name AS role_name, u.is_active FROM users u INNER JOIN roles r ON r.id = u.role_id WHERE u.username = 'admin' LIMIT 1

2026/07/26 15:53:38 [32mD:/Develop/Project_pos_mahenz/BE/domain/auth/repo/auth_repo.go:67
[0m[33m[3.337ms] [34;1m[rows:1][0m DELETE FROM sessions WHERE user_id = 2

2026/07/26 15:53:38 [32mD:/Develop/Project_pos_mahenz/BE/domain/auth/repo/auth_repo.go:38
[0m[33m[3.716ms] [34;1m[rows:1][0m INSERT INTO sessions (user_id, user_role, token, refresh_token, device_info, ip_address, expires_at) VALUES (2, 'admin', 'eyJhbGciOiJIUzI1NiIsInR5cCI6IkpXVCJ9.eyJhcHBzIjoiIiwiZXhwIjoxNzg1MDg0ODE4LCJmdWxsX25hbWUiOiJBZG1pbmlzdHJhdG9yIiwicm9sZSI6ImFkbWluIiwidXNlcl9pZCI6MiwidXNlcm5hbWUiOiJhZG1pbiJ9.kb_oOoC-pPeRiK90IUVxYO354-i4hGRqE-2V_FdXK8U', 'f0681dfc07a95131fee3f0502cf501555e39e0d10b74f2bee1ebff97c2b3ce7b', '', '::1', '2026-08-02 15:53:38.268') ON DUPLICATE KEY UPDATE user_role=VALUES(user_role), token=VALUES(token), refresh_token=VALUES(refresh_token), device_info=VALUES(device_info), ip_address=VALUES(ip_address), expires_at=VALUES(expires_at), created_at=NOW()
[GIN] 2026/07/26 - 15:53:38 | 200 |    134.1802ms |             ::1 | POST     "/api/auth/login"

2026/07/26 15:53:38 [32mD:/Develop/Project_pos_mahenz/BE/repository/log_request_repository.go:32
[0m[33m[3.269ms] [34;1m[rows:1][0m INSERT INTO log_requests (id, method, endpoint, status_code, request_body, response_body, user_id, duration_ms, ip_address, error_message, created_at) VALUES ('983e2779-568d-44df-bad1-714f63a13bf6', 'POST', '/api/auth/login', 200, '{"username":"admin","password":"admin123"}', '{"code":"00","status":true,"message":"Login berhasil","data":{"token":"eyJhbGciOiJIUzI1NiIsInR5cCI6IkpXVCJ9.eyJhcHBzIjoiIiwiZXhwIjoxNzg1MDg0ODE4LCJmdWxsX25hbWUiOiJBZG1pbmlzdHJhdG9yIiwicm9sZSI6ImFkbWluIiwidXNlcl9pZCI6MiwidXNlcm5hbWUiOiJhZG1pbiJ9.kb_oOoC-pPeRiK90IUVxYO354-i4hGRqE-2V_FdXK8U","refresh_token":"f0681dfc07a95131fee3f0502cf501555e39e0d10b74f2bee1ebff97c2b3ce7b","expires_at":"2026-08-02T15:53:38.268328+07:00","user":{"id":2,"username":"admin","full_name":"Administrator","role_id":2,"role_name":"admin"}}}', NULL, 134, '::1', NULL, '2026-07-26 15:53:38.276')

2026/07/26 15:53:38 [32mD:/Develop/Project_pos_mahenz/BE/domain/auth/repo/auth_repo.go:46
[0m[33m[8.159ms] [34;1m[rows:1][0m SELECT id, user_id, user_role, token, device_info, expires_at FROM sessions WHERE token = 'eyJhbGciOiJIUzI1NiIsInR5cCI6IkpXVCJ9.eyJhcHBzIjoiIiwiZXhwIjoxNzg1MDg0ODE4LCJmdWxsX25hbWUiOiJBZG1pbmlzdHJhdG9yIiwicm9sZSI6ImFkbWluIiwidXNlcl9pZCI6MiwidXNlcm5hbWUiOiJhZG1pbiJ9.kb_oOoC-pPeRiK90IUVxYO354-i4hGRqE-2V_FdXK8U' LIMIT 1

2026/07/26 15:53:38 [32mD:/Develop/Project_pos_mahenz/BE/domain/expiry_batch/repo/expiry_batch_repo.go:72
[0m[33m[4.013ms] [34;1m[rows:1][0m 
		SELECT eb.id, eb.product_id, COALESCE(p.name, '') as product_name, eb.purchase_item_id,
		       eb.qty, eb.expired_date, eb.status, eb.resolved_by, eb.resolved_at, eb.notes, eb.created_at
		FROM product_expiry_batches eb
		LEFT JOIN products p ON eb.product_id = p.id
		WHERE eb.status = 'active' AND eb.expired_date <= DATE_ADD(CURDATE(), INTERVAL 7 DAY)
	 ORDER BY eb.expired_date ASC
[GIN] 2026/07/26 - 15:53:38 | 200 |     12.6771ms |             ::1 | POST     "/api/expiry-batches/warnings"

2026/07/26 15:53:38 [32mD:/Develop/Project_pos_mahenz/BE/repository/log_request_repository.go:32
[0m[33m[2.332ms] [34;1m[rows:1][0m INSERT INTO log_requests (id, method, endpoint, status_code, request_body, response_body, user_id, duration_ms, ip_address, error_message, created_at) VALUES ('7350bb8b-35fb-4d58-a925-8421fb8bb2e7', 'POST', '/api/expiry-batches/warnings', 200, '{}', '{"code":"00","status":true,"message":"Daftar warning expired","data":{"product_severity":[{"product_id":13,"severity":"expired","warning_count":1}],"warnings":[{"id":9,"product_id":13,"product_name":"Produk Test StockSwap","qty":3,"expired_date":"2026-06-01","severity":"expired","days_left":-55}]}}', 2, 12, '::1', NULL, '2026-07-26 15:53:38.482')

2026/07/26 15:53:48 [32mD:/Develop/Project_pos_mahenz/BE/domain/auth/repo/auth_repo.go:17
[0m[33m[0.508ms] [34;1m[rows:1][0m SELECT u.id, u.username, u.password, u.full_name, u.role_id, r.name AS role_name, u.is_active FROM users u INNER JOIN roles r ON r.id = u.role_id WHERE u.username = 'admin' LIMIT 1

2026/07/26 15:53:48 [32mD:/Develop/Project_pos_mahenz/BE/domain/auth/repo/auth_repo.go:67
[0m[33m[0.000ms] [34;1m[rows:1][0m DELETE FROM sessions WHERE user_id = 2

2026/07/26 15:53:48 [32mD:/Develop/Project_pos_mahenz/BE/domain/auth/repo/auth_repo.go:38
[0m[33m[0.000ms] [34;1m[rows:1][0m INSERT INTO sessions (user_id, user_role, token, refresh_token, device_info, ip_address, expires_at) VALUES (2, 'admin', 'eyJhbGciOiJIUzI1NiIsInR5cCI6IkpXVCJ9.eyJhcHBzIjoiIiwiZXhwIjoxNzg1MDg0ODI4LCJmdWxsX25hbWUiOiJBZG1pbmlzdHJhdG9yIiwicm9sZSI6ImFkbWluIiwidXNlcl9pZCI6MiwidXNlcm5hbWUiOiJhZG1pbiJ9.7tURN6Z6lkRQ6qGLNi8GoaqLkR_K6mZfisn7y8-jOK4', 'b804e53561e57aa77806b2b163a86cab5371fc90cba5eb1618b160063479ec34', '', '::1', '2026-08-02 15:53:48.902') ON DUPLICATE KEY UPDATE user_role=VALUES(user_role), token=VALUES(token), refresh_token=VALUES(refresh_token), device_info=VALUES(device_info), ip_address=VALUES(ip_address), expires_at=VALUES(expires_at), created_at=NOW()
[GIN] 2026/07/26 - 15:53:48 | 200 |      97.044ms |             ::1 | POST     "/api/auth/login"

2026/07/26 15:53:48 [32mD:/Develop/Project_pos_mahenz/BE/repository/log_request_repository.go:32
[0m[33m[7.931ms] [34;1m[rows:1][0m INSERT INTO log_requests (id, method, endpoint, status_code, request_body, response_body, user_id, duration_ms, ip_address, error_message, created_at) VALUES ('88a4d10a-9dfa-4a67-b6ac-2c02f36e2dc1', 'POST', '/api/auth/login', 200, '{"username":"admin","password":"admin123"}', '{"code":"00","status":true,"message":"Login berhasil","data":{"token":"eyJhbGciOiJIUzI1NiIsInR5cCI6IkpXVCJ9.eyJhcHBzIjoiIiwiZXhwIjoxNzg1MDg0ODI4LCJmdWxsX25hbWUiOiJBZG1pbmlzdHJhdG9yIiwicm9sZSI6ImFkbWluIiwidXNlcl9pZCI6MiwidXNlcm5hbWUiOiJhZG1pbiJ9.7tURN6Z6lkRQ6qGLNi8GoaqLkR_K6mZfisn7y8-jOK4","refresh_token":"b804e53561e57aa77806b2b163a86cab5371fc90cba5eb1618b160063479ec34","expires_at":"2026-08-02T15:53:48.9021354+07:00","user":{"id":2,"username":"admin","full_name":"Administrator","role_id":2,"role_name":"admin"}}}', NULL, 97, '::1', NULL, '2026-07-26 15:53:48.902')
[GIN] 2026/07/26 - 15:53:49 | 400 |       505.4µs |             ::1 | POST     "/api/expiry-batches/9/write-off"
Error #01: Route not found

2026/07/26 15:53:49 [32mD:/Develop/Project_pos_mahenz/BE/repository/log_request_repository.go:32
[0m[33m[2.153ms] [34;1m[rows:1][0m INSERT INTO log_requests (id, method, endpoint, status_code, request_body, response_body, user_id, duration_ms, ip_address, error_message, created_at) VALUES ('f8589660-1899-4568-8380-9a74316fed9b', 'POST', '/api/expiry-batches/9/write-off', 400, '{"notes":"test"}', '{"code":"40","status":false,"message":"Route not found","data":null}', NULL, 0, '::1', 'Route not found', '2026-07-26 15:53:49.003')

2026/07/26 15:53:49 [32mD:/Develop/Project_pos_mahenz/BE/domain/auth/repo/auth_repo.go:46
[0m[33m[2.552ms] [34;1m[rows:1][0m SELECT id, user_id, user_role, token, device_info, expires_at FROM sessions WHERE token = 'eyJhbGciOiJIUzI1NiIsInR5cCI6IkpXVCJ9.eyJhcHBzIjoiIiwiZXhwIjoxNzg1MDg0ODI4LCJmdWxsX25hbWUiOiJBZG1pbmlzdHJhdG9yIiwicm9sZSI6ImFkbWluIiwidXNlcl9pZCI6MiwidXNlcm5hbWUiOiJhZG1pbiJ9.7tURN6Z6lkRQ6qGLNi8GoaqLkR_K6mZfisn7y8-jOK4' LIMIT 1

2026/07/26 15:53:49 [32mD:/Develop/Project_pos_mahenz/BE/domain/product/repo/product_repo.go:136
[0m[33m[5.279ms] [34;1m[rows:1][0m 
		SELECT p.id, p.barcode, COALESCE(p.sku, '') as sku, p.name, p.category_id, COALESCE(c.name, '') as category_name,
		       p.purchase_price, p.selling_price, p.stock, p.reserved_qty, p.min_stock,
		       COALESCE(p.unit_id, 0) as unit_id, COALESCE(u.name, '') as unit_name, COALESCE(u.abbreviation, '') as unit_abbreviation,
		       p.is_active, p.created_at, p.updated_at,
		       (SELECT COUNT(*) FROM product_packages pp WHERE pp.product_id = p.id AND pp.is_default = 0) AS extra_packages,
		       (SELECT COUNT(*) FROM product_prices pr WHERE pr.product_id = p.id) AS price_tiers_count
		FROM products p
		LEFT JOIN categories c ON p.category_id = c.id
		LEFT JOIN units u ON u.id = p.unit_id
		WHERE p.id = 13 LIMIT 1
[GIN] 2026/07/26 - 15:53:49 | 200 |      8.9548ms |             ::1 | POST     "/api/products/detail/13"

2026/07/26 15:53:49 [32mD:/Develop/Project_pos_mahenz/BE/repository/log_request_repository.go:32
[0m[33m[3.593ms] [34;1m[rows:1][0m INSERT INTO log_requests (id, method, endpoint, status_code, request_body, response_body, user_id, duration_ms, ip_address, error_message, created_at) VALUES ('4fbb0a50-2234-44c5-af91-2b78ea15159c', 'POST', '/api/products/detail/13', 200, '', '{"code":"00","status":true,"message":"Detail produk","data":{"id":13,"barcode":"9990001112223","sku":"TESTSWAP-001","name":"Produk Test StockSwap","category_id":1,"category_name":"Sembako Test","purchase_price":1000,"selling_price":2000,"stock":8,"reserved_qty":0,"min_stock":1,"unit_id":1,"unit_name":"Pieces","unit_abbreviation":"Pcs","is_active":true,"extra_packages":0,"price_tiers_count":0}}', 2, 8, '::1', NULL, '2026-07-26 15:53:49.113')

2026/07/26 15:54:57 [32mD:/Develop/Project_pos_mahenz/BE/domain/auth/repo/auth_repo.go:17
[0m[33m[0.508ms] [34;1m[rows:1][0m SELECT u.id, u.username, u.password, u.full_name, u.role_id, r.name AS role_name, u.is_active FROM users u INNER JOIN roles r ON r.id = u.role_id WHERE u.username = 'admin' LIMIT 1

2026/07/26 15:54:57 [32mD:/Develop/Project_pos_mahenz/BE/domain/auth/repo/auth_repo.go:67
[0m[33m[2.846ms] [34;1m[rows:1][0m DELETE FROM sessions WHERE user_id = 2

2026/07/26 15:54:57 [32mD:/Develop/Project_pos_mahenz/BE/domain/auth/repo/auth_repo.go:38
[0m[33m[2.604ms] [34;1m[rows:1][0m INSERT INTO sessions (user_id, user_role, token, refresh_token, device_info, ip_address, expires_at) VALUES (2, 'admin', 'eyJhbGciOiJIUzI1NiIsInR5cCI6IkpXVCJ9.eyJhcHBzIjoiIiwiZXhwIjoxNzg1MDg0ODk3LCJmdWxsX25hbWUiOiJBZG1pbmlzdHJhdG9yIiwicm9sZSI6ImFkbWluIiwidXNlcl9pZCI6MiwidXNlcm5hbWUiOiJhZG1pbiJ9.QMF3tEzjW9Ac0rky2VjJSwmVeCFxpnJpS8y_KiPWSS4', '9140bbd3551fac345ebe731b794b904f3f892b5b0c9b8ae193d668feaabab2a8', '', '::1', '2026-08-02 15:54:57.347') ON DUPLICATE KEY UPDATE user_role=VALUES(user_role), token=VALUES(token), refresh_token=VALUES(refresh_token), device_info=VALUES(device_info), ip_address=VALUES(ip_address), expires_at=VALUES(expires_at), created_at=NOW()
[GIN] 2026/07/26 - 15:54:57 | 200 |     95.0548ms |             ::1 | POST     "/api/auth/login"

2026/07/26 15:54:57 [32mD:/Develop/Project_pos_mahenz/BE/repository/log_request_repository.go:32
[0m[33m[2.409ms] [34;1m[rows:1][0m INSERT INTO log_requests (id, method, endpoint, status_code, request_body, response_body, user_id, duration_ms, ip_address, error_message, created_at) VALUES ('004f7dc1-865e-4255-84a3-13855c858d3b', 'POST', '/api/auth/login', 200, '{"username":"admin","password":"admin123"}', '{"code":"00","status":true,"message":"Login berhasil","data":{"token":"eyJhbGciOiJIUzI1NiIsInR5cCI6IkpXVCJ9.eyJhcHBzIjoiIiwiZXhwIjoxNzg1MDg0ODk3LCJmdWxsX25hbWUiOiJBZG1pbmlzdHJhdG9yIiwicm9sZSI6ImFkbWluIiwidXNlcl9pZCI6MiwidXNlcm5hbWUiOiJhZG1pbiJ9.QMF3tEzjW9Ac0rky2VjJSwmVeCFxpnJpS8y_KiPWSS4","refresh_token":"9140bbd3551fac345ebe731b794b904f3f892b5b0c9b8ae193d668feaabab2a8","expires_at":"2026-08-02T15:54:57.3478373+07:00","user":{"id":2,"username":"admin","full_name":"Administrator","role_id":2,"role_name":"admin"}}}', NULL, 95, '::1', NULL, '2026-07-26 15:54:57.353')

2026/07/26 15:54:57 [32mD:/Develop/Project_pos_mahenz/BE/domain/auth/repo/auth_repo.go:46
[0m[33m[0.588ms] [34;1m[rows:1][0m SELECT id, user_id, user_role, token, device_info, expires_at FROM sessions WHERE token = 'eyJhbGciOiJIUzI1NiIsInR5cCI6IkpXVCJ9.eyJhcHBzIjoiIiwiZXhwIjoxNzg1MDg0ODk3LCJmdWxsX25hbWUiOiJBZG1pbmlzdHJhdG9yIiwicm9sZSI6ImFkbWluIiwidXNlcl9pZCI6MiwidXNlcm5hbWUiOiJhZG1pbiJ9.QMF3tEzjW9Ac0rky2VjJSwmVeCFxpnJpS8y_KiPWSS4' LIMIT 1

2026/07/26 15:54:57 [32mD:/Develop/Project_pos_mahenz/BE/domain/expiry_batch/repo/expiry_batch_repo.go:88
[0m[33m[1.528ms] [34;1m[rows:1][0m 
		SELECT eb.id, eb.product_id, COALESCE(p.name, '') as product_name, eb.purchase_item_id,
		       eb.qty, eb.expired_date, eb.status, eb.resolved_by, eb.resolved_at, eb.notes, eb.created_at
		FROM product_expiry_batches eb
		LEFT JOIN products p ON eb.product_id = p.id
		WHERE eb.id = 9
	

2026/07/26 15:54:57 [32mD:/Develop/Project_pos_mahenz/BE/domain/expiry_batch/repo/expiry_batch_repo.go:137
[0m[33m[0.486ms] [34;1m[rows:1][0m 
		SELECT eb.id, eb.product_id, COALESCE(p.name, '') as product_name, eb.purchase_item_id,
		       eb.qty, eb.expired_date, eb.status, eb.resolved_by, eb.resolved_at, eb.notes, eb.created_at
		FROM product_expiry_batches eb
		LEFT JOIN products p ON eb.product_id = p.id
		WHERE eb.id = 9
	 FOR UPDATE

2026/07/26 15:54:57 [32mD:/Develop/Project_pos_mahenz/BE/domain/expiry_batch/repo/expiry_batch_repo.go:111
[0m[33m[0.000ms] [34;1m[rows:1][0m SELECT stock FROM products WHERE id = 13 FOR UPDATE

2026/07/26 15:54:57 [32mD:/Develop/Project_pos_mahenz/BE/domain/expiry_batch/repo/expiry_batch_repo.go:115
[0m[33m[1.263ms] [34;1m[rows:1][0m UPDATE products SET stock = GREATEST(stock - 3, 0), updated_at = NOW() WHERE id = 13

2026/07/26 15:54:57 [32mD:/Develop/Project_pos_mahenz/BE/domain/expiry_batch/repo/expiry_batch_repo.go:124
[0m[33m[0.000ms] [34;1m[rows:1][0m INSERT INTO stock_mutations (product_id, mutation_type, quantity, stock_before, stock_after, reference_type, reference_id, notes, user_id) VALUES (13, 'expired', 3, 8, 5, 'expiry_batch', 9, 'Write-off batch expired 2026-06-01', 2)

2026/07/26 15:54:57 [32mD:/Develop/Project_pos_mahenz/BE/domain/expiry_batch/repo/expiry_batch_repo.go:131
[0m[33m[0.000ms] [34;1m[rows:1][0m 
		UPDATE product_expiry_batches
		SET status = 'written_off', resolved_by = 2, resolved_at = '2026-07-26 15:54:57.461', notes = 'test', updated_at = NOW()
		WHERE id = 9
	
[GIN] 2026/07/26 - 15:54:57 | 200 |      8.5291ms |             ::1 | POST     "/api/expiry-batches/write-off/9"

2026/07/26 15:54:57 [32mD:/Develop/Project_pos_mahenz/BE/repository/log_request_repository.go:32
[0m[33m[1.463ms] [34;1m[rows:1][0m INSERT INTO log_requests (id, method, endpoint, status_code, request_body, response_body, user_id, duration_ms, ip_address, error_message, created_at) VALUES ('84d1830f-0758-40b6-885d-37b800f44734', 'POST', '/api/expiry-batches/write-off/9', 200, '{"notes":"test"}', '{"code":"00","status":true,"message":"Stok expired berhasil dimusnahkan","data":null}', 2, 8, '::1', NULL, '2026-07-26 15:54:57.463')

2026/07/26 15:54:57 [32mD:/Develop/Project_pos_mahenz/BE/domain/auth/repo/auth_repo.go:46
[0m[33m[0.781ms] [34;1m[rows:1][0m SELECT id, user_id, user_role, token, device_info, expires_at FROM sessions WHERE token = 'eyJhbGciOiJIUzI1NiIsInR5cCI6IkpXVCJ9.eyJhcHBzIjoiIiwiZXhwIjoxNzg1MDg0ODk3LCJmdWxsX25hbWUiOiJBZG1pbmlzdHJhdG9yIiwicm9sZSI6ImFkbWluIiwidXNlcl9pZCI6MiwidXNlcm5hbWUiOiJhZG1pbiJ9.QMF3tEzjW9Ac0rky2VjJSwmVeCFxpnJpS8y_KiPWSS4' LIMIT 1

2026/07/26 15:54:57 [32mD:/Develop/Project_pos_mahenz/BE/domain/product/repo/product_repo.go:136
[0m[33m[0.551ms] [34;1m[rows:1][0m 
		SELECT p.id, p.barcode, COALESCE(p.sku, '') as sku, p.name, p.category_id, COALESCE(c.name, '') as category_name,
		       p.purchase_price, p.selling_price, p.stock, p.reserved_qty, p.min_stock,
		       COALESCE(p.unit_id, 0) as unit_id, COALESCE(u.name, '') as unit_name, COALESCE(u.abbreviation, '') as unit_abbreviation,
		       p.is_active, p.created_at, p.updated_at,
		       (SELECT COUNT(*) FROM product_packages pp WHERE pp.product_id = p.id AND pp.is_default = 0) AS extra_packages,
		       (SELECT COUNT(*) FROM product_prices pr WHERE pr.product_id = p.id) AS price_tiers_count
		FROM products p
		LEFT JOIN categories c ON p.category_id = c.id
		LEFT JOIN units u ON u.id = p.unit_id
		WHERE p.id = 13 LIMIT 1
[GIN] 2026/07/26 - 15:54:57 | 200 |      2.3884ms |             ::1 | POST     "/api/products/detail/13"

2026/07/26 15:54:57 [32mD:/Develop/Project_pos_mahenz/BE/repository/log_request_repository.go:32
[0m[33m[3.181ms] [34;1m[rows:1][0m INSERT INTO log_requests (id, method, endpoint, status_code, request_body, response_body, user_id, duration_ms, ip_address, error_message, created_at) VALUES ('0247a8d2-35a1-4eda-b627-97e0d8d64ca9', 'POST', '/api/products/detail/13', 200, '', '{"code":"00","status":true,"message":"Detail produk","data":{"id":13,"barcode":"9990001112223","sku":"TESTSWAP-001","name":"Produk Test StockSwap","category_id":1,"category_name":"Sembako Test","purchase_price":1000,"selling_price":2000,"stock":5,"reserved_qty":0,"min_stock":1,"unit_id":1,"unit_name":"Pieces","unit_abbreviation":"Pcs","is_active":true,"extra_packages":0,"price_tiers_count":0}}', 2, 2, '::1', NULL, '2026-07-26 15:54:57.556')

2026/07/26 15:55:27 [32mD:/Develop/Project_pos_mahenz/BE/domain/auth/repo/auth_repo.go:17
[0m[33m[5.487ms] [34;1m[rows:1][0m SELECT u.id, u.username, u.password, u.full_name, u.role_id, r.name AS role_name, u.is_active FROM users u INNER JOIN roles r ON r.id = u.role_id WHERE u.username = 'admin' LIMIT 1

2026/07/26 15:55:27 [32mD:/Develop/Project_pos_mahenz/BE/domain/auth/repo/auth_repo.go:67
[0m[33m[3.006ms] [34;1m[rows:1][0m DELETE FROM sessions WHERE user_id = 2

2026/07/26 15:55:27 [32mD:/Develop/Project_pos_mahenz/BE/domain/auth/repo/auth_repo.go:38
[0m[33m[2.065ms] [34;1m[rows:1][0m INSERT INTO sessions (user_id, user_role, token, refresh_token, device_info, ip_address, expires_at) VALUES (2, 'admin', 'eyJhbGciOiJIUzI1NiIsInR5cCI6IkpXVCJ9.eyJhcHBzIjoiIiwiZXhwIjoxNzg1MDg0OTI3LCJmdWxsX25hbWUiOiJBZG1pbmlzdHJhdG9yIiwicm9sZSI6ImFkbWluIiwidXNlcl9pZCI6MiwidXNlcm5hbWUiOiJhZG1pbiJ9.8DNLjTxcpSeDs2ChAGy8hHC_9XJGD503Y4LzRIf1ZWE', '6316151b42257b6565b4489bee6380ad3b89815b1a548a526aa079caf286eba8', '', '::1', '2026-08-02 15:55:27.867') ON DUPLICATE KEY UPDATE user_role=VALUES(user_role), token=VALUES(token), refresh_token=VALUES(refresh_token), device_info=VALUES(device_info), ip_address=VALUES(ip_address), expires_at=VALUES(expires_at), created_at=NOW()
[GIN] 2026/07/26 - 15:55:27 | 200 |    120.9643ms |             ::1 | POST     "/api/auth/login"

2026/07/26 15:55:27 [32mD:/Develop/Project_pos_mahenz/BE/repository/log_request_repository.go:32
[0m[33m[1.170ms] [34;1m[rows:1][0m INSERT INTO log_requests (id, method, endpoint, status_code, request_body, response_body, user_id, duration_ms, ip_address, error_message, created_at) VALUES ('3e46c9a2-25e9-48bd-94b6-a203db0c4f8d', 'POST', '/api/auth/login', 200, '{"username":"admin","password":"admin123"}', '{"code":"00","status":true,"message":"Login berhasil","data":{"token":"eyJhbGciOiJIUzI1NiIsInR5cCI6IkpXVCJ9.eyJhcHBzIjoiIiwiZXhwIjoxNzg1MDg0OTI3LCJmdWxsX25hbWUiOiJBZG1pbmlzdHJhdG9yIiwicm9sZSI6ImFkbWluIiwidXNlcl9pZCI6MiwidXNlcm5hbWUiOiJhZG1pbiJ9.8DNLjTxcpSeDs2ChAGy8hHC_9XJGD503Y4LzRIf1ZWE","refresh_token":"6316151b42257b6565b4489bee6380ad3b89815b1a548a526aa079caf286eba8","expires_at":"2026-08-02T15:55:27.8676989+07:00","user":{"id":2,"username":"admin","full_name":"Administrator","role_id":2,"role_name":"admin"}}}', NULL, 120, '::1', NULL, '2026-07-26 15:55:27.873')

2026/07/26 15:55:27 [32mD:/Develop/Project_pos_mahenz/BE/domain/auth/repo/auth_repo.go:46
[0m[33m[0.506ms] [34;1m[rows:1][0m SELECT id, user_id, user_role, token, device_info, expires_at FROM sessions WHERE token = 'eyJhbGciOiJIUzI1NiIsInR5cCI6IkpXVCJ9.eyJhcHBzIjoiIiwiZXhwIjoxNzg1MDg0OTI3LCJmdWxsX25hbWUiOiJBZG1pbmlzdHJhdG9yIiwicm9sZSI6ImFkbWluIiwidXNlcl9pZCI6MiwidXNlcm5hbWUiOiJhZG1pbiJ9.8DNLjTxcpSeDs2ChAGy8hHC_9XJGD503Y4LzRIf1ZWE' LIMIT 1

2026/07/26 15:55:27 [32mD:/Develop/Project_pos_mahenz/BE/domain/supplier_purchase/repo/purchase_repo.go:318
[0m[33m[0.538ms] [34;1m[rows:1][0m SELECT COUNT(*) FROM purchases WHERE DATE(purchase_date) = '2026-07-26'

2026/07/26 15:55:27 [32mD:/Develop/Project_pos_mahenz/BE/domain/supplier_purchase/repo/purchase_repo.go:338
[0m[33m[0.553ms] [34;1m[rows:1][0m INSERT INTO purchases (purchase_code, invoice_number, supplier_id, purchase_date, discount_amount, total_amount, payment_status, paid_amount, remaining_amount, user_id, notes) VALUES ('PO-20260726-017', 'INV-EDIT-SWAP-EXP2', 1, '2026-07-26', 0, 2000, 'unpaid', 0, 2000, 2, '')

2026/07/26 15:55:27 [32mD:/Develop/Project_pos_mahenz/BE/domain/supplier_purchase/repo/purchase_repo.go:345
[0m[33m[0.000ms] [34;1m[rows:1][0m SELECT LAST_INSERT_ID()

2026/07/26 15:55:27 [32mD:/Develop/Project_pos_mahenz/BE/domain/supplier_purchase/repo/purchase_repo.go:366
[0m[33m[0.575ms] [34;1m[rows:1][0m INSERT INTO purchase_items (purchase_id, product_id, quantity, unit, conversion_qty, purchase_price, subtotal) VALUES (27, 13, 2, 'Pieces', 1, 1000, 2000)

2026/07/26 15:55:27 [32mD:/Develop/Project_pos_mahenz/BE/domain/supplier_purchase/repo/purchase_repo.go:375
[0m[33m[0.000ms] [34;1m[rows:1][0m SELECT LAST_INSERT_ID()

2026/07/26 15:55:27 [32mD:/Develop/Project_pos_mahenz/BE/domain/supplier_purchase/repo/purchase_repo.go:60
[0m[33m[0.635ms] [34;1m[rows:1][0m INSERT INTO product_expiry_batches (product_id, purchase_item_id, qty, expired_date) VALUES (13, 36, 2, '2026-06-01')

2026/07/26 15:55:27 [32mD:/Develop/Project_pos_mahenz/BE/domain/supplier_purchase/repo/purchase_repo.go:384
[0m[33m[0.000ms] [34;1m[rows:1][0m SELECT stock FROM products WHERE id = 13 LIMIT 1

2026/07/26 15:55:27 [32mD:/Develop/Project_pos_mahenz/BE/domain/supplier_purchase/repo/purchase_repo.go:388
[0m[33m[0.000ms] [34;1m[rows:1][0m UPDATE products SET stock = stock + 2, updated_at = NOW() WHERE id = 13

2026/07/26 15:55:27 [32mD:/Develop/Project_pos_mahenz/BE/domain/supplier_purchase/repo/purchase_repo.go:394
[0m[33m[1.321ms] [34;1m[rows:1][0m INSERT INTO stock_mutations (product_id, mutation_type, quantity, stock_before, stock_after, reference_type, reference_id, notes, user_id) VALUES (13, 'in', 2, 5, 7, 'purchase', 27, 'Purchase Order PO-20260726-017', 2)

2026/07/26 15:55:27 [32mD:/Develop/Project_pos_mahenz/BE/domain/supplier_purchase/repo/purchase_repo.go:174
[0m[33m[0.000ms] [34;1m[rows:-][0m SELECT p.id, p.purchase_code, p.invoice_number, p.supplier_id, COALESCE(s.name, '') as supplier_name, p.purchase_date, p.discount_amount, p.total_amount, p.payment_status, p.paid_amount, p.remaining_amount, p.status, COALESCE(u.full_name, '') as user_name, p.notes FROM purchases p LEFT JOIN users u ON p.user_id = u.id LEFT JOIN suppliers s ON p.supplier_id = s.id WHERE p.id = 27

2026/07/26 15:55:27 [32mD:/Develop/Project_pos_mahenz/BE/domain/supplier_purchase/repo/purchase_repo.go:216
[0m[33m[0.525ms] [34;1m[rows:-][0m SELECT pi.id, pi.product_id, COALESCE(p.name, '') as product_name, pi.quantity, pi.unit, COALESCE(pi.conversion_qty, 1) as conversion_qty, pi.purchase_price, pi.subtotal FROM purchase_items pi LEFT JOIN products p ON pi.product_id = p.id WHERE pi.purchase_id = 27

2026/07/26 15:55:27 [32mD:/Develop/Project_pos_mahenz/BE/domain/supplier_purchase/repo/purchase_repo.go:250
[0m[33m[1.579ms] [34;1m[rows:1][0m SELECT qty, expired_date FROM product_expiry_batches WHERE purchase_item_id = 36 ORDER BY expired_date ASC
[GIN] 2026/07/26 - 15:55:27 | 201 |      8.7834ms |             ::1 | POST     "/api/supplier-purchases/create"

2026/07/26 15:55:28 [32mD:/Develop/Project_pos_mahenz/BE/repository/log_request_repository.go:32
[0m[33m[2.552ms] [34;1m[rows:1][0m INSERT INTO log_requests (id, method, endpoint, status_code, request_body, response_body, user_id, duration_ms, ip_address, error_message, created_at) VALUES ('5a113d49-ad0b-4cb4-926b-b412ab54dd02', 'POST', '/api/supplier-purchases/create', 201, '{"invoice_number":"INV-EDIT-SWAP-EXP2","supplier_id":1,"purchase_date":"2026-07-26","discount_amount":0,"payment_status":"unpaid","items":[{"product_id":13,"quantity":2,"unit":"Pieces","conversion_qty":1,"purchase_price":1000,"expiry_batches":[{"qty":2,"expired_date":"2026-06-01"}]}]}', '{"code":"21","status":true,"message":"Purchase order berhasil dibuat","data":{"id":27,"purchase_code":"PO-20260726-017","invoice_number":"INV-EDIT-SWAP-EXP2","supplier_id":1,"supplier_name":"Supplier Test Fase14","purchase_date":"2026-07-26T00:00:00+07:00","discount_amount":0,"total_amount":2000,"payment_status":"unpaid","paid_amount":0,"remaining_amount":2000,"status":"active","user_name":"Administrator","notes":"","items":[{"id":36,"product_id":13,"product_name":"Produk Test StockSwap","quantity":2,"unit":"Pieces","conversion_qty":1,"purchase_price":1000,"subtotal":2000,"expiry_batches":[{"qty":2,"expired_date":"2026-06-01"}]}]}}', 2, 8, '::1', NULL, '2026-07-26 15:55:27.999')

2026/07/26 15:55:28 [32mD:/Develop/Project_pos_mahenz/BE/domain/auth/repo/auth_repo.go:46
[0m[33m[0.507ms] [34;1m[rows:1][0m SELECT id, user_id, user_role, token, device_info, expires_at FROM sessions WHERE token = 'eyJhbGciOiJIUzI1NiIsInR5cCI6IkpXVCJ9.eyJhcHBzIjoiIiwiZXhwIjoxNzg1MDg0OTI3LCJmdWxsX25hbWUiOiJBZG1pbmlzdHJhdG9yIiwicm9sZSI6ImFkbWluIiwidXNlcl9pZCI6MiwidXNlcm5hbWUiOiJhZG1pbiJ9.8DNLjTxcpSeDs2ChAGy8hHC_9XJGD503Y4LzRIf1ZWE' LIMIT 1

2026/07/26 15:55:28 [32mD:/Develop/Project_pos_mahenz/BE/domain/expiry_batch/repo/expiry_batch_repo.go:72
[0m[33m[0.510ms] [34;1m[rows:1][0m 
		SELECT eb.id, eb.product_id, COALESCE(p.name, '') as product_name, eb.purchase_item_id,
		       eb.qty, eb.expired_date, eb.status, eb.resolved_by, eb.resolved_at, eb.notes, eb.created_at
		FROM product_expiry_batches eb
		LEFT JOIN products p ON eb.product_id = p.id
		WHERE eb.status = 'active' AND eb.expired_date <= DATE_ADD(CURDATE(), INTERVAL 7 DAY)
	 ORDER BY eb.expired_date ASC
[GIN] 2026/07/26 - 15:55:28 | 200 |      1.6434ms |             ::1 | POST     "/api/expiry-batches/warnings"

2026/07/26 15:55:28 [32mD:/Develop/Project_pos_mahenz/BE/repository/log_request_repository.go:32
[0m[33m[2.526ms] [34;1m[rows:1][0m INSERT INTO log_requests (id, method, endpoint, status_code, request_body, response_body, user_id, duration_ms, ip_address, error_message, created_at) VALUES ('a4cf6d77-a8de-4ee1-a0ec-68b3183f59ef', 'POST', '/api/expiry-batches/warnings', 200, '{}', '{"code":"00","status":true,"message":"Daftar warning expired","data":{"product_severity":[{"product_id":13,"severity":"expired","warning_count":1}],"warnings":[{"id":10,"product_id":13,"product_name":"Produk Test StockSwap","qty":2,"expired_date":"2026-06-01","severity":"expired","days_left":-55}]}}', 2, 1, '::1', NULL, '2026-07-26 15:55:28.094')

2026/07/26 15:55:57 [32mD:/Develop/Project_pos_mahenz/BE/domain/auth/repo/auth_repo.go:17
[0m[33m[0.508ms] [34;1m[rows:1][0m SELECT u.id, u.username, u.password, u.full_name, u.role_id, r.name AS role_name, u.is_active FROM users u INNER JOIN roles r ON r.id = u.role_id WHERE u.username = 'admin' LIMIT 1

2026/07/26 15:55:57 [32mD:/Develop/Project_pos_mahenz/BE/domain/auth/repo/auth_repo.go:67
[0m[33m[0.000ms] [34;1m[rows:1][0m DELETE FROM sessions WHERE user_id = 2

2026/07/26 15:55:57 [32mD:/Develop/Project_pos_mahenz/BE/domain/auth/repo/auth_repo.go:38
[0m[33m[6.308ms] [34;1m[rows:1][0m INSERT INTO sessions (user_id, user_role, token, refresh_token, device_info, ip_address, expires_at) VALUES (2, 'admin', 'eyJhbGciOiJIUzI1NiIsInR5cCI6IkpXVCJ9.eyJhcHBzIjoiIiwiZXhwIjoxNzg1MDg0OTU3LCJmdWxsX25hbWUiOiJBZG1pbmlzdHJhdG9yIiwicm9sZSI6ImFkbWluIiwidXNlcl9pZCI6MiwidXNlcm5hbWUiOiJhZG1pbiJ9.rD6m3DM5WZ0KQE6Dz2AsvPR1mLNhi87R2f55H6bkAeE', 'c65edc3078e09d539fd92f3cdbb7beef60f7af2aafe7a82166c763a7b4160138', '', '::1', '2026-08-02 15:55:57.486') ON DUPLICATE KEY UPDATE user_role=VALUES(user_role), token=VALUES(token), refresh_token=VALUES(refresh_token), device_info=VALUES(device_info), ip_address=VALUES(ip_address), expires_at=VALUES(expires_at), created_at=NOW()
[GIN] 2026/07/26 - 15:55:57 | 200 |    141.4112ms |             ::1 | POST     "/api/auth/login"

2026/07/26 15:55:57 [32mD:/Develop/Project_pos_mahenz/BE/repository/log_request_repository.go:32
[0m[33m[3.810ms] [34;1m[rows:1][0m INSERT INTO log_requests (id, method, endpoint, status_code, request_body, response_body, user_id, duration_ms, ip_address, error_message, created_at) VALUES ('51d3d818-9b33-452c-a75a-9c3bfff26f05', 'POST', '/api/auth/login', 200, '{"username":"admin","password":"admin123"}', '{"code":"00","status":true,"message":"Login berhasil","data":{"token":"eyJhbGciOiJIUzI1NiIsInR5cCI6IkpXVCJ9.eyJhcHBzIjoiIiwiZXhwIjoxNzg1MDg0OTU3LCJmdWxsX25hbWUiOiJBZG1pbmlzdHJhdG9yIiwicm9sZSI6ImFkbWluIiwidXNlcl9pZCI6MiwidXNlcm5hbWUiOiJhZG1pbiJ9.rD6m3DM5WZ0KQE6Dz2AsvPR1mLNhi87R2f55H6bkAeE","refresh_token":"c65edc3078e09d539fd92f3cdbb7beef60f7af2aafe7a82166c763a7b4160138","expires_at":"2026-08-02T15:55:57.486787+07:00","user":{"id":2,"username":"admin","full_name":"Administrator","role_id":2,"role_name":"admin"}}}', NULL, 141, '::1', NULL, '2026-07-26 15:55:57.493')

2026/07/26 15:55:57 [32mD:/Develop/Project_pos_mahenz/BE/domain/auth/repo/auth_repo.go:46
[0m[33m[0.506ms] [34;1m[rows:1][0m SELECT id, user_id, user_role, token, device_info, expires_at FROM sessions WHERE token = 'eyJhbGciOiJIUzI1NiIsInR5cCI6IkpXVCJ9.eyJhcHBzIjoiIiwiZXhwIjoxNzg1MDg0OTU3LCJmdWxsX25hbWUiOiJBZG1pbmlzdHJhdG9yIiwicm9sZSI6ImFkbWluIiwidXNlcl9pZCI6MiwidXNlcm5hbWUiOiJhZG1pbiJ9.rD6m3DM5WZ0KQE6Dz2AsvPR1mLNhi87R2f55H6bkAeE' LIMIT 1

2026/07/26 15:55:57 [32mD:/Develop/Project_pos_mahenz/BE/domain/expiry_batch/repo/expiry_batch_repo.go:88
[0m[33m[0.000ms] [34;1m[rows:1][0m 
		SELECT eb.id, eb.product_id, COALESCE(p.name, '') as product_name, eb.purchase_item_id,
		       eb.qty, eb.expired_date, eb.status, eb.resolved_by, eb.resolved_at, eb.notes, eb.created_at
		FROM product_expiry_batches eb
		LEFT JOIN products p ON eb.product_id = p.id
		WHERE eb.id = 10
	

2026/07/26 15:55:57 [32mD:/Develop/Project_pos_mahenz/BE/domain/expiry_batch/repo/expiry_batch_repo.go:137
[0m[33m[0.000ms] [34;1m[rows:1][0m 
		SELECT eb.id, eb.product_id, COALESCE(p.name, '') as product_name, eb.purchase_item_id,
		       eb.qty, eb.expired_date, eb.status, eb.resolved_by, eb.resolved_at, eb.notes, eb.created_at
		FROM product_expiry_batches eb
		LEFT JOIN products p ON eb.product_id = p.id
		WHERE eb.id = 10
	 FOR UPDATE

2026/07/26 15:55:57 [32mD:/Develop/Project_pos_mahenz/BE/domain/expiry_batch/repo/expiry_batch_repo.go:111
[0m[33m[0.000ms] [34;1m[rows:1][0m SELECT stock FROM products WHERE id = 13 FOR UPDATE

2026/07/26 15:55:57 [32mD:/Develop/Project_pos_mahenz/BE/domain/expiry_batch/repo/expiry_batch_repo.go:115
[0m[33m[0.524ms] [34;1m[rows:1][0m UPDATE products SET stock = GREATEST(stock - 2, 0), updated_at = NOW() WHERE id = 13

2026/07/26 15:55:57 [32mD:/Develop/Project_pos_mahenz/BE/domain/expiry_batch/repo/expiry_batch_repo.go:124
[0m[33m[0.521ms] [34;1m[rows:1][0m INSERT INTO stock_mutations (product_id, mutation_type, quantity, stock_before, stock_after, reference_type, reference_id, notes, user_id) VALUES (13, 'expired', 2, 7, 5, 'expiry_batch', 10, 'Write-off batch expired 2026-06-01', 2)

2026/07/26 15:55:57 [32mD:/Develop/Project_pos_mahenz/BE/domain/expiry_batch/repo/expiry_batch_repo.go:131
[0m[33m[0.000ms] [34;1m[rows:1][0m 
		UPDATE product_expiry_batches
		SET status = 'written_off', resolved_by = 2, resolved_at = '2026-07-26 15:55:57.621', notes = 'test', updated_at = NOW()
		WHERE id = 10
	
[GIN] 2026/07/26 - 15:55:57 | 200 |      6.4488ms |             ::1 | POST     "/api/expiry-batches/write-off/10"

2026/07/26 15:55:57 [32mD:/Develop/Project_pos_mahenz/BE/repository/log_request_repository.go:32
[0m[33m[2.198ms] [34;1m[rows:1][0m INSERT INTO log_requests (id, method, endpoint, status_code, request_body, response_body, user_id, duration_ms, ip_address, error_message, created_at) VALUES ('fd601704-9620-4e15-8f26-58e31940d55b', 'POST', '/api/expiry-batches/write-off/10', 200, '{"notes":"test"}', '{"code":"00","status":true,"message":"Stok expired berhasil dimusnahkan","data":null}', 2, 6, '::1', NULL, '2026-07-26 15:55:57.625')

2026/07/26 15:55:57 [32mD:/Develop/Project_pos_mahenz/BE/domain/auth/repo/auth_repo.go:46
[0m[33m[0.724ms] [34;1m[rows:1][0m SELECT id, user_id, user_role, token, device_info, expires_at FROM sessions WHERE token = 'eyJhbGciOiJIUzI1NiIsInR5cCI6IkpXVCJ9.eyJhcHBzIjoiIiwiZXhwIjoxNzg1MDg0OTU3LCJmdWxsX25hbWUiOiJBZG1pbmlzdHJhdG9yIiwicm9sZSI6ImFkbWluIiwidXNlcl9pZCI6MiwidXNlcm5hbWUiOiJhZG1pbiJ9.rD6m3DM5WZ0KQE6Dz2AsvPR1mLNhi87R2f55H6bkAeE' LIMIT 1

2026/07/26 15:55:57 [32mD:/Develop/Project_pos_mahenz/BE/domain/product/repo/product_repo.go:136
[0m[33m[0.609ms] [34;1m[rows:1][0m 
		SELECT p.id, p.barcode, COALESCE(p.sku, '') as sku, p.name, p.category_id, COALESCE(c.name, '') as category_name,
		       p.purchase_price, p.selling_price, p.stock, p.reserved_qty, p.min_stock,
		       COALESCE(p.unit_id, 0) as unit_id, COALESCE(u.name, '') as unit_name, COALESCE(u.abbreviation, '') as unit_abbreviation,
		       p.is_active, p.created_at, p.updated_at,
		       (SELECT COUNT(*) FROM product_packages pp WHERE pp.product_id = p.id AND pp.is_default = 0) AS extra_packages,
		       (SELECT COUNT(*) FROM product_prices pr WHERE pr.product_id = p.id) AS price_tiers_count
		FROM products p
		LEFT JOIN categories c ON p.category_id = c.id
		LEFT JOIN units u ON u.id = p.unit_id
		WHERE p.id = 13 LIMIT 1
[GIN] 2026/07/26 - 15:55:57 | 200 |      2.3414ms |             ::1 | POST     "/api/products/detail/13"

2026/07/26 15:55:57 [32mD:/Develop/Project_pos_mahenz/BE/repository/log_request_repository.go:32
[0m[33m[2.446ms] [34;1m[rows:1][0m INSERT INTO log_requests (id, method, endpoint, status_code, request_body, response_body, user_id, duration_ms, ip_address, error_message, created_at) VALUES ('3d15112b-fa72-411b-9e86-eb85fe681fc1', 'POST', '/api/products/detail/13', 200, '', '{"code":"00","status":true,"message":"Detail produk","data":{"id":13,"barcode":"9990001112223","sku":"TESTSWAP-001","name":"Produk Test StockSwap","category_id":1,"category_name":"Sembako Test","purchase_price":1000,"selling_price":2000,"stock":5,"reserved_qty":0,"min_stock":1,"unit_id":1,"unit_name":"Pieces","unit_abbreviation":"Pcs","is_active":true,"extra_packages":0,"price_tiers_count":0}}', 2, 2, '::1', NULL, '2026-07-26 15:55:57.727')

2026/07/26 15:56:30 [32mD:/Develop/Project_pos_mahenz/BE/domain/auth/repo/auth_repo.go:17
[0m[33m[1.984ms] [34;1m[rows:1][0m SELECT u.id, u.username, u.password, u.full_name, u.role_id, r.name AS role_name, u.is_active FROM users u INNER JOIN roles r ON r.id = u.role_id WHERE u.username = 'admin' LIMIT 1

2026/07/26 15:56:31 [32mD:/Develop/Project_pos_mahenz/BE/domain/auth/repo/auth_repo.go:67
[0m[33m[3.812ms] [34;1m[rows:1][0m DELETE FROM sessions WHERE user_id = 2

2026/07/26 15:56:31 [32mD:/Develop/Project_pos_mahenz/BE/domain/auth/repo/auth_repo.go:38
[0m[33m[3.217ms] [34;1m[rows:1][0m INSERT INTO sessions (user_id, user_role, token, refresh_token, device_info, ip_address, expires_at) VALUES (2, 'admin', 'eyJhbGciOiJIUzI1NiIsInR5cCI6IkpXVCJ9.eyJhcHBzIjoiIiwiZXhwIjoxNzg1MDg0OTkxLCJmdWxsX25hbWUiOiJBZG1pbmlzdHJhdG9yIiwicm9sZSI6ImFkbWluIiwidXNlcl9pZCI6MiwidXNlcm5hbWUiOiJhZG1pbiJ9.6DHHz_omb3JMTNEExH5GdKzUEKS_1h1zznKj0xGzBYo', '3949ae65648408ad11ef87c667423c464cc0233fe3ab022c8fb41820ac283347', '', '::1', '2026-08-02 15:56:31.019') ON DUPLICATE KEY UPDATE user_role=VALUES(user_role), token=VALUES(token), refresh_token=VALUES(refresh_token), device_info=VALUES(device_info), ip_address=VALUES(ip_address), expires_at=VALUES(expires_at), created_at=NOW()
[GIN] 2026/07/26 - 15:56:31 | 200 |    223.3655ms |             ::1 | POST     "/api/auth/login"

2026/07/26 15:56:31 [32mD:/Develop/Project_pos_mahenz/BE/repository/log_request_repository.go:32
[0m[33m[2.587ms] [34;1m[rows:1][0m INSERT INTO log_requests (id, method, endpoint, status_code, request_body, response_body, user_id, duration_ms, ip_address, error_message, created_at) VALUES ('1c286670-7f8d-465a-bac0-ccc0152ae285', 'POST', '/api/auth/login', 200, '{"username":"admin","password":"admin123"}', '{"code":"00","status":true,"message":"Login berhasil","data":{"token":"eyJhbGciOiJIUzI1NiIsInR5cCI6IkpXVCJ9.eyJhcHBzIjoiIiwiZXhwIjoxNzg1MDg0OTkxLCJmdWxsX25hbWUiOiJBZG1pbmlzdHJhdG9yIiwicm9sZSI6ImFkbWluIiwidXNlcl9pZCI6MiwidXNlcm5hbWUiOiJhZG1pbiJ9.6DHHz_omb3JMTNEExH5GdKzUEKS_1h1zznKj0xGzBYo","refresh_token":"3949ae65648408ad11ef87c667423c464cc0233fe3ab022c8fb41820ac283347","expires_at":"2026-08-02T15:56:31.0190323+07:00","user":{"id":2,"username":"admin","full_name":"Administrator","role_id":2,"role_name":"admin"}}}', NULL, 223, '::1', NULL, '2026-07-26 15:56:31.026')

2026/07/26 15:56:31 [32mD:/Develop/Project_pos_mahenz/BE/domain/auth/repo/auth_repo.go:46
[0m[33m[1.160ms] [34;1m[rows:1][0m SELECT id, user_id, user_role, token, device_info, expires_at FROM sessions WHERE token = 'eyJhbGciOiJIUzI1NiIsInR5cCI6IkpXVCJ9.eyJhcHBzIjoiIiwiZXhwIjoxNzg1MDg0OTkxLCJmdWxsX25hbWUiOiJBZG1pbmlzdHJhdG9yIiwicm9sZSI6ImFkbWluIiwidXNlcl9pZCI6MiwidXNlcm5hbWUiOiJhZG1pbiJ9.6DHHz_omb3JMTNEExH5GdKzUEKS_1h1zznKj0xGzBYo' LIMIT 1

2026/07/26 15:56:31 [32mD:/Develop/Project_pos_mahenz/BE/domain/supplier_purchase/repo/purchase_repo.go:318
[0m[33m[2.158ms] [34;1m[rows:1][0m SELECT COUNT(*) FROM purchases WHERE DATE(purchase_date) = '2026-07-26'

2026/07/26 15:56:31 [32mD:/Develop/Project_pos_mahenz/BE/domain/supplier_purchase/repo/purchase_repo.go:338
[0m[33m[1.512ms] [34;1m[rows:1][0m INSERT INTO purchases (purchase_code, invoice_number, supplier_id, purchase_date, discount_amount, total_amount, payment_status, paid_amount, remaining_amount, user_id, notes) VALUES ('PO-20260726-018', 'INV-EDIT-SWAP-EXP3', 1, '2026-07-26', 0, 2000, 'unpaid', 0, 2000, 2, '')

2026/07/26 15:56:31 [32mD:/Develop/Project_pos_mahenz/BE/domain/supplier_purchase/repo/purchase_repo.go:345
[0m[33m[0.000ms] [34;1m[rows:1][0m SELECT LAST_INSERT_ID()

2026/07/26 15:56:31 [32mD:/Develop/Project_pos_mahenz/BE/domain/supplier_purchase/repo/purchase_repo.go:366
[0m[33m[1.000ms] [34;1m[rows:1][0m INSERT INTO purchase_items (purchase_id, product_id, quantity, unit, conversion_qty, purchase_price, subtotal) VALUES (28, 13, 2, 'Pieces', 1, 1000, 2000)

2026/07/26 15:56:31 [32mD:/Develop/Project_pos_mahenz/BE/domain/supplier_purchase/repo/purchase_repo.go:375
[0m[33m[0.638ms] [34;1m[rows:1][0m SELECT LAST_INSERT_ID()

2026/07/26 15:56:31 [32mD:/Develop/Project_pos_mahenz/BE/domain/supplier_purchase/repo/purchase_repo.go:60
[0m[33m[0.507ms] [34;1m[rows:1][0m INSERT INTO product_expiry_batches (product_id, purchase_item_id, qty, expired_date) VALUES (13, 37, 2, '2026-06-01')

2026/07/26 15:56:31 [32mD:/Develop/Project_pos_mahenz/BE/domain/supplier_purchase/repo/purchase_repo.go:384
[0m[33m[0.000ms] [34;1m[rows:1][0m SELECT stock FROM products WHERE id = 13 LIMIT 1

2026/07/26 15:56:31 [32mD:/Develop/Project_pos_mahenz/BE/domain/supplier_purchase/repo/purchase_repo.go:388
[0m[33m[0.000ms] [34;1m[rows:1][0m UPDATE products SET stock = stock + 2, updated_at = NOW() WHERE id = 13

2026/07/26 15:56:31 [32mD:/Develop/Project_pos_mahenz/BE/domain/supplier_purchase/repo/purchase_repo.go:394
[0m[33m[0.000ms] [34;1m[rows:1][0m INSERT INTO stock_mutations (product_id, mutation_type, quantity, stock_before, stock_after, reference_type, reference_id, notes, user_id) VALUES (13, 'in', 2, 5, 7, 'purchase', 28, 'Purchase Order PO-20260726-018', 2)

2026/07/26 15:56:31 [32mD:/Develop/Project_pos_mahenz/BE/domain/supplier_purchase/repo/purchase_repo.go:174
[0m[33m[1.167ms] [34;1m[rows:-][0m SELECT p.id, p.purchase_code, p.invoice_number, p.supplier_id, COALESCE(s.name, '') as supplier_name, p.purchase_date, p.discount_amount, p.total_amount, p.payment_status, p.paid_amount, p.remaining_amount, p.status, COALESCE(u.full_name, '') as user_name, p.notes FROM purchases p LEFT JOIN users u ON p.user_id = u.id LEFT JOIN suppliers s ON p.supplier_id = s.id WHERE p.id = 28

2026/07/26 15:56:31 [32mD:/Develop/Project_pos_mahenz/BE/domain/supplier_purchase/repo/purchase_repo.go:216
[0m[33m[1.393ms] [34;1m[rows:-][0m SELECT pi.id, pi.product_id, COALESCE(p.name, '') as product_name, pi.quantity, pi.unit, COALESCE(pi.conversion_qty, 1) as conversion_qty, pi.purchase_price, pi.subtotal FROM purchase_items pi LEFT JOIN products p ON pi.product_id = p.id WHERE pi.purchase_id = 28

2026/07/26 15:56:31 [32mD:/Develop/Project_pos_mahenz/BE/domain/supplier_purchase/repo/purchase_repo.go:250
[0m[33m[0.506ms] [34;1m[rows:1][0m SELECT qty, expired_date FROM product_expiry_batches WHERE purchase_item_id = 37 ORDER BY expired_date ASC
[GIN] 2026/07/26 - 15:56:31 | 201 |     15.2494ms |             ::1 | POST     "/api/supplier-purchases/create"

2026/07/26 15:56:31 [32mD:/Develop/Project_pos_mahenz/BE/repository/log_request_repository.go:32
[0m[33m[1.770ms] [34;1m[rows:1][0m INSERT INTO log_requests (id, method, endpoint, status_code, request_body, response_body, user_id, duration_ms, ip_address, error_message, created_at) VALUES ('dcf1aa04-c332-4331-9c53-3c6b616a8a02', 'POST', '/api/supplier-purchases/create', 201, '{"invoice_number":"INV-EDIT-SWAP-EXP3","supplier_id":1,"purchase_date":"2026-07-26","discount_amount":0,"payment_status":"unpaid","items":[{"product_id":13,"quantity":2,"unit":"Pieces","conversion_qty":1,"purchase_price":1000,"expiry_batches":[{"qty":2,"expired_date":"2026-06-01"}]}]}', '{"code":"21","status":true,"message":"Purchase order berhasil dibuat","data":{"id":28,"purchase_code":"PO-20260726-018","invoice_number":"INV-EDIT-SWAP-EXP3","supplier_id":1,"supplier_name":"Supplier Test Fase14","purchase_date":"2026-07-26T00:00:00+07:00","discount_amount":0,"total_amount":2000,"payment_status":"unpaid","paid_amount":0,"remaining_amount":2000,"status":"active","user_name":"Administrator","notes":"","items":[{"id":37,"product_id":13,"product_name":"Produk Test StockSwap","quantity":2,"unit":"Pieces","conversion_qty":1,"purchase_price":1000,"subtotal":2000,"expiry_batches":[{"qty":2,"expired_date":"2026-06-01"}]}]}}', 2, 15, '::1', NULL, '2026-07-26 15:56:31.148')

2026/07/26 15:56:31 [32mD:/Develop/Project_pos_mahenz/BE/domain/auth/repo/auth_repo.go:46
[0m[33m[1.145ms] [34;1m[rows:1][0m SELECT id, user_id, user_role, token, device_info, expires_at FROM sessions WHERE token = 'eyJhbGciOiJIUzI1NiIsInR5cCI6IkpXVCJ9.eyJhcHBzIjoiIiwiZXhwIjoxNzg1MDg0OTkxLCJmdWxsX25hbWUiOiJBZG1pbmlzdHJhdG9yIiwicm9sZSI6ImFkbWluIiwidXNlcl9pZCI6MiwidXNlcm5hbWUiOiJhZG1pbiJ9.6DHHz_omb3JMTNEExH5GdKzUEKS_1h1zznKj0xGzBYo' LIMIT 1

2026/07/26 15:56:31 [32mD:/Develop/Project_pos_mahenz/BE/domain/expiry_batch/repo/expiry_batch_repo.go:72
[0m[33m[0.589ms] [34;1m[rows:1][0m 
		SELECT eb.id, eb.product_id, COALESCE(p.name, '') as product_name, eb.purchase_item_id,
		       eb.qty, eb.expired_date, eb.status, eb.resolved_by, eb.resolved_at, eb.notes, eb.created_at
		FROM product_expiry_batches eb
		LEFT JOIN products p ON eb.product_id = p.id
		WHERE eb.status = 'active' AND eb.expired_date <= DATE_ADD(CURDATE(), INTERVAL 7 DAY)
	 ORDER BY eb.expired_date ASC
[GIN] 2026/07/26 - 15:56:31 | 200 |       3.472ms |             ::1 | POST     "/api/expiry-batches/warnings"

2026/07/26 15:56:31 [32mD:/Develop/Project_pos_mahenz/BE/repository/log_request_repository.go:32
[0m[33m[1.895ms] [34;1m[rows:1][0m INSERT INTO log_requests (id, method, endpoint, status_code, request_body, response_body, user_id, duration_ms, ip_address, error_message, created_at) VALUES ('29334d44-ec64-410d-bbf4-9cf14d6d2b07', 'POST', '/api/expiry-batches/warnings', 200, '{}', '{"code":"00","status":true,"message":"Daftar warning expired","data":{"product_severity":[{"product_id":13,"severity":"expired","warning_count":1}],"warnings":[{"id":11,"product_id":13,"product_name":"Produk Test StockSwap","qty":2,"expired_date":"2026-06-01","severity":"expired","days_left":-55}]}}', 2, 3, '::1', NULL, '2026-07-26 15:56:31.286')

2026/07/26 15:58:16 [32mD:/Develop/Project_pos_mahenz/BE/domain/auth/repo/auth_repo.go:17
[0m[33m[2.486ms] [34;1m[rows:1][0m SELECT u.id, u.username, u.password, u.full_name, u.role_id, r.name AS role_name, u.is_active FROM users u INNER JOIN roles r ON r.id = u.role_id WHERE u.username = 'admin' LIMIT 1

2026/07/26 15:58:16 [32mD:/Develop/Project_pos_mahenz/BE/domain/auth/repo/auth_repo.go:67
[0m[33m[4.905ms] [34;1m[rows:1][0m DELETE FROM sessions WHERE user_id = 2

2026/07/26 15:58:16 [32mD:/Develop/Project_pos_mahenz/BE/domain/auth/repo/auth_repo.go:38
[0m[33m[3.064ms] [34;1m[rows:1][0m INSERT INTO sessions (user_id, user_role, token, refresh_token, device_info, ip_address, expires_at) VALUES (2, 'admin', 'eyJhbGciOiJIUzI1NiIsInR5cCI6IkpXVCJ9.eyJhcHBzIjoiIiwiZXhwIjoxNzg1MDg1MDk2LCJmdWxsX25hbWUiOiJBZG1pbmlzdHJhdG9yIiwicm9sZSI6ImFkbWluIiwidXNlcl9pZCI6MiwidXNlcm5hbWUiOiJhZG1pbiJ9.uGOuWGUmCgPeksqysmUK6VlOz9M15aZklxOxogMTHbQ', 'dfad7ce2c54544db99b91a21535d83ee57ccc6a10c73225a442df9386343a126', '', '::1', '2026-08-02 15:58:16.669') ON DUPLICATE KEY UPDATE user_role=VALUES(user_role), token=VALUES(token), refresh_token=VALUES(refresh_token), device_info=VALUES(device_info), ip_address=VALUES(ip_address), expires_at=VALUES(expires_at), created_at=NOW()
[GIN] 2026/07/26 - 15:58:16 | 200 |     90.2704ms |             ::1 | POST     "/api/auth/login"

2026/07/26 15:58:16 [32mD:/Develop/Project_pos_mahenz/BE/repository/log_request_repository.go:32
[0m[33m[2.112ms] [34;1m[rows:1][0m INSERT INTO log_requests (id, method, endpoint, status_code, request_body, response_body, user_id, duration_ms, ip_address, error_message, created_at) VALUES ('ea826e38-598f-44a5-a837-a7e7ce476e6b', 'POST', '/api/auth/login', 200, '{"username":"admin","password":"admin123"}', '{"code":"00","status":true,"message":"Login berhasil","data":{"token":"eyJhbGciOiJIUzI1NiIsInR5cCI6IkpXVCJ9.eyJhcHBzIjoiIiwiZXhwIjoxNzg1MDg1MDk2LCJmdWxsX25hbWUiOiJBZG1pbmlzdHJhdG9yIiwicm9sZSI6ImFkbWluIiwidXNlcl9pZCI6MiwidXNlcm5hbWUiOiJhZG1pbiJ9.uGOuWGUmCgPeksqysmUK6VlOz9M15aZklxOxogMTHbQ","refresh_token":"dfad7ce2c54544db99b91a21535d83ee57ccc6a10c73225a442df9386343a126","expires_at":"2026-08-02T15:58:16.6691653+07:00","user":{"id":2,"username":"admin","full_name":"Administrator","role_id":2,"role_name":"admin"}}}', NULL, 90, '::1', NULL, '2026-07-26 15:58:16.677')

2026/07/26 15:58:16 [32mD:/Develop/Project_pos_mahenz/BE/domain/auth/repo/auth_repo.go:46
[0m[33m[0.505ms] [34;1m[rows:1][0m SELECT id, user_id, user_role, token, device_info, expires_at FROM sessions WHERE token = 'eyJhbGciOiJIUzI1NiIsInR5cCI6IkpXVCJ9.eyJhcHBzIjoiIiwiZXhwIjoxNzg1MDg1MDk2LCJmdWxsX25hbWUiOiJBZG1pbmlzdHJhdG9yIiwicm9sZSI6ImFkbWluIiwidXNlcl9pZCI6MiwidXNlcm5hbWUiOiJhZG1pbiJ9.uGOuWGUmCgPeksqysmUK6VlOz9M15aZklxOxogMTHbQ' LIMIT 1

2026/07/26 15:58:16 [32mD:/Develop/Project_pos_mahenz/BE/domain/expiry_batch/repo/expiry_batch_repo.go:88
[0m[33m[0.515ms] [34;1m[rows:1][0m 
		SELECT eb.id, eb.product_id, COALESCE(p.name, '') as product_name, eb.purchase_item_id,
		       eb.qty, eb.expired_date, eb.status, eb.resolved_by, eb.resolved_at, eb.notes, eb.created_at
		FROM product_expiry_batches eb
		LEFT JOIN products p ON eb.product_id = p.id
		WHERE eb.id = 11
	

2026/07/26 15:58:16 [32mD:/Develop/Project_pos_mahenz/BE/domain/expiry_batch/repo/expiry_batch_repo.go:137
[0m[33m[0.615ms] [34;1m[rows:1][0m 
		SELECT eb.id, eb.product_id, COALESCE(p.name, '') as product_name, eb.purchase_item_id,
		       eb.qty, eb.expired_date, eb.status, eb.resolved_by, eb.resolved_at, eb.notes, eb.created_at
		FROM product_expiry_batches eb
		LEFT JOIN products p ON eb.product_id = p.id
		WHERE eb.id = 11
	 FOR UPDATE

2026/07/26 15:58:16 [32mD:/Develop/Project_pos_mahenz/BE/domain/expiry_batch/repo/expiry_batch_repo.go:111
[0m[33m[0.000ms] [34;1m[rows:1][0m SELECT stock FROM products WHERE id = 13 FOR UPDATE

2026/07/26 15:58:16 [32mD:/Develop/Project_pos_mahenz/BE/domain/expiry_batch/repo/expiry_batch_repo.go:115
[0m[33m[0.626ms] [34;1m[rows:1][0m UPDATE products SET stock = GREATEST(stock - 2, 0), updated_at = NOW() WHERE id = 13

2026/07/26 15:58:16 [32mD:/Develop/Project_pos_mahenz/BE/domain/expiry_batch/repo/expiry_batch_repo.go:124
[0m[33m[0.643ms] [34;1m[rows:1][0m INSERT INTO stock_mutations (product_id, mutation_type, quantity, stock_before, stock_after, reference_type, reference_id, notes, user_id) VALUES (13, 'expired', 2, 7, 5, 'expiry_batch', 11, 'Write-off batch expired 2026-06-01', 2)

2026/07/26 15:58:16 [32mD:/Develop/Project_pos_mahenz/BE/domain/expiry_batch/repo/expiry_batch_repo.go:131
[0m[33m[0.611ms] [34;1m[rows:1][0m 
		UPDATE product_expiry_batches
		SET status = 'written_off', resolved_by = 2, resolved_at = '2026-07-26 15:58:16.805', notes = 'test', updated_at = NOW()
		WHERE id = 11
	
[GIN] 2026/07/26 - 15:58:16 | 200 |      6.4289ms |             ::1 | POST     "/api/expiry-batches/write-off/11"

2026/07/26 15:58:16 [32mD:/Develop/Project_pos_mahenz/BE/repository/log_request_repository.go:32
[0m[33m[2.742ms] [34;1m[rows:1][0m INSERT INTO log_requests (id, method, endpoint, status_code, request_body, response_body, user_id, duration_ms, ip_address, error_message, created_at) VALUES ('efb5e3ce-9268-4c7f-a691-e54319d23feb', 'POST', '/api/expiry-batches/write-off/11', 200, '{"notes":"test"}', '{"code":"00","status":true,"message":"Stok expired berhasil dimusnahkan","data":null}', 2, 6, '::1', NULL, '2026-07-26 15:58:16.808')

2026/07/26 15:58:16 [32mD:/Develop/Project_pos_mahenz/BE/domain/auth/repo/auth_repo.go:46
[0m[33m[0.505ms] [34;1m[rows:1][0m SELECT id, user_id, user_role, token, device_info, expires_at FROM sessions WHERE token = 'eyJhbGciOiJIUzI1NiIsInR5cCI6IkpXVCJ9.eyJhcHBzIjoiIiwiZXhwIjoxNzg1MDg1MDk2LCJmdWxsX25hbWUiOiJBZG1pbmlzdHJhdG9yIiwicm9sZSI6ImFkbWluIiwidXNlcl9pZCI6MiwidXNlcm5hbWUiOiJhZG1pbiJ9.uGOuWGUmCgPeksqysmUK6VlOz9M15aZklxOxogMTHbQ' LIMIT 1

2026/07/26 15:58:16 [32mD:/Develop/Project_pos_mahenz/BE/domain/product/repo/product_repo.go:136
[0m[33m[1.538ms] [34;1m[rows:1][0m 
		SELECT p.id, p.barcode, COALESCE(p.sku, '') as sku, p.name, p.category_id, COALESCE(c.name, '') as category_name,
		       p.purchase_price, p.selling_price, p.stock, p.reserved_qty, p.min_stock,
		       COALESCE(p.unit_id, 0) as unit_id, COALESCE(u.name, '') as unit_name, COALESCE(u.abbreviation, '') as unit_abbreviation,
		       p.is_active, p.created_at, p.updated_at,
		       (SELECT COUNT(*) FROM product_packages pp WHERE pp.product_id = p.id AND pp.is_default = 0) AS extra_packages,
		       (SELECT COUNT(*) FROM product_prices pr WHERE pr.product_id = p.id) AS price_tiers_count
		FROM products p
		LEFT JOIN categories c ON p.category_id = c.id
		LEFT JOIN units u ON u.id = p.unit_id
		WHERE p.id = 13 LIMIT 1
[GIN] 2026/07/26 - 15:58:16 | 200 |       2.043ms |             ::1 | POST     "/api/products/detail/13"

2026/07/26 15:58:16 [32mD:/Develop/Project_pos_mahenz/BE/repository/log_request_repository.go:32
[0m[33m[3.396ms] [34;1m[rows:1][0m INSERT INTO log_requests (id, method, endpoint, status_code, request_body, response_body, user_id, duration_ms, ip_address, error_message, created_at) VALUES ('7f169687-f1b2-417b-b0dd-899dd6a25a95', 'POST', '/api/products/detail/13', 200, '', '{"code":"00","status":true,"message":"Detail produk","data":{"id":13,"barcode":"9990001112223","sku":"TESTSWAP-001","name":"Produk Test StockSwap","category_id":1,"category_name":"Sembako Test","purchase_price":1000,"selling_price":2000,"stock":5,"reserved_qty":0,"min_stock":1,"unit_id":1,"unit_name":"Pieces","unit_abbreviation":"Pcs","is_active":true,"extra_packages":0,"price_tiers_count":0}}', 2, 2, '::1', NULL, '2026-07-26 15:58:16.907')

2026/07/26 15:59:22 [32mD:/Develop/Project_pos_mahenz/BE/domain/auth/repo/auth_repo.go:17
[0m[33m[1.205ms] [34;1m[rows:1][0m SELECT u.id, u.username, u.password, u.full_name, u.role_id, r.name AS role_name, u.is_active FROM users u INNER JOIN roles r ON r.id = u.role_id WHERE u.username = 'admin' LIMIT 1

2026/07/26 15:59:22 [32mD:/Develop/Project_pos_mahenz/BE/domain/auth/repo/auth_repo.go:67
[0m[33m[2.895ms] [34;1m[rows:1][0m DELETE FROM sessions WHERE user_id = 2

2026/07/26 15:59:22 [32mD:/Develop/Project_pos_mahenz/BE/domain/auth/repo/auth_repo.go:38
[0m[33m[4.020ms] [34;1m[rows:1][0m INSERT INTO sessions (user_id, user_role, token, refresh_token, device_info, ip_address, expires_at) VALUES (2, 'admin', 'eyJhbGciOiJIUzI1NiIsInR5cCI6IkpXVCJ9.eyJhcHBzIjoiIiwiZXhwIjoxNzg1MDg1MTYyLCJmdWxsX25hbWUiOiJBZG1pbmlzdHJhdG9yIiwicm9sZSI6ImFkbWluIiwidXNlcl9pZCI6MiwidXNlcm5hbWUiOiJhZG1pbiJ9._D3jq7IHZQJdYOjbRZ2IJIjL6HQSr-IrfOWPDBvuAAM', '34c412770986dca53fe0fa3cfeb3472bf60998b64a1e56450abbff4d34d99df9', '', '::1', '2026-08-02 15:59:22.628') ON DUPLICATE KEY UPDATE user_role=VALUES(user_role), token=VALUES(token), refresh_token=VALUES(refresh_token), device_info=VALUES(device_info), ip_address=VALUES(ip_address), expires_at=VALUES(expires_at), created_at=NOW()
[GIN] 2026/07/26 - 15:59:22 | 200 |    143.8025ms |             ::1 | POST     "/api/auth/login"

2026/07/26 15:59:22 [32mD:/Develop/Project_pos_mahenz/BE/repository/log_request_repository.go:32
[0m[33m[3.575ms] [34;1m[rows:1][0m INSERT INTO log_requests (id, method, endpoint, status_code, request_body, response_body, user_id, duration_ms, ip_address, error_message, created_at) VALUES ('001a72fa-cded-40b2-ab08-a36a00158e72', 'POST', '/api/auth/login', 200, '{"username":"admin","password":"admin123"}', '{"code":"00","status":true,"message":"Login berhasil","data":{"token":"eyJhbGciOiJIUzI1NiIsInR5cCI6IkpXVCJ9.eyJhcHBzIjoiIiwiZXhwIjoxNzg1MDg1MTYyLCJmdWxsX25hbWUiOiJBZG1pbmlzdHJhdG9yIiwicm9sZSI6ImFkbWluIiwidXNlcl9pZCI6MiwidXNlcm5hbWUiOiJhZG1pbiJ9._D3jq7IHZQJdYOjbRZ2IJIjL6HQSr-IrfOWPDBvuAAM","refresh_token":"34c412770986dca53fe0fa3cfeb3472bf60998b64a1e56450abbff4d34d99df9","expires_at":"2026-08-02T15:59:22.6281176+07:00","user":{"id":2,"username":"admin","full_name":"Administrator","role_id":2,"role_name":"admin"}}}', NULL, 143, '::1', NULL, '2026-07-26 15:59:22.635')

2026/07/26 15:59:22 [32mD:/Develop/Project_pos_mahenz/BE/domain/auth/repo/auth_repo.go:46
[0m[33m[0.635ms] [34;1m[rows:1][0m SELECT id, user_id, user_role, token, device_info, expires_at FROM sessions WHERE token = 'eyJhbGciOiJIUzI1NiIsInR5cCI6IkpXVCJ9.eyJhcHBzIjoiIiwiZXhwIjoxNzg1MDg1MTYyLCJmdWxsX25hbWUiOiJBZG1pbmlzdHJhdG9yIiwicm9sZSI6ImFkbWluIiwidXNlcl9pZCI6MiwidXNlcm5hbWUiOiJhZG1pbiJ9._D3jq7IHZQJdYOjbRZ2IJIjL6HQSr-IrfOWPDBvuAAM' LIMIT 1

2026/07/26 15:59:22 [32mD:/Develop/Project_pos_mahenz/BE/domain/cash_drawer/repo/cash_drawer_repo.go:149
[0m[33m[1.339ms] [34;1m[rows:0][0m SELECT cd.id, cd.user_id, cd.shift_id, cd.open_time, cd.opening_balance, cd.total_sales, cd.total_cash_sales, cd.total_expenses, (cd.opening_balance + COALESCE((SELECT SUM(total_amount) FROM transactions WHERE user_id = cd.user_id AND payment_method = 'cash' AND status = 'completed' AND transaction_date >= cd.open_time), 0) - COALESCE((SELECT SUM(amount) FROM expenses WHERE user_id = cd.user_id AND created_at >= cd.open_time), 0)) as expected_balance, cd.status FROM cash_drawer cd WHERE cd.user_id = 2 AND cd.status = 'open' LIMIT 1

2026/07/26 15:59:22 [32mD:/Develop/Project_pos_mahenz/BE/domain/cash_drawer/repo/cash_drawer_repo.go:264
[0m[33m[0.533ms] [34;1m[rows:1][0m INSERT INTO cash_drawer (user_id, shift_id, open_time, opening_balance, open_notes, status) VALUES (2, NULL, NOW(), 100000, 'test', 'open')

2026/07/26 15:59:22 [32mD:/Develop/Project_pos_mahenz/BE/domain/cash_drawer/repo/cash_drawer_repo.go:267
[0m[33m[0.000ms] [34;1m[rows:1][0m SELECT LAST_INSERT_ID()
[GIN] 2026/07/26 - 15:59:22 | 201 |      5.2038ms |             ::1 | POST     "/api/cash-drawer/open"

2026/07/26 15:59:22 [32mD:/Develop/Project_pos_mahenz/BE/repository/log_request_repository.go:32
[0m[33m[1.896ms] [34;1m[rows:1][0m INSERT INTO log_requests (id, method, endpoint, status_code, request_body, response_body, user_id, duration_ms, ip_address, error_message, created_at) VALUES ('df35e78a-0c41-415b-bbdd-f588eac2b37d', 'POST', '/api/cash-drawer/open', 201, '{"opening_balance":100000,"notes":"test"}', '{"code":"00","status":true,"message":"Kas berhasil dibuka","data":{"id":2}}', 2, 5, '::1', NULL, '2026-07-26 15:59:22.817')
[GIN] 2026/07/26 - 15:59:53 | 401 |       301.4µs |             ::1 | POST     "/api/menus/my"
Error #01: Token expired

2026/07/26 15:59:53 [32mD:/Develop/Project_pos_mahenz/BE/repository/log_request_repository.go:32
[0m[33m[4.503ms] [34;1m[rows:1][0m INSERT INTO log_requests (id, method, endpoint, status_code, request_body, response_body, user_id, duration_ms, ip_address, error_message, created_at) VALUES ('04d204bb-28a5-492c-ae01-373535d87946', 'POST', '/api/menus/my', 401, '{}', '{"code":"41","status":false,"message":"Token expired","data":null}', NULL, 0, '::1', 'Token expired', '2026-07-26 15:59:53.304')
[GIN] 2026/07/26 - 15:59:53 | 204 |            0s |             ::1 | OPTIONS  "/api/auth/refresh"

2026/07/26 15:59:53 [32mD:/Develop/Project_pos_mahenz/BE/domain/auth/repo/auth_repo.go:57
[0m[33m[0.661ms] [34;1m[rows:1][0m SELECT id, user_id, refresh_token, expires_at FROM sessions WHERE refresh_token = 'a91f1fe49ec97c28b80fc7d7a2cc96822fbea5f9c2109ed26b6456462b4aa585' LIMIT 1

2026/07/26 15:59:53 [32mD:/Develop/Project_pos_mahenz/BE/domain/auth/repo/auth_repo.go:28
[0m[33m[0.529ms] [34;1m[rows:1][0m SELECT u.id, u.username, u.full_name, u.role_id, r.name AS role_name, u.is_active FROM users u INNER JOIN roles r ON r.id = u.role_id WHERE u.id = 1 LIMIT 1

2026/07/26 15:59:53 [32mD:/Develop/Project_pos_mahenz/BE/domain/auth/repo/auth_repo.go:67
[0m[33m[3.298ms] [34;1m[rows:1][0m DELETE FROM sessions WHERE user_id = 1

2026/07/26 15:59:53 [32mD:/Develop/Project_pos_mahenz/BE/domain/auth/repo/auth_repo.go:38
[0m[33m[4.387ms] [34;1m[rows:1][0m INSERT INTO sessions (user_id, user_role, token, refresh_token, device_info, ip_address, expires_at) VALUES (1, 'owner', 'eyJhbGciOiJIUzI1NiIsInR5cCI6IkpXVCJ9.eyJhcHBzIjoiIiwiZXhwIjoxNzg1MDg1MTkzLCJmdWxsX25hbWUiOiJPd25lciIsInJvbGUiOiJvd25lciIsInVzZXJfaWQiOjEsInVzZXJuYW1lIjoib3duZXIifQ.JdV4j0wEyiQc-d06u3LebbUKe4NpoddTaNMjkgYem00', 'daf08f9c8a7b6233b9b8bd95fc3ce040db8a0b9608685a737dc84339dbbaff8e', '', '', '2026-08-02 15:59:53.337') ON DUPLICATE KEY UPDATE user_role=VALUES(user_role), token=VALUES(token), refresh_token=VALUES(refresh_token), device_info=VALUES(device_info), ip_address=VALUES(ip_address), expires_at=VALUES(expires_at), created_at=NOW()
[GIN] 2026/07/26 - 15:59:53 | 200 |     10.4368ms |             ::1 | POST     "/api/auth/refresh"

2026/07/26 15:59:53 [32mD:/Develop/Project_pos_mahenz/BE/repository/log_request_repository.go:32
[0m[33m[10.791ms] [34;1m[rows:1][0m INSERT INTO log_requests (id, method, endpoint, status_code, request_body, response_body, user_id, duration_ms, ip_address, error_message, created_at) VALUES ('78318206-a74d-4fad-991d-8afba99dca2c', 'POST', '/api/auth/refresh', 200, '{"refresh_token":"a91f1fe49ec97c28b80fc7d7a2cc96822fbea5f9c2109ed26b6456462b4aa585"}', '{"code":"00","status":true,"message":"Token diperbarui","data":{"access_token":"eyJhbGciOiJIUzI1NiIsInR5cCI6IkpXVCJ9.eyJhcHBzIjoiIiwiZXhwIjoxNzg1MDg1MTkzLCJmdWxsX25hbWUiOiJPd25lciIsInJvbGUiOiJvd25lciIsInVzZXJfaWQiOjEsInVzZXJuYW1lIjoib3duZXIifQ.JdV4j0wEyiQc-d06u3LebbUKe4NpoddTaNMjkgYem00","refresh_token":"daf08f9c8a7b6233b9b8bd95fc3ce040db8a0b9608685a737dc84339dbbaff8e","expires_at":"2026-08-02T15:59:53.3370239+07:00"}}', NULL, 10, '::1', NULL, '2026-07-26 15:59:53.345')

2026/07/26 15:59:53 [32mD:/Develop/Project_pos_mahenz/BE/domain/auth/repo/auth_repo.go:46
[0m[33m[1.085ms] [34;1m[rows:1][0m SELECT id, user_id, user_role, token, device_info, expires_at FROM sessions WHERE token = 'eyJhbGciOiJIUzI1NiIsInR5cCI6IkpXVCJ9.eyJhcHBzIjoiIiwiZXhwIjoxNzg1MDg1MTkzLCJmdWxsX25hbWUiOiJPd25lciIsInJvbGUiOiJvd25lciIsInVzZXJfaWQiOjEsInVzZXJuYW1lIjoib3duZXIifQ.JdV4j0wEyiQc-d06u3LebbUKe4NpoddTaNMjkgYem00' LIMIT 1

2026/07/26 15:59:53 [32mD:/Develop/Project_pos_mahenz/BE/domain/menu/repo/menu_repo.go:121
[0m[33m[1.355ms] [34;1m[rows:-][0m 
		SELECT
			m.id,
			m.parent_id,
			m.key_name,
			m.label,
			m.icon,
			m.path,
			m.order_index,
			COALESCE(rma.can_view,   0),
			COALESCE(rma.can_create, 0),
			COALESCE(rma.can_edit,   0),
			COALESCE(rma.can_delete, 0)
		FROM menus m
		LEFT JOIN role_menu_access rma ON rma.menu_id = m.id
			AND rma.role_id = (SELECT id FROM roles WHERE name = 'owner' AND is_active = 1 LIMIT 1)
		WHERE m.is_active = 1
		ORDER BY m.order_index ASC, m.id ASC
		
[GIN] 2026/07/26 - 15:59:53 | 200 |      3.1814ms |             ::1 | POST     "/api/menus/my"

2026/07/26 15:59:53 [32mD:/Develop/Project_pos_mahenz/BE/repository/log_request_repository.go:32
[0m[33m[17.186ms] [34;1m[rows:1][0m INSERT INTO log_requests (id, method, endpoint, status_code, request_body, response_body, user_id, duration_ms, ip_address, error_message, created_at) VALUES ('463ef3ca-28ed-4cf8-a633-d963738282e6', 'POST', '/api/menus/my', 200, '{}', '{"code":"00","status":true,"message":"Menu akses","data":[{"key_name":"beranda","label":"Beranda","icon":"Home","path":null,"order_index":1,"permission":{"can_view":true,"can_create":true,"can_edit":true,"can_delete":true},"children":[{"key_name":"beranda.dashboard","label":"Dashboard","icon":"LayoutDashboard","path":"/dashboard","order_index":1,"permission":{"can_view":true,"can_create":true,"can_edit":true,"can_delete":true},"children":[]}]},{"key_name":"penjualan","label":"Penjualan","icon":"ShoppingCart","path":null,"order_index":2,"permission":{"can_view":true,"can_create":true,"can_edit":true,"can_delete":true},"children":[{"key_name":"penjualan.kasir","label":"Kasir","icon":"ShoppingCart","path":"/kasir","order_index":1,"permission":{"can_view":true,"can_create":true,"can_edit":true,"can_delete":true},"children":[]},{"key_name":"penjualan.transaksi","label":"Transaksi","icon":"Receipt","path":"/transactions","order_index":2,"permission":{"can_view":true,"can_create":true,"can_edit":true,"can_delete":true},"children":[]}]},{"key_name":"produk","label":"Produk","icon":"Package","path":null,"order_index":3,"permission":{"can_view":true,"can_create":true,"can_edit":true,"can_delete":true},"children":[{"key_name":"produk.produk","label":"Produk","icon":"Package","path":"/products","order_index":1,"permission":{"can_view":true,"can_create":true,"can_edit":true,"can_delete":true},"children":[]},{"key_name":"produk.kategori","label":"Kategori","icon":"Tag","path":"/products/categories","order_index":2,"permission":{"can_view":true,"can_create":true,"can_edit":true,"can_delete":true},"children":[]},{"key_name":"produk.unit","label":"Unit","icon":"PackageSearch","path":"/products/units","order_index":3,"permission":{"can_view":true,"can_create":true,"can_edit":true,"can_delete":true},"children":[]}]},{"key_name":"pengadaan","label":"Pengadaan","icon":"Truck","path":null,"order_index":4,"permission":{"can_view":true,"can_create":true,"can_edit":true,"can_delete":true},"children":[{"key_name":"pengadaan.supplier","label":"Supplier","icon":"Truck","path":"/suppliers","order_index":1,"permission":{"can_view":true,"can_create":true,"can_edit":true,"can_delete":true},"children":[]},{"key_name":"pengadaan.pembelian","label":"Pembelian","icon":"ShoppingBag","path":"/suppliers/purchases","order_index":2,"permission":{"can_view":true,"can_create":true,"can_edit":true,"can_delete":true},"children":[]},{"key_name":"pengadaan.retur","label":"Retur","icon":"RotateCcw","path":"/suppliers/returns","order_index":3,"permission":{"can_view":true,"can_create":true,"can_edit":true,"can_delete":true},"children":[]}]},{"key_name":"pelanggan","label":"Pelanggan","icon":"Users","path":null,"order_index":5,"permission":{"can_view":true,"can_create":true,"can_edit":true,"can_delete":true},"children":[{"key_name":"pelanggan.pelanggan","label":"Pelanggan","icon":"Users","path":"/customers","order_index":1,"permission":{"can_view":true,"can_create":true,"can_edit":true,"can_delete":true},"children":[]},{"key_name":"pelanggan.piutang","label":"Piutang","icon":"CreditCard","path":"/receivables","order_index":2,"permission":{"can_view":true,"can_create":true,"can_edit":true,"can_delete":true},"children":[]}]},{"key_name":"keuangan","label":"Keuangan","icon":"Wallet","path":null,"order_index":6,"permission":{"can_view":true,"can_create":true,"can_edit":true,"can_delete":true},"children":[{"key_name":"keuangan.dashboard","label":"Dashboard Keuangan","icon":"Wallet","path":"/finance","order_index":1,"permission":{"can_view":true,"can_create":true,"can_edit":true,"can_delete":true},"children":[]},{"key_name":"keuangan.kas_harian","label":"Kas Harian","icon":"Landmark","path":"/finance/cash-drawer","order_index":2,"permission":{"can_view":true,"can_create":true,"can_edit":true,"can_delete":true},"children":[]},{"key_name":"keuangan.pengeluaran","label":"Pengeluaran","icon":"TrendingDown","path":"/finance/expenses","order_index":3,"permission":{"can_view":true,"can_create":true,"can_edit":true,"can_delete":true},"children":[]},{"key_name":"keuangan.kas_saya","label":"Kas Saya","icon":"Wallet","path":"/finance/my-cash","order_index":4,"permission":{"can_view":true,"can_create":true,"can_edit":true,"can_delete":true},"children":[]}]},{"key_name":"pelaporan","label":"Pelaporan","icon":"BarChart2","path":null,"order_index":7,"permission":{"can_view":true,"can_create":true,"can_edit":true,"can_delete":true},"children":[{"key_name":"pelaporan.penjualan","label":"Penjualan","icon":"TrendingUp","path":"/reports/sales","order_index":1,"permission":{"can_view":true,"can_create":true,"can_edit":true,"can_delete":true},"children":[]},{"key_name":"pelaporan.laba_rugi","label":"Laba Rugi","icon":"LineChart","path":"/reports/profit-loss","order_index":2,"permission":{"can_view":true,"can_create":true,"can_edit":true,"can_delete":true},"children":[]},{"key_name":"pelaporan.stok","label":"Stok","icon":"PackageSearch","path":"/reports/stock","order_index":3,"permission":{"can_view":true,"can_create":true,"can_edit":true,"can_delete":true},"children":[]},{"key_name":"pelaporan.kinerja_kasir","label":"Kinerja Kasir","icon":"BarChart2","path":"/reports/cashier","order_index":4,"permission":{"can_view":true,"can_create":true,"can_edit":true,"can_delete":true},"children":[]},{"key_name":"pelaporan.ringkasan_bisnis","label":"Ringkasan Bisnis","icon":"BarChart3","path":"/reports/business-summary","order_index":5,"permission":{"can_view":true,"can_create":true,"can_edit":true,"can_delete":true},"children":[]}]},{"key_name":"operasional","label":"Operasional","icon":"Clock","path":null,"order_index":8,"permission":{"can_view":true,"can_create":true,"can_edit":true,"can_delete":true},"children":[{"key_name":"operasional.shift","label":"Shift","icon":"Clock","path":"/shifts","order_index":1,"permission":{"can_view":true,"can_create":true,"can_edit":true,"can_delete":true},"children":[]}]},{"key_name":"sistem","label":"Sistem","icon":"Settings","path":null,"order_index":9,"permission":{"can_view":true,"can_create":true,"can_edit":true,"can_delete":true},"children":[{"key_name":"sistem.profil_toko","label":"Profil Toko","icon":"Settings","path":"/settings/store","order_index":1,"permission":{"can_view":true,"can_create":true,"can_edit":true,"can_delete":true},"children":[]},{"key_name":"sistem.users","label":"Manajemen User","icon":"Users","path":"/settings/users","order_index":2,"permission":{"can_view":true,"can_create":true,"can_edit":true,"can_delete":true},"children":[]},{"key_name":"sistem.printer","label":"Printer","icon":"Printer","path":"/settings/printer","order_index":5,"permission":{"can_view":true,"can_create":true,"can_edit":true,"can_delete":true},"children":[]}]}]}', 1, 3, '::1', NULL, '2026-07-26 15:59:53.372')

2026/07/26 15:59:53 [32mD:/Develop/Project_pos_mahenz/BE/domain/auth/repo/auth_repo.go:46
[0m[33m[2.251ms] [34;1m[rows:1][0m SELECT id, user_id, user_role, token, device_info, expires_at FROM sessions WHERE token = 'eyJhbGciOiJIUzI1NiIsInR5cCI6IkpXVCJ9.eyJhcHBzIjoiIiwiZXhwIjoxNzg1MDg1MTkzLCJmdWxsX25hbWUiOiJPd25lciIsInJvbGUiOiJvd25lciIsInVzZXJfaWQiOjEsInVzZXJuYW1lIjoib3duZXIifQ.JdV4j0wEyiQc-d06u3LebbUKe4NpoddTaNMjkgYem00' LIMIT 1

2026/07/26 15:59:53 [32mD:/Develop/Project_pos_mahenz/BE/domain/product/repo/product_repo.go:100
[0m[33m[2.400ms] [34;1m[rows:1][0m SELECT COUNT(*) FROM products p WHERE 1=1

2026/07/26 15:59:53 [32mD:/Develop/Project_pos_mahenz/BE/domain/product/repo/product_repo.go:119
[0m[33m[5.942ms] [34;1m[rows:1][0m 
		SELECT p.id, p.barcode, COALESCE(p.sku, '') as sku, p.name, p.category_id, COALESCE(c.name, '') as category_name,
		       p.purchase_price, p.selling_price, p.stock, p.reserved_qty, p.min_stock,
		       COALESCE(p.unit_id, 0) as unit_id, COALESCE(u.name, '') as unit_name, COALESCE(u.abbreviation, '') as unit_abbreviation,
		       p.is_active,
		       (SELECT COUNT(*) FROM product_packages pp WHERE pp.product_id = p.id AND pp.is_default = 0) AS extra_packages,
		       (SELECT COUNT(*) FROM product_prices pr WHERE pr.product_id = p.id) AS price_tiers_count
		FROM products p
		LEFT JOIN categories c ON p.category_id = c.id
		LEFT JOIN units u ON u.id = p.unit_id
		WHERE 1=1 ORDER BY p.name ASC LIMIT 1 OFFSET 0
[GIN] 2026/07/26 - 15:59:53 | 200 |     12.1002ms |             ::1 | POST     "/api/products/list"

2026/07/26 15:59:53 [32mD:/Develop/Project_pos_mahenz/BE/domain/auth/repo/auth_repo.go:46
[0m[33m[13.260ms] [34;1m[rows:1][0m SELECT id, user_id, user_role, token, device_info, expires_at FROM sessions WHERE token = 'eyJhbGciOiJIUzI1NiIsInR5cCI6IkpXVCJ9.eyJhcHBzIjoiIiwiZXhwIjoxNzg1MDg1MTkzLCJmdWxsX25hbWUiOiJPd25lciIsInJvbGUiOiJvd25lciIsInVzZXJfaWQiOjEsInVzZXJuYW1lIjoib3duZXIifQ.JdV4j0wEyiQc-d06u3LebbUKe4NpoddTaNMjkgYem00' LIMIT 1

2026/07/26 15:59:53 [32mD:/Develop/Project_pos_mahenz/BE/domain/supplier/repo/supplier_repo.go:48
[0m[33m[4.126ms] [34;1m[rows:1][0m SELECT COUNT(*) FROM suppliers WHERE 1=1

2026/07/26 15:59:53 [32mD:/Develop/Project_pos_mahenz/BE/repository/log_request_repository.go:32
[0m[33m[14.736ms] [34;1m[rows:1][0m INSERT INTO log_requests (id, method, endpoint, status_code, request_body, response_body, user_id, duration_ms, ip_address, error_message, created_at) VALUES ('f0773d4e-43a8-4c4e-9566-02c9a9508514', 'POST', '/api/products/list', 200, '{"page":1,"limit":1,"search":""}', '{"code":"00","status":true,"message":"Daftar produk","data":[{"id":4,"barcode":"8992260464338","sku":"SEM-0003","name":"Gula Pasir 1kg","category_id":1,"category_name":"Sembako Test","purchase_price":0,"selling_price":15000,"stock":50,"reserved_qty":0,"min_stock":5,"unit_id":1,"unit_name":"Pieces","unit_abbreviation":"Pcs","is_active":false,"extra_packages":0,"price_tiers_count":0}],"pagination":{"page":1,"per_page":1,"total":12,"total_pages":12}}', 1, 12, '::1', NULL, '2026-07-26 15:59:53.958')

2026/07/26 15:59:53 [32mD:/Develop/Project_pos_mahenz/BE/domain/supplier/repo/supplier_repo.go:71
[0m[33m[3.284ms] [34;1m[rows:1][0m SELECT id, supplier_code, name, address, phone, email, contact_person, notes, is_active, created_at FROM suppliers WHERE 1=1 ORDER BY name ASC LIMIT 1 OFFSET 0
[GIN] 2026/07/26 - 15:59:53 | 200 |     30.8477ms |             ::1 | POST     "/api/suppliers/list"

2026/07/26 15:59:53 [32mD:/Develop/Project_pos_mahenz/BE/repository/log_request_repository.go:32
[0m[33m[9.662ms] [34;1m[rows:1][0m INSERT INTO log_requests (id, method, endpoint, status_code, request_body, response_body, user_id, duration_ms, ip_address, error_message, created_at) VALUES ('0c9881c0-4934-41ed-9be2-d2f6e7c39820', 'POST', '/api/suppliers/list', 200, '{"page":1,"limit":1,"search":""}', '{"code":"00","status":true,"message":"Daftar supplier","data":[{"id":1,"supplier_code":"SUP-001","name":"Supplier Test Fase14","address":"Jl. Test","phone":"08123456789","email":"","contact_person":"","notes":"","is_active":true,"created_at":"2026-07-25T13:19:10+07:00"}],"pagination":{"page":1,"per_page":1,"total":2,"total_pages":2}}', 1, 29, '::1', NULL, '2026-07-26 15:59:53.975')

2026/07/26 15:59:54 [32mD:/Develop/Project_pos_mahenz/BE/domain/auth/repo/auth_repo.go:46
[0m[33m[1.227ms] [34;1m[rows:1][0m SELECT id, user_id, user_role, token, device_info, expires_at FROM sessions WHERE token = 'eyJhbGciOiJIUzI1NiIsInR5cCI6IkpXVCJ9.eyJhcHBzIjoiIiwiZXhwIjoxNzg1MDg1MTkzLCJmdWxsX25hbWUiOiJPd25lciIsInJvbGUiOiJvd25lciIsInVzZXJfaWQiOjEsInVzZXJuYW1lIjoib3duZXIifQ.JdV4j0wEyiQc-d06u3LebbUKe4NpoddTaNMjkgYem00' LIMIT 1

2026/07/26 15:59:54 [32mD:/Develop/Project_pos_mahenz/BE/domain/supplier/repo/supplier_repo.go:85
[0m[33m[1.012ms] [34;1m[rows:1][0m SELECT id, supplier_code, name FROM suppliers WHERE is_active = 1 ORDER BY name
[GIN] 2026/07/26 - 15:59:54 | 200 |      2.2388ms |             ::1 | POST     "/api/suppliers/options"

2026/07/26 15:59:54 [32mD:/Develop/Project_pos_mahenz/BE/repository/log_request_repository.go:32
[0m[33m[6.992ms] [34;1m[rows:1][0m INSERT INTO log_requests (id, method, endpoint, status_code, request_body, response_body, user_id, duration_ms, ip_address, error_message, created_at) VALUES ('81a3b901-8e25-4f8c-b6e6-ace620b65a05', 'POST', '/api/suppliers/options', 200, '{"search":""}', '{"code":"00","status":true,"message":"Opsi supplier","data":[{"id":1,"supplier_code":"SUP-001","name":"Supplier Test Fase14"}]}', 1, 2, '::1', NULL, '2026-07-26 15:59:54.071')

2026/07/26 15:59:54 [32mD:/Develop/Project_pos_mahenz/BE/domain/auth/repo/auth_repo.go:46
[0m[33m[10.706ms] [34;1m[rows:1][0m SELECT id, user_id, user_role, token, device_info, expires_at FROM sessions WHERE token = 'eyJhbGciOiJIUzI1NiIsInR5cCI6IkpXVCJ9.eyJhcHBzIjoiIiwiZXhwIjoxNzg1MDg1MTkzLCJmdWxsX25hbWUiOiJPd25lciIsInJvbGUiOiJvd25lciIsInVzZXJfaWQiOjEsInVzZXJuYW1lIjoib3duZXIifQ.JdV4j0wEyiQc-d06u3LebbUKe4NpoddTaNMjkgYem00' LIMIT 1

2026/07/26 15:59:54 [32mD:/Develop/Project_pos_mahenz/BE/domain/auth/repo/auth_repo.go:46
[0m[33m[4.125ms] [34;1m[rows:1][0m SELECT id, user_id, user_role, token, device_info, expires_at FROM sessions WHERE token = 'eyJhbGciOiJIUzI1NiIsInR5cCI6IkpXVCJ9.eyJhcHBzIjoiIiwiZXhwIjoxNzg1MDg1MTkzLCJmdWxsX25hbWUiOiJPd25lciIsInJvbGUiOiJvd25lciIsInVzZXJfaWQiOjEsInVzZXJuYW1lIjoib3duZXIifQ.JdV4j0wEyiQc-d06u3LebbUKe4NpoddTaNMjkgYem00' LIMIT 1

2026/07/26 15:59:54 [32mD:/Develop/Project_pos_mahenz/BE/domain/supplier/repo/supplier_repo.go:48
[0m[33m[0.669ms] [34;1m[rows:1][0m SELECT COUNT(*) FROM suppliers WHERE 1=1

2026/07/26 15:59:54 [32mD:/Develop/Project_pos_mahenz/BE/domain/payment_status/repo/payment_status_repo.go:9
[0m[33m[1.190ms] [34;1m[rows:3][0m SELECT id, code, label, is_active, sort_order FROM payment_statuses WHERE is_active = 1 ORDER BY sort_order ASC
[GIN] 2026/07/26 - 15:59:54 | 200 |     14.4702ms |             ::1 | POST     "/api/payment-statuses/list"

2026/07/26 15:59:54 [32mD:/Develop/Project_pos_mahenz/BE/domain/auth/repo/auth_repo.go:46
[0m[33m[3.593ms] [34;1m[rows:1][0m SELECT id, user_id, user_role, token, device_info, expires_at FROM sessions WHERE token = 'eyJhbGciOiJIUzI1NiIsInR5cCI6IkpXVCJ9.eyJhcHBzIjoiIiwiZXhwIjoxNzg1MDg1MTkzLCJmdWxsX25hbWUiOiJPd25lciIsInJvbGUiOiJvd25lciIsInVzZXJfaWQiOjEsInVzZXJuYW1lIjoib3duZXIifQ.JdV4j0wEyiQc-d06u3LebbUKe4NpoddTaNMjkgYem00' LIMIT 1

2026/07/26 15:59:54 [32mD:/Develop/Project_pos_mahenz/BE/domain/supplier/repo/supplier_repo.go:71
[0m[33m[1.222ms] [34;1m[rows:2][0m SELECT id, supplier_code, name, address, phone, email, contact_person, notes, is_active, created_at FROM suppliers WHERE 1=1 ORDER BY name ASC LIMIT 10 OFFSET 0
[GIN] 2026/07/26 - 15:59:54 | 200 |      9.1409ms |             ::1 | POST     "/api/suppliers/list"

2026/07/26 15:59:54 [32mD:/Develop/Project_pos_mahenz/BE/domain/payment_method/repo/payment_method_repo.go:9
[0m[33m[1.953ms] [34;1m[rows:5][0m SELECT id, code, label, is_active, sort_order FROM payment_methods WHERE is_active = 1 ORDER BY sort_order ASC
[GIN] 2026/07/26 - 15:59:54 | 200 |      7.6105ms |             ::1 | POST     "/api/payment-methods/list"

2026/07/26 15:59:54 [32mD:/Develop/Project_pos_mahenz/BE/repository/log_request_repository.go:32
[0m[33m[5.199ms] [34;1m[rows:1][0m INSERT INTO log_requests (id, method, endpoint, status_code, request_body, response_body, user_id, duration_ms, ip_address, error_message, created_at) VALUES ('002ec847-962f-4141-aa4e-0f2bb2438b39', 'POST', '/api/suppliers/list', 200, '{"page":1,"limit":200,"search":""}', '{"code":"00","status":true,"message":"Daftar supplier","data":[{"id":1,"supplier_code":"SUP-001","name":"Supplier Test Fase14","address":"Jl. Test","phone":"08123456789","email":"","contact_person":"","notes":"","is_active":true,"created_at":"2026-07-25T13:19:10+07:00"},{"id":3,"supplier_code":"SUP-002","name":"Supplier Test Void Debt","address":"","phone":"","email":"","contact_person":"","notes":"","is_active":false,"created_at":"2026-07-26T10:32:08+07:00"}],"pagination":{"page":1,"per_page":200,"total":2,"total_pages":1}}', 1, 9, '::1', NULL, '2026-07-26 15:59:54.088')

2026/07/26 15:59:54 [32mD:/Develop/Project_pos_mahenz/BE/repository/log_request_repository.go:32
[0m[33m[5.929ms] [34;1m[rows:1][0m INSERT INTO log_requests (id, method, endpoint, status_code, request_body, response_body, user_id, duration_ms, ip_address, error_message, created_at) VALUES ('5ff72e45-8d16-4a81-9594-c5f5997963b6', 'POST', '/api/payment-statuses/list', 200, '{}', '{"code":"00","status":true,"message":"Daftar status pembayaran","data":[{"id":1,"code":"unpaid","label":"Hutang","is_active":1,"sort_order":1},{"id":2,"code":"partial","label":"Bayar Sebagian","is_active":1,"sort_order":2},{"id":3,"code":"paid","label":"Lunas","is_active":1,"sort_order":3}]}', 1, 14, '::1', NULL, '2026-07-26 15:59:54.087')

2026/07/26 15:59:54 [32mD:/Develop/Project_pos_mahenz/BE/repository/log_request_repository.go:32
[0m[33m[6.333ms] [34;1m[rows:1][0m INSERT INTO log_requests (id, method, endpoint, status_code, request_body, response_body, user_id, duration_ms, ip_address, error_message, created_at) VALUES ('c9898f7b-6133-4374-90fb-39723746a958', 'POST', '/api/payment-methods/list', 200, '{}', '{"code":"00","status":true,"message":"Daftar metode pembayaran","data":[{"id":1,"code":"cash","label":"Tunai","is_active":1,"sort_order":1},{"id":2,"code":"transfer","label":"Transfer Bank","is_active":1,"sort_order":2},{"id":3,"code":"card","label":"Kartu","is_active":1,"sort_order":3},{"id":4,"code":"qris","label":"QRIS","is_active":1,"sort_order":4},{"id":5,"code":"kredit","label":"Kredit","is_active":1,"sort_order":5}]}', 1, 7, '::1', NULL, '2026-07-26 15:59:54.092')

2026/07/26 15:59:54 [32mD:/Develop/Project_pos_mahenz/BE/domain/auth/repo/auth_repo.go:46
[0m[33m[1.194ms] [34;1m[rows:1][0m SELECT id, user_id, user_role, token, device_info, expires_at FROM sessions WHERE token = 'eyJhbGciOiJIUzI1NiIsInR5cCI6IkpXVCJ9.eyJhcHBzIjoiIiwiZXhwIjoxNzg1MDg1MTkzLCJmdWxsX25hbWUiOiJPd25lciIsInJvbGUiOiJvd25lciIsInVzZXJfaWQiOjEsInVzZXJuYW1lIjoib3duZXIifQ.JdV4j0wEyiQc-d06u3LebbUKe4NpoddTaNMjkgYem00' LIMIT 1

2026/07/26 15:59:54 [32mD:/Develop/Project_pos_mahenz/BE/domain/auth/repo/auth_repo.go:46
[0m[33m[18.471ms] [34;1m[rows:1][0m SELECT id, user_id, user_role, token, device_info, expires_at FROM sessions WHERE token = 'eyJhbGciOiJIUzI1NiIsInR5cCI6IkpXVCJ9.eyJhcHBzIjoiIiwiZXhwIjoxNzg1MDg1MTkzLCJmdWxsX25hbWUiOiJPd25lciIsInJvbGUiOiJvd25lciIsInVzZXJfaWQiOjEsInVzZXJuYW1lIjoib3duZXIifQ.JdV4j0wEyiQc-d06u3LebbUKe4NpoddTaNMjkgYem00' LIMIT 1

2026/07/26 15:59:54 [32mD:/Develop/Project_pos_mahenz/BE/domain/setting/repo/setting_repo.go:32
[0m[33m[1.943ms] [34;1m[rows:-][0m SELECT setting_key, setting_value FROM settings WHERE setting_key = 'pagination_sizes'
[GIN] 2026/07/26 - 15:59:54 | 200 |      3.1368ms |             ::1 | GET      "/api/settings/pagination_sizes"

2026/07/26 15:59:54 [32mD:/Develop/Project_pos_mahenz/BE/domain/supplier_purchase/repo/purchase_repo.go:132
[0m[33m[2.490ms] [34;1m[rows:1][0m SELECT COUNT(*) FROM purchases p WHERE 1=1 AND DATE(p.purchase_date) >= '2026-07-01' AND DATE(p.purchase_date) <= '2026-07-26'

2026/07/26 15:59:54 [32mD:/Develop/Project_pos_mahenz/BE/repository/log_request_repository.go:32
[0m[33m[3.928ms] [34;1m[rows:1][0m INSERT INTO log_requests (id, method, endpoint, status_code, request_body, response_body, user_id, duration_ms, ip_address, error_message, created_at) VALUES ('f37214e7-f3bf-497c-8c82-eeb46e3bf71b', 'GET', '/api/settings/pagination_sizes', 200, '', '{"code":"00","status":true,"message":"Detail pengaturan","data":{"key":"pagination_sizes","value":"[10,20,50]"}}', 1, 3, '::1', NULL, '2026-07-26 15:59:54.105')

2026/07/26 15:59:54 [32mD:/Develop/Project_pos_mahenz/BE/domain/supplier_purchase/repo/purchase_repo.go:149
[0m[33m[6.533ms] [34;1m[rows:-][0m SELECT p.id, p.purchase_code, p.invoice_number, p.supplier_id, COALESCE(s.name, '') as supplier_name, p.purchase_date, p.discount_amount, p.total_amount, p.payment_status, p.paid_amount, p.remaining_amount, p.status, COALESCE(u.full_name, '') as user_name, p.notes FROM purchases p LEFT JOIN users u ON p.user_id = u.id LEFT JOIN suppliers s ON p.supplier_id = s.id WHERE 1=1 AND DATE(p.purchase_date) >= '2026-07-01' AND DATE(p.purchase_date) <= '2026-07-26' ORDER BY p.purchase_date DESC, p.id DESC LIMIT 10 OFFSET 0
[GIN] 2026/07/26 - 15:59:54 | 200 |      30.016ms |             ::1 | POST     "/api/supplier-purchases/list"

2026/07/26 15:59:54 [32mD:/Develop/Project_pos_mahenz/BE/repository/log_request_repository.go:32
[0m[33m[3.579ms] [34;1m[rows:1][0m INSERT INTO log_requests (id, method, endpoint, status_code, request_body, response_body, user_id, duration_ms, ip_address, error_message, created_at) VALUES ('b8b6af70-d9c0-4d00-8d5d-f4b57405f326', 'POST', '/api/supplier-purchases/list', 200, '{"page":1,"limit":10,"start_date":"2026-07-01","end_date":"2026-07-26"}', '{"code":"00","status":true,"message":"Daftar purchase order","data":[{"id":28,"purchase_code":"PO-20260726-018","invoice_number":"INV-EDIT-SWAP-EXP3","supplier_id":1,"supplier_name":"Supplier Test Fase14","purchase_date":"2026-07-26T00:00:00+07:00","discount_amount":0,"total_amount":2000,"payment_status":"unpaid","paid_amount":0,"remaining_amount":2000,"status":"active","user_name":"Administrator","notes":""},{"id":27,"purchase_code":"PO-20260726-017","invoice_number":"INV-EDIT-SWAP-EXP2","supplier_id":1,"supplier_name":"Supplier Test Fase14","purchase_date":"2026-07-26T00:00:00+07:00","discount_amount":0,"total_amount":2000,"payment_status":"unpaid","paid_amount":0,"remaining_amount":2000,"status":"active","user_name":"Administrator","notes":""},{"id":26,"purchase_code":"PO-20260726-016","invoice_number":"INV-EDIT-SWAP-EXP","supplier_id":1,"supplier_name":"Supplier Test Fase14","purchase_date":"2026-07-26T00:00:00+07:00","discount_amount":0,"total_amount":3000,"payment_status":"unpaid","paid_amount":0,"remaining_amount":3000,"status":"active","user_name":"Administrator","notes":""},{"id":25,"purchase_code":"PO-20260726-015","invoice_number":"INV-EDIT-SWAP2","supplier_id":1,"supplier_name":"Supplier Test Fase14","purchase_date":"2026-07-26T00:00:00+07:00","discount_amount":0,"total_amount":5000,"payment_status":"unpaid","paid_amount":0,"remaining_amount":5000,"status":"active","user_name":"Administrator","notes":""},{"id":24,"purchase_code":"PO-20260726-014","invoice_number":"INV-EDIT-STOCKSWAP","supplier_id":1,"supplier_name":"Supplier Test Fase14","purchase_date":"2026-07-26T00:00:00+07:00","discount_amount":0,"total_amount":10000,"payment_status":"unpaid","paid_amount":0,"remaining_amount":10000,"status":"active","user_name":"Administrator","notes":""},{"id":23,"purchase_code":"PO-20260726-013","invoice_number":"INV-EDIT-PAID","supplier_id":1,"supplier_name":"Supplier Test Fase14","purchase_date":"2026-07-26T00:00:00+07:00","discount_amount":0,"total_amount":8000,"payment_status":"partial","paid_amount":5000,"remaining_amount":3000,"status":"active","user_name":"Administrator","notes":""},{"id":21,"purchase_code":"PO-20260726-012","invoice_number":"INV-QA-DEBT-TEST","supplier_id":3,"supplier_name":"Supplier Test Void Debt","purchase_date":"2026-07-26T00:00:00+07:00","discount_amount":0,"total_amount":1000,"payment_status":"partial","paid_amount":500,"remaining_amount":0,"status":"void","user_name":"Administrator","notes":""},{"id":15,"purchase_code":"PO-20260726-011","invoice_number":"AUTO-PO-20260726-011","supplier_id":1,"supplier_name":"Supplier Test Fase14","purchase_date":"2026-07-26T00:00:00+07:00","discount_amount":0,"total_amount":1420000,"payment_status":"partial","paid_amount":400000,"remaining_amount":1020000,"status":"active","user_name":"Owner","notes":""},{"id":14,"purchase_code":"PO-20260726-010","invoice_number":"AUTO-PO-20260726-010","supplier_id":1,"supplier_name":"Supplier Test Fase14","purchase_date":"2026-07-26T00:00:00+07:00","discount_amount":0,"total_amount":800,"payment_status":"paid","paid_amount":800,"remaining_amount":0,"status":"active","user_name":"Administrator","notes":""},{"id":13,"purchase_code":"PO-20260726-009","invoice_number":"INV-QA-STOCKCHECK","supplier_id":1,"supplier_name":"Supplier Test Fase14","purchase_date":"2026-07-26T00:00:00+07:00","discount_amount":0,"total_amount":6300,"payment_status":"unpaid","paid_amount":0,"remaining_amount":6300,"status":"active","user_name":"Administrator","notes":""}],"pagination":{"page":1,"per_page":10,"total":20,"total_pages":2}}', 1, 29, '::1', NULL, '2026-07-26 15:59:54.115')
[GIN] 2026/07/26 - 15:59:58 | 204 |            0s |             ::1 | OPTIONS  "/api/supplier-purchases/detail/23"

2026/07/26 15:59:58 [32mD:/Develop/Project_pos_mahenz/BE/domain/auth/repo/auth_repo.go:46
[0m[33m[0.505ms] [34;1m[rows:1][0m SELECT id, user_id, user_role, token, device_info, expires_at FROM sessions WHERE token = 'eyJhbGciOiJIUzI1NiIsInR5cCI6IkpXVCJ9.eyJhcHBzIjoiIiwiZXhwIjoxNzg1MDg1MTkzLCJmdWxsX25hbWUiOiJPd25lciIsInJvbGUiOiJvd25lciIsInVzZXJfaWQiOjEsInVzZXJuYW1lIjoib3duZXIifQ.JdV4j0wEyiQc-d06u3LebbUKe4NpoddTaNMjkgYem00' LIMIT 1

2026/07/26 15:59:58 [32mD:/Develop/Project_pos_mahenz/BE/domain/supplier_purchase/repo/purchase_repo.go:174
[0m[33m[0.497ms] [34;1m[rows:-][0m SELECT p.id, p.purchase_code, p.invoice_number, p.supplier_id, COALESCE(s.name, '') as supplier_name, p.purchase_date, p.discount_amount, p.total_amount, p.payment_status, p.paid_amount, p.remaining_amount, p.status, COALESCE(u.full_name, '') as user_name, p.notes FROM purchases p LEFT JOIN users u ON p.user_id = u.id LEFT JOIN suppliers s ON p.supplier_id = s.id WHERE p.id = 23

2026/07/26 15:59:58 [32mD:/Develop/Project_pos_mahenz/BE/domain/supplier_purchase/repo/purchase_repo.go:216
[0m[33m[0.349ms] [34;1m[rows:-][0m SELECT pi.id, pi.product_id, COALESCE(p.name, '') as product_name, pi.quantity, pi.unit, COALESCE(pi.conversion_qty, 1) as conversion_qty, pi.purchase_price, pi.subtotal FROM purchase_items pi LEFT JOIN products p ON pi.product_id = p.id WHERE pi.purchase_id = 23

2026/07/26 15:59:58 [32mD:/Develop/Project_pos_mahenz/BE/domain/supplier_purchase/repo/purchase_repo.go:250
[0m[33m[0.522ms] [34;1m[rows:0][0m SELECT qty, expired_date FROM product_expiry_batches WHERE purchase_item_id = 32 ORDER BY expired_date ASC
[GIN] 2026/07/26 - 15:59:58 | 200 |       3.493ms |             ::1 | POST     "/api/supplier-purchases/detail/23"

2026/07/26 15:59:58 [32mD:/Develop/Project_pos_mahenz/BE/repository/log_request_repository.go:32
[0m[33m[8.443ms] [34;1m[rows:1][0m INSERT INTO log_requests (id, method, endpoint, status_code, request_body, response_body, user_id, duration_ms, ip_address, error_message, created_at) VALUES ('bb728fa9-9ee5-4f7d-ac90-ee6d01524df1', 'POST', '/api/supplier-purchases/detail/23', 200, '{}', '{"code":"00","status":true,"message":"Detail purchase order","data":{"id":23,"purchase_code":"PO-20260726-013","invoice_number":"INV-EDIT-PAID","supplier_id":1,"supplier_name":"Supplier Test Fase14","purchase_date":"2026-07-26T00:00:00+07:00","discount_amount":0,"total_amount":8000,"payment_status":"partial","paid_amount":5000,"remaining_amount":3000,"status":"active","user_name":"Administrator","notes":"","items":[{"id":32,"product_id":12,"product_name":"Rokok Test Berantai","quantity":8,"unit":"Batang","conversion_qty":1,"purchase_price":1000,"subtotal":8000}]}}', 1, 3, '::1', NULL, '2026-07-26 15:59:58.955')
[GIN] 2026/07/26 - 15:59:59 | 204 |            0s |             ::1 | OPTIONS  "/api/products/detail/12"

2026/07/26 15:59:59 [32mD:/Develop/Project_pos_mahenz/BE/domain/auth/repo/auth_repo.go:46
[0m[33m[0.515ms] [34;1m[rows:1][0m SELECT id, user_id, user_role, token, device_info, expires_at FROM sessions WHERE token = 'eyJhbGciOiJIUzI1NiIsInR5cCI6IkpXVCJ9.eyJhcHBzIjoiIiwiZXhwIjoxNzg1MDg1MTkzLCJmdWxsX25hbWUiOiJPd25lciIsInJvbGUiOiJvd25lciIsInVzZXJfaWQiOjEsInVzZXJuYW1lIjoib3duZXIifQ.JdV4j0wEyiQc-d06u3LebbUKe4NpoddTaNMjkgYem00' LIMIT 1

2026/07/26 15:59:59 [32mD:/Develop/Project_pos_mahenz/BE/domain/product/repo/product_repo.go:136
[0m[33m[1.337ms] [34;1m[rows:1][0m 
		SELECT p.id, p.barcode, COALESCE(p.sku, '') as sku, p.name, p.category_id, COALESCE(c.name, '') as category_name,
		       p.purchase_price, p.selling_price, p.stock, p.reserved_qty, p.min_stock,
		       COALESCE(p.unit_id, 0) as unit_id, COALESCE(u.name, '') as unit_name, COALESCE(u.abbreviation, '') as unit_abbreviation,
		       p.is_active, p.created_at, p.updated_at,
		       (SELECT COUNT(*) FROM product_packages pp WHERE pp.product_id = p.id AND pp.is_default = 0) AS extra_packages,
		       (SELECT COUNT(*) FROM product_prices pr WHERE pr.product_id = p.id) AS price_tiers_count
		FROM products p
		LEFT JOIN categories c ON p.category_id = c.id
		LEFT JOIN units u ON u.id = p.unit_id
		WHERE p.id = 12 LIMIT 1
[GIN] 2026/07/26 - 15:59:59 | 200 |      2.6151ms |             ::1 | POST     "/api/products/detail/12"

2026/07/26 15:59:59 [32mD:/Develop/Project_pos_mahenz/BE/repository/log_request_repository.go:32
[0m[33m[8.063ms] [34;1m[rows:1][0m INSERT INTO log_requests (id, method, endpoint, status_code, request_body, response_body, user_id, duration_ms, ip_address, error_message, created_at) VALUES ('67bed5c4-b352-4d2e-89df-f1a3f06aa89c', 'POST', '/api/products/detail/12', 200, '{}', '{"code":"00","status":true,"message":"Detail produk","data":{"id":12,"barcode":"8997789608850","sku":"SEM-0008","name":"Rokok Test Berantai","category_id":1,"category_name":"Sembako Test","purchase_price":800,"selling_price":1000,"stock":3052,"reserved_qty":0,"min_stock":5,"unit_id":2,"unit_name":"Batang","unit_abbreviation":"Btg","is_active":true,"extra_packages":3,"price_tiers_count":2}}', 1, 2, '::1', NULL, '2026-07-26 15:59:59.073')

2026/07/26 16:00:47 [32mD:/Develop/Project_pos_mahenz/BE/domain/auth/repo/auth_repo.go:17
[0m[33m[0.506ms] [34;1m[rows:1][0m SELECT u.id, u.username, u.password, u.full_name, u.role_id, r.name AS role_name, u.is_active FROM users u INNER JOIN roles r ON r.id = u.role_id WHERE u.username = 'admin' LIMIT 1

2026/07/26 16:00:47 [32mD:/Develop/Project_pos_mahenz/BE/domain/auth/repo/auth_repo.go:67
[0m[33m[0.000ms] [34;1m[rows:1][0m DELETE FROM sessions WHERE user_id = 2

2026/07/26 16:00:47 [32mD:/Develop/Project_pos_mahenz/BE/domain/auth/repo/auth_repo.go:38
[0m[33m[5.590ms] [34;1m[rows:1][0m INSERT INTO sessions (user_id, user_role, token, refresh_token, device_info, ip_address, expires_at) VALUES (2, 'admin', 'eyJhbGciOiJIUzI1NiIsInR5cCI6IkpXVCJ9.eyJhcHBzIjoiIiwiZXhwIjoxNzg1MDg1MjQ3LCJmdWxsX25hbWUiOiJBZG1pbmlzdHJhdG9yIiwicm9sZSI6ImFkbWluIiwidXNlcl9pZCI6MiwidXNlcm5hbWUiOiJhZG1pbiJ9.m5rNvaiE1slbDsE_LcBem_9hshy0SXGpXpT4DPGzM50', '10522c0b7d736a5edf15ee26f3b1ab4e500ddec77e48d5753143a72d2de666c1', '', '::1', '2026-08-02 16:00:47.957') ON DUPLICATE KEY UPDATE user_role=VALUES(user_role), token=VALUES(token), refresh_token=VALUES(refresh_token), device_info=VALUES(device_info), ip_address=VALUES(ip_address), expires_at=VALUES(expires_at), created_at=NOW()
[GIN] 2026/07/26 - 16:00:47 | 200 |     81.6715ms |             ::1 | POST     "/api/auth/login"

2026/07/26 16:00:47 [32mD:/Develop/Project_pos_mahenz/BE/repository/log_request_repository.go:32
[0m[33m[2.499ms] [34;1m[rows:1][0m INSERT INTO log_requests (id, method, endpoint, status_code, request_body, response_body, user_id, duration_ms, ip_address, error_message, created_at) VALUES ('26d33bda-b23f-4001-bdd5-25586c7ec99e', 'POST', '/api/auth/login', 200, '{"username":"admin","password":"admin123"}', '{"code":"00","status":true,"message":"Login berhasil","data":{"token":"eyJhbGciOiJIUzI1NiIsInR5cCI6IkpXVCJ9.eyJhcHBzIjoiIiwiZXhwIjoxNzg1MDg1MjQ3LCJmdWxsX25hbWUiOiJBZG1pbmlzdHJhdG9yIiwicm9sZSI6ImFkbWluIiwidXNlcl9pZCI6MiwidXNlcm5hbWUiOiJhZG1pbiJ9.m5rNvaiE1slbDsE_LcBem_9hshy0SXGpXpT4DPGzM50","refresh_token":"10522c0b7d736a5edf15ee26f3b1ab4e500ddec77e48d5753143a72d2de666c1","expires_at":"2026-08-02T16:00:47.9578683+07:00","user":{"id":2,"username":"admin","full_name":"Administrator","role_id":2,"role_name":"admin"}}}', NULL, 81, '::1', NULL, '2026-07-26 16:00:47.963')

2026/07/26 16:00:48 [32mD:/Develop/Project_pos_mahenz/BE/domain/auth/repo/auth_repo.go:46
[0m[33m[0.511ms] [34;1m[rows:1][0m SELECT id, user_id, user_role, token, device_info, expires_at FROM sessions WHERE token = 'eyJhbGciOiJIUzI1NiIsInR5cCI6IkpXVCJ9.eyJhcHBzIjoiIiwiZXhwIjoxNzg1MDg1MjQ3LCJmdWxsX25hbWUiOiJBZG1pbmlzdHJhdG9yIiwicm9sZSI6ImFkbWluIiwidXNlcl9pZCI6MiwidXNlcm5hbWUiOiJhZG1pbiJ9.m5rNvaiE1slbDsE_LcBem_9hshy0SXGpXpT4DPGzM50' LIMIT 1

2026/07/26 16:00:48 [32mD:/Develop/Project_pos_mahenz/BE/domain/cash_drawer/repo/cash_drawer_repo.go:149
[0m[33m[1.079ms] [34;1m[rows:1][0m SELECT cd.id, cd.user_id, cd.shift_id, cd.open_time, cd.opening_balance, cd.total_sales, cd.total_cash_sales, cd.total_expenses, (cd.opening_balance + COALESCE((SELECT SUM(total_amount) FROM transactions WHERE user_id = cd.user_id AND payment_method = 'cash' AND status = 'completed' AND transaction_date >= cd.open_time), 0) - COALESCE((SELECT SUM(amount) FROM expenses WHERE user_id = cd.user_id AND created_at >= cd.open_time), 0)) as expected_balance, cd.status FROM cash_drawer cd WHERE cd.user_id = 2 AND cd.status = 'open' LIMIT 1

2026/07/26 16:00:48 [32mD:/Develop/Project_pos_mahenz/BE/domain/product/repo/product_repo.go:136
[0m[33m[0.710ms] [34;1m[rows:1][0m 
		SELECT p.id, p.barcode, COALESCE(p.sku, '') as sku, p.name, p.category_id, COALESCE(c.name, '') as category_name,
		       p.purchase_price, p.selling_price, p.stock, p.reserved_qty, p.min_stock,
		       COALESCE(p.unit_id, 0) as unit_id, COALESCE(u.name, '') as unit_name, COALESCE(u.abbreviation, '') as unit_abbreviation,
		       p.is_active, p.created_at, p.updated_at,
		       (SELECT COUNT(*) FROM product_packages pp WHERE pp.product_id = p.id AND pp.is_default = 0) AS extra_packages,
		       (SELECT COUNT(*) FROM product_prices pr WHERE pr.product_id = p.id) AS price_tiers_count
		FROM products p
		LEFT JOIN categories c ON p.category_id = c.id
		LEFT JOIN units u ON u.id = p.unit_id
		WHERE p.id = 13 LIMIT 1

2026/07/26 16:00:48 [32mD:/Develop/Project_pos_mahenz/BE/domain/product/repo/product_price_repo.go:13
[0m[33m[0.727ms] [34;1m[rows:0][0m SELECT id, product_id, tier_name, min_qty, price FROM product_prices WHERE product_id = 13 ORDER BY min_qty

2026/07/26 16:00:48 [32mD:/Develop/Project_pos_mahenz/BE/domain/transaction/repo/transaction_repo.go:190
[0m[33m[0.722ms] [34;1m[rows:1][0m SELECT COUNT(*) FROM transactions WHERE DATE(transaction_date) = CURDATE() AND device_source = 'web'

2026/07/26 16:00:48 [32mD:/Develop/Project_pos_mahenz/BE/domain/transaction/repo/transaction_repo.go:196
[0m[33m[0.596ms] [34;1m[rows:1][0m INSERT INTO transactions (transaction_code, user_id, shift_id, transaction_date, subtotal, discount, tax, total_amount, payment_method, payment_amount, change_amount, customer_id, is_credit, status, device_source) VALUES ('WEB-20260726-001', 2, NULL, '2026-07-26 16:00:48.065', 6000, 0, 0, 6000, 'cash', 6000, 0, NULL, false, 'completed', 'web')

2026/07/26 16:00:48 [32mD:/Develop/Project_pos_mahenz/BE/domain/transaction/repo/transaction_repo.go:206
[0m[33m[0.000ms] [34;1m[rows:1][0m SELECT LAST_INSERT_ID()

2026/07/26 16:00:48 [32mD:/Develop/Project_pos_mahenz/BE/domain/transaction/repo/transaction_repo.go:241
[0m[33m[0.000ms] [34;1m[rows:1][0m SELECT stock FROM products WHERE id = 13 LIMIT 1

2026/07/26 16:00:48 [32mD:/Develop/Project_pos_mahenz/BE/domain/transaction/repo/transaction_repo.go:248
[0m[33m[0.559ms] [34;1m[rows:1][0m SELECT purchase_price FROM products WHERE id = 13 LIMIT 1

2026/07/26 16:00:48 [32mD:/Develop/Project_pos_mahenz/BE/domain/transaction/repo/transaction_repo.go:253
[0m[33m[1.923ms] [34;1m[rows:1][0m UPDATE products SET stock = stock - 3, updated_at = NOW() WHERE id = 13 AND (stock - reserved_qty) >= 3

2026/07/26 16:00:48 [32mD:/Develop/Project_pos_mahenz/BE/domain/transaction/repo/transaction_repo.go:262
[0m[33m[0.890ms] [34;1m[rows:1][0m INSERT INTO transaction_items (transaction_id, product_id, product_name, quantity, unit, price, purchase_price, subtotal, discount_item, conversion_qty, unit_id) VALUES (1, 13, 'Produk Test StockSwap', 3, 'Pieces', 2000, 1000, 6000, 0, 1, NULL)

2026/07/26 16:00:48 [32mD:/Develop/Project_pos_mahenz/BE/domain/transaction/repo/transaction_repo.go:273
[0m[33m[0.611ms] [34;1m[rows:1][0m INSERT INTO stock_mutations (product_id, mutation_type, quantity, stock_before, stock_after, reference_type, reference_id, notes, user_id) VALUES (13, 'out', 3, 5, 2, 'transaction', 1, 'Transaksi WEB-20260726-001', 2)

2026/07/26 16:00:48 [32mD:/Develop/Project_pos_mahenz/BE/domain/cash_drawer/repo/cash_drawer_repo.go:149
[0m[33m[0.522ms] [34;1m[rows:1][0m SELECT cd.id, cd.user_id, cd.shift_id, cd.open_time, cd.opening_balance, cd.total_sales, cd.total_cash_sales, cd.total_expenses, (cd.opening_balance + COALESCE((SELECT SUM(total_amount) FROM transactions WHERE user_id = cd.user_id AND payment_method = 'cash' AND status = 'completed' AND transaction_date >= cd.open_time), 0) - COALESCE((SELECT SUM(amount) FROM expenses WHERE user_id = cd.user_id AND created_at >= cd.open_time), 0)) as expected_balance, cd.status FROM cash_drawer cd WHERE cd.user_id = 2 AND cd.status = 'open' LIMIT 1

2026/07/26 16:00:48 [32mD:/Develop/Project_pos_mahenz/BE/domain/cash_drawer/repo/cash_drawer_repo.go:280
[0m[33m[0.587ms] [34;1m[rows:1][0m UPDATE cash_drawer SET total_sales = total_sales + 6000, total_cash_sales = total_cash_sales + 6000, expected_balance = opening_balance + total_cash_sales - total_expenses, updated_at = NOW() WHERE id = 2
[GIN] 2026/07/26 - 16:00:48 | 201 |     13.7188ms |             ::1 | POST     "/api/transactions/create"

2026/07/26 16:00:48 [32mD:/Develop/Project_pos_mahenz/BE/repository/log_request_repository.go:32
[0m[33m[2.363ms] [34;1m[rows:1][0m INSERT INTO log_requests (id, method, endpoint, status_code, request_body, response_body, user_id, duration_ms, ip_address, error_message, created_at) VALUES ('0bbd99df-ca3e-4dd2-9780-14d3afd762e7', 'POST', '/api/transactions/create', 201, '{
  "subtotal":6000,"discount":0,"tax":0,"total_amount":6000,
  "payment_method":"cash","payment_amount":6000,"change_amount":0,
  "is_credit":false,"device_source":"web",
  "items":[{"product_id":13,"product_name":"Produk Test StockSwap","quantity":3,"unit":"Pieces","price":2000,"subtotal":6000,"discount_item":0,"conversion_qty":1}]
}', '{"code":"00","status":true,"message":"Transaksi berhasil dibuat","data":{"id":1,"transaction_code":"WEB-20260726-001","user_id":2,"kasir_name":"","shift_id":null,"transaction_date":"2026-07-26T16:00:48.0712124+07:00","subtotal":6000,"discount":0,"tax":0,"total_amount":6000,"payment_method":"cash","payment_amount":6000,"change_amount":0,"customer_id":null,"customer_name":"","is_credit":false,"status":"completed","device_source":"web","items":[{"id":0,"product_id":13,"product_name":"Produk Test StockSwap","quantity":3,"unit":"Pieces","price":2000,"subtotal":6000,"discount_item":0,"conversion_qty":1,"unit_id":null}]}}', 2, 13, '::1', NULL, '2026-07-26 16:00:48.074')

2026/07/26 16:00:48 [32mD:/Develop/Project_pos_mahenz/BE/domain/auth/repo/auth_repo.go:46
[0m[33m[0.644ms] [34;1m[rows:1][0m SELECT id, user_id, user_role, token, device_info, expires_at FROM sessions WHERE token = 'eyJhbGciOiJIUzI1NiIsInR5cCI6IkpXVCJ9.eyJhcHBzIjoiIiwiZXhwIjoxNzg1MDg1MjQ3LCJmdWxsX25hbWUiOiJBZG1pbmlzdHJhdG9yIiwicm9sZSI6ImFkbWluIiwidXNlcl9pZCI6MiwidXNlcm5hbWUiOiJhZG1pbiJ9.m5rNvaiE1slbDsE_LcBem_9hshy0SXGpXpT4DPGzM50' LIMIT 1

2026/07/26 16:00:48 [32mD:/Develop/Project_pos_mahenz/BE/domain/product/repo/product_repo.go:136
[0m[33m[0.523ms] [34;1m[rows:1][0m 
		SELECT p.id, p.barcode, COALESCE(p.sku, '') as sku, p.name, p.category_id, COALESCE(c.name, '') as category_name,
		       p.purchase_price, p.selling_price, p.stock, p.reserved_qty, p.min_stock,
		       COALESCE(p.unit_id, 0) as unit_id, COALESCE(u.name, '') as unit_name, COALESCE(u.abbreviation, '') as unit_abbreviation,
		       p.is_active, p.created_at, p.updated_at,
		       (SELECT COUNT(*) FROM product_packages pp WHERE pp.product_id = p.id AND pp.is_default = 0) AS extra_packages,
		       (SELECT COUNT(*) FROM product_prices pr WHERE pr.product_id = p.id) AS price_tiers_count
		FROM products p
		LEFT JOIN categories c ON p.category_id = c.id
		LEFT JOIN units u ON u.id = p.unit_id
		WHERE p.id = 13 LIMIT 1
[GIN] 2026/07/26 - 16:00:48 | 200 |      1.7629ms |             ::1 | POST     "/api/products/detail/13"

2026/07/26 16:00:48 [32mD:/Develop/Project_pos_mahenz/BE/repository/log_request_repository.go:32
[0m[33m[2.632ms] [34;1m[rows:1][0m INSERT INTO log_requests (id, method, endpoint, status_code, request_body, response_body, user_id, duration_ms, ip_address, error_message, created_at) VALUES ('aa7492ce-713f-465e-973d-1a0d31ba1060', 'POST', '/api/products/detail/13', 200, '', '{"code":"00","status":true,"message":"Detail produk","data":{"id":13,"barcode":"9990001112223","sku":"TESTSWAP-001","name":"Produk Test StockSwap","category_id":1,"category_name":"Sembako Test","purchase_price":1000,"selling_price":2000,"stock":2,"reserved_qty":0,"min_stock":1,"unit_id":1,"unit_name":"Pieces","unit_abbreviation":"Pcs","is_active":true,"extra_packages":0,"price_tiers_count":0}}', 2, 1, '::1', NULL, '2026-07-26 16:00:48.189')

2026/07/26 16:01:31 [32mD:/Develop/Project_pos_mahenz/BE/domain/auth/repo/auth_repo.go:17
[0m[33m[0.636ms] [34;1m[rows:1][0m SELECT u.id, u.username, u.password, u.full_name, u.role_id, r.name AS role_name, u.is_active FROM users u INNER JOIN roles r ON r.id = u.role_id WHERE u.username = 'admin' LIMIT 1

2026/07/26 16:01:31 [32mD:/Develop/Project_pos_mahenz/BE/domain/auth/repo/auth_repo.go:67
[0m[33m[0.000ms] [34;1m[rows:1][0m DELETE FROM sessions WHERE user_id = 2

2026/07/26 16:01:31 [32mD:/Develop/Project_pos_mahenz/BE/domain/auth/repo/auth_repo.go:38
[0m[33m[0.000ms] [34;1m[rows:1][0m INSERT INTO sessions (user_id, user_role, token, refresh_token, device_info, ip_address, expires_at) VALUES (2, 'admin', 'eyJhbGciOiJIUzI1NiIsInR5cCI6IkpXVCJ9.eyJhcHBzIjoiIiwiZXhwIjoxNzg1MDg1MjkxLCJmdWxsX25hbWUiOiJBZG1pbmlzdHJhdG9yIiwicm9sZSI6ImFkbWluIiwidXNlcl9pZCI6MiwidXNlcm5hbWUiOiJhZG1pbiJ9.6ErKx2_5OsExHyLmMs_NdaGATsaK7uDILn9mLs4ekM4', 'b555f85cafca52bfc3eb32f586e1f0a9a0c9905a31b8517c1fe35ae4173c9548', '', '::1', '2026-08-02 16:01:31.988') ON DUPLICATE KEY UPDATE user_role=VALUES(user_role), token=VALUES(token), refresh_token=VALUES(refresh_token), device_info=VALUES(device_info), ip_address=VALUES(ip_address), expires_at=VALUES(expires_at), created_at=NOW()
[GIN] 2026/07/26 - 16:01:31 | 200 |     138.251ms |             ::1 | POST     "/api/auth/login"

2026/07/26 16:01:31 [32mD:/Develop/Project_pos_mahenz/BE/repository/log_request_repository.go:32
[0m[33m[9.879ms] [34;1m[rows:1][0m INSERT INTO log_requests (id, method, endpoint, status_code, request_body, response_body, user_id, duration_ms, ip_address, error_message, created_at) VALUES ('243c9a39-8cad-462a-8014-edc64991ad86', 'POST', '/api/auth/login', 200, '{"username":"admin","password":"admin123"}', '{"code":"00","status":true,"message":"Login berhasil","data":{"token":"eyJhbGciOiJIUzI1NiIsInR5cCI6IkpXVCJ9.eyJhcHBzIjoiIiwiZXhwIjoxNzg1MDg1MjkxLCJmdWxsX25hbWUiOiJBZG1pbmlzdHJhdG9yIiwicm9sZSI6ImFkbWluIiwidXNlcl9pZCI6MiwidXNlcm5hbWUiOiJhZG1pbiJ9.6ErKx2_5OsExHyLmMs_NdaGATsaK7uDILn9mLs4ekM4","refresh_token":"b555f85cafca52bfc3eb32f586e1f0a9a0c9905a31b8517c1fe35ae4173c9548","expires_at":"2026-08-02T16:01:31.9883274+07:00","user":{"id":2,"username":"admin","full_name":"Administrator","role_id":2,"role_name":"admin"}}}', NULL, 138, '::1', NULL, '2026-07-26 16:01:31.988')

2026/07/26 16:01:32 [32mD:/Develop/Project_pos_mahenz/BE/domain/auth/repo/auth_repo.go:46
[0m[33m[0.545ms] [34;1m[rows:1][0m SELECT id, user_id, user_role, token, device_info, expires_at FROM sessions WHERE token = 'eyJhbGciOiJIUzI1NiIsInR5cCI6IkpXVCJ9.eyJhcHBzIjoiIiwiZXhwIjoxNzg1MDg1MjkxLCJmdWxsX25hbWUiOiJBZG1pbmlzdHJhdG9yIiwicm9sZSI6ImFkbWluIiwidXNlcl9pZCI6MiwidXNlcm5hbWUiOiJhZG1pbiJ9.6ErKx2_5OsExHyLmMs_NdaGATsaK7uDILn9mLs4ekM4' LIMIT 1

2026/07/26 16:01:32 [32mD:/Develop/Project_pos_mahenz/BE/domain/supplier_purchase/repo/purchase_repo.go:205
[0m[33m[0.000ms] [34;1m[rows:1][0m SELECT id, purchase_code, invoice_number, supplier_id, purchase_date, discount_amount, total_amount, payment_status, paid_amount, remaining_amount, status, user_id, notes FROM purchases WHERE id = 25

2026/07/26 16:01:32 [32mD:/Develop/Project_pos_mahenz/BE/domain/supplier_purchase/repo/purchase_repo.go:216
[0m[33m[0.547ms] [34;1m[rows:-][0m SELECT pi.id, pi.product_id, COALESCE(p.name, '') as product_name, pi.quantity, pi.unit, COALESCE(pi.conversion_qty, 1) as conversion_qty, pi.purchase_price, pi.subtotal FROM purchase_items pi LEFT JOIN products p ON pi.product_id = p.id WHERE pi.purchase_id = 25

2026/07/26 16:01:32 [32mD:/Develop/Project_pos_mahenz/BE/domain/supplier_purchase/repo/purchase_repo.go:250
[0m[33m[0.000ms] [34;1m[rows:0][0m SELECT qty, expired_date FROM product_expiry_batches WHERE purchase_item_id = 34 ORDER BY expired_date ASC

2026/07/26 16:01:32 [32mD:/Develop/Project_pos_mahenz/BE/domain/supplier_purchase/repo/purchase_repo.go:466
[0m[33m[0.534ms] [34;1m[rows:1][0m SELECT stock FROM products WHERE id = 13 LIMIT 1
[GIN] 2026/07/26 - 16:01:32 | 400 |      3.4714ms |             ::1 | POST     "/api/supplier-purchases/update/25"
Error #01: Produk 'Produk Test StockSwap' tidak bisa diganti/dihapus dari pembelian ini karena sebagian stoknya sudah terjual (sisa stok 2.000, butuh rollback 5.000)

2026/07/26 16:01:32 [32mD:/Develop/Project_pos_mahenz/BE/repository/log_request_repository.go:32
[0m[33m[2.837ms] [34;1m[rows:1][0m INSERT INTO log_requests (id, method, endpoint, status_code, request_body, response_body, user_id, duration_ms, ip_address, error_message, created_at) VALUES ('284e12b9-8487-4a03-9fd1-27ef919af896', 'POST', '/api/supplier-purchases/update/25', 400, '{"invoice_number":"INV-EDIT-SWAP2","supplier_id":1,"purchase_date":"2026-07-26","discount_amount":0,"payment_status":"unpaid","items":[{"product_id":12,"quantity":5,"unit":"Batang","conversion_qty":1,"purchase_price":1000}]}', '{"code":"40","status":false,"message":"Produk ''Produk Test StockSwap'' tidak bisa diganti/dihapus dari pembelian ini karena sebagian stoknya sudah terjual (sisa stok 2.000, butuh rollback 5.000)","data":null}', 2, 3, '::1', 'Produk ''Produk Test StockSwap'' tidak bisa diganti/dihapus dari pembelian ini karena sebagian stoknya sudah terjual (sisa stok 2.000, butuh rollback 5.000)', '2026-07-26 16:01:32.095')

2026/07/26 16:01:32 [32mD:/Develop/Project_pos_mahenz/BE/domain/auth/repo/auth_repo.go:46
[0m[33m[0.551ms] [34;1m[rows:1][0m SELECT id, user_id, user_role, token, device_info, expires_at FROM sessions WHERE token = 'eyJhbGciOiJIUzI1NiIsInR5cCI6IkpXVCJ9.eyJhcHBzIjoiIiwiZXhwIjoxNzg1MDg1MjkxLCJmdWxsX25hbWUiOiJBZG1pbmlzdHJhdG9yIiwicm9sZSI6ImFkbWluIiwidXNlcl9pZCI6MiwidXNlcm5hbWUiOiJhZG1pbiJ9.6ErKx2_5OsExHyLmMs_NdaGATsaK7uDILn9mLs4ekM4' LIMIT 1

2026/07/26 16:01:32 [32mD:/Develop/Project_pos_mahenz/BE/domain/supplier_purchase/repo/purchase_repo.go:174
[0m[33m[2.972ms] [34;1m[rows:-][0m SELECT p.id, p.purchase_code, p.invoice_number, p.supplier_id, COALESCE(s.name, '') as supplier_name, p.purchase_date, p.discount_amount, p.total_amount, p.payment_status, p.paid_amount, p.remaining_amount, p.status, COALESCE(u.full_name, '') as user_name, p.notes FROM purchases p LEFT JOIN users u ON p.user_id = u.id LEFT JOIN suppliers s ON p.supplier_id = s.id WHERE p.id = 25

2026/07/26 16:01:32 [32mD:/Develop/Project_pos_mahenz/BE/domain/supplier_purchase/repo/purchase_repo.go:216
[0m[33m[0.533ms] [34;1m[rows:-][0m SELECT pi.id, pi.product_id, COALESCE(p.name, '') as product_name, pi.quantity, pi.unit, COALESCE(pi.conversion_qty, 1) as conversion_qty, pi.purchase_price, pi.subtotal FROM purchase_items pi LEFT JOIN products p ON pi.product_id = p.id WHERE pi.purchase_id = 25

2026/07/26 16:01:32 [32mD:/Develop/Project_pos_mahenz/BE/domain/supplier_purchase/repo/purchase_repo.go:250
[0m[33m[0.657ms] [34;1m[rows:0][0m SELECT qty, expired_date FROM product_expiry_batches WHERE purchase_item_id = 34 ORDER BY expired_date ASC
[GIN] 2026/07/26 - 16:01:32 | 200 |        5.22ms |             ::1 | POST     "/api/supplier-purchases/detail/25"

2026/07/26 16:01:32 [32mD:/Develop/Project_pos_mahenz/BE/repository/log_request_repository.go:32
[0m[33m[2.101ms] [34;1m[rows:1][0m INSERT INTO log_requests (id, method, endpoint, status_code, request_body, response_body, user_id, duration_ms, ip_address, error_message, created_at) VALUES ('c8fa7e10-3c28-464a-b5b3-8c82102fb003', 'POST', '/api/supplier-purchases/detail/25', 200, '', '{"code":"00","status":true,"message":"Detail purchase order","data":{"id":25,"purchase_code":"PO-20260726-015","invoice_number":"INV-EDIT-SWAP2","supplier_id":1,"supplier_name":"Supplier Test Fase14","purchase_date":"2026-07-26T00:00:00+07:00","discount_amount":0,"total_amount":5000,"payment_status":"unpaid","paid_amount":0,"remaining_amount":5000,"status":"active","user_name":"Administrator","notes":"","items":[{"id":34,"product_id":13,"product_name":"Produk Test StockSwap","quantity":5,"unit":"Pieces","conversion_qty":1,"purchase_price":1000,"subtotal":5000}]}}', 2, 5, '::1', NULL, '2026-07-26 16:01:32.201')

2026/07/26 16:01:53 [32mD:/Develop/Project_pos_mahenz/BE/domain/auth/repo/auth_repo.go:17
[0m[33m[4.126ms] [34;1m[rows:1][0m SELECT u.id, u.username, u.password, u.full_name, u.role_id, r.name AS role_name, u.is_active FROM users u INNER JOIN roles r ON r.id = u.role_id WHERE u.username = 'admin' LIMIT 1

2026/07/26 16:01:54 [32mD:/Develop/Project_pos_mahenz/BE/domain/auth/repo/auth_repo.go:67
[0m[33m[0.000ms] [34;1m[rows:1][0m DELETE FROM sessions WHERE user_id = 2

2026/07/26 16:01:54 [32mD:/Develop/Project_pos_mahenz/BE/domain/auth/repo/auth_repo.go:38
[0m[33m[2.011ms] [34;1m[rows:1][0m INSERT INTO sessions (user_id, user_role, token, refresh_token, device_info, ip_address, expires_at) VALUES (2, 'admin', 'eyJhbGciOiJIUzI1NiIsInR5cCI6IkpXVCJ9.eyJhcHBzIjoiIiwiZXhwIjoxNzg1MDg1MzE0LCJmdWxsX25hbWUiOiJBZG1pbmlzdHJhdG9yIiwicm9sZSI6ImFkbWluIiwidXNlcl9pZCI6MiwidXNlcm5hbWUiOiJhZG1pbiJ9.kIwe5koyCnh-QTTxF4Sy93sH203MCj1pLjoZPljP4Gc', 'acf93ae5f0c57e9db3502d8208f5c27d94c200a082d5161b6d571a9d5365b38b', '', '::1', '2026-08-02 16:01:54.086') ON DUPLICATE KEY UPDATE user_role=VALUES(user_role), token=VALUES(token), refresh_token=VALUES(refresh_token), device_info=VALUES(device_info), ip_address=VALUES(ip_address), expires_at=VALUES(expires_at), created_at=NOW()
[GIN] 2026/07/26 - 16:01:54 | 200 |     110.978ms |             ::1 | POST     "/api/auth/login"

2026/07/26 16:01:54 [32mD:/Develop/Project_pos_mahenz/BE/repository/log_request_repository.go:32
[0m[33m[2.067ms] [34;1m[rows:1][0m INSERT INTO log_requests (id, method, endpoint, status_code, request_body, response_body, user_id, duration_ms, ip_address, error_message, created_at) VALUES ('46311967-a4fc-4315-9505-3afea951976f', 'POST', '/api/auth/login', 200, '{"username":"admin","password":"admin123"}', '{"code":"00","status":true,"message":"Login berhasil","data":{"token":"eyJhbGciOiJIUzI1NiIsInR5cCI6IkpXVCJ9.eyJhcHBzIjoiIiwiZXhwIjoxNzg1MDg1MzE0LCJmdWxsX25hbWUiOiJBZG1pbmlzdHJhdG9yIiwicm9sZSI6ImFkbWluIiwidXNlcl9pZCI6MiwidXNlcm5hbWUiOiJhZG1pbiJ9.kIwe5koyCnh-QTTxF4Sy93sH203MCj1pLjoZPljP4Gc","refresh_token":"acf93ae5f0c57e9db3502d8208f5c27d94c200a082d5161b6d571a9d5365b38b","expires_at":"2026-08-02T16:01:54.0861116+07:00","user":{"id":2,"username":"admin","full_name":"Administrator","role_id":2,"role_name":"admin"}}}', NULL, 110, '::1', NULL, '2026-07-26 16:01:54.091')

2026/07/26 16:01:54 [32mD:/Develop/Project_pos_mahenz/BE/domain/auth/repo/auth_repo.go:46
[0m[33m[0.531ms] [34;1m[rows:1][0m SELECT id, user_id, user_role, token, device_info, expires_at FROM sessions WHERE token = 'eyJhbGciOiJIUzI1NiIsInR5cCI6IkpXVCJ9.eyJhcHBzIjoiIiwiZXhwIjoxNzg1MDg1MzE0LCJmdWxsX25hbWUiOiJBZG1pbmlzdHJhdG9yIiwicm9sZSI6ImFkbWluIiwidXNlcl9pZCI6MiwidXNlcm5hbWUiOiJhZG1pbiJ9.kIwe5koyCnh-QTTxF4Sy93sH203MCj1pLjoZPljP4Gc' LIMIT 1

2026/07/26 16:01:54 [32mD:/Develop/Project_pos_mahenz/BE/domain/supplier_purchase/repo/purchase_repo.go:205
[0m[33m[0.000ms] [34;1m[rows:1][0m SELECT id, purchase_code, invoice_number, supplier_id, purchase_date, discount_amount, total_amount, payment_status, paid_amount, remaining_amount, status, user_id, notes FROM purchases WHERE id = 25

2026/07/26 16:01:54 [32mD:/Develop/Project_pos_mahenz/BE/domain/supplier_purchase/repo/purchase_repo.go:216
[0m[33m[0.520ms] [34;1m[rows:-][0m SELECT pi.id, pi.product_id, COALESCE(p.name, '') as product_name, pi.quantity, pi.unit, COALESCE(pi.conversion_qty, 1) as conversion_qty, pi.purchase_price, pi.subtotal FROM purchase_items pi LEFT JOIN products p ON pi.product_id = p.id WHERE pi.purchase_id = 25

2026/07/26 16:01:54 [32mD:/Develop/Project_pos_mahenz/BE/domain/supplier_purchase/repo/purchase_repo.go:250
[0m[33m[0.629ms] [34;1m[rows:0][0m SELECT qty, expired_date FROM product_expiry_batches WHERE purchase_item_id = 34 ORDER BY expired_date ASC

2026/07/26 16:01:54 [32mD:/Develop/Project_pos_mahenz/BE/domain/supplier_purchase/repo/purchase_repo.go:483
[0m[33m[0.564ms] [34;1m[rows:1][0m UPDATE products SET stock = stock - 5, updated_at = NOW() WHERE id = 13

2026/07/26 16:01:54 [32mD:/Develop/Project_pos_mahenz/BE/domain/supplier_purchase/repo/purchase_repo.go:488
[0m[33m[0.000ms] [34;1m[rows:1][0m DELETE FROM purchase_items WHERE purchase_id = 25

2026/07/26 16:01:54 [32mD:/Develop/Project_pos_mahenz/BE/domain/supplier_purchase/repo/purchase_repo.go:501
[0m[33m[0.000ms] [34;1m[rows:1][0m UPDATE purchases SET invoice_number='INV-EDIT-SWAP2', supplier_id=1, purchase_date='2026-07-26', discount_amount=0, total_amount=3000, payment_status='unpaid', paid_amount=0, payment_method='cash', remaining_amount=3000, notes='', updated_at=NOW() WHERE id=25

2026/07/26 16:01:54 [32mD:/Develop/Project_pos_mahenz/BE/domain/supplier_purchase/repo/purchase_repo.go:512
[0m[33m[0.518ms] [34;1m[rows:1][0m INSERT INTO purchase_items (purchase_id, product_id, quantity, unit, conversion_qty, purchase_price, subtotal) VALUES (25, 13, 3, 'Pieces', 1, 1000, 3000)

2026/07/26 16:01:54 [32mD:/Develop/Project_pos_mahenz/BE/domain/supplier_purchase/repo/purchase_repo.go:529
[0m[33m[0.527ms] [34;1m[rows:1][0m UPDATE products SET stock = stock + 3, updated_at = NOW() WHERE id = 13

2026/07/26 16:01:54 [32mD:/Develop/Project_pos_mahenz/BE/domain/supplier_purchase/repo/purchase_repo.go:174
[0m[33m[0.000ms] [34;1m[rows:-][0m SELECT p.id, p.purchase_code, p.invoice_number, p.supplier_id, COALESCE(s.name, '') as supplier_name, p.purchase_date, p.discount_amount, p.total_amount, p.payment_status, p.paid_amount, p.remaining_amount, p.status, COALESCE(u.full_name, '') as user_name, p.notes FROM purchases p LEFT JOIN users u ON p.user_id = u.id LEFT JOIN suppliers s ON p.supplier_id = s.id WHERE p.id = 25

2026/07/26 16:01:54 [32mD:/Develop/Project_pos_mahenz/BE/domain/supplier_purchase/repo/purchase_repo.go:216
[0m[33m[0.000ms] [34;1m[rows:-][0m SELECT pi.id, pi.product_id, COALESCE(p.name, '') as product_name, pi.quantity, pi.unit, COALESCE(pi.conversion_qty, 1) as conversion_qty, pi.purchase_price, pi.subtotal FROM purchase_items pi LEFT JOIN products p ON pi.product_id = p.id WHERE pi.purchase_id = 25

2026/07/26 16:01:54 [32mD:/Develop/Project_pos_mahenz/BE/domain/supplier_purchase/repo/purchase_repo.go:250
[0m[33m[0.522ms] [34;1m[rows:0][0m SELECT qty, expired_date FROM product_expiry_batches WHERE purchase_item_id = 38 ORDER BY expired_date ASC
[GIN] 2026/07/26 - 16:01:54 | 200 |       7.553ms |             ::1 | POST     "/api/supplier-purchases/update/25"

2026/07/26 16:01:54 [32mD:/Develop/Project_pos_mahenz/BE/repository/log_request_repository.go:32
[0m[33m[2.002ms] [34;1m[rows:1][0m INSERT INTO log_requests (id, method, endpoint, status_code, request_body, response_body, user_id, duration_ms, ip_address, error_message, created_at) VALUES ('9c2dbb94-ad62-435c-9729-3a0a88dcc95c', 'POST', '/api/supplier-purchases/update/25', 200, '{"invoice_number":"INV-EDIT-SWAP2","supplier_id":1,"purchase_date":"2026-07-26","discount_amount":0,"payment_status":"unpaid","items":[{"product_id":13,"quantity":3,"unit":"Pieces","conversion_qty":1,"purchase_price":1000}]}', '{"code":"00","status":true,"message":"Purchase order berhasil diperbarui","data":{"id":25,"purchase_code":"PO-20260726-015","invoice_number":"INV-EDIT-SWAP2","supplier_id":1,"supplier_name":"Supplier Test Fase14","purchase_date":"2026-07-26T00:00:00+07:00","discount_amount":0,"total_amount":3000,"payment_status":"unpaid","paid_amount":0,"remaining_amount":3000,"status":"active","user_name":"Administrator","notes":"","items":[{"id":38,"product_id":13,"product_name":"Produk Test StockSwap","quantity":3,"unit":"Pieces","conversion_qty":1,"purchase_price":1000,"subtotal":3000}]}}', 2, 7, '::1', NULL, '2026-07-26 16:01:54.19')

2026/07/26 16:01:54 [32mD:/Develop/Project_pos_mahenz/BE/domain/auth/repo/auth_repo.go:46
[0m[33m[0.583ms] [34;1m[rows:1][0m SELECT id, user_id, user_role, token, device_info, expires_at FROM sessions WHERE token = 'eyJhbGciOiJIUzI1NiIsInR5cCI6IkpXVCJ9.eyJhcHBzIjoiIiwiZXhwIjoxNzg1MDg1MzE0LCJmdWxsX25hbWUiOiJBZG1pbmlzdHJhdG9yIiwicm9sZSI6ImFkbWluIiwidXNlcl9pZCI6MiwidXNlcm5hbWUiOiJhZG1pbiJ9.kIwe5koyCnh-QTTxF4Sy93sH203MCj1pLjoZPljP4Gc' LIMIT 1

2026/07/26 16:01:54 [32mD:/Develop/Project_pos_mahenz/BE/domain/product/repo/product_repo.go:136
[0m[33m[0.867ms] [34;1m[rows:1][0m 
		SELECT p.id, p.barcode, COALESCE(p.sku, '') as sku, p.name, p.category_id, COALESCE(c.name, '') as category_name,
		       p.purchase_price, p.selling_price, p.stock, p.reserved_qty, p.min_stock,
		       COALESCE(p.unit_id, 0) as unit_id, COALESCE(u.name, '') as unit_name, COALESCE(u.abbreviation, '') as unit_abbreviation,
		       p.is_active, p.created_at, p.updated_at,
		       (SELECT COUNT(*) FROM product_packages pp WHERE pp.product_id = p.id AND pp.is_default = 0) AS extra_packages,
		       (SELECT COUNT(*) FROM product_prices pr WHERE pr.product_id = p.id) AS price_tiers_count
		FROM products p
		LEFT JOIN categories c ON p.category_id = c.id
		LEFT JOIN units u ON u.id = p.unit_id
		WHERE p.id = 13 LIMIT 1
[GIN] 2026/07/26 - 16:01:54 | 200 |       2.208ms |             ::1 | POST     "/api/products/detail/13"

2026/07/26 16:01:54 [32mD:/Develop/Project_pos_mahenz/BE/repository/log_request_repository.go:32
[0m[33m[2.613ms] [34;1m[rows:1][0m INSERT INTO log_requests (id, method, endpoint, status_code, request_body, response_body, user_id, duration_ms, ip_address, error_message, created_at) VALUES ('94939025-1456-4843-8296-42aa12a282ef', 'POST', '/api/products/detail/13', 200, '', '{"code":"00","status":true,"message":"Detail produk","data":{"id":13,"barcode":"9990001112223","sku":"TESTSWAP-001","name":"Produk Test StockSwap","category_id":1,"category_name":"Sembako Test","purchase_price":1000,"selling_price":2000,"stock":0,"reserved_qty":0,"min_stock":1,"unit_id":1,"unit_name":"Pieces","unit_abbreviation":"Pcs","is_active":true,"extra_packages":0,"price_tiers_count":0}}', 2, 2, '::1', NULL, '2026-07-26 16:01:54.293')

2026/07/26 16:02:30 [32mD:/Develop/Project_pos_mahenz/BE/domain/auth/repo/auth_repo.go:17
[0m[33m[0.505ms] [34;1m[rows:1][0m SELECT u.id, u.username, u.password, u.full_name, u.role_id, r.name AS role_name, u.is_active FROM users u INNER JOIN roles r ON r.id = u.role_id WHERE u.username = 'admin' LIMIT 1

2026/07/26 16:02:30 [32mD:/Develop/Project_pos_mahenz/BE/domain/auth/repo/auth_repo.go:67
[0m[33m[3.016ms] [34;1m[rows:1][0m DELETE FROM sessions WHERE user_id = 2

2026/07/26 16:02:30 [32mD:/Develop/Project_pos_mahenz/BE/domain/auth/repo/auth_repo.go:38
[0m[33m[3.071ms] [34;1m[rows:1][0m INSERT INTO sessions (user_id, user_role, token, refresh_token, device_info, ip_address, expires_at) VALUES (2, 'admin', 'eyJhbGciOiJIUzI1NiIsInR5cCI6IkpXVCJ9.eyJhcHBzIjoiIiwiZXhwIjoxNzg1MDg1MzUwLCJmdWxsX25hbWUiOiJBZG1pbmlzdHJhdG9yIiwicm9sZSI6ImFkbWluIiwidXNlcl9pZCI6MiwidXNlcm5hbWUiOiJhZG1pbiJ9.0IU2OFOBWqEVRbcJXKZOA99it0jBomYFe5wC8l_JXwY', 'eb50dc4221b26c27e2a8891f2dfc357051a7bfafb22a20ade6880a0bb216f913', '', '::1', '2026-08-02 16:02:30.662') ON DUPLICATE KEY UPDATE user_role=VALUES(user_role), token=VALUES(token), refresh_token=VALUES(refresh_token), device_info=VALUES(device_info), ip_address=VALUES(ip_address), expires_at=VALUES(expires_at), created_at=NOW()
[GIN] 2026/07/26 - 16:02:30 | 200 |    105.4154ms |             ::1 | POST     "/api/auth/login"

2026/07/26 16:02:30 [32mD:/Develop/Project_pos_mahenz/BE/repository/log_request_repository.go:32
[0m[33m[2.424ms] [34;1m[rows:1][0m INSERT INTO log_requests (id, method, endpoint, status_code, request_body, response_body, user_id, duration_ms, ip_address, error_message, created_at) VALUES ('892cb1db-ca2e-465a-a0d5-f15446211fe2', 'POST', '/api/auth/login', 200, '{"username":"admin","password":"admin123"}', '{"code":"00","status":true,"message":"Login berhasil","data":{"token":"eyJhbGciOiJIUzI1NiIsInR5cCI6IkpXVCJ9.eyJhcHBzIjoiIiwiZXhwIjoxNzg1MDg1MzUwLCJmdWxsX25hbWUiOiJBZG1pbmlzdHJhdG9yIiwicm9sZSI6ImFkbWluIiwidXNlcl9pZCI6MiwidXNlcm5hbWUiOiJhZG1pbiJ9.0IU2OFOBWqEVRbcJXKZOA99it0jBomYFe5wC8l_JXwY","refresh_token":"eb50dc4221b26c27e2a8891f2dfc357051a7bfafb22a20ade6880a0bb216f913","expires_at":"2026-08-02T16:02:30.6621244+07:00","user":{"id":2,"username":"admin","full_name":"Administrator","role_id":2,"role_name":"admin"}}}', NULL, 105, '::1', NULL, '2026-07-26 16:02:30.668')

2026/07/26 16:02:30 [32mD:/Develop/Project_pos_mahenz/BE/domain/auth/repo/auth_repo.go:46
[0m[33m[0.505ms] [34;1m[rows:1][0m SELECT id, user_id, user_role, token, device_info, expires_at FROM sessions WHERE token = 'eyJhbGciOiJIUzI1NiIsInR5cCI6IkpXVCJ9.eyJhcHBzIjoiIiwiZXhwIjoxNzg1MDg1MzUwLCJmdWxsX25hbWUiOiJBZG1pbmlzdHJhdG9yIiwicm9sZSI6ImFkbWluIiwidXNlcl9pZCI6MiwidXNlcm5hbWUiOiJhZG1pbiJ9.0IU2OFOBWqEVRbcJXKZOA99it0jBomYFe5wC8l_JXwY' LIMIT 1

2026/07/26 16:02:30 [32mD:/Develop/Project_pos_mahenz/BE/domain/access/repo/access_repo.go:55
[0m[33m[0.938ms] [34;1m[rows:38][0m 
SELECT
    m.key_name,
    COALESCE(rma.can_view,   0) AS can_view,
    COALESCE(rma.can_create, 0) AS can_create,
    COALESCE(rma.can_edit,   0) AS can_edit,
    COALESCE(rma.can_delete, 0) AS can_delete
FROM menus m
LEFT JOIN role_menu_access rma ON rma.menu_id = m.id
    AND rma.role_id = (SELECT id FROM roles WHERE name = 'admin' AND is_active = 1 LIMIT 1)
WHERE m.is_active = 1
ORDER BY m.id ASC

2026/07/26 16:02:30 [32mD:/Develop/Project_pos_mahenz/BE/domain/product_category/repo/product_category_repo.go:79
[0m[33m[0.506ms] [34;1m[rows:1][0m SELECT c.id, c.name, COALESCE(c.code, '') as code, c.description, COALESCE(c.is_active, 1) as is_active, (SELECT COUNT(*) FROM products p WHERE p.category_id = c.id) AS product_count, (SELECT COUNT(*) FROM products p WHERE p.category_id = c.id AND p.is_active = 1) AS active_product_count, c.created_at FROM categories c WHERE c.id = 1 LIMIT 1

2026/07/26 16:02:30 [32mD:/Develop/Project_pos_mahenz/BE/domain/product_unit/repo/unit_repo.go:87
[0m[33m[0.607ms] [34;1m[rows:1][0m SELECT id, name, abbreviation, is_active, created_at FROM units WHERE id = 1 LIMIT 1

2026/07/26 16:02:30 [32mD:/Develop/Project_pos_mahenz/BE/domain/product/repo/product_generate_repo.go:12
[0m[33m[0.586ms] [34;1m[rows:0][0m SELECT id FROM products WHERE barcode = '9990001112224' AND id != 0 LIMIT 1

2026/07/26 16:02:30 [32mD:/Develop/Project_pos_mahenz/BE/domain/product/repo/product_generate_repo.go:21
[0m[33m[0.000ms] [34;1m[rows:0][0m SELECT id FROM products WHERE sku = 'TESTSWAP-C' AND id != 0 LIMIT 1

2026/07/26 16:02:30 [32mD:/Develop/Project_pos_mahenz/BE/domain/product/repo/product_generate_repo.go:30
[0m[33m[0.572ms] [34;1m[rows:0][0m SELECT id FROM products WHERE LOWER(TRIM(name)) = LOWER(TRIM('Produk Test C')) AND id != 0 LIMIT 1

2026/07/26 16:02:30 [32mD:/Develop/Project_pos_mahenz/BE/domain/product/repo/product_repo.go:212
[0m[33m[0.564ms] [34;1m[rows:1][0m INSERT INTO products (barcode, sku, name, category_id, purchase_price, selling_price, stock, min_stock, unit_id) VALUES ('9990001112224', 'TESTSWAP-C', 'Produk Test C', 1, 1000, 2000, 0, 1, 1)

2026/07/26 16:02:30 [32mD:/Develop/Project_pos_mahenz/BE/domain/product/repo/product_repo.go:219
[0m[33m[0.000ms] [34;1m[rows:1][0m SELECT LAST_INSERT_ID()

2026/07/26 16:02:30 [32mD:/Develop/Project_pos_mahenz/BE/domain/product/repo/product_repo.go:223
[0m[33m[0.579ms] [34;1m[rows:1][0m INSERT INTO product_packages (product_id, unit_id, purchase_price, selling_price, is_default) VALUES (14, 1, 1000, 2000, 1)

2026/07/26 16:02:30 [32mD:/Develop/Project_pos_mahenz/BE/domain/product/repo/product_repo.go:227
[0m[33m[0.000ms] [34;1m[rows:1][0m SELECT LAST_INSERT_ID()

2026/07/26 16:02:30 [32mD:/Develop/Project_pos_mahenz/BE/domain/product/repo/product_repo.go:136
[0m[33m[1.495ms] [34;1m[rows:1][0m 
		SELECT p.id, p.barcode, COALESCE(p.sku, '') as sku, p.name, p.category_id, COALESCE(c.name, '') as category_name,
		       p.purchase_price, p.selling_price, p.stock, p.reserved_qty, p.min_stock,
		       COALESCE(p.unit_id, 0) as unit_id, COALESCE(u.name, '') as unit_name, COALESCE(u.abbreviation, '') as unit_abbreviation,
		       p.is_active, p.created_at, p.updated_at,
		       (SELECT COUNT(*) FROM product_packages pp WHERE pp.product_id = p.id AND pp.is_default = 0) AS extra_packages,
		       (SELECT COUNT(*) FROM product_prices pr WHERE pr.product_id = p.id) AS price_tiers_count
		FROM products p
		LEFT JOIN categories c ON p.category_id = c.id
		LEFT JOIN units u ON u.id = p.unit_id
		WHERE p.id = 14 LIMIT 1
[GIN] 2026/07/26 - 16:02:30 | 201 |      7.5395ms |             ::1 | POST     "/api/products/create"

2026/07/26 16:02:30 [32mD:/Develop/Project_pos_mahenz/BE/repository/log_request_repository.go:32
[0m[33m[2.246ms] [34;1m[rows:1][0m INSERT INTO log_requests (id, method, endpoint, status_code, request_body, response_body, user_id, duration_ms, ip_address, error_message, created_at) VALUES ('182dcb8b-3f18-480c-a4b7-73bf6334bf85', 'POST', '/api/products/create', 201, '{"name":"Produk Test C","barcode":"9990001112224","sku":"TESTSWAP-C","category_id":1,"unit_id":1,"purchase_price":1000,"selling_price":2000,"min_stock":1,"is_active":true}', '{"code":"00","status":true,"message":"Produk berhasil dibuat","data":{"id":14,"barcode":"9990001112224","sku":"TESTSWAP-C","name":"Produk Test C","category_id":1,"category_name":"Sembako Test","purchase_price":1000,"selling_price":2000,"stock":0,"reserved_qty":0,"min_stock":1,"unit_id":1,"unit_name":"Pieces","unit_abbreviation":"Pcs","is_active":true,"extra_packages":0,"price_tiers_count":0}}', 2, 7, '::1', NULL, '2026-07-26 16:02:30.81')

2026/07/26 16:02:44 [32mD:/Develop/Project_pos_mahenz/BE/domain/auth/repo/auth_repo.go:17
[0m[33m[1.066ms] [34;1m[rows:1][0m SELECT u.id, u.username, u.password, u.full_name, u.role_id, r.name AS role_name, u.is_active FROM users u INNER JOIN roles r ON r.id = u.role_id WHERE u.username = 'admin' LIMIT 1

2026/07/26 16:02:44 [32mD:/Develop/Project_pos_mahenz/BE/domain/auth/repo/auth_repo.go:67
[0m[33m[0.000ms] [34;1m[rows:1][0m DELETE FROM sessions WHERE user_id = 2

2026/07/26 16:02:44 [32mD:/Develop/Project_pos_mahenz/BE/domain/auth/repo/auth_repo.go:38
[0m[33m[1.687ms] [34;1m[rows:1][0m INSERT INTO sessions (user_id, user_role, token, refresh_token, device_info, ip_address, expires_at) VALUES (2, 'admin', 'eyJhbGciOiJIUzI1NiIsInR5cCI6IkpXVCJ9.eyJhcHBzIjoiIiwiZXhwIjoxNzg1MDg1MzY0LCJmdWxsX25hbWUiOiJBZG1pbmlzdHJhdG9yIiwicm9sZSI6ImFkbWluIiwidXNlcl9pZCI6MiwidXNlcm5hbWUiOiJhZG1pbiJ9.WHBNMXpDblalUaA6mej8cYdPDUHGaiW4imAU1xeop-I', '6eb27920f21c258fb2a303658c84eea19e4b00a5810cca01b1c0e5a8e81efb36', '', '::1', '2026-08-02 16:02:44.295') ON DUPLICATE KEY UPDATE user_role=VALUES(user_role), token=VALUES(token), refresh_token=VALUES(refresh_token), device_info=VALUES(device_info), ip_address=VALUES(ip_address), expires_at=VALUES(expires_at), created_at=NOW()
[GIN] 2026/07/26 - 16:02:44 | 200 |     83.1764ms |             ::1 | POST     "/api/auth/login"

2026/07/26 16:02:44 [32mD:/Develop/Project_pos_mahenz/BE/repository/log_request_repository.go:32
[0m[33m[4.549ms] [34;1m[rows:1][0m INSERT INTO log_requests (id, method, endpoint, status_code, request_body, response_body, user_id, duration_ms, ip_address, error_message, created_at) VALUES ('b2ad513a-7dfe-4ad4-83f0-bb8841edc03c', 'POST', '/api/auth/login', 200, '{"username":"admin","password":"admin123"}', '{"code":"00","status":true,"message":"Login berhasil","data":{"token":"eyJhbGciOiJIUzI1NiIsInR5cCI6IkpXVCJ9.eyJhcHBzIjoiIiwiZXhwIjoxNzg1MDg1MzY0LCJmdWxsX25hbWUiOiJBZG1pbmlzdHJhdG9yIiwicm9sZSI6ImFkbWluIiwidXNlcl9pZCI6MiwidXNlcm5hbWUiOiJhZG1pbiJ9.WHBNMXpDblalUaA6mej8cYdPDUHGaiW4imAU1xeop-I","refresh_token":"6eb27920f21c258fb2a303658c84eea19e4b00a5810cca01b1c0e5a8e81efb36","expires_at":"2026-08-02T16:02:44.2954924+07:00","user":{"id":2,"username":"admin","full_name":"Administrator","role_id":2,"role_name":"admin"}}}', NULL, 83, '::1', NULL, '2026-07-26 16:02:44.301')

2026/07/26 16:02:44 [32mD:/Develop/Project_pos_mahenz/BE/domain/auth/repo/auth_repo.go:46
[0m[33m[2.093ms] [34;1m[rows:1][0m SELECT id, user_id, user_role, token, device_info, expires_at FROM sessions WHERE token = 'eyJhbGciOiJIUzI1NiIsInR5cCI6IkpXVCJ9.eyJhcHBzIjoiIiwiZXhwIjoxNzg1MDg1MzY0LCJmdWxsX25hbWUiOiJBZG1pbmlzdHJhdG9yIiwicm9sZSI6ImFkbWluIiwidXNlcl9pZCI6MiwidXNlcm5hbWUiOiJhZG1pbiJ9.WHBNMXpDblalUaA6mej8cYdPDUHGaiW4imAU1xeop-I' LIMIT 1

2026/07/26 16:02:44 [32mD:/Develop/Project_pos_mahenz/BE/domain/supplier_purchase/repo/purchase_repo.go:318
[0m[33m[0.525ms] [34;1m[rows:1][0m SELECT COUNT(*) FROM purchases WHERE DATE(purchase_date) = '2026-07-26'

2026/07/26 16:02:44 [32mD:/Develop/Project_pos_mahenz/BE/domain/supplier_purchase/repo/purchase_repo.go:338
[0m[33m[0.520ms] [34;1m[rows:1][0m INSERT INTO purchases (purchase_code, invoice_number, supplier_id, purchase_date, discount_amount, total_amount, payment_status, paid_amount, remaining_amount, user_id, notes) VALUES ('PO-20260726-019', 'INV-BASESTOCK-C', 1, '2026-07-26', 0, 3000, 'unpaid', 0, 3000, 2, '')

2026/07/26 16:02:44 [32mD:/Develop/Project_pos_mahenz/BE/domain/supplier_purchase/repo/purchase_repo.go:345
[0m[33m[0.000ms] [34;1m[rows:1][0m SELECT LAST_INSERT_ID()

2026/07/26 16:02:44 [32mD:/Develop/Project_pos_mahenz/BE/domain/supplier_purchase/repo/purchase_repo.go:366
[0m[33m[0.526ms] [34;1m[rows:1][0m INSERT INTO purchase_items (purchase_id, product_id, quantity, unit, conversion_qty, purchase_price, subtotal) VALUES (29, 14, 3, 'Pieces', 1, 1000, 3000)

2026/07/26 16:02:44 [32mD:/Develop/Project_pos_mahenz/BE/domain/supplier_purchase/repo/purchase_repo.go:384
[0m[33m[0.514ms] [34;1m[rows:1][0m SELECT stock FROM products WHERE id = 14 LIMIT 1

2026/07/26 16:02:44 [32mD:/Develop/Project_pos_mahenz/BE/domain/supplier_purchase/repo/purchase_repo.go:388
[0m[33m[0.617ms] [34;1m[rows:1][0m UPDATE products SET stock = stock + 3, updated_at = NOW() WHERE id = 14

2026/07/26 16:02:44 [32mD:/Develop/Project_pos_mahenz/BE/domain/supplier_purchase/repo/purchase_repo.go:394
[0m[33m[0.000ms] [34;1m[rows:1][0m INSERT INTO stock_mutations (product_id, mutation_type, quantity, stock_before, stock_after, reference_type, reference_id, notes, user_id) VALUES (14, 'in', 3, 0, 3, 'purchase', 29, 'Purchase Order PO-20260726-019', 2)

2026/07/26 16:02:44 [32mD:/Develop/Project_pos_mahenz/BE/domain/supplier_purchase/repo/purchase_repo.go:174
[0m[33m[0.690ms] [34;1m[rows:-][0m SELECT p.id, p.purchase_code, p.invoice_number, p.supplier_id, COALESCE(s.name, '') as supplier_name, p.purchase_date, p.discount_amount, p.total_amount, p.payment_status, p.paid_amount, p.remaining_amount, p.status, COALESCE(u.full_name, '') as user_name, p.notes FROM purchases p LEFT JOIN users u ON p.user_id = u.id LEFT JOIN suppliers s ON p.supplier_id = s.id WHERE p.id = 29

2026/07/26 16:02:44 [32mD:/Develop/Project_pos_mahenz/BE/domain/supplier_purchase/repo/purchase_repo.go:216
[0m[33m[0.531ms] [34;1m[rows:-][0m SELECT pi.id, pi.product_id, COALESCE(p.name, '') as product_name, pi.quantity, pi.unit, COALESCE(pi.conversion_qty, 1) as conversion_qty, pi.purchase_price, pi.subtotal FROM purchase_items pi LEFT JOIN products p ON pi.product_id = p.id WHERE pi.purchase_id = 29

2026/07/26 16:02:44 [32mD:/Develop/Project_pos_mahenz/BE/domain/supplier_purchase/repo/purchase_repo.go:250
[0m[33m[0.711ms] [34;1m[rows:0][0m SELECT qty, expired_date FROM product_expiry_batches WHERE purchase_item_id = 39 ORDER BY expired_date ASC
[GIN] 2026/07/26 - 16:02:44 | 201 |     10.2238ms |             ::1 | POST     "/api/supplier-purchases/create"

2026/07/26 16:02:44 [32mD:/Develop/Project_pos_mahenz/BE/repository/log_request_repository.go:32
[0m[33m[2.680ms] [34;1m[rows:1][0m INSERT INTO log_requests (id, method, endpoint, status_code, request_body, response_body, user_id, duration_ms, ip_address, error_message, created_at) VALUES ('f9990907-429d-4050-b219-adcc1ae0b169', 'POST', '/api/supplier-purchases/create', 201, '{"invoice_number":"INV-BASESTOCK-C","supplier_id":1,"purchase_date":"2026-07-26","discount_amount":0,"payment_status":"unpaid","items":[{"product_id":14,"quantity":3,"unit":"Pieces","conversion_qty":1,"purchase_price":1000}]}', '{"code":"21","status":true,"message":"Purchase order berhasil dibuat","data":{"id":29,"purchase_code":"PO-20260726-019","invoice_number":"INV-BASESTOCK-C","supplier_id":1,"supplier_name":"Supplier Test Fase14","purchase_date":"2026-07-26T00:00:00+07:00","discount_amount":0,"total_amount":3000,"payment_status":"unpaid","paid_amount":0,"remaining_amount":3000,"status":"active","user_name":"Administrator","notes":"","items":[{"id":39,"product_id":14,"product_name":"Produk Test C","quantity":3,"unit":"Pieces","conversion_qty":1,"purchase_price":1000,"subtotal":3000}]}}', 2, 10, '::1', NULL, '2026-07-26 16:02:44.43')

2026/07/26 16:02:44 [32mD:/Develop/Project_pos_mahenz/BE/domain/auth/repo/auth_repo.go:46
[0m[33m[1.483ms] [34;1m[rows:1][0m SELECT id, user_id, user_role, token, device_info, expires_at FROM sessions WHERE token = 'eyJhbGciOiJIUzI1NiIsInR5cCI6IkpXVCJ9.eyJhcHBzIjoiIiwiZXhwIjoxNzg1MDg1MzY0LCJmdWxsX25hbWUiOiJBZG1pbmlzdHJhdG9yIiwicm9sZSI6ImFkbWluIiwidXNlcl9pZCI6MiwidXNlcm5hbWUiOiJhZG1pbiJ9.WHBNMXpDblalUaA6mej8cYdPDUHGaiW4imAU1xeop-I' LIMIT 1

2026/07/26 16:02:44 [32mD:/Develop/Project_pos_mahenz/BE/domain/supplier_purchase/repo/purchase_repo.go:318
[0m[33m[1.096ms] [34;1m[rows:1][0m SELECT COUNT(*) FROM purchases WHERE DATE(purchase_date) = '2026-07-26'

2026/07/26 16:02:44 [32mD:/Develop/Project_pos_mahenz/BE/domain/supplier_purchase/repo/purchase_repo.go:338
[0m[33m[0.507ms] [34;1m[rows:1][0m INSERT INTO purchases (purchase_code, invoice_number, supplier_id, purchase_date, discount_amount, total_amount, payment_status, paid_amount, remaining_amount, user_id, notes) VALUES ('PO-20260726-020', 'INV-EDIT-SWAP-B', 1, '2026-07-26', 0, 10000, 'unpaid', 0, 10000, 2, '')

2026/07/26 16:02:44 [32mD:/Develop/Project_pos_mahenz/BE/domain/supplier_purchase/repo/purchase_repo.go:345
[0m[33m[0.665ms] [34;1m[rows:1][0m SELECT LAST_INSERT_ID()

2026/07/26 16:02:44 [32mD:/Develop/Project_pos_mahenz/BE/domain/supplier_purchase/repo/purchase_repo.go:366
[0m[33m[0.000ms] [34;1m[rows:1][0m INSERT INTO purchase_items (purchase_id, product_id, quantity, unit, conversion_qty, purchase_price, subtotal) VALUES (30, 14, 10, 'Pieces', 1, 1000, 10000)

2026/07/26 16:02:44 [32mD:/Develop/Project_pos_mahenz/BE/domain/supplier_purchase/repo/purchase_repo.go:384
[0m[33m[0.000ms] [34;1m[rows:1][0m SELECT stock FROM products WHERE id = 14 LIMIT 1

2026/07/26 16:02:44 [32mD:/Develop/Project_pos_mahenz/BE/domain/supplier_purchase/repo/purchase_repo.go:388
[0m[33m[0.520ms] [34;1m[rows:1][0m UPDATE products SET stock = stock + 10, updated_at = NOW() WHERE id = 14

2026/07/26 16:02:44 [32mD:/Develop/Project_pos_mahenz/BE/domain/supplier_purchase/repo/purchase_repo.go:394
[0m[33m[0.609ms] [34;1m[rows:1][0m INSERT INTO stock_mutations (product_id, mutation_type, quantity, stock_before, stock_after, reference_type, reference_id, notes, user_id) VALUES (14, 'in', 10, 3, 13, 'purchase', 30, 'Purchase Order PO-20260726-020', 2)

2026/07/26 16:02:44 [32mD:/Develop/Project_pos_mahenz/BE/domain/supplier_purchase/repo/purchase_repo.go:174
[0m[33m[0.000ms] [34;1m[rows:-][0m SELECT p.id, p.purchase_code, p.invoice_number, p.supplier_id, COALESCE(s.name, '') as supplier_name, p.purchase_date, p.discount_amount, p.total_amount, p.payment_status, p.paid_amount, p.remaining_amount, p.status, COALESCE(u.full_name, '') as user_name, p.notes FROM purchases p LEFT JOIN users u ON p.user_id = u.id LEFT JOIN suppliers s ON p.supplier_id = s.id WHERE p.id = 30

2026/07/26 16:02:44 [32mD:/Develop/Project_pos_mahenz/BE/domain/supplier_purchase/repo/purchase_repo.go:216
[0m[33m[0.514ms] [34;1m[rows:-][0m SELECT pi.id, pi.product_id, COALESCE(p.name, '') as product_name, pi.quantity, pi.unit, COALESCE(pi.conversion_qty, 1) as conversion_qty, pi.purchase_price, pi.subtotal FROM purchase_items pi LEFT JOIN products p ON pi.product_id = p.id WHERE pi.purchase_id = 30

2026/07/26 16:02:44 [32mD:/Develop/Project_pos_mahenz/BE/domain/supplier_purchase/repo/purchase_repo.go:250
[0m[33m[0.590ms] [34;1m[rows:0][0m SELECT qty, expired_date FROM product_expiry_batches WHERE purchase_item_id = 40 ORDER BY expired_date ASC
[GIN] 2026/07/26 - 16:02:44 | 201 |      9.5225ms |             ::1 | POST     "/api/supplier-purchases/create"

2026/07/26 16:02:44 [32mD:/Develop/Project_pos_mahenz/BE/repository/log_request_repository.go:32
[0m[33m[2.351ms] [34;1m[rows:1][0m INSERT INTO log_requests (id, method, endpoint, status_code, request_body, response_body, user_id, duration_ms, ip_address, error_message, created_at) VALUES ('93d2ee59-92d0-4c65-98bd-60524c99d63f', 'POST', '/api/supplier-purchases/create', 201, '{"invoice_number":"INV-EDIT-SWAP-B","supplier_id":1,"purchase_date":"2026-07-26","discount_amount":0,"payment_status":"unpaid","items":[{"product_id":14,"quantity":10,"unit":"Pieces","conversion_qty":1,"purchase_price":1000}]}', '{"code":"21","status":true,"message":"Purchase order berhasil dibuat","data":{"id":30,"purchase_code":"PO-20260726-020","invoice_number":"INV-EDIT-SWAP-B","supplier_id":1,"supplier_name":"Supplier Test Fase14","purchase_date":"2026-07-26T00:00:00+07:00","discount_amount":0,"total_amount":10000,"payment_status":"unpaid","paid_amount":0,"remaining_amount":10000,"status":"active","user_name":"Administrator","notes":"","items":[{"id":40,"product_id":14,"product_name":"Produk Test C","quantity":10,"unit":"Pieces","conversion_qty":1,"purchase_price":1000,"subtotal":10000}]}}', 2, 9, '::1', NULL, '2026-07-26 16:02:44.545')

2026/07/26 16:02:44 [32mD:/Develop/Project_pos_mahenz/BE/domain/auth/repo/auth_repo.go:46
[0m[33m[0.505ms] [34;1m[rows:1][0m SELECT id, user_id, user_role, token, device_info, expires_at FROM sessions WHERE token = 'eyJhbGciOiJIUzI1NiIsInR5cCI6IkpXVCJ9.eyJhcHBzIjoiIiwiZXhwIjoxNzg1MDg1MzY0LCJmdWxsX25hbWUiOiJBZG1pbmlzdHJhdG9yIiwicm9sZSI6ImFkbWluIiwidXNlcl9pZCI6MiwidXNlcm5hbWUiOiJhZG1pbiJ9.WHBNMXpDblalUaA6mej8cYdPDUHGaiW4imAU1xeop-I' LIMIT 1

2026/07/26 16:02:44 [32mD:/Develop/Project_pos_mahenz/BE/domain/product/repo/product_repo.go:136
[0m[33m[0.882ms] [34;1m[rows:1][0m 
		SELECT p.id, p.barcode, COALESCE(p.sku, '') as sku, p.name, p.category_id, COALESCE(c.name, '') as category_name,
		       p.purchase_price, p.selling_price, p.stock, p.reserved_qty, p.min_stock,
		       COALESCE(p.unit_id, 0) as unit_id, COALESCE(u.name, '') as unit_name, COALESCE(u.abbreviation, '') as unit_abbreviation,
		       p.is_active, p.created_at, p.updated_at,
		       (SELECT COUNT(*) FROM product_packages pp WHERE pp.product_id = p.id AND pp.is_default = 0) AS extra_packages,
		       (SELECT COUNT(*) FROM product_prices pr WHERE pr.product_id = p.id) AS price_tiers_count
		FROM products p
		LEFT JOIN categories c ON p.category_id = c.id
		LEFT JOIN units u ON u.id = p.unit_id
		WHERE p.id = 14 LIMIT 1
[GIN] 2026/07/26 - 16:02:44 | 200 |      2.0326ms |             ::1 | POST     "/api/products/detail/14"

2026/07/26 16:02:44 [32mD:/Develop/Project_pos_mahenz/BE/repository/log_request_repository.go:32
[0m[33m[3.216ms] [34;1m[rows:1][0m INSERT INTO log_requests (id, method, endpoint, status_code, request_body, response_body, user_id, duration_ms, ip_address, error_message, created_at) VALUES ('50e29642-4aac-45fe-b656-b68b2dda120b', 'POST', '/api/products/detail/14', 200, '', '{"code":"00","status":true,"message":"Detail produk","data":{"id":14,"barcode":"9990001112224","sku":"TESTSWAP-C","name":"Produk Test C","category_id":1,"category_name":"Sembako Test","purchase_price":1000,"selling_price":2000,"stock":13,"reserved_qty":0,"min_stock":1,"unit_id":1,"unit_name":"Pieces","unit_abbreviation":"Pcs","is_active":true,"extra_packages":0,"price_tiers_count":0}}', 2, 2, '::1', NULL, '2026-07-26 16:02:44.652')

2026/07/26 16:04:00 [32mD:/Develop/Project_pos_mahenz/BE/domain/auth/repo/auth_repo.go:17
[0m[33m[0.505ms] [34;1m[rows:1][0m SELECT u.id, u.username, u.password, u.full_name, u.role_id, r.name AS role_name, u.is_active FROM users u INNER JOIN roles r ON r.id = u.role_id WHERE u.username = 'admin' LIMIT 1

2026/07/26 16:04:00 [32mD:/Develop/Project_pos_mahenz/BE/domain/auth/repo/auth_repo.go:67
[0m[33m[3.797ms] [34;1m[rows:1][0m DELETE FROM sessions WHERE user_id = 2

2026/07/26 16:04:00 [32mD:/Develop/Project_pos_mahenz/BE/domain/auth/repo/auth_repo.go:38
[0m[33m[1.044ms] [34;1m[rows:1][0m INSERT INTO sessions (user_id, user_role, token, refresh_token, device_info, ip_address, expires_at) VALUES (2, 'admin', 'eyJhbGciOiJIUzI1NiIsInR5cCI6IkpXVCJ9.eyJhcHBzIjoiIiwiZXhwIjoxNzg1MDg1NDQwLCJmdWxsX25hbWUiOiJBZG1pbmlzdHJhdG9yIiwicm9sZSI6ImFkbWluIiwidXNlcl9pZCI6MiwidXNlcm5hbWUiOiJhZG1pbiJ9.8stC7fbkNEtEnI0ytabNTfX4oJyRlrBMOn3Eu_mfw3c', '0f4a2addb65de770bed1f7cc69e27fa9efd9349b83cf1ba8a76ec13b9ffd275e', '', '::1', '2026-08-02 16:04:00.572') ON DUPLICATE KEY UPDATE user_role=VALUES(user_role), token=VALUES(token), refresh_token=VALUES(refresh_token), device_info=VALUES(device_info), ip_address=VALUES(ip_address), expires_at=VALUES(expires_at), created_at=NOW()
[GIN] 2026/07/26 - 16:04:00 | 200 |    100.5759ms |             ::1 | POST     "/api/auth/login"

2026/07/26 16:04:00 [32mD:/Develop/Project_pos_mahenz/BE/repository/log_request_repository.go:32
[0m[33m[1.612ms] [34;1m[rows:1][0m INSERT INTO log_requests (id, method, endpoint, status_code, request_body, response_body, user_id, duration_ms, ip_address, error_message, created_at) VALUES ('25560405-aa9a-4e91-96e6-9b6d8322a023', 'POST', '/api/auth/login', 200, '{"username":"admin","password":"admin123"}', '{"code":"00","status":true,"message":"Login berhasil","data":{"token":"eyJhbGciOiJIUzI1NiIsInR5cCI6IkpXVCJ9.eyJhcHBzIjoiIiwiZXhwIjoxNzg1MDg1NDQwLCJmdWxsX25hbWUiOiJBZG1pbmlzdHJhdG9yIiwicm9sZSI6ImFkbWluIiwidXNlcl9pZCI6MiwidXNlcm5hbWUiOiJhZG1pbiJ9.8stC7fbkNEtEnI0ytabNTfX4oJyRlrBMOn3Eu_mfw3c","refresh_token":"0f4a2addb65de770bed1f7cc69e27fa9efd9349b83cf1ba8a76ec13b9ffd275e","expires_at":"2026-08-02T16:04:00.5728814+07:00","user":{"id":2,"username":"admin","full_name":"Administrator","role_id":2,"role_name":"admin"}}}', NULL, 100, '::1', NULL, '2026-07-26 16:04:00.579')

2026/07/26 16:04:00 [32mD:/Develop/Project_pos_mahenz/BE/domain/auth/repo/auth_repo.go:46
[0m[33m[1.026ms] [34;1m[rows:1][0m SELECT id, user_id, user_role, token, device_info, expires_at FROM sessions WHERE token = 'eyJhbGciOiJIUzI1NiIsInR5cCI6IkpXVCJ9.eyJhcHBzIjoiIiwiZXhwIjoxNzg1MDg1NDQwLCJmdWxsX25hbWUiOiJBZG1pbmlzdHJhdG9yIiwicm9sZSI6ImFkbWluIiwidXNlcl9pZCI6MiwidXNlcm5hbWUiOiJhZG1pbiJ9.8stC7fbkNEtEnI0ytabNTfX4oJyRlrBMOn3Eu_mfw3c' LIMIT 1

2026/07/26 16:04:00 [32mD:/Develop/Project_pos_mahenz/BE/domain/cash_drawer/repo/cash_drawer_repo.go:149
[0m[33m[0.913ms] [34;1m[rows:1][0m SELECT cd.id, cd.user_id, cd.shift_id, cd.open_time, cd.opening_balance, cd.total_sales, cd.total_cash_sales, cd.total_expenses, (cd.opening_balance + COALESCE((SELECT SUM(total_amount) FROM transactions WHERE user_id = cd.user_id AND payment_method = 'cash' AND status = 'completed' AND transaction_date >= cd.open_time), 0) - COALESCE((SELECT SUM(amount) FROM expenses WHERE user_id = cd.user_id AND created_at >= cd.open_time), 0)) as expected_balance, cd.status FROM cash_drawer cd WHERE cd.user_id = 2 AND cd.status = 'open' LIMIT 1

2026/07/26 16:04:00 [32mD:/Develop/Project_pos_mahenz/BE/domain/product/repo/product_repo.go:136
[0m[33m[0.506ms] [34;1m[rows:1][0m 
		SELECT p.id, p.barcode, COALESCE(p.sku, '') as sku, p.name, p.category_id, COALESCE(c.name, '') as category_name,
		       p.purchase_price, p.selling_price, p.stock, p.reserved_qty, p.min_stock,
		       COALESCE(p.unit_id, 0) as unit_id, COALESCE(u.name, '') as unit_name, COALESCE(u.abbreviation, '') as unit_abbreviation,
		       p.is_active, p.created_at, p.updated_at,
		       (SELECT COUNT(*) FROM product_packages pp WHERE pp.product_id = p.id AND pp.is_default = 0) AS extra_packages,
		       (SELECT COUNT(*) FROM product_prices pr WHERE pr.product_id = p.id) AS price_tiers_count
		FROM products p
		LEFT JOIN categories c ON p.category_id = c.id
		LEFT JOIN units u ON u.id = p.unit_id
		WHERE p.id = 14 LIMIT 1

2026/07/26 16:04:00 [32mD:/Develop/Project_pos_mahenz/BE/domain/product/repo/product_price_repo.go:13
[0m[33m[0.000ms] [34;1m[rows:0][0m SELECT id, product_id, tier_name, min_qty, price FROM product_prices WHERE product_id = 14 ORDER BY min_qty

2026/07/26 16:04:00 [32mD:/Develop/Project_pos_mahenz/BE/domain/transaction/repo/transaction_repo.go:190
[0m[33m[0.756ms] [34;1m[rows:1][0m SELECT COUNT(*) FROM transactions WHERE DATE(transaction_date) = CURDATE() AND device_source = 'web'

2026/07/26 16:04:00 [32mD:/Develop/Project_pos_mahenz/BE/domain/transaction/repo/transaction_repo.go:196
[0m[33m[0.551ms] [34;1m[rows:1][0m INSERT INTO transactions (transaction_code, user_id, shift_id, transaction_date, subtotal, discount, tax, total_amount, payment_method, payment_amount, change_amount, customer_id, is_credit, status, device_source) VALUES ('WEB-20260726-002', 2, NULL, '2026-07-26 16:04:00.706', 2000, 0, 0, 2000, 'cash', 2000, 0, NULL, false, 'completed', 'web')

2026/07/26 16:04:00 [32mD:/Develop/Project_pos_mahenz/BE/domain/transaction/repo/transaction_repo.go:206
[0m[33m[0.968ms] [34;1m[rows:1][0m SELECT LAST_INSERT_ID()

2026/07/26 16:04:00 [32mD:/Develop/Project_pos_mahenz/BE/domain/transaction/repo/transaction_repo.go:241
[0m[33m[1.070ms] [34;1m[rows:1][0m SELECT stock FROM products WHERE id = 14 LIMIT 1

2026/07/26 16:04:00 [32mD:/Develop/Project_pos_mahenz/BE/domain/transaction/repo/transaction_repo.go:248
[0m[33m[1.032ms] [34;1m[rows:1][0m SELECT purchase_price FROM products WHERE id = 14 LIMIT 1

2026/07/26 16:04:00 [32mD:/Develop/Project_pos_mahenz/BE/domain/transaction/repo/transaction_repo.go:253
[0m[33m[0.000ms] [34;1m[rows:1][0m UPDATE products SET stock = stock - 1, updated_at = NOW() WHERE id = 14 AND (stock - reserved_qty) >= 1

2026/07/26 16:04:00 [32mD:/Develop/Project_pos_mahenz/BE/domain/transaction/repo/transaction_repo.go:262
[0m[33m[0.823ms] [34;1m[rows:1][0m INSERT INTO transaction_items (transaction_id, product_id, product_name, quantity, unit, price, purchase_price, subtotal, discount_item, conversion_qty, unit_id) VALUES (2, 14, 'Produk Test C', 1, 'Pieces', 2000, 1000, 2000, 0, 1, NULL)

2026/07/26 16:04:00 [32mD:/Develop/Project_pos_mahenz/BE/domain/transaction/repo/transaction_repo.go:273
[0m[33m[0.888ms] [34;1m[rows:1][0m INSERT INTO stock_mutations (product_id, mutation_type, quantity, stock_before, stock_after, reference_type, reference_id, notes, user_id) VALUES (14, 'out', 1, 13, 12, 'transaction', 2, 'Transaksi WEB-20260726-002', 2)

2026/07/26 16:04:00 [32mD:/Develop/Project_pos_mahenz/BE/domain/cash_drawer/repo/cash_drawer_repo.go:149
[0m[33m[1.149ms] [34;1m[rows:1][0m SELECT cd.id, cd.user_id, cd.shift_id, cd.open_time, cd.opening_balance, cd.total_sales, cd.total_cash_sales, cd.total_expenses, (cd.opening_balance + COALESCE((SELECT SUM(total_amount) FROM transactions WHERE user_id = cd.user_id AND payment_method = 'cash' AND status = 'completed' AND transaction_date >= cd.open_time), 0) - COALESCE((SELECT SUM(amount) FROM expenses WHERE user_id = cd.user_id AND created_at >= cd.open_time), 0)) as expected_balance, cd.status FROM cash_drawer cd WHERE cd.user_id = 2 AND cd.status = 'open' LIMIT 1

2026/07/26 16:04:00 [32mD:/Develop/Project_pos_mahenz/BE/domain/cash_drawer/repo/cash_drawer_repo.go:280
[0m[33m[0.582ms] [34;1m[rows:1][0m UPDATE cash_drawer SET total_sales = total_sales + 2000, total_cash_sales = total_cash_sales + 2000, expected_balance = opening_balance + total_cash_sales - total_expenses, updated_at = NOW() WHERE id = 2
[GIN] 2026/07/26 - 16:04:00 | 201 |     18.7139ms |             ::1 | POST     "/api/transactions/create"

2026/07/26 16:04:00 [32mD:/Develop/Project_pos_mahenz/BE/repository/log_request_repository.go:32
[0m[33m[1.695ms] [34;1m[rows:1][0m INSERT INTO log_requests (id, method, endpoint, status_code, request_body, response_body, user_id, duration_ms, ip_address, error_message, created_at) VALUES ('62e7696e-66af-4648-97ae-acc24dd88b60', 'POST', '/api/transactions/create', 201, '{
  "subtotal":2000,"discount":0,"tax":0,"total_amount":2000,
  "payment_method":"cash","payment_amount":2000,"change_amount":0,
  "is_credit":false,"device_source":"web",
  "items":[{"product_id":14,"product_name":"Produk Test C","quantity":1,"unit":"Pieces","price":2000,"subtotal":2000,"discount_item":0,"conversion_qty":1}]
}', '{"code":"00","status":true,"message":"Transaksi berhasil dibuat","data":{"id":2,"transaction_code":"WEB-20260726-002","user_id":2,"kasir_name":"","shift_id":null,"transaction_date":"2026-07-26T16:04:00.7166815+07:00","subtotal":2000,"discount":0,"tax":0,"total_amount":2000,"payment_method":"cash","payment_amount":2000,"change_amount":0,"customer_id":null,"customer_name":"","is_credit":false,"status":"completed","device_source":"web","items":[{"id":0,"product_id":14,"product_name":"Produk Test C","quantity":1,"unit":"Pieces","price":2000,"subtotal":2000,"discount_item":0,"conversion_qty":1,"unit_id":null}]}}', 2, 18, '::1', NULL, '2026-07-26 16:04:00.72')

2026/07/26 16:04:00 [32mD:/Develop/Project_pos_mahenz/BE/domain/auth/repo/auth_repo.go:46
[0m[33m[0.505ms] [34;1m[rows:1][0m SELECT id, user_id, user_role, token, device_info, expires_at FROM sessions WHERE token = 'eyJhbGciOiJIUzI1NiIsInR5cCI6IkpXVCJ9.eyJhcHBzIjoiIiwiZXhwIjoxNzg1MDg1NDQwLCJmdWxsX25hbWUiOiJBZG1pbmlzdHJhdG9yIiwicm9sZSI6ImFkbWluIiwidXNlcl9pZCI6MiwidXNlcm5hbWUiOiJhZG1pbiJ9.8stC7fbkNEtEnI0ytabNTfX4oJyRlrBMOn3Eu_mfw3c' LIMIT 1

2026/07/26 16:04:00 [32mD:/Develop/Project_pos_mahenz/BE/domain/product/repo/product_repo.go:136
[0m[33m[0.530ms] [34;1m[rows:1][0m 
		SELECT p.id, p.barcode, COALESCE(p.sku, '') as sku, p.name, p.category_id, COALESCE(c.name, '') as category_name,
		       p.purchase_price, p.selling_price, p.stock, p.reserved_qty, p.min_stock,
		       COALESCE(p.unit_id, 0) as unit_id, COALESCE(u.name, '') as unit_name, COALESCE(u.abbreviation, '') as unit_abbreviation,
		       p.is_active, p.created_at, p.updated_at,
		       (SELECT COUNT(*) FROM product_packages pp WHERE pp.product_id = p.id AND pp.is_default = 0) AS extra_packages,
		       (SELECT COUNT(*) FROM product_prices pr WHERE pr.product_id = p.id) AS price_tiers_count
		FROM products p
		LEFT JOIN categories c ON p.category_id = c.id
		LEFT JOIN units u ON u.id = p.unit_id
		WHERE p.id = 14 LIMIT 1
[GIN] 2026/07/26 - 16:04:00 | 200 |      1.7378ms |             ::1 | POST     "/api/products/detail/14"

2026/07/26 16:04:00 [32mD:/Develop/Project_pos_mahenz/BE/repository/log_request_repository.go:32
[0m[33m[2.588ms] [34;1m[rows:1][0m INSERT INTO log_requests (id, method, endpoint, status_code, request_body, response_body, user_id, duration_ms, ip_address, error_message, created_at) VALUES ('21525a2e-cd58-4402-96ed-db4070212997', 'POST', '/api/products/detail/14', 200, '', '{"code":"00","status":true,"message":"Detail produk","data":{"id":14,"barcode":"9990001112224","sku":"TESTSWAP-C","name":"Produk Test C","category_id":1,"category_name":"Sembako Test","purchase_price":1000,"selling_price":2000,"stock":12,"reserved_qty":0,"min_stock":1,"unit_id":1,"unit_name":"Pieces","unit_abbreviation":"Pcs","is_active":true,"extra_packages":0,"price_tiers_count":0}}', 2, 1, '::1', NULL, '2026-07-26 16:04:00.922')

2026/07/26 16:04:01 [32mD:/Develop/Project_pos_mahenz/BE/domain/auth/repo/auth_repo.go:46
[0m[33m[0.519ms] [34;1m[rows:1][0m SELECT id, user_id, user_role, token, device_info, expires_at FROM sessions WHERE token = 'eyJhbGciOiJIUzI1NiIsInR5cCI6IkpXVCJ9.eyJhcHBzIjoiIiwiZXhwIjoxNzg1MDg1NDQwLCJmdWxsX25hbWUiOiJBZG1pbmlzdHJhdG9yIiwicm9sZSI6ImFkbWluIiwidXNlcl9pZCI6MiwidXNlcm5hbWUiOiJhZG1pbiJ9.8stC7fbkNEtEnI0ytabNTfX4oJyRlrBMOn3Eu_mfw3c' LIMIT 1

2026/07/26 16:04:01 [32mD:/Develop/Project_pos_mahenz/BE/domain/supplier_purchase/repo/purchase_repo.go:205
[0m[33m[0.532ms] [34;1m[rows:1][0m SELECT id, purchase_code, invoice_number, supplier_id, purchase_date, discount_amount, total_amount, payment_status, paid_amount, remaining_amount, status, user_id, notes FROM purchases WHERE id = 30

2026/07/26 16:04:01 [32mD:/Develop/Project_pos_mahenz/BE/domain/supplier_purchase/repo/purchase_repo.go:216
[0m[33m[0.529ms] [34;1m[rows:-][0m SELECT pi.id, pi.product_id, COALESCE(p.name, '') as product_name, pi.quantity, pi.unit, COALESCE(pi.conversion_qty, 1) as conversion_qty, pi.purchase_price, pi.subtotal FROM purchase_items pi LEFT JOIN products p ON pi.product_id = p.id WHERE pi.purchase_id = 30

2026/07/26 16:04:01 [32mD:/Develop/Project_pos_mahenz/BE/domain/supplier_purchase/repo/purchase_repo.go:250
[0m[33m[0.000ms] [34;1m[rows:0][0m SELECT qty, expired_date FROM product_expiry_batches WHERE purchase_item_id = 40 ORDER BY expired_date ASC

2026/07/26 16:04:01 [32mD:/Develop/Project_pos_mahenz/BE/domain/supplier_purchase/repo/purchase_repo.go:466
[0m[33m[0.572ms] [34;1m[rows:1][0m SELECT stock FROM products WHERE id = 14 LIMIT 1

2026/07/26 16:04:01 [32mD:/Develop/Project_pos_mahenz/BE/domain/supplier_purchase/repo/purchase_repo.go:483
[0m[33m[0.000ms] [34;1m[rows:1][0m UPDATE products SET stock = stock - 10, updated_at = NOW() WHERE id = 14

2026/07/26 16:04:01 [32mD:/Develop/Project_pos_mahenz/BE/domain/supplier_purchase/repo/purchase_repo.go:488
[0m[33m[0.000ms] [34;1m[rows:1][0m DELETE FROM purchase_items WHERE purchase_id = 30

2026/07/26 16:04:01 [32mD:/Develop/Project_pos_mahenz/BE/domain/supplier_purchase/repo/purchase_repo.go:501
[0m[33m[1.491ms] [34;1m[rows:1][0m UPDATE purchases SET invoice_number='INV-EDIT-SWAP-B', supplier_id=1, purchase_date='2026-07-26', discount_amount=0, total_amount=10000, payment_status='unpaid', paid_amount=0, payment_method='cash', remaining_amount=10000, notes='', updated_at=NOW() WHERE id=30

2026/07/26 16:04:01 [32mD:/Develop/Project_pos_mahenz/BE/domain/supplier_purchase/repo/purchase_repo.go:512
[0m[33m[0.651ms] [34;1m[rows:1][0m INSERT INTO purchase_items (purchase_id, product_id, quantity, unit, conversion_qty, purchase_price, subtotal) VALUES (30, 12, 10, 'Batang', 1, 1000, 10000)

2026/07/26 16:04:01 [32mD:/Develop/Project_pos_mahenz/BE/domain/supplier_purchase/repo/purchase_repo.go:529
[0m[33m[4.497ms] [34;1m[rows:1][0m UPDATE products SET stock = stock + 10, updated_at = NOW() WHERE id = 12

2026/07/26 16:04:01 [32mD:/Develop/Project_pos_mahenz/BE/domain/supplier_purchase/repo/purchase_repo.go:174
[0m[33m[5.220ms] [34;1m[rows:-][0m SELECT p.id, p.purchase_code, p.invoice_number, p.supplier_id, COALESCE(s.name, '') as supplier_name, p.purchase_date, p.discount_amount, p.total_amount, p.payment_status, p.paid_amount, p.remaining_amount, p.status, COALESCE(u.full_name, '') as user_name, p.notes FROM purchases p LEFT JOIN users u ON p.user_id = u.id LEFT JOIN suppliers s ON p.supplier_id = s.id WHERE p.id = 30

2026/07/26 16:04:01 [32mD:/Develop/Project_pos_mahenz/BE/domain/supplier_purchase/repo/purchase_repo.go:216
[0m[33m[0.592ms] [34;1m[rows:-][0m SELECT pi.id, pi.product_id, COALESCE(p.name, '') as product_name, pi.quantity, pi.unit, COALESCE(pi.conversion_qty, 1) as conversion_qty, pi.purchase_price, pi.subtotal FROM purchase_items pi LEFT JOIN products p ON pi.product_id = p.id WHERE pi.purchase_id = 30

2026/07/26 16:04:01 [32mD:/Develop/Project_pos_mahenz/BE/domain/supplier_purchase/repo/purchase_repo.go:250
[0m[33m[0.688ms] [34;1m[rows:0][0m SELECT qty, expired_date FROM product_expiry_batches WHERE purchase_item_id = 41 ORDER BY expired_date ASC
[GIN] 2026/07/26 - 16:04:01 | 200 |     36.1814ms |             ::1 | POST     "/api/supplier-purchases/update/30"

2026/07/26 16:04:01 [32mD:/Develop/Project_pos_mahenz/BE/repository/log_request_repository.go:32
[0m[33m[3.050ms] [34;1m[rows:1][0m INSERT INTO log_requests (id, method, endpoint, status_code, request_body, response_body, user_id, duration_ms, ip_address, error_message, created_at) VALUES ('76961f66-67bd-40d5-be14-0c7b54251ebc', 'POST', '/api/supplier-purchases/update/30', 200, '{"invoice_number":"INV-EDIT-SWAP-B","supplier_id":1,"purchase_date":"2026-07-26","discount_amount":0,"payment_status":"unpaid","items":[{"product_id":12,"quantity":10,"unit":"Batang","conversion_qty":1,"purchase_price":1000}]}', '{"code":"00","status":true,"message":"Purchase order berhasil diperbarui","data":{"id":30,"purchase_code":"PO-20260726-020","invoice_number":"INV-EDIT-SWAP-B","supplier_id":1,"supplier_name":"Supplier Test Fase14","purchase_date":"2026-07-26T00:00:00+07:00","discount_amount":0,"total_amount":10000,"payment_status":"unpaid","paid_amount":0,"remaining_amount":10000,"status":"active","user_name":"Administrator","notes":"","items":[{"id":41,"product_id":12,"product_name":"Rokok Test Berantai","quantity":10,"unit":"Batang","conversion_qty":1,"purchase_price":1000,"subtotal":10000}]}}', 2, 36, '::1', NULL, '2026-07-26 16:04:01.089')

2026/07/26 16:04:01 [32mD:/Develop/Project_pos_mahenz/BE/domain/auth/repo/auth_repo.go:46
[0m[33m[0.506ms] [34;1m[rows:1][0m SELECT id, user_id, user_role, token, device_info, expires_at FROM sessions WHERE token = 'eyJhbGciOiJIUzI1NiIsInR5cCI6IkpXVCJ9.eyJhcHBzIjoiIiwiZXhwIjoxNzg1MDg1NDQwLCJmdWxsX25hbWUiOiJBZG1pbmlzdHJhdG9yIiwicm9sZSI6ImFkbWluIiwidXNlcl9pZCI6MiwidXNlcm5hbWUiOiJhZG1pbiJ9.8stC7fbkNEtEnI0ytabNTfX4oJyRlrBMOn3Eu_mfw3c' LIMIT 1

2026/07/26 16:04:01 [32mD:/Develop/Project_pos_mahenz/BE/domain/product/repo/product_repo.go:136
[0m[33m[1.113ms] [34;1m[rows:1][0m 
		SELECT p.id, p.barcode, COALESCE(p.sku, '') as sku, p.name, p.category_id, COALESCE(c.name, '') as category_name,
		       p.purchase_price, p.selling_price, p.stock, p.reserved_qty, p.min_stock,
		       COALESCE(p.unit_id, 0) as unit_id, COALESCE(u.name, '') as unit_name, COALESCE(u.abbreviation, '') as unit_abbreviation,
		       p.is_active, p.created_at, p.updated_at,
		       (SELECT COUNT(*) FROM product_packages pp WHERE pp.product_id = p.id AND pp.is_default = 0) AS extra_packages,
		       (SELECT COUNT(*) FROM product_prices pr WHERE pr.product_id = p.id) AS price_tiers_count
		FROM products p
		LEFT JOIN categories c ON p.category_id = c.id
		LEFT JOIN units u ON u.id = p.unit_id
		WHERE p.id = 14 LIMIT 1
[GIN] 2026/07/26 - 16:04:01 | 200 |       1.619ms |             ::1 | POST     "/api/products/detail/14"

2026/07/26 16:04:01 [32mD:/Develop/Project_pos_mahenz/BE/repository/log_request_repository.go:32
[0m[33m[2.640ms] [34;1m[rows:1][0m INSERT INTO log_requests (id, method, endpoint, status_code, request_body, response_body, user_id, duration_ms, ip_address, error_message, created_at) VALUES ('03799733-8c54-4def-8e27-99a89ca92642', 'POST', '/api/products/detail/14', 200, '', '{"code":"00","status":true,"message":"Detail produk","data":{"id":14,"barcode":"9990001112224","sku":"TESTSWAP-C","name":"Produk Test C","category_id":1,"category_name":"Sembako Test","purchase_price":1000,"selling_price":2000,"stock":2,"reserved_qty":0,"min_stock":1,"unit_id":1,"unit_name":"Pieces","unit_abbreviation":"Pcs","is_active":true,"extra_packages":0,"price_tiers_count":0}}', 2, 1, '::1', NULL, '2026-07-26 16:04:01.202')

2026/07/26 16:06:10 [32mD:/Develop/Project_pos_mahenz/BE/domain/auth/repo/auth_repo.go:17
[0m[33m[21.731ms] [34;1m[rows:1][0m SELECT u.id, u.username, u.password, u.full_name, u.role_id, r.name AS role_name, u.is_active FROM users u INNER JOIN roles r ON r.id = u.role_id WHERE u.username = 'admin' LIMIT 1

2026/07/26 16:06:10 [32mD:/Develop/Project_pos_mahenz/BE/domain/auth/repo/auth_repo.go:67
[0m[33m[3.281ms] [34;1m[rows:1][0m DELETE FROM sessions WHERE user_id = 2

2026/07/26 16:06:10 [32mD:/Develop/Project_pos_mahenz/BE/domain/auth/repo/auth_repo.go:38
[0m[33m[0.000ms] [34;1m[rows:1][0m INSERT INTO sessions (user_id, user_role, token, refresh_token, device_info, ip_address, expires_at) VALUES (2, 'admin', 'eyJhbGciOiJIUzI1NiIsInR5cCI6IkpXVCJ9.eyJhcHBzIjoiIiwiZXhwIjoxNzg1MDg1NTcwLCJmdWxsX25hbWUiOiJBZG1pbmlzdHJhdG9yIiwicm9sZSI6ImFkbWluIiwidXNlcl9pZCI6MiwidXNlcm5hbWUiOiJhZG1pbiJ9.XxBhK7GaJffumYOCiufLQFeuaS2H64aemTKKYRUMFbE', 'ad1a439c215fa8858f01f5b9b841efc0006beb34bbb360d9a05de961aba347e3', '', '::1', '2026-08-02 16:06:10.859') ON DUPLICATE KEY UPDATE user_role=VALUES(user_role), token=VALUES(token), refresh_token=VALUES(refresh_token), device_info=VALUES(device_info), ip_address=VALUES(ip_address), expires_at=VALUES(expires_at), created_at=NOW()
[GIN] 2026/07/26 - 16:06:10 | 200 |    109.8273ms |             ::1 | POST     "/api/auth/login"

2026/07/26 16:06:10 [32mD:/Develop/Project_pos_mahenz/BE/repository/log_request_repository.go:32
[0m[33m[2.270ms] [34;1m[rows:1][0m INSERT INTO log_requests (id, method, endpoint, status_code, request_body, response_body, user_id, duration_ms, ip_address, error_message, created_at) VALUES ('1dd28238-c95a-42b6-8984-8ebe419a6032', 'POST', '/api/auth/login', 200, '{"username":"admin","password":"admin123"}', '{"code":"00","status":true,"message":"Login berhasil","data":{"token":"eyJhbGciOiJIUzI1NiIsInR5cCI6IkpXVCJ9.eyJhcHBzIjoiIiwiZXhwIjoxNzg1MDg1NTcwLCJmdWxsX25hbWUiOiJBZG1pbmlzdHJhdG9yIiwicm9sZSI6ImFkbWluIiwidXNlcl9pZCI6MiwidXNlcm5hbWUiOiJhZG1pbiJ9.XxBhK7GaJffumYOCiufLQFeuaS2H64aemTKKYRUMFbE","refresh_token":"ad1a439c215fa8858f01f5b9b841efc0006beb34bbb360d9a05de961aba347e3","expires_at":"2026-08-02T16:06:10.8594321+07:00","user":{"id":2,"username":"admin","full_name":"Administrator","role_id":2,"role_name":"admin"}}}', NULL, 109, '::1', NULL, '2026-07-26 16:06:10.865')

2026/07/26 16:06:10 [32mD:/Develop/Project_pos_mahenz/BE/domain/auth/repo/auth_repo.go:46
[0m[33m[0.522ms] [34;1m[rows:1][0m SELECT id, user_id, user_role, token, device_info, expires_at FROM sessions WHERE token = 'eyJhbGciOiJIUzI1NiIsInR5cCI6IkpXVCJ9.eyJhcHBzIjoiIiwiZXhwIjoxNzg1MDg1NTcwLCJmdWxsX25hbWUiOiJBZG1pbmlzdHJhdG9yIiwicm9sZSI6ImFkbWluIiwidXNlcl9pZCI6MiwidXNlcm5hbWUiOiJhZG1pbiJ9.XxBhK7GaJffumYOCiufLQFeuaS2H64aemTKKYRUMFbE' LIMIT 1

2026/07/26 16:06:10 [32mD:/Develop/Project_pos_mahenz/BE/domain/supplier_purchase/repo/purchase_repo.go:563
[0m[33m[1.161ms] [34;1m[rows:1][0m SELECT COUNT(*) FROM payment_methods WHERE code = 'cash' AND is_active = 1

2026/07/26 16:06:10 [32mD:/Develop/Project_pos_mahenz/BE/domain/supplier_purchase/repo/purchase_repo.go:318
[0m[33m[0.000ms] [34;1m[rows:1][0m SELECT COUNT(*) FROM purchases WHERE DATE(purchase_date) = '2026-07-26'

2026/07/26 16:06:10 [32mD:/Develop/Project_pos_mahenz/BE/domain/supplier_purchase/repo/purchase_repo.go:338
[0m[33m[0.533ms] [34;1m[rows:1][0m INSERT INTO purchases (purchase_code, invoice_number, supplier_id, purchase_date, discount_amount, total_amount, payment_status, paid_amount, remaining_amount, user_id, notes) VALUES ('PO-20260726-021', 'INV-BROWSER-EDIT-PAID', 1, '2026-07-26', 0, 4000, 'paid', 4000, 0, 2, '')

2026/07/26 16:06:10 [32mD:/Develop/Project_pos_mahenz/BE/domain/supplier_purchase/repo/purchase_repo.go:345
[0m[33m[0.000ms] [34;1m[rows:1][0m SELECT LAST_INSERT_ID()

2026/07/26 16:06:10 [32mD:/Develop/Project_pos_mahenz/BE/domain/supplier_purchase/repo/purchase_repo.go:354
[0m[33m[0.598ms] [34;1m[rows:1][0m INSERT INTO purchase_payments (purchase_id, payment_date, amount, payment_method, notes, user_id) VALUES (31, '2026-07-26', 4000, 'cash', '', 2)

2026/07/26 16:06:11 [32mD:/Develop/Project_pos_mahenz/BE/domain/supplier_purchase/repo/purchase_repo.go:366
[0m[33m[2.524ms] [34;1m[rows:1][0m INSERT INTO purchase_items (purchase_id, product_id, quantity, unit, conversion_qty, purchase_price, subtotal) VALUES (31, 12, 4, 'Batang', 1, 1000, 4000)

2026/07/26 16:06:11 [32mD:/Develop/Project_pos_mahenz/BE/domain/supplier_purchase/repo/purchase_repo.go:384
[0m[33m[4.413ms] [34;1m[rows:1][0m SELECT stock FROM products WHERE id = 12 LIMIT 1

2026/07/26 16:06:11 [32mD:/Develop/Project_pos_mahenz/BE/domain/supplier_purchase/repo/purchase_repo.go:388
[0m[33m[0.505ms] [34;1m[rows:1][0m UPDATE products SET stock = stock + 4, updated_at = NOW() WHERE id = 12

2026/07/26 16:06:11 [32mD:/Develop/Project_pos_mahenz/BE/domain/supplier_purchase/repo/purchase_repo.go:394
[0m[33m[0.000ms] [34;1m[rows:1][0m INSERT INTO stock_mutations (product_id, mutation_type, quantity, stock_before, stock_after, reference_type, reference_id, notes, user_id) VALUES (12, 'in', 4, 3062, 3066, 'purchase', 31, 'Purchase Order PO-20260726-021', 2)

2026/07/26 16:06:11 [32mD:/Develop/Project_pos_mahenz/BE/domain/supplier_purchase/repo/purchase_repo.go:174
[0m[33m[2.789ms] [34;1m[rows:-][0m SELECT p.id, p.purchase_code, p.invoice_number, p.supplier_id, COALESCE(s.name, '') as supplier_name, p.purchase_date, p.discount_amount, p.total_amount, p.payment_status, p.paid_amount, p.remaining_amount, p.status, COALESCE(u.full_name, '') as user_name, p.notes FROM purchases p LEFT JOIN users u ON p.user_id = u.id LEFT JOIN suppliers s ON p.supplier_id = s.id WHERE p.id = 31

2026/07/26 16:06:11 [32mD:/Develop/Project_pos_mahenz/BE/domain/supplier_purchase/repo/purchase_repo.go:216
[0m[33m[3.608ms] [34;1m[rows:-][0m SELECT pi.id, pi.product_id, COALESCE(p.name, '') as product_name, pi.quantity, pi.unit, COALESCE(pi.conversion_qty, 1) as conversion_qty, pi.purchase_price, pi.subtotal FROM purchase_items pi LEFT JOIN products p ON pi.product_id = p.id WHERE pi.purchase_id = 31

2026/07/26 16:06:11 [32mD:/Develop/Project_pos_mahenz/BE/domain/supplier_purchase/repo/purchase_repo.go:250
[0m[33m[0.904ms] [34;1m[rows:0][0m SELECT qty, expired_date FROM product_expiry_batches WHERE purchase_item_id = 42 ORDER BY expired_date ASC
[GIN] 2026/07/26 - 16:06:11 | 201 |     25.2532ms |             ::1 | POST     "/api/supplier-purchases/create"

2026/07/26 16:06:11 [32mD:/Develop/Project_pos_mahenz/BE/repository/log_request_repository.go:32
[0m[33m[3.381ms] [34;1m[rows:1][0m INSERT INTO log_requests (id, method, endpoint, status_code, request_body, response_body, user_id, duration_ms, ip_address, error_message, created_at) VALUES ('e731457e-4d7a-46cc-af63-98799102be0e', 'POST', '/api/supplier-purchases/create', 201, '{"invoice_number":"INV-BROWSER-EDIT-PAID","supplier_id":1,"purchase_date":"2026-07-26","discount_amount":0,"payment_status":"paid","payment_method":"cash","items":[{"product_id":12,"quantity":4,"unit":"Batang","conversion_qty":1,"purchase_price":1000}]}', '{"code":"21","status":true,"message":"Purchase order berhasil dibuat","data":{"id":31,"purchase_code":"PO-20260726-021","invoice_number":"INV-BROWSER-EDIT-PAID","supplier_id":1,"supplier_name":"Supplier Test Fase14","purchase_date":"2026-07-26T00:00:00+07:00","discount_amount":0,"total_amount":4000,"payment_status":"paid","paid_amount":4000,"remaining_amount":0,"status":"active","user_name":"Administrator","notes":"","items":[{"id":42,"product_id":12,"product_name":"Rokok Test Berantai","quantity":4,"unit":"Batang","conversion_qty":1,"purchase_price":1000,"subtotal":4000}]}}', 2, 25, '::1', NULL, '2026-07-26 16:06:11.02')
[GIN] 2026/07/26 - 16:46:32 | 204 |            0s |             ::1 | OPTIONS  "/api/auth/login"

2026/07/26 16:46:32 [32mD:/Develop/Project_pos_mahenz/BE/domain/auth/repo/auth_repo.go:17
[0m[33m[3.966ms] [34;1m[rows:1][0m SELECT u.id, u.username, u.password, u.full_name, u.role_id, r.name AS role_name, u.is_active FROM users u INNER JOIN roles r ON r.id = u.role_id WHERE u.username = 'admin' LIMIT 1

2026/07/26 16:46:32 [32mD:/Develop/Project_pos_mahenz/BE/domain/auth/repo/auth_repo.go:67
[0m[33m[8.019ms] [34;1m[rows:1][0m DELETE FROM sessions WHERE user_id = 2

2026/07/26 16:46:32 [32mD:/Develop/Project_pos_mahenz/BE/domain/auth/repo/auth_repo.go:38
[0m[33m[3.845ms] [34;1m[rows:1][0m INSERT INTO sessions (user_id, user_role, token, refresh_token, device_info, ip_address, expires_at) VALUES (2, 'admin', 'eyJhbGciOiJIUzI1NiIsInR5cCI6IkpXVCJ9.eyJhcHBzIjoid2ViIiwiZXhwIjoxNzg1MDg3OTkyLCJmdWxsX25hbWUiOiJBZG1pbmlzdHJhdG9yIiwicm9sZSI6ImFkbWluIiwidXNlcl9pZCI6MiwidXNlcm5hbWUiOiJhZG1pbiJ9.b9omOhLIC6pUO2j633RaNSl0lkbpEIbNgEAwI4Yn3VY', '8f66c9cfaf3cef9d48aa079c48356ad14e518a94819c75afa5a6daf2b3a9b178', 'web', '::1', '2026-08-02 16:46:32.415') ON DUPLICATE KEY UPDATE user_role=VALUES(user_role), token=VALUES(token), refresh_token=VALUES(refresh_token), device_info=VALUES(device_info), ip_address=VALUES(ip_address), expires_at=VALUES(expires_at), created_at=NOW()
[GIN] 2026/07/26 - 16:46:32 | 200 |     83.1147ms |             ::1 | POST     "/api/auth/login"

2026/07/26 16:46:32 [32mD:/Develop/Project_pos_mahenz/BE/repository/log_request_repository.go:32
[0m[33m[1.237ms] [34;1m[rows:1][0m INSERT INTO log_requests (id, method, endpoint, status_code, request_body, response_body, user_id, duration_ms, ip_address, error_message, created_at) VALUES ('4d993a63-09b6-46c2-9389-68b4a5656923', 'POST', '/api/auth/login', 200, '{"username":"admin","password":"admin123","device_info":"web"}', '{"code":"00","status":true,"message":"Login berhasil","data":{"token":"eyJhbGciOiJIUzI1NiIsInR5cCI6IkpXVCJ9.eyJhcHBzIjoid2ViIiwiZXhwIjoxNzg1MDg3OTkyLCJmdWxsX25hbWUiOiJBZG1pbmlzdHJhdG9yIiwicm9sZSI6ImFkbWluIiwidXNlcl9pZCI6MiwidXNlcm5hbWUiOiJhZG1pbiJ9.b9omOhLIC6pUO2j633RaNSl0lkbpEIbNgEAwI4Yn3VY","refresh_token":"8f66c9cfaf3cef9d48aa079c48356ad14e518a94819c75afa5a6daf2b3a9b178","expires_at":"2026-08-02T16:46:32.4155259+07:00","user":{"id":2,"username":"admin","full_name":"Administrator","role_id":2,"role_name":"admin"}}}', NULL, 83, '::1', NULL, '2026-07-26 16:46:32.428')
[GIN] 2026/07/26 - 16:46:32 | 204 |            0s |             ::1 | OPTIONS  "/api/menus/my"
[GIN] 2026/07/26 - 16:46:32 | 204 |            0s |             ::1 | OPTIONS  "/api/menus/my"

2026/07/26 16:46:32 [32mD:/Develop/Project_pos_mahenz/BE/domain/auth/repo/auth_repo.go:46
[0m[33m[0.000ms] [34;1m[rows:1][0m SELECT id, user_id, user_role, token, device_info, expires_at FROM sessions WHERE token = 'eyJhbGciOiJIUzI1NiIsInR5cCI6IkpXVCJ9.eyJhcHBzIjoid2ViIiwiZXhwIjoxNzg1MDg3OTkyLCJmdWxsX25hbWUiOiJBZG1pbmlzdHJhdG9yIiwicm9sZSI6ImFkbWluIiwidXNlcl9pZCI6MiwidXNlcm5hbWUiOiJhZG1pbiJ9.b9omOhLIC6pUO2j633RaNSl0lkbpEIbNgEAwI4Yn3VY' LIMIT 1

2026/07/26 16:46:32 [32mD:/Develop/Project_pos_mahenz/BE/domain/menu/repo/menu_repo.go:121
[0m[33m[0.995ms] [34;1m[rows:-][0m 
		SELECT
			m.id,
			m.parent_id,
			m.key_name,
			m.label,
			m.icon,
			m.path,
			m.order_index,
			COALESCE(rma.can_view,   0),
			COALESCE(rma.can_create, 0),
			COALESCE(rma.can_edit,   0),
			COALESCE(rma.can_delete, 0)
		FROM menus m
		LEFT JOIN role_menu_access rma ON rma.menu_id = m.id
			AND rma.role_id = (SELECT id FROM roles WHERE name = 'admin' AND is_active = 1 LIMIT 1)
		WHERE m.is_active = 1
		ORDER BY m.order_index ASC, m.id ASC
		
[GIN] 2026/07/26 - 16:46:32 | 200 |       2.998ms |             ::1 | POST     "/api/menus/my"

2026/07/26 16:46:32 [32mD:/Develop/Project_pos_mahenz/BE/domain/auth/repo/auth_repo.go:46
[0m[33m[1.995ms] [34;1m[rows:1][0m SELECT id, user_id, user_role, token, device_info, expires_at FROM sessions WHERE token = 'eyJhbGciOiJIUzI1NiIsInR5cCI6IkpXVCJ9.eyJhcHBzIjoid2ViIiwiZXhwIjoxNzg1MDg3OTkyLCJmdWxsX25hbWUiOiJBZG1pbmlzdHJhdG9yIiwicm9sZSI6ImFkbWluIiwidXNlcl9pZCI6MiwidXNlcm5hbWUiOiJhZG1pbiJ9.b9omOhLIC6pUO2j633RaNSl0lkbpEIbNgEAwI4Yn3VY' LIMIT 1

2026/07/26 16:46:32 [32mD:/Develop/Project_pos_mahenz/BE/domain/menu/repo/menu_repo.go:121
[0m[33m[1.000ms] [34;1m[rows:-][0m 
		SELECT
			m.id,
			m.parent_id,
			m.key_name,
			m.label,
			m.icon,
			m.path,
			m.order_index,
			COALESCE(rma.can_view,   0),
			COALESCE(rma.can_create, 0),
			COALESCE(rma.can_edit,   0),
			COALESCE(rma.can_delete, 0)
		FROM menus m
		LEFT JOIN role_menu_access rma ON rma.menu_id = m.id
			AND rma.role_id = (SELECT id FROM roles WHERE name = 'admin' AND is_active = 1 LIMIT 1)
		WHERE m.is_active = 1
		ORDER BY m.order_index ASC, m.id ASC
		
[GIN] 2026/07/26 - 16:46:32 | 200 |      2.9951ms |             ::1 | POST     "/api/menus/my"

2026/07/26 16:46:32 [32mD:/Develop/Project_pos_mahenz/BE/repository/log_request_repository.go:32
[0m[33m[2.000ms] [34;1m[rows:1][0m INSERT INTO log_requests (id, method, endpoint, status_code, request_body, response_body, user_id, duration_ms, ip_address, error_message, created_at) VALUES ('d20d55bd-d35b-4749-b4ea-fb29aa3045a0', 'POST', '/api/menus/my', 200, '{}', '{"code":"00","status":true,"message":"Menu akses","data":[{"key_name":"beranda","label":"Beranda","icon":"Home","path":null,"order_index":1,"permission":{"can_view":true,"can_create":true,"can_edit":true,"can_delete":true},"children":[{"key_name":"beranda.dashboard","label":"Dashboard","icon":"LayoutDashboard","path":"/dashboard","order_index":1,"permission":{"can_view":true,"can_create":true,"can_edit":true,"can_delete":true},"children":[]}]},{"key_name":"penjualan","label":"Penjualan","icon":"ShoppingCart","path":null,"order_index":2,"permission":{"can_view":true,"can_create":true,"can_edit":true,"can_delete":true},"children":[{"key_name":"penjualan.kasir","label":"Kasir","icon":"ShoppingCart","path":"/kasir","order_index":1,"permission":{"can_view":true,"can_create":true,"can_edit":true,"can_delete":true},"children":[]},{"key_name":"penjualan.transaksi","label":"Transaksi","icon":"Receipt","path":"/transactions","order_index":2,"permission":{"can_view":true,"can_create":true,"can_edit":true,"can_delete":true},"children":[]}]},{"key_name":"produk","label":"Produk","icon":"Package","path":null,"order_index":3,"permission":{"can_view":true,"can_create":true,"can_edit":true,"can_delete":true},"children":[{"key_name":"produk.produk","label":"Produk","icon":"Package","path":"/products","order_index":1,"permission":{"can_view":true,"can_create":true,"can_edit":true,"can_delete":true},"children":[]},{"key_name":"produk.kategori","label":"Kategori","icon":"Tag","path":"/products/categories","order_index":2,"permission":{"can_view":true,"can_create":true,"can_edit":true,"can_delete":true},"children":[]},{"key_name":"produk.unit","label":"Unit","icon":"PackageSearch","path":"/products/units","order_index":3,"permission":{"can_view":true,"can_create":true,"can_edit":true,"can_delete":true},"children":[]}]},{"key_name":"pengadaan","label":"Pengadaan","icon":"Truck","path":null,"order_index":4,"permission":{"can_view":true,"can_create":true,"can_edit":true,"can_delete":true},"children":[{"key_name":"pengadaan.supplier","label":"Supplier","icon":"Truck","path":"/suppliers","order_index":1,"permission":{"can_view":true,"can_create":true,"can_edit":true,"can_delete":true},"children":[]},{"key_name":"pengadaan.pembelian","label":"Pembelian","icon":"ShoppingBag","path":"/suppliers/purchases","order_index":2,"permission":{"can_view":true,"can_create":true,"can_edit":true,"can_delete":true},"children":[]},{"key_name":"pengadaan.retur","label":"Retur","icon":"RotateCcw","path":"/suppliers/returns","order_index":3,"permission":{"can_view":true,"can_create":true,"can_edit":true,"can_delete":true},"children":[]}]},{"key_name":"pelanggan","label":"Pelanggan","icon":"Users","path":null,"order_index":5,"permission":{"can_view":true,"can_create":true,"can_edit":true,"can_delete":true},"children":[{"key_name":"pelanggan.pelanggan","label":"Pelanggan","icon":"Users","path":"/customers","order_index":1,"permission":{"can_view":true,"can_create":true,"can_edit":true,"can_delete":true},"children":[]},{"key_name":"pelanggan.piutang","label":"Piutang","icon":"CreditCard","path":"/receivables","order_index":2,"permission":{"can_view":true,"can_create":true,"can_edit":true,"can_delete":true},"children":[]}]},{"key_name":"keuangan","label":"Keuangan","icon":"Wallet","path":null,"order_index":6,"permission":{"can_view":true,"can_create":true,"can_edit":true,"can_delete":true},"children":[{"key_name":"keuangan.dashboard","label":"Dashboard Keuangan","icon":"Wallet","path":"/finance","order_index":1,"permission":{"can_view":true,"can_create":true,"can_edit":true,"can_delete":true},"children":[]},{"key_name":"keuangan.kas_harian","label":"Kas Harian","icon":"Landmark","path":"/finance/cash-drawer","order_index":2,"permission":{"can_view":true,"can_create":true,"can_edit":true,"can_delete":true},"children":[]},{"key_name":"keuangan.pengeluaran","label":"Pengeluaran","icon":"TrendingDown","path":"/finance/expenses","order_index":3,"permission":{"can_view":true,"can_create":true,"can_edit":true,"can_delete":true},"children":[]},{"key_name":"keuangan.kas_saya","label":"Kas Saya","icon":"Wallet","path":"/finance/my-cash","order_index":4,"permission":{"can_view":true,"can_create":true,"can_edit":true,"can_delete":true},"children":[]}]},{"key_name":"pelaporan","label":"Pelaporan","icon":"BarChart2","path":null,"order_index":7,"permission":{"can_view":true,"can_create":true,"can_edit":true,"can_delete":true},"children":[{"key_name":"pelaporan.penjualan","label":"Penjualan","icon":"TrendingUp","path":"/reports/sales","order_index":1,"permission":{"can_view":true,"can_create":true,"can_edit":true,"can_delete":true},"children":[]},{"key_name":"pelaporan.laba_rugi","label":"Laba Rugi","icon":"LineChart","path":"/reports/profit-loss","order_index":2,"permission":{"can_view":true,"can_create":true,"can_edit":true,"can_delete":true},"children":[]},{"key_name":"pelaporan.stok","label":"Stok","icon":"PackageSearch","path":"/reports/stock","order_index":3,"permission":{"can_view":true,"can_create":true,"can_edit":true,"can_delete":true},"children":[]},{"key_name":"pelaporan.kinerja_kasir","label":"Kinerja Kasir","icon":"BarChart2","path":"/reports/cashier","order_index":4,"permission":{"can_view":true,"can_create":true,"can_edit":true,"can_delete":true},"children":[]},{"key_name":"pelaporan.ringkasan_bisnis","label":"Ringkasan Bisnis","icon":"BarChart3","path":"/reports/business-summary","order_index":5,"permission":{"can_view":true,"can_create":true,"can_edit":true,"can_delete":true},"children":[]}]},{"key_name":"operasional","label":"Operasional","icon":"Clock","path":null,"order_index":8,"permission":{"can_view":true,"can_create":true,"can_edit":true,"can_delete":true},"children":[{"key_name":"operasional.shift","label":"Shift","icon":"Clock","path":"/shifts","order_index":1,"permission":{"can_view":true,"can_create":true,"can_edit":true,"can_delete":true},"children":[]},{"key_name":"operasional.sync","label":"Sync Center","icon":"RefreshCw","path":"/sync","order_index":2,"permission":{"can_view":true,"can_create":true,"can_edit":true,"can_delete":true},"children":[]}]},{"key_name":"sistem","label":"Sistem","icon":"Settings","path":null,"order_index":9,"permission":{"can_view":true,"can_create":true,"can_edit":true,"can_delete":true},"children":[{"key_name":"sistem.profil_toko","label":"Profil Toko","icon":"Settings","path":"/settings/store","order_index":1,"permission":{"can_view":true,"can_create":true,"can_edit":true,"can_delete":true},"children":[]},{"key_name":"sistem.users","label":"Manajemen User","icon":"Users","path":"/settings/users","order_index":2,"permission":{"can_view":true,"can_create":true,"can_edit":true,"can_delete":true},"children":[]},{"key_name":"sistem.roles","label":"Manajemen Role","icon":"Shield","path":"/settings/roles","order_index":3,"permission":{"can_view":true,"can_create":true,"can_edit":true,"can_delete":true},"children":[]},{"key_name":"sistem.menus","label":"Manajemen Menu","icon":"LayoutList","path":"/settings/menus","order_index":4,"permission":{"can_view":true,"can_create":true,"can_edit":true,"can_delete":true},"children":[]},{"key_name":"sistem.printer","label":"Printer","icon":"Printer","path":"/settings/printer","order_index":5,"permission":{"can_view":true,"can_create":true,"can_edit":true,"can_delete":true},"children":[]},{"key_name":"sistem.versi","label":"Versi Aplikasi","icon":"RefreshCw","path":"/settings/versions","order_index":6,"permission":{"can_view":true,"can_create":true,"can_edit":true,"can_delete":true},"children":[]},{"key_name":"sistem.backup","label":"Backup \u0026 Restore","icon":"DatabaseBackup","path":"/settings/backup","order_index":7,"permission":{"can_view":true,"can_create":true,"can_edit":true,"can_delete":true},"children":[]}]}]}', 2, 2, '::1', NULL, '2026-07-26 16:46:32.44')

2026/07/26 16:46:32 [32mD:/Develop/Project_pos_mahenz/BE/repository/log_request_repository.go:32
[0m[33m[3.444ms] [34;1m[rows:1][0m INSERT INTO log_requests (id, method, endpoint, status_code, request_body, response_body, user_id, duration_ms, ip_address, error_message, created_at) VALUES ('e8dbdd13-5b33-4bbe-8e1b-536003d13a95', 'POST', '/api/menus/my', 200, '{}', '{"code":"00","status":true,"message":"Menu akses","data":[{"key_name":"beranda","label":"Beranda","icon":"Home","path":null,"order_index":1,"permission":{"can_view":true,"can_create":true,"can_edit":true,"can_delete":true},"children":[{"key_name":"beranda.dashboard","label":"Dashboard","icon":"LayoutDashboard","path":"/dashboard","order_index":1,"permission":{"can_view":true,"can_create":true,"can_edit":true,"can_delete":true},"children":[]}]},{"key_name":"penjualan","label":"Penjualan","icon":"ShoppingCart","path":null,"order_index":2,"permission":{"can_view":true,"can_create":true,"can_edit":true,"can_delete":true},"children":[{"key_name":"penjualan.kasir","label":"Kasir","icon":"ShoppingCart","path":"/kasir","order_index":1,"permission":{"can_view":true,"can_create":true,"can_edit":true,"can_delete":true},"children":[]},{"key_name":"penjualan.transaksi","label":"Transaksi","icon":"Receipt","path":"/transactions","order_index":2,"permission":{"can_view":true,"can_create":true,"can_edit":true,"can_delete":true},"children":[]}]},{"key_name":"produk","label":"Produk","icon":"Package","path":null,"order_index":3,"permission":{"can_view":true,"can_create":true,"can_edit":true,"can_delete":true},"children":[{"key_name":"produk.produk","label":"Produk","icon":"Package","path":"/products","order_index":1,"permission":{"can_view":true,"can_create":true,"can_edit":true,"can_delete":true},"children":[]},{"key_name":"produk.kategori","label":"Kategori","icon":"Tag","path":"/products/categories","order_index":2,"permission":{"can_view":true,"can_create":true,"can_edit":true,"can_delete":true},"children":[]},{"key_name":"produk.unit","label":"Unit","icon":"PackageSearch","path":"/products/units","order_index":3,"permission":{"can_view":true,"can_create":true,"can_edit":true,"can_delete":true},"children":[]}]},{"key_name":"pengadaan","label":"Pengadaan","icon":"Truck","path":null,"order_index":4,"permission":{"can_view":true,"can_create":true,"can_edit":true,"can_delete":true},"children":[{"key_name":"pengadaan.supplier","label":"Supplier","icon":"Truck","path":"/suppliers","order_index":1,"permission":{"can_view":true,"can_create":true,"can_edit":true,"can_delete":true},"children":[]},{"key_name":"pengadaan.pembelian","label":"Pembelian","icon":"ShoppingBag","path":"/suppliers/purchases","order_index":2,"permission":{"can_view":true,"can_create":true,"can_edit":true,"can_delete":true},"children":[]},{"key_name":"pengadaan.retur","label":"Retur","icon":"RotateCcw","path":"/suppliers/returns","order_index":3,"permission":{"can_view":true,"can_create":true,"can_edit":true,"can_delete":true},"children":[]}]},{"key_name":"pelanggan","label":"Pelanggan","icon":"Users","path":null,"order_index":5,"permission":{"can_view":true,"can_create":true,"can_edit":true,"can_delete":true},"children":[{"key_name":"pelanggan.pelanggan","label":"Pelanggan","icon":"Users","path":"/customers","order_index":1,"permission":{"can_view":true,"can_create":true,"can_edit":true,"can_delete":true},"children":[]},{"key_name":"pelanggan.piutang","label":"Piutang","icon":"CreditCard","path":"/receivables","order_index":2,"permission":{"can_view":true,"can_create":true,"can_edit":true,"can_delete":true},"children":[]}]},{"key_name":"keuangan","label":"Keuangan","icon":"Wallet","path":null,"order_index":6,"permission":{"can_view":true,"can_create":true,"can_edit":true,"can_delete":true},"children":[{"key_name":"keuangan.dashboard","label":"Dashboard Keuangan","icon":"Wallet","path":"/finance","order_index":1,"permission":{"can_view":true,"can_create":true,"can_edit":true,"can_delete":true},"children":[]},{"key_name":"keuangan.kas_harian","label":"Kas Harian","icon":"Landmark","path":"/finance/cash-drawer","order_index":2,"permission":{"can_view":true,"can_create":true,"can_edit":true,"can_delete":true},"children":[]},{"key_name":"keuangan.pengeluaran","label":"Pengeluaran","icon":"TrendingDown","path":"/finance/expenses","order_index":3,"permission":{"can_view":true,"can_create":true,"can_edit":true,"can_delete":true},"children":[]},{"key_name":"keuangan.kas_saya","label":"Kas Saya","icon":"Wallet","path":"/finance/my-cash","order_index":4,"permission":{"can_view":true,"can_create":true,"can_edit":true,"can_delete":true},"children":[]}]},{"key_name":"pelaporan","label":"Pelaporan","icon":"BarChart2","path":null,"order_index":7,"permission":{"can_view":true,"can_create":true,"can_edit":true,"can_delete":true},"children":[{"key_name":"pelaporan.penjualan","label":"Penjualan","icon":"TrendingUp","path":"/reports/sales","order_index":1,"permission":{"can_view":true,"can_create":true,"can_edit":true,"can_delete":true},"children":[]},{"key_name":"pelaporan.laba_rugi","label":"Laba Rugi","icon":"LineChart","path":"/reports/profit-loss","order_index":2,"permission":{"can_view":true,"can_create":true,"can_edit":true,"can_delete":true},"children":[]},{"key_name":"pelaporan.stok","label":"Stok","icon":"PackageSearch","path":"/reports/stock","order_index":3,"permission":{"can_view":true,"can_create":true,"can_edit":true,"can_delete":true},"children":[]},{"key_name":"pelaporan.kinerja_kasir","label":"Kinerja Kasir","icon":"BarChart2","path":"/reports/cashier","order_index":4,"permission":{"can_view":true,"can_create":true,"can_edit":true,"can_delete":true},"children":[]},{"key_name":"pelaporan.ringkasan_bisnis","label":"Ringkasan Bisnis","icon":"BarChart3","path":"/reports/business-summary","order_index":5,"permission":{"can_view":true,"can_create":true,"can_edit":true,"can_delete":true},"children":[]}]},{"key_name":"operasional","label":"Operasional","icon":"Clock","path":null,"order_index":8,"permission":{"can_view":true,"can_create":true,"can_edit":true,"can_delete":true},"children":[{"key_name":"operasional.shift","label":"Shift","icon":"Clock","path":"/shifts","order_index":1,"permission":{"can_view":true,"can_create":true,"can_edit":true,"can_delete":true},"children":[]},{"key_name":"operasional.sync","label":"Sync Center","icon":"RefreshCw","path":"/sync","order_index":2,"permission":{"can_view":true,"can_create":true,"can_edit":true,"can_delete":true},"children":[]}]},{"key_name":"sistem","label":"Sistem","icon":"Settings","path":null,"order_index":9,"permission":{"can_view":true,"can_create":true,"can_edit":true,"can_delete":true},"children":[{"key_name":"sistem.profil_toko","label":"Profil Toko","icon":"Settings","path":"/settings/store","order_index":1,"permission":{"can_view":true,"can_create":true,"can_edit":true,"can_delete":true},"children":[]},{"key_name":"sistem.users","label":"Manajemen User","icon":"Users","path":"/settings/users","order_index":2,"permission":{"can_view":true,"can_create":true,"can_edit":true,"can_delete":true},"children":[]},{"key_name":"sistem.roles","label":"Manajemen Role","icon":"Shield","path":"/settings/roles","order_index":3,"permission":{"can_view":true,"can_create":true,"can_edit":true,"can_delete":true},"children":[]},{"key_name":"sistem.menus","label":"Manajemen Menu","icon":"LayoutList","path":"/settings/menus","order_index":4,"permission":{"can_view":true,"can_create":true,"can_edit":true,"can_delete":true},"children":[]},{"key_name":"sistem.printer","label":"Printer","icon":"Printer","path":"/settings/printer","order_index":5,"permission":{"can_view":true,"can_create":true,"can_edit":true,"can_delete":true},"children":[]},{"key_name":"sistem.versi","label":"Versi Aplikasi","icon":"RefreshCw","path":"/settings/versions","order_index":6,"permission":{"can_view":true,"can_create":true,"can_edit":true,"can_delete":true},"children":[]},{"key_name":"sistem.backup","label":"Backup \u0026 Restore","icon":"DatabaseBackup","path":"/settings/backup","order_index":7,"permission":{"can_view":true,"can_create":true,"can_edit":true,"can_delete":true},"children":[]}]}]}', 2, 2, '::1', NULL, '2026-07-26 16:46:32.442')

2026/07/26 16:46:32 [32mD:/Develop/Project_pos_mahenz/BE/domain/auth/repo/auth_repo.go:46
[0m[33m[0.792ms] [34;1m[rows:1][0m SELECT id, user_id, user_role, token, device_info, expires_at FROM sessions WHERE token = 'eyJhbGciOiJIUzI1NiIsInR5cCI6IkpXVCJ9.eyJhcHBzIjoid2ViIiwiZXhwIjoxNzg1MDg3OTkyLCJmdWxsX25hbWUiOiJBZG1pbmlzdHJhdG9yIiwicm9sZSI6ImFkbWluIiwidXNlcl9pZCI6MiwidXNlcm5hbWUiOiJhZG1pbiJ9.b9omOhLIC6pUO2j633RaNSl0lkbpEIbNgEAwI4Yn3VY' LIMIT 1

2026/07/26 16:46:32 [32mD:/Develop/Project_pos_mahenz/BE/domain/menu/repo/menu_repo.go:121
[0m[33m[0.530ms] [34;1m[rows:-][0m 
		SELECT
			m.id,
			m.parent_id,
			m.key_name,
			m.label,
			m.icon,
			m.path,
			m.order_index,
			COALESCE(rma.can_view,   0),
			COALESCE(rma.can_create, 0),
			COALESCE(rma.can_edit,   0),
			COALESCE(rma.can_delete, 0)
		FROM menus m
		LEFT JOIN role_menu_access rma ON rma.menu_id = m.id
			AND rma.role_id = (SELECT id FROM roles WHERE name = 'admin' AND is_active = 1 LIMIT 1)
		WHERE m.is_active = 1
		ORDER BY m.order_index ASC, m.id ASC
		
[GIN] 2026/07/26 - 16:46:32 | 200 |       6.201ms |             ::1 | POST     "/api/menus/my"
Error #01: write tcp [::1]:8080->[::1]:6956: wsasend: An established connection was aborted by the software in your host machine.
Error #02: write tcp [::1]:8080->[::1]:6956: wsasend: An established connection was aborted by the software in your host machine.

2026/07/26 16:46:32 [32mD:/Develop/Project_pos_mahenz/BE/repository/log_request_repository.go:32
[0m[33m[3.570ms] [34;1m[rows:1][0m INSERT INTO log_requests (id, method, endpoint, status_code, request_body, response_body, user_id, duration_ms, ip_address, error_message, created_at) VALUES ('7a22b98b-fae3-4e43-8360-7e8729899c45', 'POST', '/api/menus/my', 200, '{}', '{"code":"00","status":true,"message":"Menu akses","data":[{"key_name":"beranda","label":"Beranda","icon":"Home","path":null,"order_index":1,"permission":{"can_view":true,"can_create":true,"can_edit":true,"can_delete":true},"children":[{"key_name":"beranda.dashboard","label":"Dashboard","icon":"LayoutDashboard","path":"/dashboard","order_index":1,"permission":{"can_view":true,"can_create":true,"can_edit":true,"can_delete":true},"children":[]}]},{"key_name":"penjualan","label":"Penjualan","icon":"ShoppingCart","path":null,"order_index":2,"permission":{"can_view":true,"can_create":true,"can_edit":true,"can_delete":true},"children":[{"key_name":"penjualan.kasir","label":"Kasir","icon":"ShoppingCart","path":"/kasir","order_index":1,"permission":{"can_view":true,"can_create":true,"can_edit":true,"can_delete":true},"children":[]},{"key_name":"penjualan.transaksi","label":"Transaksi","icon":"Receipt","path":"/transactions","order_index":2,"permission":{"can_view":true,"can_create":true,"can_edit":true,"can_delete":true},"children":[]}]},{"key_name":"produk","label":"Produk","icon":"Package","path":null,"order_index":3,"permission":{"can_view":true,"can_create":true,"can_edit":true,"can_delete":true},"children":[{"key_name":"produk.produk","label":"Produk","icon":"Package","path":"/products","order_index":1,"permission":{"can_view":true,"can_create":true,"can_edit":true,"can_delete":true},"children":[]},{"key_name":"produk.kategori","label":"Kategori","icon":"Tag","path":"/products/categories","order_index":2,"permission":{"can_view":true,"can_create":true,"can_edit":true,"can_delete":true},"children":[]},{"key_name":"produk.unit","label":"Unit","icon":"PackageSearch","path":"/products/units","order_index":3,"permission":{"can_view":true,"can_create":true,"can_edit":true,"can_delete":true},"children":[]}]},{"key_name":"pengadaan","label":"Pengadaan","icon":"Truck","path":null,"order_index":4,"permission":{"can_view":true,"can_create":true,"can_edit":true,"can_delete":true},"children":[{"key_name":"pengadaan.supplier","label":"Supplier","icon":"Truck","path":"/suppliers","order_index":1,"permission":{"can_view":true,"can_create":true,"can_edit":true,"can_delete":true},"children":[]},{"key_name":"pengadaan.pembelian","label":"Pembelian","icon":"ShoppingBag","path":"/suppliers/purchases","order_index":2,"permission":{"can_view":true,"can_create":true,"can_edit":true,"can_delete":true},"children":[]},{"key_name":"pengadaan.retur","label":"Retur","icon":"RotateCcw","path":"/suppliers/returns","order_index":3,"permission":{"can_view":true,"can_create":true,"can_edit":true,"can_delete":true},"children":[]}]},{"key_name":"pelanggan","label":"Pelanggan","icon":"Users","path":null,"order_index":5,"permission":{"can_view":true,"can_create":true,"can_edit":true,"can_delete":true},"children":[{"key_name":"pelanggan.pelanggan","label":"Pelanggan","icon":"Users","path":"/customers","order_index":1,"permission":{"can_view":true,"can_create":true,"can_edit":true,"can_delete":true},"children":[]},{"key_name":"pelanggan.piutang","label":"Piutang","icon":"CreditCard","path":"/receivables","order_index":2,"permission":{"can_view":true,"can_create":true,"can_edit":true,"can_delete":true},"children":[]}]},{"key_name":"keuangan","label":"Keuangan","icon":"Wallet","path":null,"order_index":6,"permission":{"can_view":true,"can_create":true,"can_edit":true,"can_delete":true},"children":[{"key_name":"keuangan.dashboard","label":"Dashboard Keuangan","icon":"Wallet","path":"/finance","order_index":1,"permission":{"can_view":true,"can_create":true,"can_edit":true,"can_delete":true},"children":[]},{"key_name":"keuangan.kas_harian","label":"Kas Harian","icon":"Landmark","path":"/finance/cash-drawer","order_index":2,"permission":{"can_view":true,"can_create":true,"can_edit":true,"can_delete":true},"children":[]},{"key_name":"keuangan.pengeluaran","label":"Pengeluaran","icon":"TrendingDown","path":"/finance/expenses","order_index":3,"permission":{"can_view":true,"can_create":true,"can_edit":true,"can_delete":true},"children":[]},{"key_name":"keuangan.kas_saya","label":"Kas Saya","icon":"Wallet","path":"/finance/my-cash","order_index":4,"permission":{"can_view":true,"can_create":true,"can_edit":true,"can_delete":true},"children":[]}]},{"key_name":"pelaporan","label":"Pelaporan","icon":"BarChart2","path":null,"order_index":7,"permission":{"can_view":true,"can_create":true,"can_edit":true,"can_delete":true},"children":[{"key_name":"pelaporan.penjualan","label":"Penjualan","icon":"TrendingUp","path":"/reports/sales","order_index":1,"permission":{"can_view":true,"can_create":true,"can_edit":true,"can_delete":true},"children":[]},{"key_name":"pelaporan.laba_rugi","label":"Laba Rugi","icon":"LineChart","path":"/reports/profit-loss","order_index":2,"permission":{"can_view":true,"can_create":true,"can_edit":true,"can_delete":true},"children":[]},{"key_name":"pelaporan.stok","label":"Stok","icon":"PackageSearch","path":"/reports/stock","order_index":3,"permission":{"can_view":true,"can_create":true,"can_edit":true,"can_delete":true},"children":[]},{"key_name":"pelaporan.kinerja_kasir","label":"Kinerja Kasir","icon":"BarChart2","path":"/reports/cashier","order_index":4,"permission":{"can_view":true,"can_create":true,"can_edit":true,"can_delete":true},"children":[]},{"key_name":"pelaporan.ringkasan_bisnis","label":"Ringkasan Bisnis","icon":"BarChart3","path":"/reports/business-summary","order_index":5,"permission":{"can_view":true,"can_create":true,"can_edit":true,"can_delete":true},"children":[]}]},{"key_name":"operasional","label":"Operasional","icon":"Clock","path":null,"order_index":8,"permission":{"can_view":true,"can_create":true,"can_edit":true,"can_delete":true},"children":[{"key_name":"operasional.shift","label":"Shift","icon":"Clock","path":"/shifts","order_index":1,"permission":{"can_view":true,"can_create":true,"can_edit":true,"can_delete":true},"children":[]},{"key_name":"operasional.sync","label":"Sync Center","icon":"RefreshCw","path":"/sync","order_index":2,"permission":{"can_view":true,"can_create":true,"can_edit":true,"can_delete":true},"children":[]}]},{"key_name":"sistem","label":"Sistem","icon":"Settings","path":null,"order_index":9,"permission":{"can_view":true,"can_create":true,"can_edit":true,"can_delete":true},"children":[{"key_name":"sistem.profil_toko","label":"Profil Toko","icon":"Settings","path":"/settings/store","order_index":1,"permission":{"can_view":true,"can_create":true,"can_edit":true,"can_delete":true},"children":[]},{"key_name":"sistem.users","label":"Manajemen User","icon":"Users","path":"/settings/users","order_index":2,"permission":{"can_view":true,"can_create":true,"can_edit":true,"can_delete":true},"children":[]},{"key_name":"sistem.roles","label":"Manajemen Role","icon":"Shield","path":"/settings/roles","order_index":3,"permission":{"can_view":true,"can_create":true,"can_edit":true,"can_delete":true},"children":[]},{"key_name":"sistem.menus","label":"Manajemen Menu","icon":"LayoutList","path":"/settings/menus","order_index":4,"permission":{"can_view":true,"can_create":true,"can_edit":true,"can_delete":true},"children":[]},{"key_name":"sistem.printer","label":"Printer","icon":"Printer","path":"/settings/printer","order_index":5,"permission":{"can_view":true,"can_create":true,"can_edit":true,"can_delete":true},"children":[]},{"key_name":"sistem.versi","label":"Versi Aplikasi","icon":"RefreshCw","path":"/settings/versions","order_index":6,"permission":{"can_view":true,"can_create":true,"can_edit":true,"can_delete":true},"children":[]},{"key_name":"sistem.backup","label":"Backup \u0026 Restore","icon":"DatabaseBackup","path":"/settings/backup","order_index":7,"permission":{"can_view":true,"can_create":true,"can_edit":true,"can_delete":true},"children":[]}]}]}{"code":"50","status":false,"trace_id":"7a22b98b-fae3-4e43-8360-7e8729899c45","message":"Internal Server Error","data":null}', 2, 6, '::1', NULL, '2026-07-26 16:46:32.62')

2026/07/26 16:46:32 [32mD:/Develop/Project_pos_mahenz/BE/domain/auth/repo/auth_repo.go:46
[0m[33m[0.832ms] [34;1m[rows:1][0m SELECT id, user_id, user_role, token, device_info, expires_at FROM sessions WHERE token = 'eyJhbGciOiJIUzI1NiIsInR5cCI6IkpXVCJ9.eyJhcHBzIjoid2ViIiwiZXhwIjoxNzg1MDg3OTkyLCJmdWxsX25hbWUiOiJBZG1pbmlzdHJhdG9yIiwicm9sZSI6ImFkbWluIiwidXNlcl9pZCI6MiwidXNlcm5hbWUiOiJhZG1pbiJ9.b9omOhLIC6pUO2j633RaNSl0lkbpEIbNgEAwI4Yn3VY' LIMIT 1

2026/07/26 16:46:32 [32mD:/Develop/Project_pos_mahenz/BE/domain/menu/repo/menu_repo.go:121
[0m[33m[0.593ms] [34;1m[rows:-][0m 
		SELECT
			m.id,
			m.parent_id,
			m.key_name,
			m.label,
			m.icon,
			m.path,
			m.order_index,
			COALESCE(rma.can_view,   0),
			COALESCE(rma.can_create, 0),
			COALESCE(rma.can_edit,   0),
			COALESCE(rma.can_delete, 0)
		FROM menus m
		LEFT JOIN role_menu_access rma ON rma.menu_id = m.id
			AND rma.role_id = (SELECT id FROM roles WHERE name = 'admin' AND is_active = 1 LIMIT 1)
		WHERE m.is_active = 1
		ORDER BY m.order_index ASC, m.id ASC
		
[GIN] 2026/07/26 - 16:46:32 | 200 |      2.0242ms |             ::1 | POST     "/api/menus/my"

2026/07/26 16:46:32 [32mD:/Develop/Project_pos_mahenz/BE/repository/log_request_repository.go:32
[0m[33m[3.083ms] [34;1m[rows:1][0m INSERT INTO log_requests (id, method, endpoint, status_code, request_body, response_body, user_id, duration_ms, ip_address, error_message, created_at) VALUES ('2be9b9a7-a85a-4a46-999e-bbfed7b76811', 'POST', '/api/menus/my', 200, '{}', '{"code":"00","status":true,"message":"Menu akses","data":[{"key_name":"beranda","label":"Beranda","icon":"Home","path":null,"order_index":1,"permission":{"can_view":true,"can_create":true,"can_edit":true,"can_delete":true},"children":[{"key_name":"beranda.dashboard","label":"Dashboard","icon":"LayoutDashboard","path":"/dashboard","order_index":1,"permission":{"can_view":true,"can_create":true,"can_edit":true,"can_delete":true},"children":[]}]},{"key_name":"penjualan","label":"Penjualan","icon":"ShoppingCart","path":null,"order_index":2,"permission":{"can_view":true,"can_create":true,"can_edit":true,"can_delete":true},"children":[{"key_name":"penjualan.kasir","label":"Kasir","icon":"ShoppingCart","path":"/kasir","order_index":1,"permission":{"can_view":true,"can_create":true,"can_edit":true,"can_delete":true},"children":[]},{"key_name":"penjualan.transaksi","label":"Transaksi","icon":"Receipt","path":"/transactions","order_index":2,"permission":{"can_view":true,"can_create":true,"can_edit":true,"can_delete":true},"children":[]}]},{"key_name":"produk","label":"Produk","icon":"Package","path":null,"order_index":3,"permission":{"can_view":true,"can_create":true,"can_edit":true,"can_delete":true},"children":[{"key_name":"produk.produk","label":"Produk","icon":"Package","path":"/products","order_index":1,"permission":{"can_view":true,"can_create":true,"can_edit":true,"can_delete":true},"children":[]},{"key_name":"produk.kategori","label":"Kategori","icon":"Tag","path":"/products/categories","order_index":2,"permission":{"can_view":true,"can_create":true,"can_edit":true,"can_delete":true},"children":[]},{"key_name":"produk.unit","label":"Unit","icon":"PackageSearch","path":"/products/units","order_index":3,"permission":{"can_view":true,"can_create":true,"can_edit":true,"can_delete":true},"children":[]}]},{"key_name":"pengadaan","label":"Pengadaan","icon":"Truck","path":null,"order_index":4,"permission":{"can_view":true,"can_create":true,"can_edit":true,"can_delete":true},"children":[{"key_name":"pengadaan.supplier","label":"Supplier","icon":"Truck","path":"/suppliers","order_index":1,"permission":{"can_view":true,"can_create":true,"can_edit":true,"can_delete":true},"children":[]},{"key_name":"pengadaan.pembelian","label":"Pembelian","icon":"ShoppingBag","path":"/suppliers/purchases","order_index":2,"permission":{"can_view":true,"can_create":true,"can_edit":true,"can_delete":true},"children":[]},{"key_name":"pengadaan.retur","label":"Retur","icon":"RotateCcw","path":"/suppliers/returns","order_index":3,"permission":{"can_view":true,"can_create":true,"can_edit":true,"can_delete":true},"children":[]}]},{"key_name":"pelanggan","label":"Pelanggan","icon":"Users","path":null,"order_index":5,"permission":{"can_view":true,"can_create":true,"can_edit":true,"can_delete":true},"children":[{"key_name":"pelanggan.pelanggan","label":"Pelanggan","icon":"Users","path":"/customers","order_index":1,"permission":{"can_view":true,"can_create":true,"can_edit":true,"can_delete":true},"children":[]},{"key_name":"pelanggan.piutang","label":"Piutang","icon":"CreditCard","path":"/receivables","order_index":2,"permission":{"can_view":true,"can_create":true,"can_edit":true,"can_delete":true},"children":[]}]},{"key_name":"keuangan","label":"Keuangan","icon":"Wallet","path":null,"order_index":6,"permission":{"can_view":true,"can_create":true,"can_edit":true,"can_delete":true},"children":[{"key_name":"keuangan.dashboard","label":"Dashboard Keuangan","icon":"Wallet","path":"/finance","order_index":1,"permission":{"can_view":true,"can_create":true,"can_edit":true,"can_delete":true},"children":[]},{"key_name":"keuangan.kas_harian","label":"Kas Harian","icon":"Landmark","path":"/finance/cash-drawer","order_index":2,"permission":{"can_view":true,"can_create":true,"can_edit":true,"can_delete":true},"children":[]},{"key_name":"keuangan.pengeluaran","label":"Pengeluaran","icon":"TrendingDown","path":"/finance/expenses","order_index":3,"permission":{"can_view":true,"can_create":true,"can_edit":true,"can_delete":true},"children":[]},{"key_name":"keuangan.kas_saya","label":"Kas Saya","icon":"Wallet","path":"/finance/my-cash","order_index":4,"permission":{"can_view":true,"can_create":true,"can_edit":true,"can_delete":true},"children":[]}]},{"key_name":"pelaporan","label":"Pelaporan","icon":"BarChart2","path":null,"order_index":7,"permission":{"can_view":true,"can_create":true,"can_edit":true,"can_delete":true},"children":[{"key_name":"pelaporan.penjualan","label":"Penjualan","icon":"TrendingUp","path":"/reports/sales","order_index":1,"permission":{"can_view":true,"can_create":true,"can_edit":true,"can_delete":true},"children":[]},{"key_name":"pelaporan.laba_rugi","label":"Laba Rugi","icon":"LineChart","path":"/reports/profit-loss","order_index":2,"permission":{"can_view":true,"can_create":true,"can_edit":true,"can_delete":true},"children":[]},{"key_name":"pelaporan.stok","label":"Stok","icon":"PackageSearch","path":"/reports/stock","order_index":3,"permission":{"can_view":true,"can_create":true,"can_edit":true,"can_delete":true},"children":[]},{"key_name":"pelaporan.kinerja_kasir","label":"Kinerja Kasir","icon":"BarChart2","path":"/reports/cashier","order_index":4,"permission":{"can_view":true,"can_create":true,"can_edit":true,"can_delete":true},"children":[]},{"key_name":"pelaporan.ringkasan_bisnis","label":"Ringkasan Bisnis","icon":"BarChart3","path":"/reports/business-summary","order_index":5,"permission":{"can_view":true,"can_create":true,"can_edit":true,"can_delete":true},"children":[]}]},{"key_name":"operasional","label":"Operasional","icon":"Clock","path":null,"order_index":8,"permission":{"can_view":true,"can_create":true,"can_edit":true,"can_delete":true},"children":[{"key_name":"operasional.shift","label":"Shift","icon":"Clock","path":"/shifts","order_index":1,"permission":{"can_view":true,"can_create":true,"can_edit":true,"can_delete":true},"children":[]},{"key_name":"operasional.sync","label":"Sync Center","icon":"RefreshCw","path":"/sync","order_index":2,"permission":{"can_view":true,"can_create":true,"can_edit":true,"can_delete":true},"children":[]}]},{"key_name":"sistem","label":"Sistem","icon":"Settings","path":null,"order_index":9,"permission":{"can_view":true,"can_create":true,"can_edit":true,"can_delete":true},"children":[{"key_name":"sistem.profil_toko","label":"Profil Toko","icon":"Settings","path":"/settings/store","order_index":1,"permission":{"can_view":true,"can_create":true,"can_edit":true,"can_delete":true},"children":[]},{"key_name":"sistem.users","label":"Manajemen User","icon":"Users","path":"/settings/users","order_index":2,"permission":{"can_view":true,"can_create":true,"can_edit":true,"can_delete":true},"children":[]},{"key_name":"sistem.roles","label":"Manajemen Role","icon":"Shield","path":"/settings/roles","order_index":3,"permission":{"can_view":true,"can_create":true,"can_edit":true,"can_delete":true},"children":[]},{"key_name":"sistem.menus","label":"Manajemen Menu","icon":"LayoutList","path":"/settings/menus","order_index":4,"permission":{"can_view":true,"can_create":true,"can_edit":true,"can_delete":true},"children":[]},{"key_name":"sistem.printer","label":"Printer","icon":"Printer","path":"/settings/printer","order_index":5,"permission":{"can_view":true,"can_create":true,"can_edit":true,"can_delete":true},"children":[]},{"key_name":"sistem.versi","label":"Versi Aplikasi","icon":"RefreshCw","path":"/settings/versions","order_index":6,"permission":{"can_view":true,"can_create":true,"can_edit":true,"can_delete":true},"children":[]},{"key_name":"sistem.backup","label":"Backup \u0026 Restore","icon":"DatabaseBackup","path":"/settings/backup","order_index":7,"permission":{"can_view":true,"can_create":true,"can_edit":true,"can_delete":true},"children":[]}]}]}', 2, 2, '::1', NULL, '2026-07-26 16:46:32.748')
[GIN] 2026/07/26 - 16:46:32 | 204 |            0s |             ::1 | OPTIONS  "/api/sync/conflicts/count"

2026/07/26 16:46:32 [32mD:/Develop/Project_pos_mahenz/BE/domain/auth/repo/auth_repo.go:46
[0m[33m[0.507ms] [34;1m[rows:1][0m SELECT id, user_id, user_role, token, device_info, expires_at FROM sessions WHERE token = 'eyJhbGciOiJIUzI1NiIsInR5cCI6IkpXVCJ9.eyJhcHBzIjoid2ViIiwiZXhwIjoxNzg1MDg3OTkyLCJmdWxsX25hbWUiOiJBZG1pbmlzdHJhdG9yIiwicm9sZSI6ImFkbWluIiwidXNlcl9pZCI6MiwidXNlcm5hbWUiOiJhZG1pbiJ9.b9omOhLIC6pUO2j633RaNSl0lkbpEIbNgEAwI4Yn3VY' LIMIT 1

2026/07/26 16:46:32 [32mD:/Develop/Project_pos_mahenz/BE/domain/access/repo/access_repo.go:55
[0m[33m[1.553ms] [34;1m[rows:38][0m 
SELECT
    m.key_name,
    COALESCE(rma.can_view,   0) AS can_view,
    COALESCE(rma.can_create, 0) AS can_create,
    COALESCE(rma.can_edit,   0) AS can_edit,
    COALESCE(rma.can_delete, 0) AS can_delete
FROM menus m
LEFT JOIN role_menu_access rma ON rma.menu_id = m.id
    AND rma.role_id = (SELECT id FROM roles WHERE name = 'admin' AND is_active = 1 LIMIT 1)
WHERE m.is_active = 1
ORDER BY m.id ASC

2026/07/26 16:46:32 [32mD:/Develop/Project_pos_mahenz/BE/domain/sync/repo/sync_repo.go:84
[0m[33m[0.846ms] [34;1m[rows:1][0m SELECT COUNT(*) FROM sync_conflicts WHERE status = 'pending'
[GIN] 2026/07/26 - 16:46:32 | 200 |      3.9291ms |             ::1 | GET      "/api/sync/conflicts/count"

2026/07/26 16:46:32 [32mD:/Develop/Project_pos_mahenz/BE/repository/log_request_repository.go:32
[0m[33m[3.188ms] [34;1m[rows:1][0m INSERT INTO log_requests (id, method, endpoint, status_code, request_body, response_body, user_id, duration_ms, ip_address, error_message, created_at) VALUES ('26707b44-aaab-4980-9da3-42d6bafcfed4', 'GET', '/api/sync/conflicts/count', 200, '', '{"code":"00","status":true,"message":"Jumlah konflik pending","data":{"count":0}}', 2, 3, '::1', NULL, '2026-07-26 16:46:32.808')
[GIN] 2026/07/26 - 16:46:33 | 204 |            0s |             ::1 | OPTIONS  "/api/suppliers/list"
[GIN] 2026/07/26 - 16:46:33 | 204 |            0s |             ::1 | OPTIONS  "/api/products/list"

2026/07/26 16:46:33 [32mD:/Develop/Project_pos_mahenz/BE/domain/auth/repo/auth_repo.go:46
[0m[33m[1.519ms] [34;1m[rows:1][0m SELECT id, user_id, user_role, token, device_info, expires_at FROM sessions WHERE token = 'eyJhbGciOiJIUzI1NiIsInR5cCI6IkpXVCJ9.eyJhcHBzIjoid2ViIiwiZXhwIjoxNzg1MDg3OTkyLCJmdWxsX25hbWUiOiJBZG1pbmlzdHJhdG9yIiwicm9sZSI6ImFkbWluIiwidXNlcl9pZCI6MiwidXNlcm5hbWUiOiJhZG1pbiJ9.b9omOhLIC6pUO2j633RaNSl0lkbpEIbNgEAwI4Yn3VY' LIMIT 1

2026/07/26 16:46:33 [32mD:/Develop/Project_pos_mahenz/BE/domain/supplier/repo/supplier_repo.go:48
[0m[33m[1.331ms] [34;1m[rows:1][0m SELECT COUNT(*) FROM suppliers WHERE 1=1

2026/07/26 16:46:33 [32mD:/Develop/Project_pos_mahenz/BE/domain/auth/repo/auth_repo.go:46
[0m[33m[1.093ms] [34;1m[rows:1][0m SELECT id, user_id, user_role, token, device_info, expires_at FROM sessions WHERE token = 'eyJhbGciOiJIUzI1NiIsInR5cCI6IkpXVCJ9.eyJhcHBzIjoid2ViIiwiZXhwIjoxNzg1MDg3OTkyLCJmdWxsX25hbWUiOiJBZG1pbmlzdHJhdG9yIiwicm9sZSI6ImFkbWluIiwidXNlcl9pZCI6MiwidXNlcm5hbWUiOiJhZG1pbiJ9.b9omOhLIC6pUO2j633RaNSl0lkbpEIbNgEAwI4Yn3VY' LIMIT 1

2026/07/26 16:46:33 [32mD:/Develop/Project_pos_mahenz/BE/domain/supplier/repo/supplier_repo.go:71
[0m[33m[1.247ms] [34;1m[rows:1][0m SELECT id, supplier_code, name, address, phone, email, contact_person, notes, is_active, created_at FROM suppliers WHERE 1=1 ORDER BY name ASC LIMIT 1 OFFSET 0
[GIN] 2026/07/26 - 16:46:33 | 200 |      4.6123ms |             ::1 | POST     "/api/suppliers/list"

2026/07/26 16:46:33 [32mD:/Develop/Project_pos_mahenz/BE/domain/product/repo/product_repo.go:100
[0m[33m[0.623ms] [34;1m[rows:1][0m SELECT COUNT(*) FROM products p WHERE 1=1

2026/07/26 16:46:33 [32mD:/Develop/Project_pos_mahenz/BE/domain/product/repo/product_repo.go:119
[0m[33m[2.821ms] [34;1m[rows:1][0m 
		SELECT p.id, p.barcode, COALESCE(p.sku, '') as sku, p.name, p.category_id, COALESCE(c.name, '') as category_name,
		       p.purchase_price, p.selling_price, p.stock, p.reserved_qty, p.min_stock,
		       COALESCE(p.unit_id, 0) as unit_id, COALESCE(u.name, '') as unit_name, COALESCE(u.abbreviation, '') as unit_abbreviation,
		       p.is_active,
		       (SELECT COUNT(*) FROM product_packages pp WHERE pp.product_id = p.id AND pp.is_default = 0) AS extra_packages,
		       (SELECT COUNT(*) FROM product_prices pr WHERE pr.product_id = p.id) AS price_tiers_count
		FROM products p
		LEFT JOIN categories c ON p.category_id = c.id
		LEFT JOIN units u ON u.id = p.unit_id
		WHERE 1=1 ORDER BY p.name ASC LIMIT 1 OFFSET 0
[GIN] 2026/07/26 - 16:46:33 | 200 |      6.2191ms |             ::1 | POST     "/api/products/list"

2026/07/26 16:46:33 [32mD:/Develop/Project_pos_mahenz/BE/repository/log_request_repository.go:32
[0m[33m[10.008ms] [34;1m[rows:1][0m INSERT INTO log_requests (id, method, endpoint, status_code, request_body, response_body, user_id, duration_ms, ip_address, error_message, created_at) VALUES ('b758bcc3-caf1-4e81-b8c0-0b1fa4affe48', 'POST', '/api/suppliers/list', 200, '{"page":1,"limit":1,"search":""}', '{"code":"00","status":true,"message":"Daftar supplier","data":[{"id":1,"supplier_code":"SUP-001","name":"Supplier Test Fase14","address":"Jl. Test","phone":"08123456789","email":"","contact_person":"","notes":"","is_active":true,"created_at":"2026-07-25T13:19:10+07:00"}],"pagination":{"page":1,"per_page":1,"total":2,"total_pages":2}}', 2, 4, '::1', NULL, '2026-07-26 16:46:33.11')

2026/07/26 16:46:33 [32mD:/Develop/Project_pos_mahenz/BE/repository/log_request_repository.go:32
[0m[33m[6.175ms] [34;1m[rows:1][0m INSERT INTO log_requests (id, method, endpoint, status_code, request_body, response_body, user_id, duration_ms, ip_address, error_message, created_at) VALUES ('7daa43e4-d940-442c-ad52-eccc08fcc47f', 'POST', '/api/products/list', 200, '{"page":1,"limit":1,"search":""}', '{"code":"00","status":true,"message":"Daftar produk","data":[{"id":4,"barcode":"8992260464338","sku":"SEM-0003","name":"Gula Pasir 1kg","category_id":1,"category_name":"Sembako Test","purchase_price":0,"selling_price":15000,"stock":50,"reserved_qty":0,"min_stock":5,"unit_id":1,"unit_name":"Pieces","unit_abbreviation":"Pcs","is_active":false,"extra_packages":0,"price_tiers_count":0}],"pagination":{"page":1,"per_page":1,"total":13,"total_pages":13}}', 2, 6, '::1', NULL, '2026-07-26 16:46:33.114')
[GIN] 2026/07/26 - 16:46:33 | 204 |            0s |             ::1 | OPTIONS  "/api/suppliers/options"
[GIN] 2026/07/26 - 16:46:33 | 204 |            0s |             ::1 | OPTIONS  "/api/payment-statuses/list"
[GIN] 2026/07/26 - 16:46:33 | 204 |            0s |             ::1 | OPTIONS  "/api/settings/pagination_sizes"
[GIN] 2026/07/26 - 16:46:33 | 204 |            0s |             ::1 | OPTIONS  "/api/payment-methods/list"
[GIN] 2026/07/26 - 16:46:33 | 204 |            0s |             ::1 | OPTIONS  "/api/supplier-purchases/list"

2026/07/26 16:46:33 [32mD:/Develop/Project_pos_mahenz/BE/domain/auth/repo/auth_repo.go:46
[0m[33m[0.976ms] [34;1m[rows:1][0m SELECT id, user_id, user_role, token, device_info, expires_at FROM sessions WHERE token = 'eyJhbGciOiJIUzI1NiIsInR5cCI6IkpXVCJ9.eyJhcHBzIjoid2ViIiwiZXhwIjoxNzg1MDg3OTkyLCJmdWxsX25hbWUiOiJBZG1pbmlzdHJhdG9yIiwicm9sZSI6ImFkbWluIiwidXNlcl9pZCI6MiwidXNlcm5hbWUiOiJhZG1pbiJ9.b9omOhLIC6pUO2j633RaNSl0lkbpEIbNgEAwI4Yn3VY' LIMIT 1

2026/07/26 16:46:33 [32mD:/Develop/Project_pos_mahenz/BE/domain/supplier/repo/supplier_repo.go:48
[0m[33m[0.551ms] [34;1m[rows:1][0m SELECT COUNT(*) FROM suppliers WHERE 1=1

2026/07/26 16:46:33 [32mD:/Develop/Project_pos_mahenz/BE/domain/auth/repo/auth_repo.go:46
[0m[33m[0.551ms] [34;1m[rows:1][0m SELECT id, user_id, user_role, token, device_info, expires_at FROM sessions WHERE token = 'eyJhbGciOiJIUzI1NiIsInR5cCI6IkpXVCJ9.eyJhcHBzIjoid2ViIiwiZXhwIjoxNzg1MDg3OTkyLCJmdWxsX25hbWUiOiJBZG1pbmlzdHJhdG9yIiwicm9sZSI6ImFkbWluIiwidXNlcl9pZCI6MiwidXNlcm5hbWUiOiJhZG1pbiJ9.b9omOhLIC6pUO2j633RaNSl0lkbpEIbNgEAwI4Yn3VY' LIMIT 1

2026/07/26 16:46:33 [32mD:/Develop/Project_pos_mahenz/BE/domain/supplier/repo/supplier_repo.go:85
[0m[33m[0.551ms] [34;1m[rows:1][0m SELECT id, supplier_code, name FROM suppliers WHERE is_active = 1 ORDER BY name

2026/07/26 16:46:33 [32mD:/Develop/Project_pos_mahenz/BE/domain/supplier/repo/supplier_repo.go:71
[0m[33m[0.551ms] [34;1m[rows:2][0m SELECT id, supplier_code, name, address, phone, email, contact_person, notes, is_active, created_at FROM suppliers WHERE 1=1 ORDER BY name ASC LIMIT 10 OFFSET 0
[GIN] 2026/07/26 - 16:46:33 | 200 |      2.0792ms |             ::1 | POST     "/api/suppliers/list"
[GIN] 2026/07/26 - 16:46:33 | 200 |      1.1029ms |             ::1 | POST     "/api/suppliers/options"

2026/07/26 16:46:33 [32mD:/Develop/Project_pos_mahenz/BE/domain/auth/repo/auth_repo.go:46
[0m[33m[0.609ms] [34;1m[rows:1][0m SELECT id, user_id, user_role, token, device_info, expires_at FROM sessions WHERE token = 'eyJhbGciOiJIUzI1NiIsInR5cCI6IkpXVCJ9.eyJhcHBzIjoid2ViIiwiZXhwIjoxNzg1MDg3OTkyLCJmdWxsX25hbWUiOiJBZG1pbmlzdHJhdG9yIiwicm9sZSI6ImFkbWluIiwidXNlcl9pZCI6MiwidXNlcm5hbWUiOiJhZG1pbiJ9.b9omOhLIC6pUO2j633RaNSl0lkbpEIbNgEAwI4Yn3VY' LIMIT 1

2026/07/26 16:46:33 [32mD:/Develop/Project_pos_mahenz/BE/domain/setting/repo/setting_repo.go:32
[0m[33m[0.592ms] [34;1m[rows:-][0m SELECT setting_key, setting_value FROM settings WHERE setting_key = 'pagination_sizes'
[GIN] 2026/07/26 - 16:46:33 | 200 |      1.8513ms |             ::1 | GET      "/api/settings/pagination_sizes"

2026/07/26 16:46:33 [32mD:/Develop/Project_pos_mahenz/BE/domain/auth/repo/auth_repo.go:46
[0m[33m[2.977ms] [34;1m[rows:1][0m SELECT id, user_id, user_role, token, device_info, expires_at FROM sessions WHERE token = 'eyJhbGciOiJIUzI1NiIsInR5cCI6IkpXVCJ9.eyJhcHBzIjoid2ViIiwiZXhwIjoxNzg1MDg3OTkyLCJmdWxsX25hbWUiOiJBZG1pbmlzdHJhdG9yIiwicm9sZSI6ImFkbWluIiwidXNlcl9pZCI6MiwidXNlcm5hbWUiOiJhZG1pbiJ9.b9omOhLIC6pUO2j633RaNSl0lkbpEIbNgEAwI4Yn3VY' LIMIT 1

2026/07/26 16:46:33 [32mD:/Develop/Project_pos_mahenz/BE/repository/log_request_repository.go:32
[0m[33m[2.425ms] [34;1m[rows:1][0m INSERT INTO log_requests (id, method, endpoint, status_code, request_body, response_body, user_id, duration_ms, ip_address, error_message, created_at) VALUES ('8d8253b7-aad5-477b-9ffa-c704f8ba1fdf', 'POST', '/api/suppliers/options', 200, '{"search":""}', '{"code":"00","status":true,"message":"Opsi supplier","data":[{"id":1,"supplier_code":"SUP-001","name":"Supplier Test Fase14"}]}', 2, 1, '::1', NULL, '2026-07-26 16:46:33.228')

2026/07/26 16:46:33 [32mD:/Develop/Project_pos_mahenz/BE/domain/auth/repo/auth_repo.go:46
[0m[33m[0.574ms] [34;1m[rows:1][0m SELECT id, user_id, user_role, token, device_info, expires_at FROM sessions WHERE token = 'eyJhbGciOiJIUzI1NiIsInR5cCI6IkpXVCJ9.eyJhcHBzIjoid2ViIiwiZXhwIjoxNzg1MDg3OTkyLCJmdWxsX25hbWUiOiJBZG1pbmlzdHJhdG9yIiwicm9sZSI6ImFkbWluIiwidXNlcl9pZCI6MiwidXNlcm5hbWUiOiJhZG1pbiJ9.b9omOhLIC6pUO2j633RaNSl0lkbpEIbNgEAwI4Yn3VY' LIMIT 1

2026/07/26 16:46:33 [32mD:/Develop/Project_pos_mahenz/BE/domain/payment_status/repo/payment_status_repo.go:9
[0m[33m[0.821ms] [34;1m[rows:3][0m SELECT id, code, label, is_active, sort_order FROM payment_statuses WHERE is_active = 1 ORDER BY sort_order ASC
[GIN] 2026/07/26 - 16:46:33 | 200 |      4.5271ms |             ::1 | POST     "/api/payment-statuses/list"

2026/07/26 16:46:33 [32mD:/Develop/Project_pos_mahenz/BE/repository/log_request_repository.go:32
[0m[33m[7.168ms] [34;1m[rows:1][0m INSERT INTO log_requests (id, method, endpoint, status_code, request_body, response_body, user_id, duration_ms, ip_address, error_message, created_at) VALUES ('5f7334b3-59a1-42e1-abe8-5aaf86103ebd', 'POST', '/api/suppliers/list', 200, '{"page":1,"limit":200,"search":""}', '{"code":"00","status":true,"message":"Daftar supplier","data":[{"id":1,"supplier_code":"SUP-001","name":"Supplier Test Fase14","address":"Jl. Test","phone":"08123456789","email":"","contact_person":"","notes":"","is_active":true,"created_at":"2026-07-25T13:19:10+07:00"},{"id":3,"supplier_code":"SUP-002","name":"Supplier Test Void Debt","address":"","phone":"","email":"","contact_person":"","notes":"","is_active":false,"created_at":"2026-07-26T10:32:08+07:00"}],"pagination":{"page":1,"per_page":200,"total":2,"total_pages":1}}', 2, 2, '::1', NULL, '2026-07-26 16:46:33.228')

2026/07/26 16:46:33 [32mD:/Develop/Project_pos_mahenz/BE/domain/auth/repo/auth_repo.go:46
[0m[33m[23.455ms] [34;1m[rows:1][0m SELECT id, user_id, user_role, token, device_info, expires_at FROM sessions WHERE token = 'eyJhbGciOiJIUzI1NiIsInR5cCI6IkpXVCJ9.eyJhcHBzIjoid2ViIiwiZXhwIjoxNzg1MDg3OTkyLCJmdWxsX25hbWUiOiJBZG1pbmlzdHJhdG9yIiwicm9sZSI6ImFkbWluIiwidXNlcl9pZCI6MiwidXNlcm5hbWUiOiJhZG1pbiJ9.b9omOhLIC6pUO2j633RaNSl0lkbpEIbNgEAwI4Yn3VY' LIMIT 1

2026/07/26 16:46:33 [32mD:/Develop/Project_pos_mahenz/BE/domain/supplier_purchase/repo/purchase_repo.go:132
[0m[33m[20.138ms] [34;1m[rows:1][0m SELECT COUNT(*) FROM purchases p WHERE 1=1 AND DATE(p.purchase_date) >= '2026-07-01' AND DATE(p.purchase_date) <= '2026-07-26'

2026/07/26 16:46:33 [32mD:/Develop/Project_pos_mahenz/BE/domain/payment_method/repo/payment_method_repo.go:9
[0m[33m[1.942ms] [34;1m[rows:5][0m SELECT id, code, label, is_active, sort_order FROM payment_methods WHERE is_active = 1 ORDER BY sort_order ASC
[GIN] 2026/07/26 - 16:46:33 | 200 |      26.911ms |             ::1 | POST     "/api/payment-methods/list"

2026/07/26 16:46:33 [32mD:/Develop/Project_pos_mahenz/BE/domain/supplier_purchase/repo/purchase_repo.go:149
[0m[33m[4.724ms] [34;1m[rows:-][0m SELECT p.id, p.purchase_code, p.invoice_number, p.supplier_id, COALESCE(s.name, '') as supplier_name, p.purchase_date, p.discount_amount, p.total_amount, p.payment_status, p.paid_amount, p.remaining_amount, p.status, COALESCE(u.full_name, '') as user_name, p.notes FROM purchases p LEFT JOIN users u ON p.user_id = u.id LEFT JOIN suppliers s ON p.supplier_id = s.id WHERE 1=1 AND DATE(p.purchase_date) >= '2026-07-01' AND DATE(p.purchase_date) <= '2026-07-26' ORDER BY p.purchase_date DESC, p.id DESC LIMIT 10 OFFSET 0
[GIN] 2026/07/26 - 16:46:33 | 200 |     31.2761ms |             ::1 | POST     "/api/supplier-purchases/list"

2026/07/26 16:46:33 [32mD:/Develop/Project_pos_mahenz/BE/repository/log_request_repository.go:32
[0m[33m[10.718ms] [34;1m[rows:1][0m INSERT INTO log_requests (id, method, endpoint, status_code, request_body, response_body, user_id, duration_ms, ip_address, error_message, created_at) VALUES ('02f13c0f-6a64-4b46-822f-f4150e681562', 'POST', '/api/payment-methods/list', 200, '{}', '{"code":"00","status":true,"message":"Daftar metode pembayaran","data":[{"id":1,"code":"cash","label":"Tunai","is_active":1,"sort_order":1},{"id":2,"code":"transfer","label":"Transfer Bank","is_active":1,"sort_order":2},{"id":3,"code":"card","label":"Kartu","is_active":1,"sort_order":3},{"id":4,"code":"qris","label":"QRIS","is_active":1,"sort_order":4},{"id":5,"code":"kredit","label":"Kredit","is_active":1,"sort_order":5}]}', 2, 26, '::1', NULL, '2026-07-26 16:46:33.256')

2026/07/26 16:46:33 [32mD:/Develop/Project_pos_mahenz/BE/repository/log_request_repository.go:32
[0m[33m[38.486ms] [34;1m[rows:1][0m INSERT INTO log_requests (id, method, endpoint, status_code, request_body, response_body, user_id, duration_ms, ip_address, error_message, created_at) VALUES ('28414310-45ed-4379-b72c-973d1f2c7245', 'GET', '/api/settings/pagination_sizes', 200, '', '{"code":"00","status":true,"message":"Detail pengaturan","data":{"key":"pagination_sizes","value":"[10,20,50]"}}', 2, 1, '::1', NULL, '2026-07-26 16:46:33.229')

2026/07/26 16:46:33 [32mD:/Develop/Project_pos_mahenz/BE/repository/log_request_repository.go:32
[0m[33m[35.855ms] [34;1m[rows:1][0m INSERT INTO log_requests (id, method, endpoint, status_code, request_body, response_body, user_id, duration_ms, ip_address, error_message, created_at) VALUES ('38040463-e28f-4b51-b7c0-f8a5aefb93ca', 'POST', '/api/payment-statuses/list', 200, '{}', '{"code":"00","status":true,"message":"Daftar status pembayaran","data":[{"id":1,"code":"unpaid","label":"Hutang","is_active":1,"sort_order":1},{"id":2,"code":"partial","label":"Bayar Sebagian","is_active":1,"sort_order":2},{"id":3,"code":"paid","label":"Lunas","is_active":1,"sort_order":3}]}', 2, 4, '::1', NULL, '2026-07-26 16:46:33.232')

2026/07/26 16:46:33 [32mD:/Develop/Project_pos_mahenz/BE/repository/log_request_repository.go:32
[0m[33m[6.211ms] [34;1m[rows:1][0m INSERT INTO log_requests (id, method, endpoint, status_code, request_body, response_body, user_id, duration_ms, ip_address, error_message, created_at) VALUES ('8fbc6826-7a59-420e-89d7-751db9d05040', 'POST', '/api/supplier-purchases/list', 200, '{"page":1,"limit":10,"start_date":"2026-07-01","end_date":"2026-07-26"}', '{"code":"00","status":true,"message":"Daftar purchase order","data":[{"id":31,"purchase_code":"PO-20260726-021","invoice_number":"INV-BROWSER-EDIT-PAID","supplier_id":1,"supplier_name":"Supplier Test Fase14","purchase_date":"2026-07-26T00:00:00+07:00","discount_amount":0,"total_amount":4000,"payment_status":"paid","paid_amount":4000,"remaining_amount":0,"status":"active","user_name":"Administrator","notes":""},{"id":30,"purchase_code":"PO-20260726-020","invoice_number":"INV-EDIT-SWAP-B","supplier_id":1,"supplier_name":"Supplier Test Fase14","purchase_date":"2026-07-26T00:00:00+07:00","discount_amount":0,"total_amount":10000,"payment_status":"unpaid","paid_amount":0,"remaining_amount":10000,"status":"active","user_name":"Administrator","notes":""},{"id":29,"purchase_code":"PO-20260726-019","invoice_number":"INV-BASESTOCK-C","supplier_id":1,"supplier_name":"Supplier Test Fase14","purchase_date":"2026-07-26T00:00:00+07:00","discount_amount":0,"total_amount":3000,"payment_status":"unpaid","paid_amount":0,"remaining_amount":3000,"status":"active","user_name":"Administrator","notes":""},{"id":28,"purchase_code":"PO-20260726-018","invoice_number":"INV-EDIT-SWAP-EXP3","supplier_id":1,"supplier_name":"Supplier Test Fase14","purchase_date":"2026-07-26T00:00:00+07:00","discount_amount":0,"total_amount":2000,"payment_status":"unpaid","paid_amount":0,"remaining_amount":2000,"status":"active","user_name":"Administrator","notes":""},{"id":27,"purchase_code":"PO-20260726-017","invoice_number":"INV-EDIT-SWAP-EXP2","supplier_id":1,"supplier_name":"Supplier Test Fase14","purchase_date":"2026-07-26T00:00:00+07:00","discount_amount":0,"total_amount":2000,"payment_status":"unpaid","paid_amount":0,"remaining_amount":2000,"status":"active","user_name":"Administrator","notes":""},{"id":26,"purchase_code":"PO-20260726-016","invoice_number":"INV-EDIT-SWAP-EXP","supplier_id":1,"supplier_name":"Supplier Test Fase14","purchase_date":"2026-07-26T00:00:00+07:00","discount_amount":0,"total_amount":3000,"payment_status":"unpaid","paid_amount":0,"remaining_amount":3000,"status":"active","user_name":"Administrator","notes":""},{"id":25,"purchase_code":"PO-20260726-015","invoice_number":"INV-EDIT-SWAP2","supplier_id":1,"supplier_name":"Supplier Test Fase14","purchase_date":"2026-07-26T00:00:00+07:00","discount_amount":0,"total_amount":3000,"payment_status":"unpaid","paid_amount":0,"remaining_amount":3000,"status":"active","user_name":"Administrator","notes":""},{"id":24,"purchase_code":"PO-20260726-014","invoice_number":"INV-EDIT-STOCKSWAP","supplier_id":1,"supplier_name":"Supplier Test Fase14","purchase_date":"2026-07-26T00:00:00+07:00","discount_amount":0,"total_amount":10000,"payment_status":"unpaid","paid_amount":0,"remaining_amount":10000,"status":"active","user_name":"Administrator","notes":""},{"id":23,"purchase_code":"PO-20260726-013","invoice_number":"INV-EDIT-PAID","supplier_id":1,"supplier_name":"Supplier Test Fase14","purchase_date":"2026-07-26T00:00:00+07:00","discount_amount":0,"total_amount":8000,"payment_status":"partial","paid_amount":5000,"remaining_amount":3000,"status":"active","user_name":"Administrator","notes":""},{"id":21,"purchase_code":"PO-20260726-012","invoice_number":"INV-QA-DEBT-TEST","supplier_id":3,"supplier_name":"Supplier Test Void Debt","purchase_date":"2026-07-26T00:00:00+07:00","discount_amount":0,"total_amount":1000,"payment_status":"partial","paid_amount":500,"remaining_amount":0,"status":"void","user_name":"Administrator","notes":""}],"pagination":{"page":1,"per_page":10,"total":23,"total_pages":3}}', 2, 31, '::1', NULL, '2026-07-26 16:46:33.261')
[GIN] 2026/07/26 - 16:46:34 | 204 |            0s |             ::1 | OPTIONS  "/api/supplier-purchases/detail/31"

2026/07/26 16:46:34 [32mD:/Develop/Project_pos_mahenz/BE/domain/auth/repo/auth_repo.go:46
[0m[33m[0.667ms] [34;1m[rows:1][0m SELECT id, user_id, user_role, token, device_info, expires_at FROM sessions WHERE token = 'eyJhbGciOiJIUzI1NiIsInR5cCI6IkpXVCJ9.eyJhcHBzIjoid2ViIiwiZXhwIjoxNzg1MDg3OTkyLCJmdWxsX25hbWUiOiJBZG1pbmlzdHJhdG9yIiwicm9sZSI6ImFkbWluIiwidXNlcl9pZCI6MiwidXNlcm5hbWUiOiJhZG1pbiJ9.b9omOhLIC6pUO2j633RaNSl0lkbpEIbNgEAwI4Yn3VY' LIMIT 1

2026/07/26 16:46:34 [32mD:/Develop/Project_pos_mahenz/BE/domain/supplier_purchase/repo/purchase_repo.go:174
[0m[33m[1.170ms] [34;1m[rows:-][0m SELECT p.id, p.purchase_code, p.invoice_number, p.supplier_id, COALESCE(s.name, '') as supplier_name, p.purchase_date, p.discount_amount, p.total_amount, p.payment_status, p.paid_amount, p.remaining_amount, p.status, COALESCE(u.full_name, '') as user_name, p.notes FROM purchases p LEFT JOIN users u ON p.user_id = u.id LEFT JOIN suppliers s ON p.supplier_id = s.id WHERE p.id = 31

2026/07/26 16:46:34 [32mD:/Develop/Project_pos_mahenz/BE/domain/supplier_purchase/repo/purchase_repo.go:216
[0m[33m[1.426ms] [34;1m[rows:-][0m SELECT pi.id, pi.product_id, COALESCE(p.name, '') as product_name, pi.quantity, pi.unit, COALESCE(pi.conversion_qty, 1) as conversion_qty, pi.purchase_price, pi.subtotal FROM purchase_items pi LEFT JOIN products p ON pi.product_id = p.id WHERE pi.purchase_id = 31

2026/07/26 16:46:34 [32mD:/Develop/Project_pos_mahenz/BE/domain/supplier_purchase/repo/purchase_repo.go:250
[0m[33m[0.781ms] [34;1m[rows:0][0m SELECT qty, expired_date FROM product_expiry_batches WHERE purchase_item_id = 42 ORDER BY expired_date ASC
[GIN] 2026/07/26 - 16:46:34 | 200 |       4.551ms |             ::1 | POST     "/api/supplier-purchases/detail/31"

2026/07/26 16:46:34 [32mD:/Develop/Project_pos_mahenz/BE/repository/log_request_repository.go:32
[0m[33m[3.171ms] [34;1m[rows:1][0m INSERT INTO log_requests (id, method, endpoint, status_code, request_body, response_body, user_id, duration_ms, ip_address, error_message, created_at) VALUES ('479b591d-d57b-4c1a-94f9-db02dc04afde', 'POST', '/api/supplier-purchases/detail/31', 200, '{}', '{"code":"00","status":true,"message":"Detail purchase order","data":{"id":31,"purchase_code":"PO-20260726-021","invoice_number":"INV-BROWSER-EDIT-PAID","supplier_id":1,"supplier_name":"Supplier Test Fase14","purchase_date":"2026-07-26T00:00:00+07:00","discount_amount":0,"total_amount":4000,"payment_status":"paid","paid_amount":4000,"remaining_amount":0,"status":"active","user_name":"Administrator","notes":"","items":[{"id":42,"product_id":12,"product_name":"Rokok Test Berantai","quantity":4,"unit":"Batang","conversion_qty":1,"purchase_price":1000,"subtotal":4000}]}}', 2, 4, '::1', NULL, '2026-07-26 16:46:34.628')
[GIN] 2026/07/26 - 16:46:34 | 204 |            0s |             ::1 | OPTIONS  "/api/products/detail/12"

2026/07/26 16:46:34 [32mD:/Develop/Project_pos_mahenz/BE/domain/auth/repo/auth_repo.go:46
[0m[33m[1.000ms] [34;1m[rows:1][0m SELECT id, user_id, user_role, token, device_info, expires_at FROM sessions WHERE token = 'eyJhbGciOiJIUzI1NiIsInR5cCI6IkpXVCJ9.eyJhcHBzIjoid2ViIiwiZXhwIjoxNzg1MDg3OTkyLCJmdWxsX25hbWUiOiJBZG1pbmlzdHJhdG9yIiwicm9sZSI6ImFkbWluIiwidXNlcl9pZCI6MiwidXNlcm5hbWUiOiJhZG1pbiJ9.b9omOhLIC6pUO2j633RaNSl0lkbpEIbNgEAwI4Yn3VY' LIMIT 1

2026/07/26 16:46:34 [32mD:/Develop/Project_pos_mahenz/BE/domain/product/repo/product_repo.go:136
[0m[33m[2.605ms] [34;1m[rows:1][0m 
		SELECT p.id, p.barcode, COALESCE(p.sku, '') as sku, p.name, p.category_id, COALESCE(c.name, '') as category_name,
		       p.purchase_price, p.selling_price, p.stock, p.reserved_qty, p.min_stock,
		       COALESCE(p.unit_id, 0) as unit_id, COALESCE(u.name, '') as unit_name, COALESCE(u.abbreviation, '') as unit_abbreviation,
		       p.is_active, p.created_at, p.updated_at,
		       (SELECT COUNT(*) FROM product_packages pp WHERE pp.product_id = p.id AND pp.is_default = 0) AS extra_packages,
		       (SELECT COUNT(*) FROM product_prices pr WHERE pr.product_id = p.id) AS price_tiers_count
		FROM products p
		LEFT JOIN categories c ON p.category_id = c.id
		LEFT JOIN units u ON u.id = p.unit_id
		WHERE p.id = 12 LIMIT 1
[GIN] 2026/07/26 - 16:46:34 | 200 |      5.2964ms |             ::1 | POST     "/api/products/detail/12"

2026/07/26 16:46:34 [32mD:/Develop/Project_pos_mahenz/BE/repository/log_request_repository.go:32
[0m[33m[19.242ms] [34;1m[rows:1][0m INSERT INTO log_requests (id, method, endpoint, status_code, request_body, response_body, user_id, duration_ms, ip_address, error_message, created_at) VALUES ('34ae9205-3ae6-41a5-9a3b-3b88033aa137', 'POST', '/api/products/detail/12', 200, '{}', '{"code":"00","status":true,"message":"Detail produk","data":{"id":12,"barcode":"8997789608850","sku":"SEM-0008","name":"Rokok Test Berantai","category_id":1,"category_name":"Sembako Test","purchase_price":800,"selling_price":1000,"stock":3066,"reserved_qty":0,"min_stock":5,"unit_id":2,"unit_name":"Batang","unit_abbreviation":"Btg","is_active":true,"extra_packages":3,"price_tiers_count":2}}', 2, 5, '::1', NULL, '2026-07-26 16:46:34.76')
[GIN] 2026/07/26 - 16:47:20 | 204 |            0s |             ::1 | OPTIONS  "/api/auth/login"

2026/07/26 16:47:20 [32mD:/Develop/Project_pos_mahenz/BE/domain/auth/repo/auth_repo.go:17
[0m[33m[0.715ms] [34;1m[rows:1][0m SELECT u.id, u.username, u.password, u.full_name, u.role_id, r.name AS role_name, u.is_active FROM users u INNER JOIN roles r ON r.id = u.role_id WHERE u.username = 'admin' LIMIT 1

2026/07/26 16:47:20 [32mD:/Develop/Project_pos_mahenz/BE/domain/auth/repo/auth_repo.go:67
[0m[33m[10.225ms] [34;1m[rows:1][0m DELETE FROM sessions WHERE user_id = 2

2026/07/26 16:47:20 [32mD:/Develop/Project_pos_mahenz/BE/domain/auth/repo/auth_repo.go:38
[0m[33m[2.237ms] [34;1m[rows:1][0m INSERT INTO sessions (user_id, user_role, token, refresh_token, device_info, ip_address, expires_at) VALUES (2, 'admin', 'eyJhbGciOiJIUzI1NiIsInR5cCI6IkpXVCJ9.eyJhcHBzIjoid2ViIiwiZXhwIjoxNzg1MDg4MDQwLCJmdWxsX25hbWUiOiJBZG1pbmlzdHJhdG9yIiwicm9sZSI6ImFkbWluIiwidXNlcl9pZCI6MiwidXNlcm5hbWUiOiJhZG1pbiJ9.ppM4ynhdRnn1NCNuiL7B2BQXMc6tLooqC5M1QP0vhJA', '55ae8fa1b56add829613e342cf22f2c07aba9b0fe35e694c5659ae66c37ffd5d', 'web', '::1', '2026-08-02 16:47:20.973') ON DUPLICATE KEY UPDATE user_role=VALUES(user_role), token=VALUES(token), refresh_token=VALUES(refresh_token), device_info=VALUES(device_info), ip_address=VALUES(ip_address), expires_at=VALUES(expires_at), created_at=NOW()
[GIN] 2026/07/26 - 16:47:20 | 200 |     81.5523ms |             ::1 | POST     "/api/auth/login"

2026/07/26 16:47:20 [32mD:/Develop/Project_pos_mahenz/BE/repository/log_request_repository.go:32
[0m[33m[4.268ms] [34;1m[rows:1][0m INSERT INTO log_requests (id, method, endpoint, status_code, request_body, response_body, user_id, duration_ms, ip_address, error_message, created_at) VALUES ('036905f0-26e5-488c-8f3e-0f429a0a4357', 'POST', '/api/auth/login', 200, '{"username":"admin","password":"admin123","device_info":"web"}', '{"code":"00","status":true,"message":"Login berhasil","data":{"token":"eyJhbGciOiJIUzI1NiIsInR5cCI6IkpXVCJ9.eyJhcHBzIjoid2ViIiwiZXhwIjoxNzg1MDg4MDQwLCJmdWxsX25hbWUiOiJBZG1pbmlzdHJhdG9yIiwicm9sZSI6ImFkbWluIiwidXNlcl9pZCI6MiwidXNlcm5hbWUiOiJhZG1pbiJ9.ppM4ynhdRnn1NCNuiL7B2BQXMc6tLooqC5M1QP0vhJA","refresh_token":"55ae8fa1b56add829613e342cf22f2c07aba9b0fe35e694c5659ae66c37ffd5d","expires_at":"2026-08-02T16:47:20.9733176+07:00","user":{"id":2,"username":"admin","full_name":"Administrator","role_id":2,"role_name":"admin"}}}', NULL, 81, '::1', NULL, '2026-07-26 16:47:20.986')
[GIN] 2026/07/26 - 16:47:20 | 204 |            0s |             ::1 | OPTIONS  "/api/menus/my"
[GIN] 2026/07/26 - 16:47:20 | 204 |            0s |             ::1 | OPTIONS  "/api/menus/my"

2026/07/26 16:47:20 [32mD:/Develop/Project_pos_mahenz/BE/domain/auth/repo/auth_repo.go:46
[0m[33m[1.276ms] [34;1m[rows:1][0m SELECT id, user_id, user_role, token, device_info, expires_at FROM sessions WHERE token = 'eyJhbGciOiJIUzI1NiIsInR5cCI6IkpXVCJ9.eyJhcHBzIjoid2ViIiwiZXhwIjoxNzg1MDg4MDQwLCJmdWxsX25hbWUiOiJBZG1pbmlzdHJhdG9yIiwicm9sZSI6ImFkbWluIiwidXNlcl9pZCI6MiwidXNlcm5hbWUiOiJhZG1pbiJ9.ppM4ynhdRnn1NCNuiL7B2BQXMc6tLooqC5M1QP0vhJA' LIMIT 1

2026/07/26 16:47:21 [32mD:/Develop/Project_pos_mahenz/BE/domain/auth/repo/auth_repo.go:46
[0m[33m[0.507ms] [34;1m[rows:1][0m SELECT id, user_id, user_role, token, device_info, expires_at FROM sessions WHERE token = 'eyJhbGciOiJIUzI1NiIsInR5cCI6IkpXVCJ9.eyJhcHBzIjoid2ViIiwiZXhwIjoxNzg1MDg4MDQwLCJmdWxsX25hbWUiOiJBZG1pbmlzdHJhdG9yIiwicm9sZSI6ImFkbWluIiwidXNlcl9pZCI6MiwidXNlcm5hbWUiOiJhZG1pbiJ9.ppM4ynhdRnn1NCNuiL7B2BQXMc6tLooqC5M1QP0vhJA' LIMIT 1

2026/07/26 16:47:21 [32mD:/Develop/Project_pos_mahenz/BE/domain/menu/repo/menu_repo.go:121
[0m[33m[1.148ms] [34;1m[rows:-][0m 
		SELECT
			m.id,
			m.parent_id,
			m.key_name,
			m.label,
			m.icon,
			m.path,
			m.order_index,
			COALESCE(rma.can_view,   0),
			COALESCE(rma.can_create, 0),
			COALESCE(rma.can_edit,   0),
			COALESCE(rma.can_delete, 0)
		FROM menus m
		LEFT JOIN role_menu_access rma ON rma.menu_id = m.id
			AND rma.role_id = (SELECT id FROM roles WHERE name = 'admin' AND is_active = 1 LIMIT 1)
		WHERE m.is_active = 1
		ORDER BY m.order_index ASC, m.id ASC
		
[GIN] 2026/07/26 - 16:47:21 | 200 |      2.9914ms |             ::1 | POST     "/api/menus/my"

2026/07/26 16:47:21 [32mD:/Develop/Project_pos_mahenz/BE/domain/menu/repo/menu_repo.go:121
[0m[33m[1.867ms] [34;1m[rows:-][0m 
		SELECT
			m.id,
			m.parent_id,
			m.key_name,
			m.label,
			m.icon,
			m.path,
			m.order_index,
			COALESCE(rma.can_view,   0),
			COALESCE(rma.can_create, 0),
			COALESCE(rma.can_edit,   0),
			COALESCE(rma.can_delete, 0)
		FROM menus m
		LEFT JOIN role_menu_access rma ON rma.menu_id = m.id
			AND rma.role_id = (SELECT id FROM roles WHERE name = 'admin' AND is_active = 1 LIMIT 1)
		WHERE m.is_active = 1
		ORDER BY m.order_index ASC, m.id ASC
		
[GIN] 2026/07/26 - 16:47:21 | 200 |      3.0609ms |             ::1 | POST     "/api/menus/my"

2026/07/26 16:47:21 [32mD:/Develop/Project_pos_mahenz/BE/repository/log_request_repository.go:32
[0m[33m[1.986ms] [34;1m[rows:1][0m INSERT INTO log_requests (id, method, endpoint, status_code, request_body, response_body, user_id, duration_ms, ip_address, error_message, created_at) VALUES ('02307d36-fc4a-46c9-b670-c36cad4fb3bf', 'POST', '/api/menus/my', 200, '{}', '{"code":"00","status":true,"message":"Menu akses","data":[{"key_name":"beranda","label":"Beranda","icon":"Home","path":null,"order_index":1,"permission":{"can_view":true,"can_create":true,"can_edit":true,"can_delete":true},"children":[{"key_name":"beranda.dashboard","label":"Dashboard","icon":"LayoutDashboard","path":"/dashboard","order_index":1,"permission":{"can_view":true,"can_create":true,"can_edit":true,"can_delete":true},"children":[]}]},{"key_name":"penjualan","label":"Penjualan","icon":"ShoppingCart","path":null,"order_index":2,"permission":{"can_view":true,"can_create":true,"can_edit":true,"can_delete":true},"children":[{"key_name":"penjualan.kasir","label":"Kasir","icon":"ShoppingCart","path":"/kasir","order_index":1,"permission":{"can_view":true,"can_create":true,"can_edit":true,"can_delete":true},"children":[]},{"key_name":"penjualan.transaksi","label":"Transaksi","icon":"Receipt","path":"/transactions","order_index":2,"permission":{"can_view":true,"can_create":true,"can_edit":true,"can_delete":true},"children":[]}]},{"key_name":"produk","label":"Produk","icon":"Package","path":null,"order_index":3,"permission":{"can_view":true,"can_create":true,"can_edit":true,"can_delete":true},"children":[{"key_name":"produk.produk","label":"Produk","icon":"Package","path":"/products","order_index":1,"permission":{"can_view":true,"can_create":true,"can_edit":true,"can_delete":true},"children":[]},{"key_name":"produk.kategori","label":"Kategori","icon":"Tag","path":"/products/categories","order_index":2,"permission":{"can_view":true,"can_create":true,"can_edit":true,"can_delete":true},"children":[]},{"key_name":"produk.unit","label":"Unit","icon":"PackageSearch","path":"/products/units","order_index":3,"permission":{"can_view":true,"can_create":true,"can_edit":true,"can_delete":true},"children":[]}]},{"key_name":"pengadaan","label":"Pengadaan","icon":"Truck","path":null,"order_index":4,"permission":{"can_view":true,"can_create":true,"can_edit":true,"can_delete":true},"children":[{"key_name":"pengadaan.supplier","label":"Supplier","icon":"Truck","path":"/suppliers","order_index":1,"permission":{"can_view":true,"can_create":true,"can_edit":true,"can_delete":true},"children":[]},{"key_name":"pengadaan.pembelian","label":"Pembelian","icon":"ShoppingBag","path":"/suppliers/purchases","order_index":2,"permission":{"can_view":true,"can_create":true,"can_edit":true,"can_delete":true},"children":[]},{"key_name":"pengadaan.retur","label":"Retur","icon":"RotateCcw","path":"/suppliers/returns","order_index":3,"permission":{"can_view":true,"can_create":true,"can_edit":true,"can_delete":true},"children":[]}]},{"key_name":"pelanggan","label":"Pelanggan","icon":"Users","path":null,"order_index":5,"permission":{"can_view":true,"can_create":true,"can_edit":true,"can_delete":true},"children":[{"key_name":"pelanggan.pelanggan","label":"Pelanggan","icon":"Users","path":"/customers","order_index":1,"permission":{"can_view":true,"can_create":true,"can_edit":true,"can_delete":true},"children":[]},{"key_name":"pelanggan.piutang","label":"Piutang","icon":"CreditCard","path":"/receivables","order_index":2,"permission":{"can_view":true,"can_create":true,"can_edit":true,"can_delete":true},"children":[]}]},{"key_name":"keuangan","label":"Keuangan","icon":"Wallet","path":null,"order_index":6,"permission":{"can_view":true,"can_create":true,"can_edit":true,"can_delete":true},"children":[{"key_name":"keuangan.dashboard","label":"Dashboard Keuangan","icon":"Wallet","path":"/finance","order_index":1,"permission":{"can_view":true,"can_create":true,"can_edit":true,"can_delete":true},"children":[]},{"key_name":"keuangan.kas_harian","label":"Kas Harian","icon":"Landmark","path":"/finance/cash-drawer","order_index":2,"permission":{"can_view":true,"can_create":true,"can_edit":true,"can_delete":true},"children":[]},{"key_name":"keuangan.pengeluaran","label":"Pengeluaran","icon":"TrendingDown","path":"/finance/expenses","order_index":3,"permission":{"can_view":true,"can_create":true,"can_edit":true,"can_delete":true},"children":[]},{"key_name":"keuangan.kas_saya","label":"Kas Saya","icon":"Wallet","path":"/finance/my-cash","order_index":4,"permission":{"can_view":true,"can_create":true,"can_edit":true,"can_delete":true},"children":[]}]},{"key_name":"pelaporan","label":"Pelaporan","icon":"BarChart2","path":null,"order_index":7,"permission":{"can_view":true,"can_create":true,"can_edit":true,"can_delete":true},"children":[{"key_name":"pelaporan.penjualan","label":"Penjualan","icon":"TrendingUp","path":"/reports/sales","order_index":1,"permission":{"can_view":true,"can_create":true,"can_edit":true,"can_delete":true},"children":[]},{"key_name":"pelaporan.laba_rugi","label":"Laba Rugi","icon":"LineChart","path":"/reports/profit-loss","order_index":2,"permission":{"can_view":true,"can_create":true,"can_edit":true,"can_delete":true},"children":[]},{"key_name":"pelaporan.stok","label":"Stok","icon":"PackageSearch","path":"/reports/stock","order_index":3,"permission":{"can_view":true,"can_create":true,"can_edit":true,"can_delete":true},"children":[]},{"key_name":"pelaporan.kinerja_kasir","label":"Kinerja Kasir","icon":"BarChart2","path":"/reports/cashier","order_index":4,"permission":{"can_view":true,"can_create":true,"can_edit":true,"can_delete":true},"children":[]},{"key_name":"pelaporan.ringkasan_bisnis","label":"Ringkasan Bisnis","icon":"BarChart3","path":"/reports/business-summary","order_index":5,"permission":{"can_view":true,"can_create":true,"can_edit":true,"can_delete":true},"children":[]}]},{"key_name":"operasional","label":"Operasional","icon":"Clock","path":null,"order_index":8,"permission":{"can_view":true,"can_create":true,"can_edit":true,"can_delete":true},"children":[{"key_name":"operasional.shift","label":"Shift","icon":"Clock","path":"/shifts","order_index":1,"permission":{"can_view":true,"can_create":true,"can_edit":true,"can_delete":true},"children":[]},{"key_name":"operasional.sync","label":"Sync Center","icon":"RefreshCw","path":"/sync","order_index":2,"permission":{"can_view":true,"can_create":true,"can_edit":true,"can_delete":true},"children":[]}]},{"key_name":"sistem","label":"Sistem","icon":"Settings","path":null,"order_index":9,"permission":{"can_view":true,"can_create":true,"can_edit":true,"can_delete":true},"children":[{"key_name":"sistem.profil_toko","label":"Profil Toko","icon":"Settings","path":"/settings/store","order_index":1,"permission":{"can_view":true,"can_create":true,"can_edit":true,"can_delete":true},"children":[]},{"key_name":"sistem.users","label":"Manajemen User","icon":"Users","path":"/settings/users","order_index":2,"permission":{"can_view":true,"can_create":true,"can_edit":true,"can_delete":true},"children":[]},{"key_name":"sistem.roles","label":"Manajemen Role","icon":"Shield","path":"/settings/roles","order_index":3,"permission":{"can_view":true,"can_create":true,"can_edit":true,"can_delete":true},"children":[]},{"key_name":"sistem.menus","label":"Manajemen Menu","icon":"LayoutList","path":"/settings/menus","order_index":4,"permission":{"can_view":true,"can_create":true,"can_edit":true,"can_delete":true},"children":[]},{"key_name":"sistem.printer","label":"Printer","icon":"Printer","path":"/settings/printer","order_index":5,"permission":{"can_view":true,"can_create":true,"can_edit":true,"can_delete":true},"children":[]},{"key_name":"sistem.versi","label":"Versi Aplikasi","icon":"RefreshCw","path":"/settings/versions","order_index":6,"permission":{"can_view":true,"can_create":true,"can_edit":true,"can_delete":true},"children":[]},{"key_name":"sistem.backup","label":"Backup \u0026 Restore","icon":"DatabaseBackup","path":"/settings/backup","order_index":7,"permission":{"can_view":true,"can_create":true,"can_edit":true,"can_delete":true},"children":[]}]}]}', 2, 2, '::1', NULL, '2026-07-26 16:47:21.001')

2026/07/26 16:47:21 [32mD:/Develop/Project_pos_mahenz/BE/repository/log_request_repository.go:32
[0m[33m[2.738ms] [34;1m[rows:1][0m INSERT INTO log_requests (id, method, endpoint, status_code, request_body, response_body, user_id, duration_ms, ip_address, error_message, created_at) VALUES ('2b0177ce-3267-46de-8198-9eb74bc3dfad', 'POST', '/api/menus/my', 200, '{}', '{"code":"00","status":true,"message":"Menu akses","data":[{"key_name":"beranda","label":"Beranda","icon":"Home","path":null,"order_index":1,"permission":{"can_view":true,"can_create":true,"can_edit":true,"can_delete":true},"children":[{"key_name":"beranda.dashboard","label":"Dashboard","icon":"LayoutDashboard","path":"/dashboard","order_index":1,"permission":{"can_view":true,"can_create":true,"can_edit":true,"can_delete":true},"children":[]}]},{"key_name":"penjualan","label":"Penjualan","icon":"ShoppingCart","path":null,"order_index":2,"permission":{"can_view":true,"can_create":true,"can_edit":true,"can_delete":true},"children":[{"key_name":"penjualan.kasir","label":"Kasir","icon":"ShoppingCart","path":"/kasir","order_index":1,"permission":{"can_view":true,"can_create":true,"can_edit":true,"can_delete":true},"children":[]},{"key_name":"penjualan.transaksi","label":"Transaksi","icon":"Receipt","path":"/transactions","order_index":2,"permission":{"can_view":true,"can_create":true,"can_edit":true,"can_delete":true},"children":[]}]},{"key_name":"produk","label":"Produk","icon":"Package","path":null,"order_index":3,"permission":{"can_view":true,"can_create":true,"can_edit":true,"can_delete":true},"children":[{"key_name":"produk.produk","label":"Produk","icon":"Package","path":"/products","order_index":1,"permission":{"can_view":true,"can_create":true,"can_edit":true,"can_delete":true},"children":[]},{"key_name":"produk.kategori","label":"Kategori","icon":"Tag","path":"/products/categories","order_index":2,"permission":{"can_view":true,"can_create":true,"can_edit":true,"can_delete":true},"children":[]},{"key_name":"produk.unit","label":"Unit","icon":"PackageSearch","path":"/products/units","order_index":3,"permission":{"can_view":true,"can_create":true,"can_edit":true,"can_delete":true},"children":[]}]},{"key_name":"pengadaan","label":"Pengadaan","icon":"Truck","path":null,"order_index":4,"permission":{"can_view":true,"can_create":true,"can_edit":true,"can_delete":true},"children":[{"key_name":"pengadaan.supplier","label":"Supplier","icon":"Truck","path":"/suppliers","order_index":1,"permission":{"can_view":true,"can_create":true,"can_edit":true,"can_delete":true},"children":[]},{"key_name":"pengadaan.pembelian","label":"Pembelian","icon":"ShoppingBag","path":"/suppliers/purchases","order_index":2,"permission":{"can_view":true,"can_create":true,"can_edit":true,"can_delete":true},"children":[]},{"key_name":"pengadaan.retur","label":"Retur","icon":"RotateCcw","path":"/suppliers/returns","order_index":3,"permission":{"can_view":true,"can_create":true,"can_edit":true,"can_delete":true},"children":[]}]},{"key_name":"pelanggan","label":"Pelanggan","icon":"Users","path":null,"order_index":5,"permission":{"can_view":true,"can_create":true,"can_edit":true,"can_delete":true},"children":[{"key_name":"pelanggan.pelanggan","label":"Pelanggan","icon":"Users","path":"/customers","order_index":1,"permission":{"can_view":true,"can_create":true,"can_edit":true,"can_delete":true},"children":[]},{"key_name":"pelanggan.piutang","label":"Piutang","icon":"CreditCard","path":"/receivables","order_index":2,"permission":{"can_view":true,"can_create":true,"can_edit":true,"can_delete":true},"children":[]}]},{"key_name":"keuangan","label":"Keuangan","icon":"Wallet","path":null,"order_index":6,"permission":{"can_view":true,"can_create":true,"can_edit":true,"can_delete":true},"children":[{"key_name":"keuangan.dashboard","label":"Dashboard Keuangan","icon":"Wallet","path":"/finance","order_index":1,"permission":{"can_view":true,"can_create":true,"can_edit":true,"can_delete":true},"children":[]},{"key_name":"keuangan.kas_harian","label":"Kas Harian","icon":"Landmark","path":"/finance/cash-drawer","order_index":2,"permission":{"can_view":true,"can_create":true,"can_edit":true,"can_delete":true},"children":[]},{"key_name":"keuangan.pengeluaran","label":"Pengeluaran","icon":"TrendingDown","path":"/finance/expenses","order_index":3,"permission":{"can_view":true,"can_create":true,"can_edit":true,"can_delete":true},"children":[]},{"key_name":"keuangan.kas_saya","label":"Kas Saya","icon":"Wallet","path":"/finance/my-cash","order_index":4,"permission":{"can_view":true,"can_create":true,"can_edit":true,"can_delete":true},"children":[]}]},{"key_name":"pelaporan","label":"Pelaporan","icon":"BarChart2","path":null,"order_index":7,"permission":{"can_view":true,"can_create":true,"can_edit":true,"can_delete":true},"children":[{"key_name":"pelaporan.penjualan","label":"Penjualan","icon":"TrendingUp","path":"/reports/sales","order_index":1,"permission":{"can_view":true,"can_create":true,"can_edit":true,"can_delete":true},"children":[]},{"key_name":"pelaporan.laba_rugi","label":"Laba Rugi","icon":"LineChart","path":"/reports/profit-loss","order_index":2,"permission":{"can_view":true,"can_create":true,"can_edit":true,"can_delete":true},"children":[]},{"key_name":"pelaporan.stok","label":"Stok","icon":"PackageSearch","path":"/reports/stock","order_index":3,"permission":{"can_view":true,"can_create":true,"can_edit":true,"can_delete":true},"children":[]},{"key_name":"pelaporan.kinerja_kasir","label":"Kinerja Kasir","icon":"BarChart2","path":"/reports/cashier","order_index":4,"permission":{"can_view":true,"can_create":true,"can_edit":true,"can_delete":true},"children":[]},{"key_name":"pelaporan.ringkasan_bisnis","label":"Ringkasan Bisnis","icon":"BarChart3","path":"/reports/business-summary","order_index":5,"permission":{"can_view":true,"can_create":true,"can_edit":true,"can_delete":true},"children":[]}]},{"key_name":"operasional","label":"Operasional","icon":"Clock","path":null,"order_index":8,"permission":{"can_view":true,"can_create":true,"can_edit":true,"can_delete":true},"children":[{"key_name":"operasional.shift","label":"Shift","icon":"Clock","path":"/shifts","order_index":1,"permission":{"can_view":true,"can_create":true,"can_edit":true,"can_delete":true},"children":[]},{"key_name":"operasional.sync","label":"Sync Center","icon":"RefreshCw","path":"/sync","order_index":2,"permission":{"can_view":true,"can_create":true,"can_edit":true,"can_delete":true},"children":[]}]},{"key_name":"sistem","label":"Sistem","icon":"Settings","path":null,"order_index":9,"permission":{"can_view":true,"can_create":true,"can_edit":true,"can_delete":true},"children":[{"key_name":"sistem.profil_toko","label":"Profil Toko","icon":"Settings","path":"/settings/store","order_index":1,"permission":{"can_view":true,"can_create":true,"can_edit":true,"can_delete":true},"children":[]},{"key_name":"sistem.users","label":"Manajemen User","icon":"Users","path":"/settings/users","order_index":2,"permission":{"can_view":true,"can_create":true,"can_edit":true,"can_delete":true},"children":[]},{"key_name":"sistem.roles","label":"Manajemen Role","icon":"Shield","path":"/settings/roles","order_index":3,"permission":{"can_view":true,"can_create":true,"can_edit":true,"can_delete":true},"children":[]},{"key_name":"sistem.menus","label":"Manajemen Menu","icon":"LayoutList","path":"/settings/menus","order_index":4,"permission":{"can_view":true,"can_create":true,"can_edit":true,"can_delete":true},"children":[]},{"key_name":"sistem.printer","label":"Printer","icon":"Printer","path":"/settings/printer","order_index":5,"permission":{"can_view":true,"can_create":true,"can_edit":true,"can_delete":true},"children":[]},{"key_name":"sistem.versi","label":"Versi Aplikasi","icon":"RefreshCw","path":"/settings/versions","order_index":6,"permission":{"can_view":true,"can_create":true,"can_edit":true,"can_delete":true},"children":[]},{"key_name":"sistem.backup","label":"Backup \u0026 Restore","icon":"DatabaseBackup","path":"/settings/backup","order_index":7,"permission":{"can_view":true,"can_create":true,"can_edit":true,"can_delete":true},"children":[]}]}]}', 2, 3, '::1', NULL, '2026-07-26 16:47:21.002')

2026/07/26 16:47:21 [32mD:/Develop/Project_pos_mahenz/BE/domain/auth/repo/auth_repo.go:46
[0m[33m[0.505ms] [34;1m[rows:1][0m SELECT id, user_id, user_role, token, device_info, expires_at FROM sessions WHERE token = 'eyJhbGciOiJIUzI1NiIsInR5cCI6IkpXVCJ9.eyJhcHBzIjoid2ViIiwiZXhwIjoxNzg1MDg4MDQwLCJmdWxsX25hbWUiOiJBZG1pbmlzdHJhdG9yIiwicm9sZSI6ImFkbWluIiwidXNlcl9pZCI6MiwidXNlcm5hbWUiOiJhZG1pbiJ9.ppM4ynhdRnn1NCNuiL7B2BQXMc6tLooqC5M1QP0vhJA' LIMIT 1

2026/07/26 16:47:21 [32mD:/Develop/Project_pos_mahenz/BE/domain/menu/repo/menu_repo.go:121
[0m[33m[0.607ms] [34;1m[rows:-][0m 
		SELECT
			m.id,
			m.parent_id,
			m.key_name,
			m.label,
			m.icon,
			m.path,
			m.order_index,
			COALESCE(rma.can_view,   0),
			COALESCE(rma.can_create, 0),
			COALESCE(rma.can_edit,   0),
			COALESCE(rma.can_delete, 0)
		FROM menus m
		LEFT JOIN role_menu_access rma ON rma.menu_id = m.id
			AND rma.role_id = (SELECT id FROM roles WHERE name = 'admin' AND is_active = 1 LIMIT 1)
		WHERE m.is_active = 1
		ORDER BY m.order_index ASC, m.id ASC
		
[GIN] 2026/07/26 - 16:47:21 | 200 |      1.1127ms |             ::1 | POST     "/api/menus/my"

2026/07/26 16:47:21 [32mD:/Develop/Project_pos_mahenz/BE/repository/log_request_repository.go:32
[0m[33m[10.756ms] [34;1m[rows:1][0m INSERT INTO log_requests (id, method, endpoint, status_code, request_body, response_body, user_id, duration_ms, ip_address, error_message, created_at) VALUES ('a8da427f-e50f-40e1-9da0-f4f2cafa225f', 'POST', '/api/menus/my', 200, '{}', '{"code":"00","status":true,"message":"Menu akses","data":[{"key_name":"beranda","label":"Beranda","icon":"Home","path":null,"order_index":1,"permission":{"can_view":true,"can_create":true,"can_edit":true,"can_delete":true},"children":[{"key_name":"beranda.dashboard","label":"Dashboard","icon":"LayoutDashboard","path":"/dashboard","order_index":1,"permission":{"can_view":true,"can_create":true,"can_edit":true,"can_delete":true},"children":[]}]},{"key_name":"penjualan","label":"Penjualan","icon":"ShoppingCart","path":null,"order_index":2,"permission":{"can_view":true,"can_create":true,"can_edit":true,"can_delete":true},"children":[{"key_name":"penjualan.kasir","label":"Kasir","icon":"ShoppingCart","path":"/kasir","order_index":1,"permission":{"can_view":true,"can_create":true,"can_edit":true,"can_delete":true},"children":[]},{"key_name":"penjualan.transaksi","label":"Transaksi","icon":"Receipt","path":"/transactions","order_index":2,"permission":{"can_view":true,"can_create":true,"can_edit":true,"can_delete":true},"children":[]}]},{"key_name":"produk","label":"Produk","icon":"Package","path":null,"order_index":3,"permission":{"can_view":true,"can_create":true,"can_edit":true,"can_delete":true},"children":[{"key_name":"produk.produk","label":"Produk","icon":"Package","path":"/products","order_index":1,"permission":{"can_view":true,"can_create":true,"can_edit":true,"can_delete":true},"children":[]},{"key_name":"produk.kategori","label":"Kategori","icon":"Tag","path":"/products/categories","order_index":2,"permission":{"can_view":true,"can_create":true,"can_edit":true,"can_delete":true},"children":[]},{"key_name":"produk.unit","label":"Unit","icon":"PackageSearch","path":"/products/units","order_index":3,"permission":{"can_view":true,"can_create":true,"can_edit":true,"can_delete":true},"children":[]}]},{"key_name":"pengadaan","label":"Pengadaan","icon":"Truck","path":null,"order_index":4,"permission":{"can_view":true,"can_create":true,"can_edit":true,"can_delete":true},"children":[{"key_name":"pengadaan.supplier","label":"Supplier","icon":"Truck","path":"/suppliers","order_index":1,"permission":{"can_view":true,"can_create":true,"can_edit":true,"can_delete":true},"children":[]},{"key_name":"pengadaan.pembelian","label":"Pembelian","icon":"ShoppingBag","path":"/suppliers/purchases","order_index":2,"permission":{"can_view":true,"can_create":true,"can_edit":true,"can_delete":true},"children":[]},{"key_name":"pengadaan.retur","label":"Retur","icon":"RotateCcw","path":"/suppliers/returns","order_index":3,"permission":{"can_view":true,"can_create":true,"can_edit":true,"can_delete":true},"children":[]}]},{"key_name":"pelanggan","label":"Pelanggan","icon":"Users","path":null,"order_index":5,"permission":{"can_view":true,"can_create":true,"can_edit":true,"can_delete":true},"children":[{"key_name":"pelanggan.pelanggan","label":"Pelanggan","icon":"Users","path":"/customers","order_index":1,"permission":{"can_view":true,"can_create":true,"can_edit":true,"can_delete":true},"children":[]},{"key_name":"pelanggan.piutang","label":"Piutang","icon":"CreditCard","path":"/receivables","order_index":2,"permission":{"can_view":true,"can_create":true,"can_edit":true,"can_delete":true},"children":[]}]},{"key_name":"keuangan","label":"Keuangan","icon":"Wallet","path":null,"order_index":6,"permission":{"can_view":true,"can_create":true,"can_edit":true,"can_delete":true},"children":[{"key_name":"keuangan.dashboard","label":"Dashboard Keuangan","icon":"Wallet","path":"/finance","order_index":1,"permission":{"can_view":true,"can_create":true,"can_edit":true,"can_delete":true},"children":[]},{"key_name":"keuangan.kas_harian","label":"Kas Harian","icon":"Landmark","path":"/finance/cash-drawer","order_index":2,"permission":{"can_view":true,"can_create":true,"can_edit":true,"can_delete":true},"children":[]},{"key_name":"keuangan.pengeluaran","label":"Pengeluaran","icon":"TrendingDown","path":"/finance/expenses","order_index":3,"permission":{"can_view":true,"can_create":true,"can_edit":true,"can_delete":true},"children":[]},{"key_name":"keuangan.kas_saya","label":"Kas Saya","icon":"Wallet","path":"/finance/my-cash","order_index":4,"permission":{"can_view":true,"can_create":true,"can_edit":true,"can_delete":true},"children":[]}]},{"key_name":"pelaporan","label":"Pelaporan","icon":"BarChart2","path":null,"order_index":7,"permission":{"can_view":true,"can_create":true,"can_edit":true,"can_delete":true},"children":[{"key_name":"pelaporan.penjualan","label":"Penjualan","icon":"TrendingUp","path":"/reports/sales","order_index":1,"permission":{"can_view":true,"can_create":true,"can_edit":true,"can_delete":true},"children":[]},{"key_name":"pelaporan.laba_rugi","label":"Laba Rugi","icon":"LineChart","path":"/reports/profit-loss","order_index":2,"permission":{"can_view":true,"can_create":true,"can_edit":true,"can_delete":true},"children":[]},{"key_name":"pelaporan.stok","label":"Stok","icon":"PackageSearch","path":"/reports/stock","order_index":3,"permission":{"can_view":true,"can_create":true,"can_edit":true,"can_delete":true},"children":[]},{"key_name":"pelaporan.kinerja_kasir","label":"Kinerja Kasir","icon":"BarChart2","path":"/reports/cashier","order_index":4,"permission":{"can_view":true,"can_create":true,"can_edit":true,"can_delete":true},"children":[]},{"key_name":"pelaporan.ringkasan_bisnis","label":"Ringkasan Bisnis","icon":"BarChart3","path":"/reports/business-summary","order_index":5,"permission":{"can_view":true,"can_create":true,"can_edit":true,"can_delete":true},"children":[]}]},{"key_name":"operasional","label":"Operasional","icon":"Clock","path":null,"order_index":8,"permission":{"can_view":true,"can_create":true,"can_edit":true,"can_delete":true},"children":[{"key_name":"operasional.shift","label":"Shift","icon":"Clock","path":"/shifts","order_index":1,"permission":{"can_view":true,"can_create":true,"can_edit":true,"can_delete":true},"children":[]},{"key_name":"operasional.sync","label":"Sync Center","icon":"RefreshCw","path":"/sync","order_index":2,"permission":{"can_view":true,"can_create":true,"can_edit":true,"can_delete":true},"children":[]}]},{"key_name":"sistem","label":"Sistem","icon":"Settings","path":null,"order_index":9,"permission":{"can_view":true,"can_create":true,"can_edit":true,"can_delete":true},"children":[{"key_name":"sistem.profil_toko","label":"Profil Toko","icon":"Settings","path":"/settings/store","order_index":1,"permission":{"can_view":true,"can_create":true,"can_edit":true,"can_delete":true},"children":[]},{"key_name":"sistem.users","label":"Manajemen User","icon":"Users","path":"/settings/users","order_index":2,"permission":{"can_view":true,"can_create":true,"can_edit":true,"can_delete":true},"children":[]},{"key_name":"sistem.roles","label":"Manajemen Role","icon":"Shield","path":"/settings/roles","order_index":3,"permission":{"can_view":true,"can_create":true,"can_edit":true,"can_delete":true},"children":[]},{"key_name":"sistem.menus","label":"Manajemen Menu","icon":"LayoutList","path":"/settings/menus","order_index":4,"permission":{"can_view":true,"can_create":true,"can_edit":true,"can_delete":true},"children":[]},{"key_name":"sistem.printer","label":"Printer","icon":"Printer","path":"/settings/printer","order_index":5,"permission":{"can_view":true,"can_create":true,"can_edit":true,"can_delete":true},"children":[]},{"key_name":"sistem.versi","label":"Versi Aplikasi","icon":"RefreshCw","path":"/settings/versions","order_index":6,"permission":{"can_view":true,"can_create":true,"can_edit":true,"can_delete":true},"children":[]},{"key_name":"sistem.backup","label":"Backup \u0026 Restore","icon":"DatabaseBackup","path":"/settings/backup","order_index":7,"permission":{"can_view":true,"can_create":true,"can_edit":true,"can_delete":true},"children":[]}]}]}', 2, 1, '::1', NULL, '2026-07-26 16:47:21.359')
[GIN] 2026/07/26 - 16:47:21 | 204 |            0s |             ::1 | OPTIONS  "/api/sync/conflicts/count"

2026/07/26 16:47:21 [32mD:/Develop/Project_pos_mahenz/BE/domain/auth/repo/auth_repo.go:46
[0m[33m[0.505ms] [34;1m[rows:1][0m SELECT id, user_id, user_role, token, device_info, expires_at FROM sessions WHERE token = 'eyJhbGciOiJIUzI1NiIsInR5cCI6IkpXVCJ9.eyJhcHBzIjoid2ViIiwiZXhwIjoxNzg1MDg4MDQwLCJmdWxsX25hbWUiOiJBZG1pbmlzdHJhdG9yIiwicm9sZSI6ImFkbWluIiwidXNlcl9pZCI6MiwidXNlcm5hbWUiOiJhZG1pbiJ9.ppM4ynhdRnn1NCNuiL7B2BQXMc6tLooqC5M1QP0vhJA' LIMIT 1

2026/07/26 16:47:21 [32mD:/Develop/Project_pos_mahenz/BE/domain/sync/repo/sync_repo.go:84
[0m[33m[0.710ms] [34;1m[rows:1][0m SELECT COUNT(*) FROM sync_conflicts WHERE status = 'pending'
[GIN] 2026/07/26 - 16:47:21 | 200 |      1.5382ms |             ::1 | GET      "/api/sync/conflicts/count"

2026/07/26 16:47:21 [32mD:/Develop/Project_pos_mahenz/BE/repository/log_request_repository.go:32
[0m[33m[2.949ms] [34;1m[rows:1][0m INSERT INTO log_requests (id, method, endpoint, status_code, request_body, response_body, user_id, duration_ms, ip_address, error_message, created_at) VALUES ('3e7825c3-e8b5-4169-bacc-169a899f1541', 'GET', '/api/sync/conflicts/count', 200, '', '{"code":"00","status":true,"message":"Jumlah konflik pending","data":{"count":0}}', 2, 1, '::1', NULL, '2026-07-26 16:47:21.423')
[GIN] 2026/07/26 - 16:47:21 | 204 |            0s |             ::1 | OPTIONS  "/api/suppliers/list"
[GIN] 2026/07/26 - 16:47:21 | 204 |            0s |             ::1 | OPTIONS  "/api/products/list"

2026/07/26 16:47:21 [32mD:/Develop/Project_pos_mahenz/BE/domain/auth/repo/auth_repo.go:46
[0m[33m[1.698ms] [34;1m[rows:1][0m SELECT id, user_id, user_role, token, device_info, expires_at FROM sessions WHERE token = 'eyJhbGciOiJIUzI1NiIsInR5cCI6IkpXVCJ9.eyJhcHBzIjoid2ViIiwiZXhwIjoxNzg1MDg4MDQwLCJmdWxsX25hbWUiOiJBZG1pbmlzdHJhdG9yIiwicm9sZSI6ImFkbWluIiwidXNlcl9pZCI6MiwidXNlcm5hbWUiOiJhZG1pbiJ9.ppM4ynhdRnn1NCNuiL7B2BQXMc6tLooqC5M1QP0vhJA' LIMIT 1

2026/07/26 16:47:21 [32mD:/Develop/Project_pos_mahenz/BE/domain/auth/repo/auth_repo.go:46
[0m[33m[1.784ms] [34;1m[rows:1][0m SELECT id, user_id, user_role, token, device_info, expires_at FROM sessions WHERE token = 'eyJhbGciOiJIUzI1NiIsInR5cCI6IkpXVCJ9.eyJhcHBzIjoid2ViIiwiZXhwIjoxNzg1MDg4MDQwLCJmdWxsX25hbWUiOiJBZG1pbmlzdHJhdG9yIiwicm9sZSI6ImFkbWluIiwidXNlcl9pZCI6MiwidXNlcm5hbWUiOiJhZG1pbiJ9.ppM4ynhdRnn1NCNuiL7B2BQXMc6tLooqC5M1QP0vhJA' LIMIT 1

2026/07/26 16:47:21 [32mD:/Develop/Project_pos_mahenz/BE/domain/product/repo/product_repo.go:100
[0m[33m[0.670ms] [34;1m[rows:1][0m SELECT COUNT(*) FROM products p WHERE 1=1

2026/07/26 16:47:21 [32mD:/Develop/Project_pos_mahenz/BE/domain/supplier/repo/supplier_repo.go:48
[0m[33m[1.275ms] [34;1m[rows:1][0m SELECT COUNT(*) FROM suppliers WHERE 1=1

2026/07/26 16:47:21 [32mD:/Develop/Project_pos_mahenz/BE/domain/supplier/repo/supplier_repo.go:71
[0m[33m[1.240ms] [34;1m[rows:1][0m SELECT id, supplier_code, name, address, phone, email, contact_person, notes, is_active, created_at FROM suppliers WHERE 1=1 ORDER BY name ASC LIMIT 1 OFFSET 0
[GIN] 2026/07/26 - 16:47:21 | 200 |      4.9912ms |             ::1 | POST     "/api/suppliers/list"

2026/07/26 16:47:21 [32mD:/Develop/Project_pos_mahenz/BE/domain/product/repo/product_repo.go:119
[0m[33m[4.640ms] [34;1m[rows:1][0m 
		SELECT p.id, p.barcode, COALESCE(p.sku, '') as sku, p.name, p.category_id, COALESCE(c.name, '') as category_name,
		       p.purchase_price, p.selling_price, p.stock, p.reserved_qty, p.min_stock,
		       COALESCE(p.unit_id, 0) as unit_id, COALESCE(u.name, '') as unit_name, COALESCE(u.abbreviation, '') as unit_abbreviation,
		       p.is_active,
		       (SELECT COUNT(*) FROM product_packages pp WHERE pp.product_id = p.id AND pp.is_default = 0) AS extra_packages,
		       (SELECT COUNT(*) FROM product_prices pr WHERE pr.product_id = p.id) AS price_tiers_count
		FROM products p
		LEFT JOIN categories c ON p.category_id = c.id
		LEFT JOIN units u ON u.id = p.unit_id
		WHERE 1=1 ORDER BY p.name ASC LIMIT 1 OFFSET 0
[GIN] 2026/07/26 - 16:47:21 | 200 |      8.4124ms |             ::1 | POST     "/api/products/list"

2026/07/26 16:47:21 [32mD:/Develop/Project_pos_mahenz/BE/repository/log_request_repository.go:32
[0m[33m[5.756ms] [34;1m[rows:1][0m INSERT INTO log_requests (id, method, endpoint, status_code, request_body, response_body, user_id, duration_ms, ip_address, error_message, created_at) VALUES ('af952c5f-a19a-4151-bad6-ce31118bbfa5', 'POST', '/api/suppliers/list', 200, '{"page":1,"limit":1,"search":""}', '{"code":"00","status":true,"message":"Daftar supplier","data":[{"id":1,"supplier_code":"SUP-001","name":"Supplier Test Fase14","address":"Jl. Test","phone":"08123456789","email":"","contact_person":"","notes":"","is_active":true,"created_at":"2026-07-25T13:19:10+07:00"}],"pagination":{"page":1,"per_page":1,"total":2,"total_pages":2}}', 2, 4, '::1', NULL, '2026-07-26 16:47:21.74')

2026/07/26 16:47:21 [32mD:/Develop/Project_pos_mahenz/BE/repository/log_request_repository.go:32
[0m[33m[4.216ms] [34;1m[rows:1][0m INSERT INTO log_requests (id, method, endpoint, status_code, request_body, response_body, user_id, duration_ms, ip_address, error_message, created_at) VALUES ('48d438a3-22fe-464c-bd8d-c4ee224d6b66', 'POST', '/api/products/list', 200, '{"page":1,"limit":1,"search":""}', '{"code":"00","status":true,"message":"Daftar produk","data":[{"id":4,"barcode":"8992260464338","sku":"SEM-0003","name":"Gula Pasir 1kg","category_id":1,"category_name":"Sembako Test","purchase_price":0,"selling_price":15000,"stock":50,"reserved_qty":0,"min_stock":5,"unit_id":1,"unit_name":"Pieces","unit_abbreviation":"Pcs","is_active":false,"extra_packages":0,"price_tiers_count":0}],"pagination":{"page":1,"per_page":1,"total":13,"total_pages":13}}', 2, 8, '::1', NULL, '2026-07-26 16:47:21.744')
[GIN] 2026/07/26 - 16:47:21 | 204 |            0s |             ::1 | OPTIONS  "/api/suppliers/options"
[GIN] 2026/07/26 - 16:47:21 | 204 |            0s |             ::1 | OPTIONS  "/api/payment-statuses/list"
[GIN] 2026/07/26 - 16:47:21 | 204 |            0s |             ::1 | OPTIONS  "/api/settings/pagination_sizes"
[GIN] 2026/07/26 - 16:47:21 | 204 |            0s |             ::1 | OPTIONS  "/api/payment-methods/list"

2026/07/26 16:47:21 [32mD:/Develop/Project_pos_mahenz/BE/domain/auth/repo/auth_repo.go:46
[0m[33m[0.539ms] [34;1m[rows:1][0m SELECT id, user_id, user_role, token, device_info, expires_at FROM sessions WHERE token = 'eyJhbGciOiJIUzI1NiIsInR5cCI6IkpXVCJ9.eyJhcHBzIjoid2ViIiwiZXhwIjoxNzg1MDg4MDQwLCJmdWxsX25hbWUiOiJBZG1pbmlzdHJhdG9yIiwicm9sZSI6ImFkbWluIiwidXNlcl9pZCI6MiwidXNlcm5hbWUiOiJhZG1pbiJ9.ppM4ynhdRnn1NCNuiL7B2BQXMc6tLooqC5M1QP0vhJA' LIMIT 1
[GIN] 2026/07/26 - 16:47:21 | 204 |            0s |             ::1 | OPTIONS  "/api/supplier-purchases/list"

2026/07/26 16:47:21 [32mD:/Develop/Project_pos_mahenz/BE/domain/supplier/repo/supplier_repo.go:48
[0m[33m[0.526ms] [34;1m[rows:1][0m SELECT COUNT(*) FROM suppliers WHERE 1=1

2026/07/26 16:47:21 [32mD:/Develop/Project_pos_mahenz/BE/domain/auth/repo/auth_repo.go:46
[0m[33m[0.523ms] [34;1m[rows:1][0m SELECT id, user_id, user_role, token, device_info, expires_at FROM sessions WHERE token = 'eyJhbGciOiJIUzI1NiIsInR5cCI6IkpXVCJ9.eyJhcHBzIjoid2ViIiwiZXhwIjoxNzg1MDg4MDQwLCJmdWxsX25hbWUiOiJBZG1pbmlzdHJhdG9yIiwicm9sZSI6ImFkbWluIiwidXNlcl9pZCI6MiwidXNlcm5hbWUiOiJhZG1pbiJ9.ppM4ynhdRnn1NCNuiL7B2BQXMc6tLooqC5M1QP0vhJA' LIMIT 1

2026/07/26 16:47:21 [32mD:/Develop/Project_pos_mahenz/BE/domain/supplier/repo/supplier_repo.go:71
[0m[33m[0.523ms] [34;1m[rows:2][0m SELECT id, supplier_code, name, address, phone, email, contact_person, notes, is_active, created_at FROM suppliers WHERE 1=1 ORDER BY name ASC LIMIT 10 OFFSET 0
[GIN] 2026/07/26 - 16:47:21 | 200 |      2.7382ms |             ::1 | POST     "/api/suppliers/list"

2026/07/26 16:47:21 [32mD:/Develop/Project_pos_mahenz/BE/domain/supplier/repo/supplier_repo.go:85
[0m[33m[0.643ms] [34;1m[rows:1][0m SELECT id, supplier_code, name FROM suppliers WHERE is_active = 1 ORDER BY name
[GIN] 2026/07/26 - 16:47:21 | 200 |      1.1661ms |             ::1 | POST     "/api/suppliers/options"

2026/07/26 16:47:21 [32mD:/Develop/Project_pos_mahenz/BE/domain/auth/repo/auth_repo.go:46
[0m[33m[0.000ms] [34;1m[rows:1][0m SELECT id, user_id, user_role, token, device_info, expires_at FROM sessions WHERE token = 'eyJhbGciOiJIUzI1NiIsInR5cCI6IkpXVCJ9.eyJhcHBzIjoid2ViIiwiZXhwIjoxNzg1MDg4MDQwLCJmdWxsX25hbWUiOiJBZG1pbmlzdHJhdG9yIiwicm9sZSI6ImFkbWluIiwidXNlcl9pZCI6MiwidXNlcm5hbWUiOiJhZG1pbiJ9.ppM4ynhdRnn1NCNuiL7B2BQXMc6tLooqC5M1QP0vhJA' LIMIT 1

2026/07/26 16:47:21 [32mD:/Develop/Project_pos_mahenz/BE/domain/auth/repo/auth_repo.go:46
[0m[33m[0.664ms] [34;1m[rows:1][0m SELECT id, user_id, user_role, token, device_info, expires_at FROM sessions WHERE token = 'eyJhbGciOiJIUzI1NiIsInR5cCI6IkpXVCJ9.eyJhcHBzIjoid2ViIiwiZXhwIjoxNzg1MDg4MDQwLCJmdWxsX25hbWUiOiJBZG1pbmlzdHJhdG9yIiwicm9sZSI6ImFkbWluIiwidXNlcl9pZCI6MiwidXNlcm5hbWUiOiJhZG1pbiJ9.ppM4ynhdRnn1NCNuiL7B2BQXMc6tLooqC5M1QP0vhJA' LIMIT 1

2026/07/26 16:47:21 [32mD:/Develop/Project_pos_mahenz/BE/domain/auth/repo/auth_repo.go:46
[0m[33m[0.653ms] [34;1m[rows:1][0m SELECT id, user_id, user_role, token, device_info, expires_at FROM sessions WHERE token = 'eyJhbGciOiJIUzI1NiIsInR5cCI6IkpXVCJ9.eyJhcHBzIjoid2ViIiwiZXhwIjoxNzg1MDg4MDQwLCJmdWxsX25hbWUiOiJBZG1pbmlzdHJhdG9yIiwicm9sZSI6ImFkbWluIiwidXNlcl9pZCI6MiwidXNlcm5hbWUiOiJhZG1pbiJ9.ppM4ynhdRnn1NCNuiL7B2BQXMc6tLooqC5M1QP0vhJA' LIMIT 1

2026/07/26 16:47:21 [32mD:/Develop/Project_pos_mahenz/BE/domain/payment_status/repo/payment_status_repo.go:9
[0m[33m[1.317ms] [34;1m[rows:3][0m SELECT id, code, label, is_active, sort_order FROM payment_statuses WHERE is_active = 1 ORDER BY sort_order ASC
[GIN] 2026/07/26 - 16:47:21 | 200 |        1.96ms |             ::1 | POST     "/api/payment-statuses/list"

2026/07/26 16:47:21 [32mD:/Develop/Project_pos_mahenz/BE/domain/setting/repo/setting_repo.go:32
[0m[33m[0.653ms] [34;1m[rows:-][0m SELECT setting_key, setting_value FROM settings WHERE setting_key = 'pagination_sizes'

2026/07/26 16:47:21 [32mD:/Develop/Project_pos_mahenz/BE/domain/payment_method/repo/payment_method_repo.go:9
[0m[33m[0.000ms] [34;1m[rows:5][0m SELECT id, code, label, is_active, sort_order FROM payment_methods WHERE is_active = 1 ORDER BY sort_order ASC
[GIN] 2026/07/26 - 16:47:21 | 200 |      1.2796ms |             ::1 | POST     "/api/payment-methods/list"
[GIN] 2026/07/26 - 16:47:21 | 200 |      1.9437ms |             ::1 | GET      "/api/settings/pagination_sizes"

2026/07/26 16:47:21 [32mD:/Develop/Project_pos_mahenz/BE/domain/auth/repo/auth_repo.go:46
[0m[33m[0.000ms] [34;1m[rows:1][0m SELECT id, user_id, user_role, token, device_info, expires_at FROM sessions WHERE token = 'eyJhbGciOiJIUzI1NiIsInR5cCI6IkpXVCJ9.eyJhcHBzIjoid2ViIiwiZXhwIjoxNzg1MDg4MDQwLCJmdWxsX25hbWUiOiJBZG1pbmlzdHJhdG9yIiwicm9sZSI6ImFkbWluIiwidXNlcl9pZCI6MiwidXNlcm5hbWUiOiJhZG1pbiJ9.ppM4ynhdRnn1NCNuiL7B2BQXMc6tLooqC5M1QP0vhJA' LIMIT 1

2026/07/26 16:47:21 [32mD:/Develop/Project_pos_mahenz/BE/domain/supplier_purchase/repo/purchase_repo.go:132
[0m[33m[0.569ms] [34;1m[rows:1][0m SELECT COUNT(*) FROM purchases p WHERE 1=1 AND DATE(p.purchase_date) >= '2026-07-01' AND DATE(p.purchase_date) <= '2026-07-26'

2026/07/26 16:47:21 [32mD:/Develop/Project_pos_mahenz/BE/repository/log_request_repository.go:32
[0m[33m[3.602ms] [34;1m[rows:1][0m INSERT INTO log_requests (id, method, endpoint, status_code, request_body, response_body, user_id, duration_ms, ip_address, error_message, created_at) VALUES ('6364bd84-7d38-4f2b-a906-6576799a9bf5', 'POST', '/api/suppliers/options', 200, '{"search":""}', '{"code":"00","status":true,"message":"Opsi supplier","data":[{"id":1,"supplier_code":"SUP-001","name":"Supplier Test Fase14"}]}', 2, 1, '::1', NULL, '2026-07-26 16:47:21.854')

2026/07/26 16:47:21 [32mD:/Develop/Project_pos_mahenz/BE/repository/log_request_repository.go:32
[0m[33m[4.142ms] [34;1m[rows:1][0m INSERT INTO log_requests (id, method, endpoint, status_code, request_body, response_body, user_id, duration_ms, ip_address, error_message, created_at) VALUES ('0958c947-7c2a-46c1-ac75-52556da45880', 'POST', '/api/suppliers/list', 200, '{"page":1,"limit":200,"search":""}', '{"code":"00","status":true,"message":"Daftar supplier","data":[{"id":1,"supplier_code":"SUP-001","name":"Supplier Test Fase14","address":"Jl. Test","phone":"08123456789","email":"","contact_person":"","notes":"","is_active":true,"created_at":"2026-07-25T13:19:10+07:00"},{"id":3,"supplier_code":"SUP-002","name":"Supplier Test Void Debt","address":"","phone":"","email":"","contact_person":"","notes":"","is_active":false,"created_at":"2026-07-26T10:32:08+07:00"}],"pagination":{"page":1,"per_page":200,"total":2,"total_pages":1}}', 2, 2, '::1', NULL, '2026-07-26 16:47:21.854')

2026/07/26 16:47:21 [32mD:/Develop/Project_pos_mahenz/BE/repository/log_request_repository.go:32
[0m[33m[2.825ms] [34;1m[rows:1][0m INSERT INTO log_requests (id, method, endpoint, status_code, request_body, response_body, user_id, duration_ms, ip_address, error_message, created_at) VALUES ('22efd081-649a-4e2f-9bbd-88270fc7a880', 'POST', '/api/payment-statuses/list', 200, '{}', '{"code":"00","status":true,"message":"Daftar status pembayaran","data":[{"id":1,"code":"unpaid","label":"Hutang","is_active":1,"sort_order":1},{"id":2,"code":"partial","label":"Bayar Sebagian","is_active":1,"sort_order":2},{"id":3,"code":"paid","label":"Lunas","is_active":1,"sort_order":3}]}', 2, 1, '::1', NULL, '2026-07-26 16:47:21.855')

2026/07/26 16:47:21 [32mD:/Develop/Project_pos_mahenz/BE/domain/supplier_purchase/repo/purchase_repo.go:149
[0m[33m[1.068ms] [34;1m[rows:-][0m SELECT p.id, p.purchase_code, p.invoice_number, p.supplier_id, COALESCE(s.name, '') as supplier_name, p.purchase_date, p.discount_amount, p.total_amount, p.payment_status, p.paid_amount, p.remaining_amount, p.status, COALESCE(u.full_name, '') as user_name, p.notes FROM purchases p LEFT JOIN users u ON p.user_id = u.id LEFT JOIN suppliers s ON p.supplier_id = s.id WHERE 1=1 AND DATE(p.purchase_date) >= '2026-07-01' AND DATE(p.purchase_date) <= '2026-07-26' ORDER BY p.purchase_date DESC, p.id DESC LIMIT 10 OFFSET 0

2026/07/26 16:47:21 [32mD:/Develop/Project_pos_mahenz/BE/repository/log_request_repository.go:32
[0m[33m[2.198ms] [34;1m[rows:1][0m INSERT INTO log_requests (id, method, endpoint, status_code, request_body, response_body, user_id, duration_ms, ip_address, error_message, created_at) VALUES ('f31bc152-daa6-423c-9239-cd7fab0ba488', 'POST', '/api/payment-methods/list', 200, '{}', '{"code":"00","status":true,"message":"Daftar metode pembayaran","data":[{"id":1,"code":"cash","label":"Tunai","is_active":1,"sort_order":1},{"id":2,"code":"transfer","label":"Transfer Bank","is_active":1,"sort_order":2},{"id":3,"code":"card","label":"Kartu","is_active":1,"sort_order":3},{"id":4,"code":"qris","label":"QRIS","is_active":1,"sort_order":4},{"id":5,"code":"kredit","label":"Kredit","is_active":1,"sort_order":5}]}', 2, 1, '::1', NULL, '2026-07-26 16:47:21.855')
[GIN] 2026/07/26 - 16:47:21 | 200 |      3.5632ms |             ::1 | POST     "/api/supplier-purchases/list"

2026/07/26 16:47:21 [32mD:/Develop/Project_pos_mahenz/BE/repository/log_request_repository.go:32
[0m[33m[2.937ms] [34;1m[rows:1][0m INSERT INTO log_requests (id, method, endpoint, status_code, request_body, response_body, user_id, duration_ms, ip_address, error_message, created_at) VALUES ('08d2e48d-7dc2-4be6-9482-2bdfd93f49df', 'GET', '/api/settings/pagination_sizes', 200, '', '{"code":"00","status":true,"message":"Detail pengaturan","data":{"key":"pagination_sizes","value":"[10,20,50]"}}', 2, 1, '::1', NULL, '2026-07-26 16:47:21.855')

2026/07/26 16:47:21 [32mD:/Develop/Project_pos_mahenz/BE/repository/log_request_repository.go:32
[0m[33m[5.364ms] [34;1m[rows:1][0m INSERT INTO log_requests (id, method, endpoint, status_code, request_body, response_body, user_id, duration_ms, ip_address, error_message, created_at) VALUES ('a0d3d884-a637-4507-9633-0cfd41180f14', 'POST', '/api/supplier-purchases/list', 200, '{"page":1,"limit":10,"start_date":"2026-07-01","end_date":"2026-07-26"}', '{"code":"00","status":true,"message":"Daftar purchase order","data":[{"id":31,"purchase_code":"PO-20260726-021","invoice_number":"INV-BROWSER-EDIT-PAID","supplier_id":1,"supplier_name":"Supplier Test Fase14","purchase_date":"2026-07-26T00:00:00+07:00","discount_amount":0,"total_amount":4000,"payment_status":"paid","paid_amount":4000,"remaining_amount":0,"status":"active","user_name":"Administrator","notes":""},{"id":30,"purchase_code":"PO-20260726-020","invoice_number":"INV-EDIT-SWAP-B","supplier_id":1,"supplier_name":"Supplier Test Fase14","purchase_date":"2026-07-26T00:00:00+07:00","discount_amount":0,"total_amount":10000,"payment_status":"unpaid","paid_amount":0,"remaining_amount":10000,"status":"active","user_name":"Administrator","notes":""},{"id":29,"purchase_code":"PO-20260726-019","invoice_number":"INV-BASESTOCK-C","supplier_id":1,"supplier_name":"Supplier Test Fase14","purchase_date":"2026-07-26T00:00:00+07:00","discount_amount":0,"total_amount":3000,"payment_status":"unpaid","paid_amount":0,"remaining_amount":3000,"status":"active","user_name":"Administrator","notes":""},{"id":28,"purchase_code":"PO-20260726-018","invoice_number":"INV-EDIT-SWAP-EXP3","supplier_id":1,"supplier_name":"Supplier Test Fase14","purchase_date":"2026-07-26T00:00:00+07:00","discount_amount":0,"total_amount":2000,"payment_status":"unpaid","paid_amount":0,"remaining_amount":2000,"status":"active","user_name":"Administrator","notes":""},{"id":27,"purchase_code":"PO-20260726-017","invoice_number":"INV-EDIT-SWAP-EXP2","supplier_id":1,"supplier_name":"Supplier Test Fase14","purchase_date":"2026-07-26T00:00:00+07:00","discount_amount":0,"total_amount":2000,"payment_status":"unpaid","paid_amount":0,"remaining_amount":2000,"status":"active","user_name":"Administrator","notes":""},{"id":26,"purchase_code":"PO-20260726-016","invoice_number":"INV-EDIT-SWAP-EXP","supplier_id":1,"supplier_name":"Supplier Test Fase14","purchase_date":"2026-07-26T00:00:00+07:00","discount_amount":0,"total_amount":3000,"payment_status":"unpaid","paid_amount":0,"remaining_amount":3000,"status":"active","user_name":"Administrator","notes":""},{"id":25,"purchase_code":"PO-20260726-015","invoice_number":"INV-EDIT-SWAP2","supplier_id":1,"supplier_name":"Supplier Test Fase14","purchase_date":"2026-07-26T00:00:00+07:00","discount_amount":0,"total_amount":3000,"payment_status":"unpaid","paid_amount":0,"remaining_amount":3000,"status":"active","user_name":"Administrator","notes":""},{"id":24,"purchase_code":"PO-20260726-014","invoice_number":"INV-EDIT-STOCKSWAP","supplier_id":1,"supplier_name":"Supplier Test Fase14","purchase_date":"2026-07-26T00:00:00+07:00","discount_amount":0,"total_amount":10000,"payment_status":"unpaid","paid_amount":0,"remaining_amount":10000,"status":"active","user_name":"Administrator","notes":""},{"id":23,"purchase_code":"PO-20260726-013","invoice_number":"INV-EDIT-PAID","supplier_id":1,"supplier_name":"Supplier Test Fase14","purchase_date":"2026-07-26T00:00:00+07:00","discount_amount":0,"total_amount":8000,"payment_status":"partial","paid_amount":5000,"remaining_amount":3000,"status":"active","user_name":"Administrator","notes":""},{"id":21,"purchase_code":"PO-20260726-012","invoice_number":"INV-QA-DEBT-TEST","supplier_id":3,"supplier_name":"Supplier Test Void Debt","purchase_date":"2026-07-26T00:00:00+07:00","discount_amount":0,"total_amount":1000,"payment_status":"partial","paid_amount":500,"remaining_amount":0,"status":"void","user_name":"Administrator","notes":""}],"pagination":{"page":1,"per_page":10,"total":23,"total_pages":3}}', 2, 3, '::1', NULL, '2026-07-26 16:47:21.858')
[GIN] 2026/07/26 - 16:47:23 | 204 |            0s |             ::1 | OPTIONS  "/api/supplier-purchases/detail/31"

2026/07/26 16:47:23 [32mD:/Develop/Project_pos_mahenz/BE/domain/auth/repo/auth_repo.go:46
[0m[33m[0.506ms] [34;1m[rows:1][0m SELECT id, user_id, user_role, token, device_info, expires_at FROM sessions WHERE token = 'eyJhbGciOiJIUzI1NiIsInR5cCI6IkpXVCJ9.eyJhcHBzIjoid2ViIiwiZXhwIjoxNzg1MDg4MDQwLCJmdWxsX25hbWUiOiJBZG1pbmlzdHJhdG9yIiwicm9sZSI6ImFkbWluIiwidXNlcl9pZCI6MiwidXNlcm5hbWUiOiJhZG1pbiJ9.ppM4ynhdRnn1NCNuiL7B2BQXMc6tLooqC5M1QP0vhJA' LIMIT 1

2026/07/26 16:47:23 [32mD:/Develop/Project_pos_mahenz/BE/domain/supplier_purchase/repo/purchase_repo.go:174
[0m[33m[0.931ms] [34;1m[rows:-][0m SELECT p.id, p.purchase_code, p.invoice_number, p.supplier_id, COALESCE(s.name, '') as supplier_name, p.purchase_date, p.discount_amount, p.total_amount, p.payment_status, p.paid_amount, p.remaining_amount, p.status, COALESCE(u.full_name, '') as user_name, p.notes FROM purchases p LEFT JOIN users u ON p.user_id = u.id LEFT JOIN suppliers s ON p.supplier_id = s.id WHERE p.id = 31

2026/07/26 16:47:23 [32mD:/Develop/Project_pos_mahenz/BE/domain/supplier_purchase/repo/purchase_repo.go:216
[0m[33m[1.261ms] [34;1m[rows:-][0m SELECT pi.id, pi.product_id, COALESCE(p.name, '') as product_name, pi.quantity, pi.unit, COALESCE(pi.conversion_qty, 1) as conversion_qty, pi.purchase_price, pi.subtotal FROM purchase_items pi LEFT JOIN products p ON pi.product_id = p.id WHERE pi.purchase_id = 31

2026/07/26 16:47:23 [32mD:/Develop/Project_pos_mahenz/BE/domain/supplier_purchase/repo/purchase_repo.go:250
[0m[33m[0.505ms] [34;1m[rows:0][0m SELECT qty, expired_date FROM product_expiry_batches WHERE purchase_item_id = 42 ORDER BY expired_date ASC
[GIN] 2026/07/26 - 16:47:23 | 200 |      5.2739ms |             ::1 | POST     "/api/supplier-purchases/detail/31"

2026/07/26 16:47:23 [32mD:/Develop/Project_pos_mahenz/BE/repository/log_request_repository.go:32
[0m[33m[7.042ms] [34;1m[rows:1][0m INSERT INTO log_requests (id, method, endpoint, status_code, request_body, response_body, user_id, duration_ms, ip_address, error_message, created_at) VALUES ('c715e337-7cf2-409a-9759-cf4c5ac04396', 'POST', '/api/supplier-purchases/detail/31', 200, '{}', '{"code":"00","status":true,"message":"Detail purchase order","data":{"id":31,"purchase_code":"PO-20260726-021","invoice_number":"INV-BROWSER-EDIT-PAID","supplier_id":1,"supplier_name":"Supplier Test Fase14","purchase_date":"2026-07-26T00:00:00+07:00","discount_amount":0,"total_amount":4000,"payment_status":"paid","paid_amount":4000,"remaining_amount":0,"status":"active","user_name":"Administrator","notes":"","items":[{"id":42,"product_id":12,"product_name":"Rokok Test Berantai","quantity":4,"unit":"Batang","conversion_qty":1,"purchase_price":1000,"subtotal":4000}]}}', 2, 5, '::1', NULL, '2026-07-26 16:47:23.199')
[GIN] 2026/07/26 - 16:47:23 | 204 |            0s |             ::1 | OPTIONS  "/api/products/detail/12"

2026/07/26 16:47:23 [32mD:/Develop/Project_pos_mahenz/BE/domain/auth/repo/auth_repo.go:46
[0m[33m[0.506ms] [34;1m[rows:1][0m SELECT id, user_id, user_role, token, device_info, expires_at FROM sessions WHERE token = 'eyJhbGciOiJIUzI1NiIsInR5cCI6IkpXVCJ9.eyJhcHBzIjoid2ViIiwiZXhwIjoxNzg1MDg4MDQwLCJmdWxsX25hbWUiOiJBZG1pbmlzdHJhdG9yIiwicm9sZSI6ImFkbWluIiwidXNlcl9pZCI6MiwidXNlcm5hbWUiOiJhZG1pbiJ9.ppM4ynhdRnn1NCNuiL7B2BQXMc6tLooqC5M1QP0vhJA' LIMIT 1

2026/07/26 16:47:23 [32mD:/Develop/Project_pos_mahenz/BE/domain/product/repo/product_repo.go:136
[0m[33m[0.525ms] [34;1m[rows:1][0m 
		SELECT p.id, p.barcode, COALESCE(p.sku, '') as sku, p.name, p.category_id, COALESCE(c.name, '') as category_name,
		       p.purchase_price, p.selling_price, p.stock, p.reserved_qty, p.min_stock,
		       COALESCE(p.unit_id, 0) as unit_id, COALESCE(u.name, '') as unit_name, COALESCE(u.abbreviation, '') as unit_abbreviation,
		       p.is_active, p.created_at, p.updated_at,
		       (SELECT COUNT(*) FROM product_packages pp WHERE pp.product_id = p.id AND pp.is_default = 0) AS extra_packages,
		       (SELECT COUNT(*) FROM product_prices pr WHERE pr.product_id = p.id) AS price_tiers_count
		FROM products p
		LEFT JOIN categories c ON p.category_id = c.id
		LEFT JOIN units u ON u.id = p.unit_id
		WHERE p.id = 12 LIMIT 1
[GIN] 2026/07/26 - 16:47:23 | 200 |      2.0904ms |             ::1 | POST     "/api/products/detail/12"

2026/07/26 16:47:23 [32mD:/Develop/Project_pos_mahenz/BE/repository/log_request_repository.go:32
[0m[33m[3.909ms] [34;1m[rows:1][0m INSERT INTO log_requests (id, method, endpoint, status_code, request_body, response_body, user_id, duration_ms, ip_address, error_message, created_at) VALUES ('b41ec1cd-99d9-4605-ab7e-f80b03eb7206', 'POST', '/api/products/detail/12', 200, '{}', '{"code":"00","status":true,"message":"Detail produk","data":{"id":12,"barcode":"8997789608850","sku":"SEM-0008","name":"Rokok Test Berantai","category_id":1,"category_name":"Sembako Test","purchase_price":800,"selling_price":1000,"stock":3066,"reserved_qty":0,"min_stock":5,"unit_id":2,"unit_name":"Batang","unit_abbreviation":"Btg","is_active":true,"extra_packages":3,"price_tiers_count":2}}', 2, 2, '::1', NULL, '2026-07-26 16:47:23.356')

2026/07/26 16:47:51 [32mD:/Develop/Project_pos_mahenz/BE/domain/auth/repo/auth_repo.go:46
[0m[33m[1.143ms] [34;1m[rows:1][0m SELECT id, user_id, user_role, token, device_info, expires_at FROM sessions WHERE token = 'eyJhbGciOiJIUzI1NiIsInR5cCI6IkpXVCJ9.eyJhcHBzIjoid2ViIiwiZXhwIjoxNzg1MDg4MDQwLCJmdWxsX25hbWUiOiJBZG1pbmlzdHJhdG9yIiwicm9sZSI6ImFkbWluIiwidXNlcl9pZCI6MiwidXNlcm5hbWUiOiJhZG1pbiJ9.ppM4ynhdRnn1NCNuiL7B2BQXMc6tLooqC5M1QP0vhJA' LIMIT 1

2026/07/26 16:47:51 [32mD:/Develop/Project_pos_mahenz/BE/domain/sync/repo/sync_repo.go:84
[0m[33m[0.999ms] [34;1m[rows:1][0m SELECT COUNT(*) FROM sync_conflicts WHERE status = 'pending'
[GIN] 2026/07/26 - 16:47:51 | 200 |      3.7993ms |             ::1 | GET      "/api/sync/conflicts/count"

2026/07/26 16:47:51 [32mD:/Develop/Project_pos_mahenz/BE/repository/log_request_repository.go:32
[0m[33m[10.600ms] [34;1m[rows:1][0m INSERT INTO log_requests (id, method, endpoint, status_code, request_body, response_body, user_id, duration_ms, ip_address, error_message, created_at) VALUES ('ab82363d-fe21-4e8f-bb6d-68295aa0bac8', 'GET', '/api/sync/conflicts/count', 200, '', '{"code":"00","status":true,"message":"Jumlah konflik pending","data":{"count":0}}', 2, 3, '::1', NULL, '2026-07-26 16:47:51.448')
[GIN] 2026/07/26 - 16:48:21 | 204 |            0s |             ::1 | OPTIONS  "/api/auth/login"

2026/07/26 16:48:21 [32mD:/Develop/Project_pos_mahenz/BE/domain/auth/repo/auth_repo.go:17
[0m[33m[0.507ms] [34;1m[rows:1][0m SELECT u.id, u.username, u.password, u.full_name, u.role_id, r.name AS role_name, u.is_active FROM users u INNER JOIN roles r ON r.id = u.role_id WHERE u.username = 'admin' LIMIT 1

2026/07/26 16:48:21 [32mD:/Develop/Project_pos_mahenz/BE/domain/auth/repo/auth_repo.go:67
[0m[33m[10.229ms] [34;1m[rows:1][0m DELETE FROM sessions WHERE user_id = 2

2026/07/26 16:48:21 [32mD:/Develop/Project_pos_mahenz/BE/domain/auth/repo/auth_repo.go:38
[0m[33m[2.749ms] [34;1m[rows:1][0m INSERT INTO sessions (user_id, user_role, token, refresh_token, device_info, ip_address, expires_at) VALUES (2, 'admin', 'eyJhbGciOiJIUzI1NiIsInR5cCI6IkpXVCJ9.eyJhcHBzIjoid2ViIiwiZXhwIjoxNzg1MDg4MTAxLCJmdWxsX25hbWUiOiJBZG1pbmlzdHJhdG9yIiwicm9sZSI6ImFkbWluIiwidXNlcl9pZCI6MiwidXNlcm5hbWUiOiJhZG1pbiJ9.p1N4yVTXCeH_jBcig41qvJAAMqanxggpaEGyRiKiQ7k', '83b151a0af61c888fdb8beb85a8196bd6cd8dd45fa2c351e7f726e76b76c0ad1', 'web', '::1', '2026-08-02 16:48:21.408') ON DUPLICATE KEY UPDATE user_role=VALUES(user_role), token=VALUES(token), refresh_token=VALUES(refresh_token), device_info=VALUES(device_info), ip_address=VALUES(ip_address), expires_at=VALUES(expires_at), created_at=NOW()
[GIN] 2026/07/26 - 16:48:21 | 200 |     90.2169ms |             ::1 | POST     "/api/auth/login"

2026/07/26 16:48:21 [32mD:/Develop/Project_pos_mahenz/BE/repository/log_request_repository.go:32
[0m[33m[1.976ms] [34;1m[rows:1][0m INSERT INTO log_requests (id, method, endpoint, status_code, request_body, response_body, user_id, duration_ms, ip_address, error_message, created_at) VALUES ('191a83d7-2b32-4374-a92b-964f0a7dec0a', 'POST', '/api/auth/login', 200, '{"username":"admin","password":"admin123","device_info":"web"}', '{"code":"00","status":true,"message":"Login berhasil","data":{"token":"eyJhbGciOiJIUzI1NiIsInR5cCI6IkpXVCJ9.eyJhcHBzIjoid2ViIiwiZXhwIjoxNzg1MDg4MTAxLCJmdWxsX25hbWUiOiJBZG1pbmlzdHJhdG9yIiwicm9sZSI6ImFkbWluIiwidXNlcl9pZCI6MiwidXNlcm5hbWUiOiJhZG1pbiJ9.p1N4yVTXCeH_jBcig41qvJAAMqanxggpaEGyRiKiQ7k","refresh_token":"83b151a0af61c888fdb8beb85a8196bd6cd8dd45fa2c351e7f726e76b76c0ad1","expires_at":"2026-08-02T16:48:21.4088782+07:00","user":{"id":2,"username":"admin","full_name":"Administrator","role_id":2,"role_name":"admin"}}}', NULL, 90, '::1', NULL, '2026-07-26 16:48:21.422')
[GIN] 2026/07/26 - 16:48:21 | 204 |            0s |             ::1 | OPTIONS  "/api/menus/my"
[GIN] 2026/07/26 - 16:48:21 | 204 |            0s |             ::1 | OPTIONS  "/api/menus/my"

2026/07/26 16:48:21 [32mD:/Develop/Project_pos_mahenz/BE/domain/auth/repo/auth_repo.go:46
[0m[33m[0.504ms] [34;1m[rows:1][0m SELECT id, user_id, user_role, token, device_info, expires_at FROM sessions WHERE token = 'eyJhbGciOiJIUzI1NiIsInR5cCI6IkpXVCJ9.eyJhcHBzIjoid2ViIiwiZXhwIjoxNzg1MDg4MTAxLCJmdWxsX25hbWUiOiJBZG1pbmlzdHJhdG9yIiwicm9sZSI6ImFkbWluIiwidXNlcl9pZCI6MiwidXNlcm5hbWUiOiJhZG1pbiJ9.p1N4yVTXCeH_jBcig41qvJAAMqanxggpaEGyRiKiQ7k' LIMIT 1

2026/07/26 16:48:21 [32mD:/Develop/Project_pos_mahenz/BE/domain/auth/repo/auth_repo.go:46
[0m[33m[0.548ms] [34;1m[rows:1][0m SELECT id, user_id, user_role, token, device_info, expires_at FROM sessions WHERE token = 'eyJhbGciOiJIUzI1NiIsInR5cCI6IkpXVCJ9.eyJhcHBzIjoid2ViIiwiZXhwIjoxNzg1MDg4MTAxLCJmdWxsX25hbWUiOiJBZG1pbmlzdHJhdG9yIiwicm9sZSI6ImFkbWluIiwidXNlcl9pZCI6MiwidXNlcm5hbWUiOiJhZG1pbiJ9.p1N4yVTXCeH_jBcig41qvJAAMqanxggpaEGyRiKiQ7k' LIMIT 1

2026/07/26 16:48:21 [32mD:/Develop/Project_pos_mahenz/BE/domain/menu/repo/menu_repo.go:121
[0m[33m[0.548ms] [34;1m[rows:-][0m 
		SELECT
			m.id,
			m.parent_id,
			m.key_name,
			m.label,
			m.icon,
			m.path,
			m.order_index,
			COALESCE(rma.can_view,   0),
			COALESCE(rma.can_create, 0),
			COALESCE(rma.can_edit,   0),
			COALESCE(rma.can_delete, 0)
		FROM menus m
		LEFT JOIN role_menu_access rma ON rma.menu_id = m.id
			AND rma.role_id = (SELECT id FROM roles WHERE name = 'admin' AND is_active = 1 LIMIT 1)
		WHERE m.is_active = 1
		ORDER BY m.order_index ASC, m.id ASC
		
[GIN] 2026/07/26 - 16:48:21 | 200 |      2.2932ms |             ::1 | POST     "/api/menus/my"

2026/07/26 16:48:21 [32mD:/Develop/Project_pos_mahenz/BE/domain/menu/repo/menu_repo.go:121
[0m[33m[0.727ms] [34;1m[rows:-][0m 
		SELECT
			m.id,
			m.parent_id,
			m.key_name,
			m.label,
			m.icon,
			m.path,
			m.order_index,
			COALESCE(rma.can_view,   0),
			COALESCE(rma.can_create, 0),
			COALESCE(rma.can_edit,   0),
			COALESCE(rma.can_delete, 0)
		FROM menus m
		LEFT JOIN role_menu_access rma ON rma.menu_id = m.id
			AND rma.role_id = (SELECT id FROM roles WHERE name = 'admin' AND is_active = 1 LIMIT 1)
		WHERE m.is_active = 1
		ORDER BY m.order_index ASC, m.id ASC
		
[GIN] 2026/07/26 - 16:48:21 | 200 |      1.8792ms |             ::1 | POST     "/api/menus/my"

2026/07/26 16:48:21 [32mD:/Develop/Project_pos_mahenz/BE/repository/log_request_repository.go:32
[0m[33m[2.593ms] [34;1m[rows:1][0m INSERT INTO log_requests (id, method, endpoint, status_code, request_body, response_body, user_id, duration_ms, ip_address, error_message, created_at) VALUES ('a05f97c3-b2b3-43d4-86e8-d6ca30fd117d', 'POST', '/api/menus/my', 200, '{}', '{"code":"00","status":true,"message":"Menu akses","data":[{"key_name":"beranda","label":"Beranda","icon":"Home","path":null,"order_index":1,"permission":{"can_view":true,"can_create":true,"can_edit":true,"can_delete":true},"children":[{"key_name":"beranda.dashboard","label":"Dashboard","icon":"LayoutDashboard","path":"/dashboard","order_index":1,"permission":{"can_view":true,"can_create":true,"can_edit":true,"can_delete":true},"children":[]}]},{"key_name":"penjualan","label":"Penjualan","icon":"ShoppingCart","path":null,"order_index":2,"permission":{"can_view":true,"can_create":true,"can_edit":true,"can_delete":true},"children":[{"key_name":"penjualan.kasir","label":"Kasir","icon":"ShoppingCart","path":"/kasir","order_index":1,"permission":{"can_view":true,"can_create":true,"can_edit":true,"can_delete":true},"children":[]},{"key_name":"penjualan.transaksi","label":"Transaksi","icon":"Receipt","path":"/transactions","order_index":2,"permission":{"can_view":true,"can_create":true,"can_edit":true,"can_delete":true},"children":[]}]},{"key_name":"produk","label":"Produk","icon":"Package","path":null,"order_index":3,"permission":{"can_view":true,"can_create":true,"can_edit":true,"can_delete":true},"children":[{"key_name":"produk.produk","label":"Produk","icon":"Package","path":"/products","order_index":1,"permission":{"can_view":true,"can_create":true,"can_edit":true,"can_delete":true},"children":[]},{"key_name":"produk.kategori","label":"Kategori","icon":"Tag","path":"/products/categories","order_index":2,"permission":{"can_view":true,"can_create":true,"can_edit":true,"can_delete":true},"children":[]},{"key_name":"produk.unit","label":"Unit","icon":"PackageSearch","path":"/products/units","order_index":3,"permission":{"can_view":true,"can_create":true,"can_edit":true,"can_delete":true},"children":[]}]},{"key_name":"pengadaan","label":"Pengadaan","icon":"Truck","path":null,"order_index":4,"permission":{"can_view":true,"can_create":true,"can_edit":true,"can_delete":true},"children":[{"key_name":"pengadaan.supplier","label":"Supplier","icon":"Truck","path":"/suppliers","order_index":1,"permission":{"can_view":true,"can_create":true,"can_edit":true,"can_delete":true},"children":[]},{"key_name":"pengadaan.pembelian","label":"Pembelian","icon":"ShoppingBag","path":"/suppliers/purchases","order_index":2,"permission":{"can_view":true,"can_create":true,"can_edit":true,"can_delete":true},"children":[]},{"key_name":"pengadaan.retur","label":"Retur","icon":"RotateCcw","path":"/suppliers/returns","order_index":3,"permission":{"can_view":true,"can_create":true,"can_edit":true,"can_delete":true},"children":[]}]},{"key_name":"pelanggan","label":"Pelanggan","icon":"Users","path":null,"order_index":5,"permission":{"can_view":true,"can_create":true,"can_edit":true,"can_delete":true},"children":[{"key_name":"pelanggan.pelanggan","label":"Pelanggan","icon":"Users","path":"/customers","order_index":1,"permission":{"can_view":true,"can_create":true,"can_edit":true,"can_delete":true},"children":[]},{"key_name":"pelanggan.piutang","label":"Piutang","icon":"CreditCard","path":"/receivables","order_index":2,"permission":{"can_view":true,"can_create":true,"can_edit":true,"can_delete":true},"children":[]}]},{"key_name":"keuangan","label":"Keuangan","icon":"Wallet","path":null,"order_index":6,"permission":{"can_view":true,"can_create":true,"can_edit":true,"can_delete":true},"children":[{"key_name":"keuangan.dashboard","label":"Dashboard Keuangan","icon":"Wallet","path":"/finance","order_index":1,"permission":{"can_view":true,"can_create":true,"can_edit":true,"can_delete":true},"children":[]},{"key_name":"keuangan.kas_harian","label":"Kas Harian","icon":"Landmark","path":"/finance/cash-drawer","order_index":2,"permission":{"can_view":true,"can_create":true,"can_edit":true,"can_delete":true},"children":[]},{"key_name":"keuangan.pengeluaran","label":"Pengeluaran","icon":"TrendingDown","path":"/finance/expenses","order_index":3,"permission":{"can_view":true,"can_create":true,"can_edit":true,"can_delete":true},"children":[]},{"key_name":"keuangan.kas_saya","label":"Kas Saya","icon":"Wallet","path":"/finance/my-cash","order_index":4,"permission":{"can_view":true,"can_create":true,"can_edit":true,"can_delete":true},"children":[]}]},{"key_name":"pelaporan","label":"Pelaporan","icon":"BarChart2","path":null,"order_index":7,"permission":{"can_view":true,"can_create":true,"can_edit":true,"can_delete":true},"children":[{"key_name":"pelaporan.penjualan","label":"Penjualan","icon":"TrendingUp","path":"/reports/sales","order_index":1,"permission":{"can_view":true,"can_create":true,"can_edit":true,"can_delete":true},"children":[]},{"key_name":"pelaporan.laba_rugi","label":"Laba Rugi","icon":"LineChart","path":"/reports/profit-loss","order_index":2,"permission":{"can_view":true,"can_create":true,"can_edit":true,"can_delete":true},"children":[]},{"key_name":"pelaporan.stok","label":"Stok","icon":"PackageSearch","path":"/reports/stock","order_index":3,"permission":{"can_view":true,"can_create":true,"can_edit":true,"can_delete":true},"children":[]},{"key_name":"pelaporan.kinerja_kasir","label":"Kinerja Kasir","icon":"BarChart2","path":"/reports/cashier","order_index":4,"permission":{"can_view":true,"can_create":true,"can_edit":true,"can_delete":true},"children":[]},{"key_name":"pelaporan.ringkasan_bisnis","label":"Ringkasan Bisnis","icon":"BarChart3","path":"/reports/business-summary","order_index":5,"permission":{"can_view":true,"can_create":true,"can_edit":true,"can_delete":true},"children":[]}]},{"key_name":"operasional","label":"Operasional","icon":"Clock","path":null,"order_index":8,"permission":{"can_view":true,"can_create":true,"can_edit":true,"can_delete":true},"children":[{"key_name":"operasional.shift","label":"Shift","icon":"Clock","path":"/shifts","order_index":1,"permission":{"can_view":true,"can_create":true,"can_edit":true,"can_delete":true},"children":[]},{"key_name":"operasional.sync","label":"Sync Center","icon":"RefreshCw","path":"/sync","order_index":2,"permission":{"can_view":true,"can_create":true,"can_edit":true,"can_delete":true},"children":[]}]},{"key_name":"sistem","label":"Sistem","icon":"Settings","path":null,"order_index":9,"permission":{"can_view":true,"can_create":true,"can_edit":true,"can_delete":true},"children":[{"key_name":"sistem.profil_toko","label":"Profil Toko","icon":"Settings","path":"/settings/store","order_index":1,"permission":{"can_view":true,"can_create":true,"can_edit":true,"can_delete":true},"children":[]},{"key_name":"sistem.users","label":"Manajemen User","icon":"Users","path":"/settings/users","order_index":2,"permission":{"can_view":true,"can_create":true,"can_edit":true,"can_delete":true},"children":[]},{"key_name":"sistem.roles","label":"Manajemen Role","icon":"Shield","path":"/settings/roles","order_index":3,"permission":{"can_view":true,"can_create":true,"can_edit":true,"can_delete":true},"children":[]},{"key_name":"sistem.menus","label":"Manajemen Menu","icon":"LayoutList","path":"/settings/menus","order_index":4,"permission":{"can_view":true,"can_create":true,"can_edit":true,"can_delete":true},"children":[]},{"key_name":"sistem.printer","label":"Printer","icon":"Printer","path":"/settings/printer","order_index":5,"permission":{"can_view":true,"can_create":true,"can_edit":true,"can_delete":true},"children":[]},{"key_name":"sistem.versi","label":"Versi Aplikasi","icon":"RefreshCw","path":"/settings/versions","order_index":6,"permission":{"can_view":true,"can_create":true,"can_edit":true,"can_delete":true},"children":[]},{"key_name":"sistem.backup","label":"Backup \u0026 Restore","icon":"DatabaseBackup","path":"/settings/backup","order_index":7,"permission":{"can_view":true,"can_create":true,"can_edit":true,"can_delete":true},"children":[]}]}]}', 2, 2, '::1', NULL, '2026-07-26 16:48:21.433')

2026/07/26 16:48:21 [32mD:/Develop/Project_pos_mahenz/BE/repository/log_request_repository.go:32
[0m[33m[2.494ms] [34;1m[rows:1][0m INSERT INTO log_requests (id, method, endpoint, status_code, request_body, response_body, user_id, duration_ms, ip_address, error_message, created_at) VALUES ('7c3073d7-4c4f-458d-a31b-d00d28dadd68', 'POST', '/api/menus/my', 200, '{}', '{"code":"00","status":true,"message":"Menu akses","data":[{"key_name":"beranda","label":"Beranda","icon":"Home","path":null,"order_index":1,"permission":{"can_view":true,"can_create":true,"can_edit":true,"can_delete":true},"children":[{"key_name":"beranda.dashboard","label":"Dashboard","icon":"LayoutDashboard","path":"/dashboard","order_index":1,"permission":{"can_view":true,"can_create":true,"can_edit":true,"can_delete":true},"children":[]}]},{"key_name":"penjualan","label":"Penjualan","icon":"ShoppingCart","path":null,"order_index":2,"permission":{"can_view":true,"can_create":true,"can_edit":true,"can_delete":true},"children":[{"key_name":"penjualan.kasir","label":"Kasir","icon":"ShoppingCart","path":"/kasir","order_index":1,"permission":{"can_view":true,"can_create":true,"can_edit":true,"can_delete":true},"children":[]},{"key_name":"penjualan.transaksi","label":"Transaksi","icon":"Receipt","path":"/transactions","order_index":2,"permission":{"can_view":true,"can_create":true,"can_edit":true,"can_delete":true},"children":[]}]},{"key_name":"produk","label":"Produk","icon":"Package","path":null,"order_index":3,"permission":{"can_view":true,"can_create":true,"can_edit":true,"can_delete":true},"children":[{"key_name":"produk.produk","label":"Produk","icon":"Package","path":"/products","order_index":1,"permission":{"can_view":true,"can_create":true,"can_edit":true,"can_delete":true},"children":[]},{"key_name":"produk.kategori","label":"Kategori","icon":"Tag","path":"/products/categories","order_index":2,"permission":{"can_view":true,"can_create":true,"can_edit":true,"can_delete":true},"children":[]},{"key_name":"produk.unit","label":"Unit","icon":"PackageSearch","path":"/products/units","order_index":3,"permission":{"can_view":true,"can_create":true,"can_edit":true,"can_delete":true},"children":[]}]},{"key_name":"pengadaan","label":"Pengadaan","icon":"Truck","path":null,"order_index":4,"permission":{"can_view":true,"can_create":true,"can_edit":true,"can_delete":true},"children":[{"key_name":"pengadaan.supplier","label":"Supplier","icon":"Truck","path":"/suppliers","order_index":1,"permission":{"can_view":true,"can_create":true,"can_edit":true,"can_delete":true},"children":[]},{"key_name":"pengadaan.pembelian","label":"Pembelian","icon":"ShoppingBag","path":"/suppliers/purchases","order_index":2,"permission":{"can_view":true,"can_create":true,"can_edit":true,"can_delete":true},"children":[]},{"key_name":"pengadaan.retur","label":"Retur","icon":"RotateCcw","path":"/suppliers/returns","order_index":3,"permission":{"can_view":true,"can_create":true,"can_edit":true,"can_delete":true},"children":[]}]},{"key_name":"pelanggan","label":"Pelanggan","icon":"Users","path":null,"order_index":5,"permission":{"can_view":true,"can_create":true,"can_edit":true,"can_delete":true},"children":[{"key_name":"pelanggan.pelanggan","label":"Pelanggan","icon":"Users","path":"/customers","order_index":1,"permission":{"can_view":true,"can_create":true,"can_edit":true,"can_delete":true},"children":[]},{"key_name":"pelanggan.piutang","label":"Piutang","icon":"CreditCard","path":"/receivables","order_index":2,"permission":{"can_view":true,"can_create":true,"can_edit":true,"can_delete":true},"children":[]}]},{"key_name":"keuangan","label":"Keuangan","icon":"Wallet","path":null,"order_index":6,"permission":{"can_view":true,"can_create":true,"can_edit":true,"can_delete":true},"children":[{"key_name":"keuangan.dashboard","label":"Dashboard Keuangan","icon":"Wallet","path":"/finance","order_index":1,"permission":{"can_view":true,"can_create":true,"can_edit":true,"can_delete":true},"children":[]},{"key_name":"keuangan.kas_harian","label":"Kas Harian","icon":"Landmark","path":"/finance/cash-drawer","order_index":2,"permission":{"can_view":true,"can_create":true,"can_edit":true,"can_delete":true},"children":[]},{"key_name":"keuangan.pengeluaran","label":"Pengeluaran","icon":"TrendingDown","path":"/finance/expenses","order_index":3,"permission":{"can_view":true,"can_create":true,"can_edit":true,"can_delete":true},"children":[]},{"key_name":"keuangan.kas_saya","label":"Kas Saya","icon":"Wallet","path":"/finance/my-cash","order_index":4,"permission":{"can_view":true,"can_create":true,"can_edit":true,"can_delete":true},"children":[]}]},{"key_name":"pelaporan","label":"Pelaporan","icon":"BarChart2","path":null,"order_index":7,"permission":{"can_view":true,"can_create":true,"can_edit":true,"can_delete":true},"children":[{"key_name":"pelaporan.penjualan","label":"Penjualan","icon":"TrendingUp","path":"/reports/sales","order_index":1,"permission":{"can_view":true,"can_create":true,"can_edit":true,"can_delete":true},"children":[]},{"key_name":"pelaporan.laba_rugi","label":"Laba Rugi","icon":"LineChart","path":"/reports/profit-loss","order_index":2,"permission":{"can_view":true,"can_create":true,"can_edit":true,"can_delete":true},"children":[]},{"key_name":"pelaporan.stok","label":"Stok","icon":"PackageSearch","path":"/reports/stock","order_index":3,"permission":{"can_view":true,"can_create":true,"can_edit":true,"can_delete":true},"children":[]},{"key_name":"pelaporan.kinerja_kasir","label":"Kinerja Kasir","icon":"BarChart2","path":"/reports/cashier","order_index":4,"permission":{"can_view":true,"can_create":true,"can_edit":true,"can_delete":true},"children":[]},{"key_name":"pelaporan.ringkasan_bisnis","label":"Ringkasan Bisnis","icon":"BarChart3","path":"/reports/business-summary","order_index":5,"permission":{"can_view":true,"can_create":true,"can_edit":true,"can_delete":true},"children":[]}]},{"key_name":"operasional","label":"Operasional","icon":"Clock","path":null,"order_index":8,"permission":{"can_view":true,"can_create":true,"can_edit":true,"can_delete":true},"children":[{"key_name":"operasional.shift","label":"Shift","icon":"Clock","path":"/shifts","order_index":1,"permission":{"can_view":true,"can_create":true,"can_edit":true,"can_delete":true},"children":[]},{"key_name":"operasional.sync","label":"Sync Center","icon":"RefreshCw","path":"/sync","order_index":2,"permission":{"can_view":true,"can_create":true,"can_edit":true,"can_delete":true},"children":[]}]},{"key_name":"sistem","label":"Sistem","icon":"Settings","path":null,"order_index":9,"permission":{"can_view":true,"can_create":true,"can_edit":true,"can_delete":true},"children":[{"key_name":"sistem.profil_toko","label":"Profil Toko","icon":"Settings","path":"/settings/store","order_index":1,"permission":{"can_view":true,"can_create":true,"can_edit":true,"can_delete":true},"children":[]},{"key_name":"sistem.users","label":"Manajemen User","icon":"Users","path":"/settings/users","order_index":2,"permission":{"can_view":true,"can_create":true,"can_edit":true,"can_delete":true},"children":[]},{"key_name":"sistem.roles","label":"Manajemen Role","icon":"Shield","path":"/settings/roles","order_index":3,"permission":{"can_view":true,"can_create":true,"can_edit":true,"can_delete":true},"children":[]},{"key_name":"sistem.menus","label":"Manajemen Menu","icon":"LayoutList","path":"/settings/menus","order_index":4,"permission":{"can_view":true,"can_create":true,"can_edit":true,"can_delete":true},"children":[]},{"key_name":"sistem.printer","label":"Printer","icon":"Printer","path":"/settings/printer","order_index":5,"permission":{"can_view":true,"can_create":true,"can_edit":true,"can_delete":true},"children":[]},{"key_name":"sistem.versi","label":"Versi Aplikasi","icon":"RefreshCw","path":"/settings/versions","order_index":6,"permission":{"can_view":true,"can_create":true,"can_edit":true,"can_delete":true},"children":[]},{"key_name":"sistem.backup","label":"Backup \u0026 Restore","icon":"DatabaseBackup","path":"/settings/backup","order_index":7,"permission":{"can_view":true,"can_create":true,"can_edit":true,"can_delete":true},"children":[]}]}]}', 2, 1, '::1', NULL, '2026-07-26 16:48:21.434')

2026/07/26 16:48:21 [32mD:/Develop/Project_pos_mahenz/BE/domain/auth/repo/auth_repo.go:46
[0m[33m[0.519ms] [34;1m[rows:1][0m SELECT id, user_id, user_role, token, device_info, expires_at FROM sessions WHERE token = 'eyJhbGciOiJIUzI1NiIsInR5cCI6IkpXVCJ9.eyJhcHBzIjoid2ViIiwiZXhwIjoxNzg1MDg4MTAxLCJmdWxsX25hbWUiOiJBZG1pbmlzdHJhdG9yIiwicm9sZSI6ImFkbWluIiwidXNlcl9pZCI6MiwidXNlcm5hbWUiOiJhZG1pbiJ9.p1N4yVTXCeH_jBcig41qvJAAMqanxggpaEGyRiKiQ7k' LIMIT 1

2026/07/26 16:48:21 [32mD:/Develop/Project_pos_mahenz/BE/domain/menu/repo/menu_repo.go:121
[0m[33m[0.688ms] [34;1m[rows:-][0m 
		SELECT
			m.id,
			m.parent_id,
			m.key_name,
			m.label,
			m.icon,
			m.path,
			m.order_index,
			COALESCE(rma.can_view,   0),
			COALESCE(rma.can_create, 0),
			COALESCE(rma.can_edit,   0),
			COALESCE(rma.can_delete, 0)
		FROM menus m
		LEFT JOIN role_menu_access rma ON rma.menu_id = m.id
			AND rma.role_id = (SELECT id FROM roles WHERE name = 'admin' AND is_active = 1 LIMIT 1)
		WHERE m.is_active = 1
		ORDER BY m.order_index ASC, m.id ASC
		
[GIN] 2026/07/26 - 16:48:21 | 200 |      1.5214ms |             ::1 | POST     "/api/menus/my"

2026/07/26 16:48:21 [32mD:/Develop/Project_pos_mahenz/BE/repository/log_request_repository.go:32
[0m[33m[3.059ms] [34;1m[rows:1][0m INSERT INTO log_requests (id, method, endpoint, status_code, request_body, response_body, user_id, duration_ms, ip_address, error_message, created_at) VALUES ('98878f0a-22b5-43e4-b561-a45c573ef47c', 'POST', '/api/menus/my', 200, '{}', '{"code":"00","status":true,"message":"Menu akses","data":[{"key_name":"beranda","label":"Beranda","icon":"Home","path":null,"order_index":1,"permission":{"can_view":true,"can_create":true,"can_edit":true,"can_delete":true},"children":[{"key_name":"beranda.dashboard","label":"Dashboard","icon":"LayoutDashboard","path":"/dashboard","order_index":1,"permission":{"can_view":true,"can_create":true,"can_edit":true,"can_delete":true},"children":[]}]},{"key_name":"penjualan","label":"Penjualan","icon":"ShoppingCart","path":null,"order_index":2,"permission":{"can_view":true,"can_create":true,"can_edit":true,"can_delete":true},"children":[{"key_name":"penjualan.kasir","label":"Kasir","icon":"ShoppingCart","path":"/kasir","order_index":1,"permission":{"can_view":true,"can_create":true,"can_edit":true,"can_delete":true},"children":[]},{"key_name":"penjualan.transaksi","label":"Transaksi","icon":"Receipt","path":"/transactions","order_index":2,"permission":{"can_view":true,"can_create":true,"can_edit":true,"can_delete":true},"children":[]}]},{"key_name":"produk","label":"Produk","icon":"Package","path":null,"order_index":3,"permission":{"can_view":true,"can_create":true,"can_edit":true,"can_delete":true},"children":[{"key_name":"produk.produk","label":"Produk","icon":"Package","path":"/products","order_index":1,"permission":{"can_view":true,"can_create":true,"can_edit":true,"can_delete":true},"children":[]},{"key_name":"produk.kategori","label":"Kategori","icon":"Tag","path":"/products/categories","order_index":2,"permission":{"can_view":true,"can_create":true,"can_edit":true,"can_delete":true},"children":[]},{"key_name":"produk.unit","label":"Unit","icon":"PackageSearch","path":"/products/units","order_index":3,"permission":{"can_view":true,"can_create":true,"can_edit":true,"can_delete":true},"children":[]}]},{"key_name":"pengadaan","label":"Pengadaan","icon":"Truck","path":null,"order_index":4,"permission":{"can_view":true,"can_create":true,"can_edit":true,"can_delete":true},"children":[{"key_name":"pengadaan.supplier","label":"Supplier","icon":"Truck","path":"/suppliers","order_index":1,"permission":{"can_view":true,"can_create":true,"can_edit":true,"can_delete":true},"children":[]},{"key_name":"pengadaan.pembelian","label":"Pembelian","icon":"ShoppingBag","path":"/suppliers/purchases","order_index":2,"permission":{"can_view":true,"can_create":true,"can_edit":true,"can_delete":true},"children":[]},{"key_name":"pengadaan.retur","label":"Retur","icon":"RotateCcw","path":"/suppliers/returns","order_index":3,"permission":{"can_view":true,"can_create":true,"can_edit":true,"can_delete":true},"children":[]}]},{"key_name":"pelanggan","label":"Pelanggan","icon":"Users","path":null,"order_index":5,"permission":{"can_view":true,"can_create":true,"can_edit":true,"can_delete":true},"children":[{"key_name":"pelanggan.pelanggan","label":"Pelanggan","icon":"Users","path":"/customers","order_index":1,"permission":{"can_view":true,"can_create":true,"can_edit":true,"can_delete":true},"children":[]},{"key_name":"pelanggan.piutang","label":"Piutang","icon":"CreditCard","path":"/receivables","order_index":2,"permission":{"can_view":true,"can_create":true,"can_edit":true,"can_delete":true},"children":[]}]},{"key_name":"keuangan","label":"Keuangan","icon":"Wallet","path":null,"order_index":6,"permission":{"can_view":true,"can_create":true,"can_edit":true,"can_delete":true},"children":[{"key_name":"keuangan.dashboard","label":"Dashboard Keuangan","icon":"Wallet","path":"/finance","order_index":1,"permission":{"can_view":true,"can_create":true,"can_edit":true,"can_delete":true},"children":[]},{"key_name":"keuangan.kas_harian","label":"Kas Harian","icon":"Landmark","path":"/finance/cash-drawer","order_index":2,"permission":{"can_view":true,"can_create":true,"can_edit":true,"can_delete":true},"children":[]},{"key_name":"keuangan.pengeluaran","label":"Pengeluaran","icon":"TrendingDown","path":"/finance/expenses","order_index":3,"permission":{"can_view":true,"can_create":true,"can_edit":true,"can_delete":true},"children":[]},{"key_name":"keuangan.kas_saya","label":"Kas Saya","icon":"Wallet","path":"/finance/my-cash","order_index":4,"permission":{"can_view":true,"can_create":true,"can_edit":true,"can_delete":true},"children":[]}]},{"key_name":"pelaporan","label":"Pelaporan","icon":"BarChart2","path":null,"order_index":7,"permission":{"can_view":true,"can_create":true,"can_edit":true,"can_delete":true},"children":[{"key_name":"pelaporan.penjualan","label":"Penjualan","icon":"TrendingUp","path":"/reports/sales","order_index":1,"permission":{"can_view":true,"can_create":true,"can_edit":true,"can_delete":true},"children":[]},{"key_name":"pelaporan.laba_rugi","label":"Laba Rugi","icon":"LineChart","path":"/reports/profit-loss","order_index":2,"permission":{"can_view":true,"can_create":true,"can_edit":true,"can_delete":true},"children":[]},{"key_name":"pelaporan.stok","label":"Stok","icon":"PackageSearch","path":"/reports/stock","order_index":3,"permission":{"can_view":true,"can_create":true,"can_edit":true,"can_delete":true},"children":[]},{"key_name":"pelaporan.kinerja_kasir","label":"Kinerja Kasir","icon":"BarChart2","path":"/reports/cashier","order_index":4,"permission":{"can_view":true,"can_create":true,"can_edit":true,"can_delete":true},"children":[]},{"key_name":"pelaporan.ringkasan_bisnis","label":"Ringkasan Bisnis","icon":"BarChart3","path":"/reports/business-summary","order_index":5,"permission":{"can_view":true,"can_create":true,"can_edit":true,"can_delete":true},"children":[]}]},{"key_name":"operasional","label":"Operasional","icon":"Clock","path":null,"order_index":8,"permission":{"can_view":true,"can_create":true,"can_edit":true,"can_delete":true},"children":[{"key_name":"operasional.shift","label":"Shift","icon":"Clock","path":"/shifts","order_index":1,"permission":{"can_view":true,"can_create":true,"can_edit":true,"can_delete":true},"children":[]},{"key_name":"operasional.sync","label":"Sync Center","icon":"RefreshCw","path":"/sync","order_index":2,"permission":{"can_view":true,"can_create":true,"can_edit":true,"can_delete":true},"children":[]}]},{"key_name":"sistem","label":"Sistem","icon":"Settings","path":null,"order_index":9,"permission":{"can_view":true,"can_create":true,"can_edit":true,"can_delete":true},"children":[{"key_name":"sistem.profil_toko","label":"Profil Toko","icon":"Settings","path":"/settings/store","order_index":1,"permission":{"can_view":true,"can_create":true,"can_edit":true,"can_delete":true},"children":[]},{"key_name":"sistem.users","label":"Manajemen User","icon":"Users","path":"/settings/users","order_index":2,"permission":{"can_view":true,"can_create":true,"can_edit":true,"can_delete":true},"children":[]},{"key_name":"sistem.roles","label":"Manajemen Role","icon":"Shield","path":"/settings/roles","order_index":3,"permission":{"can_view":true,"can_create":true,"can_edit":true,"can_delete":true},"children":[]},{"key_name":"sistem.menus","label":"Manajemen Menu","icon":"LayoutList","path":"/settings/menus","order_index":4,"permission":{"can_view":true,"can_create":true,"can_edit":true,"can_delete":true},"children":[]},{"key_name":"sistem.printer","label":"Printer","icon":"Printer","path":"/settings/printer","order_index":5,"permission":{"can_view":true,"can_create":true,"can_edit":true,"can_delete":true},"children":[]},{"key_name":"sistem.versi","label":"Versi Aplikasi","icon":"RefreshCw","path":"/settings/versions","order_index":6,"permission":{"can_view":true,"can_create":true,"can_edit":true,"can_delete":true},"children":[]},{"key_name":"sistem.backup","label":"Backup \u0026 Restore","icon":"DatabaseBackup","path":"/settings/backup","order_index":7,"permission":{"can_view":true,"can_create":true,"can_edit":true,"can_delete":true},"children":[]}]}]}', 2, 1, '::1', NULL, '2026-07-26 16:48:21.767')
[GIN] 2026/07/26 - 16:48:21 | 204 |            0s |             ::1 | OPTIONS  "/api/sync/conflicts/count"

2026/07/26 16:48:21 [32mD:/Develop/Project_pos_mahenz/BE/domain/auth/repo/auth_repo.go:46
[0m[33m[1.512ms] [34;1m[rows:1][0m SELECT id, user_id, user_role, token, device_info, expires_at FROM sessions WHERE token = 'eyJhbGciOiJIUzI1NiIsInR5cCI6IkpXVCJ9.eyJhcHBzIjoid2ViIiwiZXhwIjoxNzg1MDg4MTAxLCJmdWxsX25hbWUiOiJBZG1pbmlzdHJhdG9yIiwicm9sZSI6ImFkbWluIiwidXNlcl9pZCI6MiwidXNlcm5hbWUiOiJhZG1pbiJ9.p1N4yVTXCeH_jBcig41qvJAAMqanxggpaEGyRiKiQ7k' LIMIT 1

2026/07/26 16:48:21 [32mD:/Develop/Project_pos_mahenz/BE/domain/sync/repo/sync_repo.go:84
[0m[33m[1.247ms] [34;1m[rows:1][0m SELECT COUNT(*) FROM sync_conflicts WHERE status = 'pending'
[GIN] 2026/07/26 - 16:48:21 | 200 |       3.188ms |             ::1 | GET      "/api/sync/conflicts/count"

2026/07/26 16:48:21 [32mD:/Develop/Project_pos_mahenz/BE/repository/log_request_repository.go:32
[0m[33m[1.751ms] [34;1m[rows:1][0m INSERT INTO log_requests (id, method, endpoint, status_code, request_body, response_body, user_id, duration_ms, ip_address, error_message, created_at) VALUES ('3d3839cf-f72c-435c-ab2f-3f570c35395e', 'GET', '/api/sync/conflicts/count', 200, '', '{"code":"00","status":true,"message":"Jumlah konflik pending","data":{"count":0}}', 2, 3, '::1', NULL, '2026-07-26 16:48:21.853')
[GIN] 2026/07/26 - 16:48:22 | 204 |            0s |             ::1 | OPTIONS  "/api/suppliers/list"
[GIN] 2026/07/26 - 16:48:22 | 204 |            0s |             ::1 | OPTIONS  "/api/products/list"

2026/07/26 16:48:22 [32mD:/Develop/Project_pos_mahenz/BE/domain/auth/repo/auth_repo.go:46
[0m[33m[0.535ms] [34;1m[rows:1][0m SELECT id, user_id, user_role, token, device_info, expires_at FROM sessions WHERE token = 'eyJhbGciOiJIUzI1NiIsInR5cCI6IkpXVCJ9.eyJhcHBzIjoid2ViIiwiZXhwIjoxNzg1MDg4MTAxLCJmdWxsX25hbWUiOiJBZG1pbmlzdHJhdG9yIiwicm9sZSI6ImFkbWluIiwidXNlcl9pZCI6MiwidXNlcm5hbWUiOiJhZG1pbiJ9.p1N4yVTXCeH_jBcig41qvJAAMqanxggpaEGyRiKiQ7k' LIMIT 1

2026/07/26 16:48:22 [32mD:/Develop/Project_pos_mahenz/BE/domain/auth/repo/auth_repo.go:46
[0m[33m[0.535ms] [34;1m[rows:1][0m SELECT id, user_id, user_role, token, device_info, expires_at FROM sessions WHERE token = 'eyJhbGciOiJIUzI1NiIsInR5cCI6IkpXVCJ9.eyJhcHBzIjoid2ViIiwiZXhwIjoxNzg1MDg4MTAxLCJmdWxsX25hbWUiOiJBZG1pbmlzdHJhdG9yIiwicm9sZSI6ImFkbWluIiwidXNlcl9pZCI6MiwidXNlcm5hbWUiOiJhZG1pbiJ9.p1N4yVTXCeH_jBcig41qvJAAMqanxggpaEGyRiKiQ7k' LIMIT 1

2026/07/26 16:48:22 [32mD:/Develop/Project_pos_mahenz/BE/domain/supplier/repo/supplier_repo.go:48
[0m[33m[0.000ms] [34;1m[rows:1][0m SELECT COUNT(*) FROM suppliers WHERE 1=1

2026/07/26 16:48:22 [32mD:/Develop/Project_pos_mahenz/BE/domain/product/repo/product_repo.go:100
[0m[33m[0.519ms] [34;1m[rows:1][0m SELECT COUNT(*) FROM products p WHERE 1=1

2026/07/26 16:48:22 [32mD:/Develop/Project_pos_mahenz/BE/domain/supplier/repo/supplier_repo.go:71
[0m[33m[0.519ms] [34;1m[rows:1][0m SELECT id, supplier_code, name, address, phone, email, contact_person, notes, is_active, created_at FROM suppliers WHERE 1=1 ORDER BY name ASC LIMIT 1 OFFSET 0
[GIN] 2026/07/26 - 16:48:22 | 200 |       2.247ms |             ::1 | POST     "/api/suppliers/list"

2026/07/26 16:48:22 [32mD:/Develop/Project_pos_mahenz/BE/domain/product/repo/product_repo.go:119
[0m[33m[1.142ms] [34;1m[rows:1][0m 
		SELECT p.id, p.barcode, COALESCE(p.sku, '') as sku, p.name, p.category_id, COALESCE(c.name, '') as category_name,
		       p.purchase_price, p.selling_price, p.stock, p.reserved_qty, p.min_stock,
		       COALESCE(p.unit_id, 0) as unit_id, COALESCE(u.name, '') as unit_name, COALESCE(u.abbreviation, '') as unit_abbreviation,
		       p.is_active,
		       (SELECT COUNT(*) FROM product_packages pp WHERE pp.product_id = p.id AND pp.is_default = 0) AS extra_packages,
		       (SELECT COUNT(*) FROM product_prices pr WHERE pr.product_id = p.id) AS price_tiers_count
		FROM products p
		LEFT JOIN categories c ON p.category_id = c.id
		LEFT JOIN units u ON u.id = p.unit_id
		WHERE 1=1 ORDER BY p.name ASC LIMIT 1 OFFSET 0
[GIN] 2026/07/26 - 16:48:22 | 200 |      2.8508ms |             ::1 | POST     "/api/products/list"

2026/07/26 16:48:22 [32mD:/Develop/Project_pos_mahenz/BE/repository/log_request_repository.go:32
[0m[33m[3.873ms] [34;1m[rows:1][0m INSERT INTO log_requests (id, method, endpoint, status_code, request_body, response_body, user_id, duration_ms, ip_address, error_message, created_at) VALUES ('64c4ea5f-dfa6-4f48-873f-a82882cb2e90', 'POST', '/api/suppliers/list', 200, '{"page":1,"limit":1,"search":""}', '{"code":"00","status":true,"message":"Daftar supplier","data":[{"id":1,"supplier_code":"SUP-001","name":"Supplier Test Fase14","address":"Jl. Test","phone":"08123456789","email":"","contact_person":"","notes":"","is_active":true,"created_at":"2026-07-25T13:19:10+07:00"}],"pagination":{"page":1,"per_page":1,"total":2,"total_pages":2}}', 2, 2, '::1', NULL, '2026-07-26 16:48:22.148')

2026/07/26 16:48:22 [32mD:/Develop/Project_pos_mahenz/BE/repository/log_request_repository.go:32
[0m[33m[3.269ms] [34;1m[rows:1][0m INSERT INTO log_requests (id, method, endpoint, status_code, request_body, response_body, user_id, duration_ms, ip_address, error_message, created_at) VALUES ('028ef065-4428-4188-9ad2-9dac2a73993a', 'POST', '/api/products/list', 200, '{"page":1,"limit":1,"search":""}', '{"code":"00","status":true,"message":"Daftar produk","data":[{"id":4,"barcode":"8992260464338","sku":"SEM-0003","name":"Gula Pasir 1kg","category_id":1,"category_name":"Sembako Test","purchase_price":0,"selling_price":15000,"stock":50,"reserved_qty":0,"min_stock":5,"unit_id":1,"unit_name":"Pieces","unit_abbreviation":"Pcs","is_active":false,"extra_packages":0,"price_tiers_count":0}],"pagination":{"page":1,"per_page":1,"total":13,"total_pages":13}}', 2, 2, '::1', NULL, '2026-07-26 16:48:22.149')
[GIN] 2026/07/26 - 16:48:22 | 204 |            0s |             ::1 | OPTIONS  "/api/suppliers/options"
[GIN] 2026/07/26 - 16:48:22 | 204 |            0s |             ::1 | OPTIONS  "/api/payment-statuses/list"
[GIN] 2026/07/26 - 16:48:22 | 204 |            0s |             ::1 | OPTIONS  "/api/settings/pagination_sizes"
[GIN] 2026/07/26 - 16:48:22 | 204 |            0s |             ::1 | OPTIONS  "/api/payment-methods/list"

2026/07/26 16:48:22 [32mD:/Develop/Project_pos_mahenz/BE/domain/auth/repo/auth_repo.go:46
[0m[33m[0.528ms] [34;1m[rows:1][0m SELECT id, user_id, user_role, token, device_info, expires_at FROM sessions WHERE token = 'eyJhbGciOiJIUzI1NiIsInR5cCI6IkpXVCJ9.eyJhcHBzIjoid2ViIiwiZXhwIjoxNzg1MDg4MTAxLCJmdWxsX25hbWUiOiJBZG1pbmlzdHJhdG9yIiwicm9sZSI6ImFkbWluIiwidXNlcl9pZCI6MiwidXNlcm5hbWUiOiJhZG1pbiJ9.p1N4yVTXCeH_jBcig41qvJAAMqanxggpaEGyRiKiQ7k' LIMIT 1
[GIN] 2026/07/26 - 16:48:22 | 204 |            0s |             ::1 | OPTIONS  "/api/supplier-purchases/list"

2026/07/26 16:48:22 [32mD:/Develop/Project_pos_mahenz/BE/domain/supplier/repo/supplier_repo.go:48
[0m[33m[0.682ms] [34;1m[rows:1][0m SELECT COUNT(*) FROM suppliers WHERE 1=1

2026/07/26 16:48:22 [32mD:/Develop/Project_pos_mahenz/BE/domain/auth/repo/auth_repo.go:46
[0m[33m[0.682ms] [34;1m[rows:1][0m SELECT id, user_id, user_role, token, device_info, expires_at FROM sessions WHERE token = 'eyJhbGciOiJIUzI1NiIsInR5cCI6IkpXVCJ9.eyJhcHBzIjoid2ViIiwiZXhwIjoxNzg1MDg4MTAxLCJmdWxsX25hbWUiOiJBZG1pbmlzdHJhdG9yIiwicm9sZSI6ImFkbWluIiwidXNlcl9pZCI6MiwidXNlcm5hbWUiOiJhZG1pbiJ9.p1N4yVTXCeH_jBcig41qvJAAMqanxggpaEGyRiKiQ7k' LIMIT 1

2026/07/26 16:48:22 [32mD:/Develop/Project_pos_mahenz/BE/domain/supplier/repo/supplier_repo.go:85
[0m[33m[0.529ms] [34;1m[rows:1][0m SELECT id, supplier_code, name FROM suppliers WHERE is_active = 1 ORDER BY name

2026/07/26 16:48:22 [32mD:/Develop/Project_pos_mahenz/BE/domain/supplier/repo/supplier_repo.go:71
[0m[33m[0.529ms] [34;1m[rows:2][0m SELECT id, supplier_code, name, address, phone, email, contact_person, notes, is_active, created_at FROM suppliers WHERE 1=1 ORDER BY name ASC LIMIT 10 OFFSET 0
[GIN] 2026/07/26 - 16:48:22 | 200 |      1.2106ms |             ::1 | POST     "/api/suppliers/options"
[GIN] 2026/07/26 - 16:48:22 | 200 |      2.8015ms |             ::1 | POST     "/api/suppliers/list"

2026/07/26 16:48:22 [32mD:/Develop/Project_pos_mahenz/BE/domain/auth/repo/auth_repo.go:46
[0m[33m[0.532ms] [34;1m[rows:1][0m SELECT id, user_id, user_role, token, device_info, expires_at FROM sessions WHERE token = 'eyJhbGciOiJIUzI1NiIsInR5cCI6IkpXVCJ9.eyJhcHBzIjoid2ViIiwiZXhwIjoxNzg1MDg4MTAxLCJmdWxsX25hbWUiOiJBZG1pbmlzdHJhdG9yIiwicm9sZSI6ImFkbWluIiwidXNlcl9pZCI6MiwidXNlcm5hbWUiOiJhZG1pbiJ9.p1N4yVTXCeH_jBcig41qvJAAMqanxggpaEGyRiKiQ7k' LIMIT 1

2026/07/26 16:48:22 [32mD:/Develop/Project_pos_mahenz/BE/domain/payment_status/repo/payment_status_repo.go:9
[0m[33m[1.131ms] [34;1m[rows:3][0m SELECT id, code, label, is_active, sort_order FROM payment_statuses WHERE is_active = 1 ORDER BY sort_order ASC
[GIN] 2026/07/26 - 16:48:22 | 200 |      2.0487ms |             ::1 | POST     "/api/payment-statuses/list"

2026/07/26 16:48:22 [32mD:/Develop/Project_pos_mahenz/BE/domain/auth/repo/auth_repo.go:46
[0m[33m[0.890ms] [34;1m[rows:1][0m SELECT id, user_id, user_role, token, device_info, expires_at FROM sessions WHERE token = 'eyJhbGciOiJIUzI1NiIsInR5cCI6IkpXVCJ9.eyJhcHBzIjoid2ViIiwiZXhwIjoxNzg1MDg4MTAxLCJmdWxsX25hbWUiOiJBZG1pbmlzdHJhdG9yIiwicm9sZSI6ImFkbWluIiwidXNlcl9pZCI6MiwidXNlcm5hbWUiOiJhZG1pbiJ9.p1N4yVTXCeH_jBcig41qvJAAMqanxggpaEGyRiKiQ7k' LIMIT 1

2026/07/26 16:48:22 [32mD:/Develop/Project_pos_mahenz/BE/domain/auth/repo/auth_repo.go:46
[0m[33m[0.890ms] [34;1m[rows:1][0m SELECT id, user_id, user_role, token, device_info, expires_at FROM sessions WHERE token = 'eyJhbGciOiJIUzI1NiIsInR5cCI6IkpXVCJ9.eyJhcHBzIjoid2ViIiwiZXhwIjoxNzg1MDg4MTAxLCJmdWxsX25hbWUiOiJBZG1pbmlzdHJhdG9yIiwicm9sZSI6ImFkbWluIiwidXNlcl9pZCI6MiwidXNlcm5hbWUiOiJhZG1pbiJ9.p1N4yVTXCeH_jBcig41qvJAAMqanxggpaEGyRiKiQ7k' LIMIT 1

2026/07/26 16:48:22 [32mD:/Develop/Project_pos_mahenz/BE/repository/log_request_repository.go:32
[0m[33m[3.202ms] [34;1m[rows:1][0m INSERT INTO log_requests (id, method, endpoint, status_code, request_body, response_body, user_id, duration_ms, ip_address, error_message, created_at) VALUES ('3fee1882-7b00-479e-ba42-1d189475f598', 'POST', '/api/suppliers/options', 200, '{"search":""}', '{"code":"00","status":true,"message":"Opsi supplier","data":[{"id":1,"supplier_code":"SUP-001","name":"Supplier Test Fase14"}]}', 2, 1, '::1', NULL, '2026-07-26 16:48:22.242')

2026/07/26 16:48:22 [32mD:/Develop/Project_pos_mahenz/BE/domain/auth/repo/auth_repo.go:46
[0m[33m[0.649ms] [34;1m[rows:1][0m SELECT id, user_id, user_role, token, device_info, expires_at FROM sessions WHERE token = 'eyJhbGciOiJIUzI1NiIsInR5cCI6IkpXVCJ9.eyJhcHBzIjoid2ViIiwiZXhwIjoxNzg1MDg4MTAxLCJmdWxsX25hbWUiOiJBZG1pbmlzdHJhdG9yIiwicm9sZSI6ImFkbWluIiwidXNlcl9pZCI6MiwidXNlcm5hbWUiOiJhZG1pbiJ9.p1N4yVTXCeH_jBcig41qvJAAMqanxggpaEGyRiKiQ7k' LIMIT 1

2026/07/26 16:48:22 [32mD:/Develop/Project_pos_mahenz/BE/domain/setting/repo/setting_repo.go:32
[0m[33m[0.649ms] [34;1m[rows:-][0m SELECT setting_key, setting_value FROM settings WHERE setting_key = 'pagination_sizes'

2026/07/26 16:48:22 [32mD:/Develop/Project_pos_mahenz/BE/domain/payment_method/repo/payment_method_repo.go:9
[0m[33m[0.649ms] [34;1m[rows:5][0m SELECT id, code, label, is_active, sort_order FROM payment_methods WHERE is_active = 1 ORDER BY sort_order ASC
[GIN] 2026/07/26 - 16:48:22 | 200 |      2.6549ms |             ::1 | POST     "/api/payment-methods/list"

2026/07/26 16:48:22 [32mD:/Develop/Project_pos_mahenz/BE/repository/log_request_repository.go:32
[0m[33m[2.670ms] [34;1m[rows:1][0m INSERT INTO log_requests (id, method, endpoint, status_code, request_body, response_body, user_id, duration_ms, ip_address, error_message, created_at) VALUES ('685ccb14-6e50-405a-8373-014300019d58', 'POST', '/api/suppliers/list', 200, '{"page":1,"limit":200,"search":""}', '{"code":"00","status":true,"message":"Daftar supplier","data":[{"id":1,"supplier_code":"SUP-001","name":"Supplier Test Fase14","address":"Jl. Test","phone":"08123456789","email":"","contact_person":"","notes":"","is_active":true,"created_at":"2026-07-25T13:19:10+07:00"},{"id":3,"supplier_code":"SUP-002","name":"Supplier Test Void Debt","address":"","phone":"","email":"","contact_person":"","notes":"","is_active":false,"created_at":"2026-07-26T10:32:08+07:00"}],"pagination":{"page":1,"per_page":200,"total":2,"total_pages":1}}', 2, 2, '::1', NULL, '2026-07-26 16:48:22.242')

2026/07/26 16:48:22 [32mD:/Develop/Project_pos_mahenz/BE/domain/supplier_purchase/repo/purchase_repo.go:132
[0m[33m[0.517ms] [34;1m[rows:1][0m SELECT COUNT(*) FROM purchases p WHERE 1=1 AND DATE(p.purchase_date) >= '2026-07-01' AND DATE(p.purchase_date) <= '2026-07-26'
[GIN] 2026/07/26 - 16:48:22 | 200 |      2.6549ms |             ::1 | GET      "/api/settings/pagination_sizes"

2026/07/26 16:48:22 [32mD:/Develop/Project_pos_mahenz/BE/repository/log_request_repository.go:32
[0m[33m[2.349ms] [34;1m[rows:1][0m INSERT INTO log_requests (id, method, endpoint, status_code, request_body, response_body, user_id, duration_ms, ip_address, error_message, created_at) VALUES ('3193959b-810e-49e3-aa41-6664a347a673', 'POST', '/api/payment-statuses/list', 200, '{}', '{"code":"00","status":true,"message":"Daftar status pembayaran","data":[{"id":1,"code":"unpaid","label":"Hutang","is_active":1,"sort_order":1},{"id":2,"code":"partial","label":"Bayar Sebagian","is_active":1,"sort_order":2},{"id":3,"code":"paid","label":"Lunas","is_active":1,"sort_order":3}]}', 2, 2, '::1', NULL, '2026-07-26 16:48:22.244')

2026/07/26 16:48:22 [32mD:/Develop/Project_pos_mahenz/BE/domain/supplier_purchase/repo/purchase_repo.go:149
[0m[33m[1.205ms] [34;1m[rows:-][0m SELECT p.id, p.purchase_code, p.invoice_number, p.supplier_id, COALESCE(s.name, '') as supplier_name, p.purchase_date, p.discount_amount, p.total_amount, p.payment_status, p.paid_amount, p.remaining_amount, p.status, COALESCE(u.full_name, '') as user_name, p.notes FROM purchases p LEFT JOIN users u ON p.user_id = u.id LEFT JOIN suppliers s ON p.supplier_id = s.id WHERE 1=1 AND DATE(p.purchase_date) >= '2026-07-01' AND DATE(p.purchase_date) <= '2026-07-26' ORDER BY p.purchase_date DESC, p.id DESC LIMIT 10 OFFSET 0
[GIN] 2026/07/26 - 16:48:22 | 200 |       2.877ms |             ::1 | POST     "/api/supplier-purchases/list"

2026/07/26 16:48:22 [32mD:/Develop/Project_pos_mahenz/BE/repository/log_request_repository.go:32
[0m[33m[2.455ms] [34;1m[rows:1][0m INSERT INTO log_requests (id, method, endpoint, status_code, request_body, response_body, user_id, duration_ms, ip_address, error_message, created_at) VALUES ('57d12117-6cd8-4138-9175-efbe203810b1', 'POST', '/api/payment-methods/list', 200, '{}', '{"code":"00","status":true,"message":"Daftar metode pembayaran","data":[{"id":1,"code":"cash","label":"Tunai","is_active":1,"sort_order":1},{"id":2,"code":"transfer","label":"Transfer Bank","is_active":1,"sort_order":2},{"id":3,"code":"card","label":"Kartu","is_active":1,"sort_order":3},{"id":4,"code":"qris","label":"QRIS","is_active":1,"sort_order":4},{"id":5,"code":"kredit","label":"Kredit","is_active":1,"sort_order":5}]}', 2, 2, '::1', NULL, '2026-07-26 16:48:22.245')

2026/07/26 16:48:22 [32mD:/Develop/Project_pos_mahenz/BE/repository/log_request_repository.go:32
[0m[33m[2.981ms] [34;1m[rows:1][0m INSERT INTO log_requests (id, method, endpoint, status_code, request_body, response_body, user_id, duration_ms, ip_address, error_message, created_at) VALUES ('4c5232b6-c268-4ad6-ada7-f5c136f5f198', 'GET', '/api/settings/pagination_sizes', 200, '', '{"code":"00","status":true,"message":"Detail pengaturan","data":{"key":"pagination_sizes","value":"[10,20,50]"}}', 2, 2, '::1', NULL, '2026-07-26 16:48:22.245')

2026/07/26 16:48:22 [32mD:/Develop/Project_pos_mahenz/BE/repository/log_request_repository.go:32
[0m[33m[3.668ms] [34;1m[rows:1][0m INSERT INTO log_requests (id, method, endpoint, status_code, request_body, response_body, user_id, duration_ms, ip_address, error_message, created_at) VALUES ('e74b2b87-c90f-4dd6-8a79-9f2d60768cad', 'POST', '/api/supplier-purchases/list', 200, '{"page":1,"limit":10,"start_date":"2026-07-01","end_date":"2026-07-26"}', '{"code":"00","status":true,"message":"Daftar purchase order","data":[{"id":31,"purchase_code":"PO-20260726-021","invoice_number":"INV-BROWSER-EDIT-PAID","supplier_id":1,"supplier_name":"Supplier Test Fase14","purchase_date":"2026-07-26T00:00:00+07:00","discount_amount":0,"total_amount":4000,"payment_status":"paid","paid_amount":4000,"remaining_amount":0,"status":"active","user_name":"Administrator","notes":""},{"id":30,"purchase_code":"PO-20260726-020","invoice_number":"INV-EDIT-SWAP-B","supplier_id":1,"supplier_name":"Supplier Test Fase14","purchase_date":"2026-07-26T00:00:00+07:00","discount_amount":0,"total_amount":10000,"payment_status":"unpaid","paid_amount":0,"remaining_amount":10000,"status":"active","user_name":"Administrator","notes":""},{"id":29,"purchase_code":"PO-20260726-019","invoice_number":"INV-BASESTOCK-C","supplier_id":1,"supplier_name":"Supplier Test Fase14","purchase_date":"2026-07-26T00:00:00+07:00","discount_amount":0,"total_amount":3000,"payment_status":"unpaid","paid_amount":0,"remaining_amount":3000,"status":"active","user_name":"Administrator","notes":""},{"id":28,"purchase_code":"PO-20260726-018","invoice_number":"INV-EDIT-SWAP-EXP3","supplier_id":1,"supplier_name":"Supplier Test Fase14","purchase_date":"2026-07-26T00:00:00+07:00","discount_amount":0,"total_amount":2000,"payment_status":"unpaid","paid_amount":0,"remaining_amount":2000,"status":"active","user_name":"Administrator","notes":""},{"id":27,"purchase_code":"PO-20260726-017","invoice_number":"INV-EDIT-SWAP-EXP2","supplier_id":1,"supplier_name":"Supplier Test Fase14","purchase_date":"2026-07-26T00:00:00+07:00","discount_amount":0,"total_amount":2000,"payment_status":"unpaid","paid_amount":0,"remaining_amount":2000,"status":"active","user_name":"Administrator","notes":""},{"id":26,"purchase_code":"PO-20260726-016","invoice_number":"INV-EDIT-SWAP-EXP","supplier_id":1,"supplier_name":"Supplier Test Fase14","purchase_date":"2026-07-26T00:00:00+07:00","discount_amount":0,"total_amount":3000,"payment_status":"unpaid","paid_amount":0,"remaining_amount":3000,"status":"active","user_name":"Administrator","notes":""},{"id":25,"purchase_code":"PO-20260726-015","invoice_number":"INV-EDIT-SWAP2","supplier_id":1,"supplier_name":"Supplier Test Fase14","purchase_date":"2026-07-26T00:00:00+07:00","discount_amount":0,"total_amount":3000,"payment_status":"unpaid","paid_amount":0,"remaining_amount":3000,"status":"active","user_name":"Administrator","notes":""},{"id":24,"purchase_code":"PO-20260726-014","invoice_number":"INV-EDIT-STOCKSWAP","supplier_id":1,"supplier_name":"Supplier Test Fase14","purchase_date":"2026-07-26T00:00:00+07:00","discount_amount":0,"total_amount":10000,"payment_status":"unpaid","paid_amount":0,"remaining_amount":10000,"status":"active","user_name":"Administrator","notes":""},{"id":23,"purchase_code":"PO-20260726-013","invoice_number":"INV-EDIT-PAID","supplier_id":1,"supplier_name":"Supplier Test Fase14","purchase_date":"2026-07-26T00:00:00+07:00","discount_amount":0,"total_amount":8000,"payment_status":"partial","paid_amount":5000,"remaining_amount":3000,"status":"active","user_name":"Administrator","notes":""},{"id":21,"purchase_code":"PO-20260726-012","invoice_number":"INV-QA-DEBT-TEST","supplier_id":3,"supplier_name":"Supplier Test Void Debt","purchase_date":"2026-07-26T00:00:00+07:00","discount_amount":0,"total_amount":1000,"payment_status":"partial","paid_amount":500,"remaining_amount":0,"status":"void","user_name":"Administrator","notes":""}],"pagination":{"page":1,"per_page":10,"total":23,"total_pages":3}}', 2, 2, '::1', NULL, '2026-07-26 16:48:22.247')
[GIN] 2026/07/26 - 16:48:23 | 204 |            0s |             ::1 | OPTIONS  "/api/supplier-purchases/detail/31"

2026/07/26 16:48:23 [32mD:/Develop/Project_pos_mahenz/BE/domain/auth/repo/auth_repo.go:46
[0m[33m[0.529ms] [34;1m[rows:1][0m SELECT id, user_id, user_role, token, device_info, expires_at FROM sessions WHERE token = 'eyJhbGciOiJIUzI1NiIsInR5cCI6IkpXVCJ9.eyJhcHBzIjoid2ViIiwiZXhwIjoxNzg1MDg4MTAxLCJmdWxsX25hbWUiOiJBZG1pbmlzdHJhdG9yIiwicm9sZSI6ImFkbWluIiwidXNlcl9pZCI6MiwidXNlcm5hbWUiOiJhZG1pbiJ9.p1N4yVTXCeH_jBcig41qvJAAMqanxggpaEGyRiKiQ7k' LIMIT 1

2026/07/26 16:48:23 [32mD:/Develop/Project_pos_mahenz/BE/domain/supplier_purchase/repo/purchase_repo.go:174
[0m[33m[0.807ms] [34;1m[rows:-][0m SELECT p.id, p.purchase_code, p.invoice_number, p.supplier_id, COALESCE(s.name, '') as supplier_name, p.purchase_date, p.discount_amount, p.total_amount, p.payment_status, p.paid_amount, p.remaining_amount, p.status, COALESCE(u.full_name, '') as user_name, p.notes FROM purchases p LEFT JOIN users u ON p.user_id = u.id LEFT JOIN suppliers s ON p.supplier_id = s.id WHERE p.id = 31

2026/07/26 16:48:23 [32mD:/Develop/Project_pos_mahenz/BE/domain/supplier_purchase/repo/purchase_repo.go:216
[0m[33m[0.526ms] [34;1m[rows:-][0m SELECT pi.id, pi.product_id, COALESCE(p.name, '') as product_name, pi.quantity, pi.unit, COALESCE(pi.conversion_qty, 1) as conversion_qty, pi.purchase_price, pi.subtotal FROM purchase_items pi LEFT JOIN products p ON pi.product_id = p.id WHERE pi.purchase_id = 31

2026/07/26 16:48:23 [32mD:/Develop/Project_pos_mahenz/BE/domain/supplier_purchase/repo/purchase_repo.go:250
[0m[33m[1.999ms] [34;1m[rows:0][0m SELECT qty, expired_date FROM product_expiry_batches WHERE purchase_item_id = 42 ORDER BY expired_date ASC
[GIN] 2026/07/26 - 16:48:23 | 200 |     46.9347ms |             ::1 | POST     "/api/supplier-purchases/detail/31"

2026/07/26 16:48:23 [32mD:/Develop/Project_pos_mahenz/BE/repository/log_request_repository.go:32
[0m[33m[19.579ms] [34;1m[rows:1][0m INSERT INTO log_requests (id, method, endpoint, status_code, request_body, response_body, user_id, duration_ms, ip_address, error_message, created_at) VALUES ('7ca9eb57-4e11-415e-8b0d-368267e6fa80', 'POST', '/api/supplier-purchases/detail/31', 200, '{}', '{"code":"00","status":true,"message":"Detail purchase order","data":{"id":31,"purchase_code":"PO-20260726-021","invoice_number":"INV-BROWSER-EDIT-PAID","supplier_id":1,"supplier_name":"Supplier Test Fase14","purchase_date":"2026-07-26T00:00:00+07:00","discount_amount":0,"total_amount":4000,"payment_status":"paid","paid_amount":4000,"remaining_amount":0,"status":"active","user_name":"Administrator","notes":"","items":[{"id":42,"product_id":12,"product_name":"Rokok Test Berantai","quantity":4,"unit":"Batang","conversion_qty":1,"purchase_price":1000,"subtotal":4000}]}}', 2, 46, '::1', NULL, '2026-07-26 16:48:23.598')
[GIN] 2026/07/26 - 16:48:23 | 204 |            0s |             ::1 | OPTIONS  "/api/products/detail/12"

2026/07/26 16:48:23 [32mD:/Develop/Project_pos_mahenz/BE/domain/auth/repo/auth_repo.go:46
[0m[33m[0.506ms] [34;1m[rows:1][0m SELECT id, user_id, user_role, token, device_info, expires_at FROM sessions WHERE token = 'eyJhbGciOiJIUzI1NiIsInR5cCI6IkpXVCJ9.eyJhcHBzIjoid2ViIiwiZXhwIjoxNzg1MDg4MTAxLCJmdWxsX25hbWUiOiJBZG1pbmlzdHJhdG9yIiwicm9sZSI6ImFkbWluIiwidXNlcl9pZCI6MiwidXNlcm5hbWUiOiJhZG1pbiJ9.p1N4yVTXCeH_jBcig41qvJAAMqanxggpaEGyRiKiQ7k' LIMIT 1

2026/07/26 16:48:23 [32mD:/Develop/Project_pos_mahenz/BE/domain/product/repo/product_repo.go:136
[0m[33m[1.621ms] [34;1m[rows:1][0m 
		SELECT p.id, p.barcode, COALESCE(p.sku, '') as sku, p.name, p.category_id, COALESCE(c.name, '') as category_name,
		       p.purchase_price, p.selling_price, p.stock, p.reserved_qty, p.min_stock,
		       COALESCE(p.unit_id, 0) as unit_id, COALESCE(u.name, '') as unit_name, COALESCE(u.abbreviation, '') as unit_abbreviation,
		       p.is_active, p.created_at, p.updated_at,
		       (SELECT COUNT(*) FROM product_packages pp WHERE pp.product_id = p.id AND pp.is_default = 0) AS extra_packages,
		       (SELECT COUNT(*) FROM product_prices pr WHERE pr.product_id = p.id) AS price_tiers_count
		FROM products p
		LEFT JOIN categories c ON p.category_id = c.id
		LEFT JOIN units u ON u.id = p.unit_id
		WHERE p.id = 12 LIMIT 1
[GIN] 2026/07/26 - 16:48:23 | 200 |       2.127ms |             ::1 | POST     "/api/products/detail/12"

2026/07/26 16:48:23 [32mD:/Develop/Project_pos_mahenz/BE/repository/log_request_repository.go:32
[0m[33m[3.502ms] [34;1m[rows:1][0m INSERT INTO log_requests (id, method, endpoint, status_code, request_body, response_body, user_id, duration_ms, ip_address, error_message, created_at) VALUES ('f97499b0-c023-4754-8073-ec9d913abdbf', 'POST', '/api/products/detail/12', 200, '{}', '{"code":"00","status":true,"message":"Detail produk","data":{"id":12,"barcode":"8997789608850","sku":"SEM-0008","name":"Rokok Test Berantai","category_id":1,"category_name":"Sembako Test","purchase_price":800,"selling_price":1000,"stock":3066,"reserved_qty":0,"min_stock":5,"unit_id":2,"unit_name":"Batang","unit_abbreviation":"Btg","is_active":true,"extra_packages":3,"price_tiers_count":2}}', 2, 2, '::1', NULL, '2026-07-26 16:48:23.739')
[GIN] 2026/07/26 - 16:48:25 | 204 |            0s |             ::1 | OPTIONS  "/api/supplier-purchases/update/31"

2026/07/26 16:48:25 [32mD:/Develop/Project_pos_mahenz/BE/domain/auth/repo/auth_repo.go:46
[0m[33m[0.507ms] [34;1m[rows:1][0m SELECT id, user_id, user_role, token, device_info, expires_at FROM sessions WHERE token = 'eyJhbGciOiJIUzI1NiIsInR5cCI6IkpXVCJ9.eyJhcHBzIjoid2ViIiwiZXhwIjoxNzg1MDg4MTAxLCJmdWxsX25hbWUiOiJBZG1pbmlzdHJhdG9yIiwicm9sZSI6ImFkbWluIiwidXNlcl9pZCI6MiwidXNlcm5hbWUiOiJhZG1pbiJ9.p1N4yVTXCeH_jBcig41qvJAAMqanxggpaEGyRiKiQ7k' LIMIT 1

2026/07/26 16:48:25 [32mD:/Develop/Project_pos_mahenz/BE/domain/supplier_purchase/repo/purchase_repo.go:205
[0m[33m[0.674ms] [34;1m[rows:1][0m SELECT id, purchase_code, invoice_number, supplier_id, purchase_date, discount_amount, total_amount, payment_status, paid_amount, remaining_amount, status, user_id, notes FROM purchases WHERE id = 31

2026/07/26 16:48:25 [32mD:/Develop/Project_pos_mahenz/BE/domain/supplier_purchase/repo/purchase_repo.go:563
[0m[33m[0.722ms] [34;1m[rows:1][0m SELECT COUNT(*) FROM payment_methods WHERE code = 'cash' AND is_active = 1

2026/07/26 16:48:25 [32mD:/Develop/Project_pos_mahenz/BE/domain/supplier_purchase/repo/purchase_repo.go:216
[0m[33m[0.683ms] [34;1m[rows:-][0m SELECT pi.id, pi.product_id, COALESCE(p.name, '') as product_name, pi.quantity, pi.unit, COALESCE(pi.conversion_qty, 1) as conversion_qty, pi.purchase_price, pi.subtotal FROM purchase_items pi LEFT JOIN products p ON pi.product_id = p.id WHERE pi.purchase_id = 31

2026/07/26 16:48:25 [32mD:/Develop/Project_pos_mahenz/BE/domain/supplier_purchase/repo/purchase_repo.go:250
[0m[33m[0.651ms] [34;1m[rows:0][0m SELECT qty, expired_date FROM product_expiry_batches WHERE purchase_item_id = 42 ORDER BY expired_date ASC

2026/07/26 16:48:25 [32mD:/Develop/Project_pos_mahenz/BE/domain/supplier_purchase/repo/purchase_repo.go:483
[0m[33m[0.624ms] [34;1m[rows:1][0m UPDATE products SET stock = stock - 4, updated_at = NOW() WHERE id = 12

2026/07/26 16:48:25 [32mD:/Develop/Project_pos_mahenz/BE/domain/supplier_purchase/repo/purchase_repo.go:488
[0m[33m[0.000ms] [34;1m[rows:1][0m DELETE FROM purchase_items WHERE purchase_id = 31

2026/07/26 16:48:25 [32mD:/Develop/Project_pos_mahenz/BE/domain/supplier_purchase/repo/purchase_repo.go:501
[0m[33m[0.000ms] [34;1m[rows:1][0m UPDATE purchases SET invoice_number='INV-BROWSER-EDIT-PAID', supplier_id=1, purchase_date='2026-07-26', discount_amount=0, total_amount=7000, payment_status='partial', paid_amount=4000, payment_method='cash', remaining_amount=3000, notes='', updated_at=NOW() WHERE id=31

2026/07/26 16:48:25 [32mD:/Develop/Project_pos_mahenz/BE/domain/supplier_purchase/repo/purchase_repo.go:512
[0m[33m[0.000ms] [34;1m[rows:1][0m INSERT INTO purchase_items (purchase_id, product_id, quantity, unit, conversion_qty, purchase_price, subtotal) VALUES (31, 12, 7, 'Batang', 1, 1000, 7000)

2026/07/26 16:48:25 [32mD:/Develop/Project_pos_mahenz/BE/domain/supplier_purchase/repo/purchase_repo.go:529
[0m[33m[0.537ms] [34;1m[rows:1][0m UPDATE products SET stock = stock + 7, updated_at = NOW() WHERE id = 12

2026/07/26 16:48:25 [32mD:/Develop/Project_pos_mahenz/BE/domain/supplier_purchase/repo/purchase_repo.go:174
[0m[33m[1.243ms] [34;1m[rows:-][0m SELECT p.id, p.purchase_code, p.invoice_number, p.supplier_id, COALESCE(s.name, '') as supplier_name, p.purchase_date, p.discount_amount, p.total_amount, p.payment_status, p.paid_amount, p.remaining_amount, p.status, COALESCE(u.full_name, '') as user_name, p.notes FROM purchases p LEFT JOIN users u ON p.user_id = u.id LEFT JOIN suppliers s ON p.supplier_id = s.id WHERE p.id = 31

2026/07/26 16:48:25 [32mD:/Develop/Project_pos_mahenz/BE/domain/supplier_purchase/repo/purchase_repo.go:216
[0m[33m[0.679ms] [34;1m[rows:-][0m SELECT pi.id, pi.product_id, COALESCE(p.name, '') as product_name, pi.quantity, pi.unit, COALESCE(pi.conversion_qty, 1) as conversion_qty, pi.purchase_price, pi.subtotal FROM purchase_items pi LEFT JOIN products p ON pi.product_id = p.id WHERE pi.purchase_id = 31

2026/07/26 16:48:25 [32mD:/Develop/Project_pos_mahenz/BE/domain/supplier_purchase/repo/purchase_repo.go:250
[0m[33m[0.615ms] [34;1m[rows:0][0m SELECT qty, expired_date FROM product_expiry_batches WHERE purchase_item_id = 43 ORDER BY expired_date ASC
[GIN] 2026/07/26 - 16:48:25 | 200 |      10.869ms |             ::1 | POST     "/api/supplier-purchases/update/31"

2026/07/26 16:48:25 [32mD:/Develop/Project_pos_mahenz/BE/repository/log_request_repository.go:32
[0m[33m[2.260ms] [34;1m[rows:1][0m INSERT INTO log_requests (id, method, endpoint, status_code, request_body, response_body, user_id, duration_ms, ip_address, error_message, created_at) VALUES ('380fcddb-bd68-4f08-b2b4-fc904e4507f4', 'POST', '/api/supplier-purchases/update/31', 200, '{"purchase_date":"2026-07-26","invoice_number":"INV-BROWSER-EDIT-PAID","supplier_id":1,"items":[{"product_id":12,"quantity":7,"purchase_price":1000,"unit":"Batang","conversion_qty":1}],"discount_amount":0,"notes":"","payment_status":"paid","paid_amount":4000,"payment_method":"cash"}', '{"code":"00","status":true,"message":"Purchase order berhasil diperbarui","data":{"id":31,"purchase_code":"PO-20260726-021","invoice_number":"INV-BROWSER-EDIT-PAID","supplier_id":1,"supplier_name":"Supplier Test Fase14","purchase_date":"2026-07-26T00:00:00+07:00","discount_amount":0,"total_amount":7000,"payment_status":"partial","paid_amount":4000,"remaining_amount":3000,"status":"active","user_name":"Administrator","notes":"","items":[{"id":43,"product_id":12,"product_name":"Rokok Test Berantai","quantity":7,"unit":"Batang","conversion_qty":1,"purchase_price":1000,"subtotal":7000}]}}', 2, 10, '::1', NULL, '2026-07-26 16:48:25.777')

2026/07/26 16:48:25 [32mD:/Develop/Project_pos_mahenz/BE/domain/auth/repo/auth_repo.go:46
[0m[33m[0.507ms] [34;1m[rows:1][0m SELECT id, user_id, user_role, token, device_info, expires_at FROM sessions WHERE token = 'eyJhbGciOiJIUzI1NiIsInR5cCI6IkpXVCJ9.eyJhcHBzIjoid2ViIiwiZXhwIjoxNzg1MDg4MTAxLCJmdWxsX25hbWUiOiJBZG1pbmlzdHJhdG9yIiwicm9sZSI6ImFkbWluIiwidXNlcl9pZCI6MiwidXNlcm5hbWUiOiJhZG1pbiJ9.p1N4yVTXCeH_jBcig41qvJAAMqanxggpaEGyRiKiQ7k' LIMIT 1

2026/07/26 16:48:25 [32mD:/Develop/Project_pos_mahenz/BE/domain/auth/repo/auth_repo.go:46
[0m[33m[2.519ms] [34;1m[rows:1][0m SELECT id, user_id, user_role, token, device_info, expires_at FROM sessions WHERE token = 'eyJhbGciOiJIUzI1NiIsInR5cCI6IkpXVCJ9.eyJhcHBzIjoid2ViIiwiZXhwIjoxNzg1MDg4MTAxLCJmdWxsX25hbWUiOiJBZG1pbmlzdHJhdG9yIiwicm9sZSI6ImFkbWluIiwidXNlcl9pZCI6MiwidXNlcm5hbWUiOiJhZG1pbiJ9.p1N4yVTXCeH_jBcig41qvJAAMqanxggpaEGyRiKiQ7k' LIMIT 1

2026/07/26 16:48:25 [32mD:/Develop/Project_pos_mahenz/BE/domain/supplier_purchase/repo/purchase_repo.go:132
[0m[33m[0.647ms] [34;1m[rows:1][0m SELECT COUNT(*) FROM purchases p WHERE 1=1 AND DATE(p.purchase_date) >= '2026-07-01' AND DATE(p.purchase_date) <= '2026-07-26'

2026/07/26 16:48:25 [32mD:/Develop/Project_pos_mahenz/BE/domain/supplier_purchase/repo/purchase_repo.go:174
[0m[33m[0.000ms] [34;1m[rows:-][0m SELECT p.id, p.purchase_code, p.invoice_number, p.supplier_id, COALESCE(s.name, '') as supplier_name, p.purchase_date, p.discount_amount, p.total_amount, p.payment_status, p.paid_amount, p.remaining_amount, p.status, COALESCE(u.full_name, '') as user_name, p.notes FROM purchases p LEFT JOIN users u ON p.user_id = u.id LEFT JOIN suppliers s ON p.supplier_id = s.id WHERE p.id = 31

2026/07/26 16:48:25 [32mD:/Develop/Project_pos_mahenz/BE/domain/supplier_purchase/repo/purchase_repo.go:216
[0m[33m[0.523ms] [34;1m[rows:-][0m SELECT pi.id, pi.product_id, COALESCE(p.name, '') as product_name, pi.quantity, pi.unit, COALESCE(pi.conversion_qty, 1) as conversion_qty, pi.purchase_price, pi.subtotal FROM purchase_items pi LEFT JOIN products p ON pi.product_id = p.id WHERE pi.purchase_id = 31

2026/07/26 16:48:25 [32mD:/Develop/Project_pos_mahenz/BE/domain/supplier_purchase/repo/purchase_repo.go:149
[0m[33m[1.148ms] [34;1m[rows:-][0m SELECT p.id, p.purchase_code, p.invoice_number, p.supplier_id, COALESCE(s.name, '') as supplier_name, p.purchase_date, p.discount_amount, p.total_amount, p.payment_status, p.paid_amount, p.remaining_amount, p.status, COALESCE(u.full_name, '') as user_name, p.notes FROM purchases p LEFT JOIN users u ON p.user_id = u.id LEFT JOIN suppliers s ON p.supplier_id = s.id WHERE 1=1 AND DATE(p.purchase_date) >= '2026-07-01' AND DATE(p.purchase_date) <= '2026-07-26' ORDER BY p.purchase_date DESC, p.id DESC LIMIT 10 OFFSET 0
[GIN] 2026/07/26 - 16:48:25 | 200 |      5.7246ms |             ::1 | POST     "/api/supplier-purchases/list"

2026/07/26 16:48:25 [32mD:/Develop/Project_pos_mahenz/BE/domain/supplier_purchase/repo/purchase_repo.go:250
[0m[33m[0.523ms] [34;1m[rows:0][0m SELECT qty, expired_date FROM product_expiry_batches WHERE purchase_item_id = 43 ORDER BY expired_date ASC
[GIN] 2026/07/26 - 16:48:25 | 200 |      5.7246ms |             ::1 | POST     "/api/supplier-purchases/detail/31"

2026/07/26 16:48:25 [32mD:/Develop/Project_pos_mahenz/BE/repository/log_request_repository.go:32
[0m[33m[2.387ms] [34;1m[rows:1][0m INSERT INTO log_requests (id, method, endpoint, status_code, request_body, response_body, user_id, duration_ms, ip_address, error_message, created_at) VALUES ('b05f7e4f-fd06-465f-9016-d7fb66af8ea7', 'POST', '/api/supplier-purchases/detail/31', 200, '{}', '{"code":"00","status":true,"message":"Detail purchase order","data":{"id":31,"purchase_code":"PO-20260726-021","invoice_number":"INV-BROWSER-EDIT-PAID","supplier_id":1,"supplier_name":"Supplier Test Fase14","purchase_date":"2026-07-26T00:00:00+07:00","discount_amount":0,"total_amount":7000,"payment_status":"partial","paid_amount":4000,"remaining_amount":3000,"status":"active","user_name":"Administrator","notes":"","items":[{"id":43,"product_id":12,"product_name":"Rokok Test Berantai","quantity":7,"unit":"Batang","conversion_qty":1,"purchase_price":1000,"subtotal":7000}]}}', 2, 5, '::1', NULL, '2026-07-26 16:48:25.795')

2026/07/26 16:48:25 [32mD:/Develop/Project_pos_mahenz/BE/repository/log_request_repository.go:32
[0m[33m[2.387ms] [34;1m[rows:1][0m INSERT INTO log_requests (id, method, endpoint, status_code, request_body, response_body, user_id, duration_ms, ip_address, error_message, created_at) VALUES ('2cc4b798-ce1d-472f-9f63-cfebe563269c', 'POST', '/api/supplier-purchases/list', 200, '{"page":1,"limit":10,"start_date":"2026-07-01","end_date":"2026-07-26"}', '{"code":"00","status":true,"message":"Daftar purchase order","data":[{"id":31,"purchase_code":"PO-20260726-021","invoice_number":"INV-BROWSER-EDIT-PAID","supplier_id":1,"supplier_name":"Supplier Test Fase14","purchase_date":"2026-07-26T00:00:00+07:00","discount_amount":0,"total_amount":7000,"payment_status":"partial","paid_amount":4000,"remaining_amount":3000,"status":"active","user_name":"Administrator","notes":""},{"id":30,"purchase_code":"PO-20260726-020","invoice_number":"INV-EDIT-SWAP-B","supplier_id":1,"supplier_name":"Supplier Test Fase14","purchase_date":"2026-07-26T00:00:00+07:00","discount_amount":0,"total_amount":10000,"payment_status":"unpaid","paid_amount":0,"remaining_amount":10000,"status":"active","user_name":"Administrator","notes":""},{"id":29,"purchase_code":"PO-20260726-019","invoice_number":"INV-BASESTOCK-C","supplier_id":1,"supplier_name":"Supplier Test Fase14","purchase_date":"2026-07-26T00:00:00+07:00","discount_amount":0,"total_amount":3000,"payment_status":"unpaid","paid_amount":0,"remaining_amount":3000,"status":"active","user_name":"Administrator","notes":""},{"id":28,"purchase_code":"PO-20260726-018","invoice_number":"INV-EDIT-SWAP-EXP3","supplier_id":1,"supplier_name":"Supplier Test Fase14","purchase_date":"2026-07-26T00:00:00+07:00","discount_amount":0,"total_amount":2000,"payment_status":"unpaid","paid_amount":0,"remaining_amount":2000,"status":"active","user_name":"Administrator","notes":""},{"id":27,"purchase_code":"PO-20260726-017","invoice_number":"INV-EDIT-SWAP-EXP2","supplier_id":1,"supplier_name":"Supplier Test Fase14","purchase_date":"2026-07-26T00:00:00+07:00","discount_amount":0,"total_amount":2000,"payment_status":"unpaid","paid_amount":0,"remaining_amount":2000,"status":"active","user_name":"Administrator","notes":""},{"id":26,"purchase_code":"PO-20260726-016","invoice_number":"INV-EDIT-SWAP-EXP","supplier_id":1,"supplier_name":"Supplier Test Fase14","purchase_date":"2026-07-26T00:00:00+07:00","discount_amount":0,"total_amount":3000,"payment_status":"unpaid","paid_amount":0,"remaining_amount":3000,"status":"active","user_name":"Administrator","notes":""},{"id":25,"purchase_code":"PO-20260726-015","invoice_number":"INV-EDIT-SWAP2","supplier_id":1,"supplier_name":"Supplier Test Fase14","purchase_date":"2026-07-26T00:00:00+07:00","discount_amount":0,"total_amount":3000,"payment_status":"unpaid","paid_amount":0,"remaining_amount":3000,"status":"active","user_name":"Administrator","notes":""},{"id":24,"purchase_code":"PO-20260726-014","invoice_number":"INV-EDIT-STOCKSWAP","supplier_id":1,"supplier_name":"Supplier Test Fase14","purchase_date":"2026-07-26T00:00:00+07:00","discount_amount":0,"total_amount":10000,"payment_status":"unpaid","paid_amount":0,"remaining_amount":10000,"status":"active","user_name":"Administrator","notes":""},{"id":23,"purchase_code":"PO-20260726-013","invoice_number":"INV-EDIT-PAID","supplier_id":1,"supplier_name":"Supplier Test Fase14","purchase_date":"2026-07-26T00:00:00+07:00","discount_amount":0,"total_amount":8000,"payment_status":"partial","paid_amount":5000,"remaining_amount":3000,"status":"active","user_name":"Administrator","notes":""},{"id":21,"purchase_code":"PO-20260726-012","invoice_number":"INV-QA-DEBT-TEST","supplier_id":3,"supplier_name":"Supplier Test Void Debt","purchase_date":"2026-07-26T00:00:00+07:00","discount_amount":0,"total_amount":1000,"payment_status":"partial","paid_amount":500,"remaining_amount":0,"status":"void","user_name":"Administrator","notes":""}],"pagination":{"page":1,"per_page":10,"total":23,"total_pages":3}}', 2, 5, '::1', NULL, '2026-07-26 16:48:25.795')
[GIN] 2026/07/26 - 16:49:11 | 204 |            0s |             ::1 | OPTIONS  "/api/auth/login"

2026/07/26 16:49:11 [32mD:/Develop/Project_pos_mahenz/BE/domain/auth/repo/auth_repo.go:17
[0m[33m[0.527ms] [34;1m[rows:1][0m SELECT u.id, u.username, u.password, u.full_name, u.role_id, r.name AS role_name, u.is_active FROM users u INNER JOIN roles r ON r.id = u.role_id WHERE u.username = 'admin' LIMIT 1

2026/07/26 16:49:11 [32mD:/Develop/Project_pos_mahenz/BE/domain/auth/repo/auth_repo.go:67
[0m[33m[9.286ms] [34;1m[rows:1][0m DELETE FROM sessions WHERE user_id = 2

2026/07/26 16:49:11 [32mD:/Develop/Project_pos_mahenz/BE/domain/auth/repo/auth_repo.go:38
[0m[33m[3.125ms] [34;1m[rows:1][0m INSERT INTO sessions (user_id, user_role, token, refresh_token, device_info, ip_address, expires_at) VALUES (2, 'admin', 'eyJhbGciOiJIUzI1NiIsInR5cCI6IkpXVCJ9.eyJhcHBzIjoid2ViIiwiZXhwIjoxNzg1MDg4MTUxLCJmdWxsX25hbWUiOiJBZG1pbmlzdHJhdG9yIiwicm9sZSI6ImFkbWluIiwidXNlcl9pZCI6MiwidXNlcm5hbWUiOiJhZG1pbiJ9.9wOcFCNavgyXWVYeo8uoJ916V1QnRhaKe6orQVk5hJU', 'b821bc9b2eace0ab5f1c9b39c4fc325d6c7a721b1671bdcf3f713766f3d071c3', 'web', '::1', '2026-08-02 16:49:11.639') ON DUPLICATE KEY UPDATE user_role=VALUES(user_role), token=VALUES(token), refresh_token=VALUES(refresh_token), device_info=VALUES(device_info), ip_address=VALUES(ip_address), expires_at=VALUES(expires_at), created_at=NOW()
[GIN] 2026/07/26 - 16:49:11 | 200 |     69.6058ms |             ::1 | POST     "/api/auth/login"

2026/07/26 16:49:11 [32mD:/Develop/Project_pos_mahenz/BE/repository/log_request_repository.go:32
[0m[33m[3.274ms] [34;1m[rows:1][0m INSERT INTO log_requests (id, method, endpoint, status_code, request_body, response_body, user_id, duration_ms, ip_address, error_message, created_at) VALUES ('d6e77a31-95b3-455c-810a-d4f441ebd523', 'POST', '/api/auth/login', 200, '{"username":"admin","password":"admin123","device_info":"web"}', '{"code":"00","status":true,"message":"Login berhasil","data":{"token":"eyJhbGciOiJIUzI1NiIsInR5cCI6IkpXVCJ9.eyJhcHBzIjoid2ViIiwiZXhwIjoxNzg1MDg4MTUxLCJmdWxsX25hbWUiOiJBZG1pbmlzdHJhdG9yIiwicm9sZSI6ImFkbWluIiwidXNlcl9pZCI6MiwidXNlcm5hbWUiOiJhZG1pbiJ9.9wOcFCNavgyXWVYeo8uoJ916V1QnRhaKe6orQVk5hJU","refresh_token":"b821bc9b2eace0ab5f1c9b39c4fc325d6c7a721b1671bdcf3f713766f3d071c3","expires_at":"2026-08-02T16:49:11.6399901+07:00","user":{"id":2,"username":"admin","full_name":"Administrator","role_id":2,"role_name":"admin"}}}', NULL, 69, '::1', NULL, '2026-07-26 16:49:11.652')
[GIN] 2026/07/26 - 16:49:11 | 204 |            0s |             ::1 | OPTIONS  "/api/menus/my"
[GIN] 2026/07/26 - 16:49:11 | 204 |            0s |             ::1 | OPTIONS  "/api/menus/my"

2026/07/26 16:49:11 [32mD:/Develop/Project_pos_mahenz/BE/domain/auth/repo/auth_repo.go:46
[0m[33m[0.505ms] [34;1m[rows:1][0m SELECT id, user_id, user_role, token, device_info, expires_at FROM sessions WHERE token = 'eyJhbGciOiJIUzI1NiIsInR5cCI6IkpXVCJ9.eyJhcHBzIjoid2ViIiwiZXhwIjoxNzg1MDg4MTUxLCJmdWxsX25hbWUiOiJBZG1pbmlzdHJhdG9yIiwicm9sZSI6ImFkbWluIiwidXNlcl9pZCI6MiwidXNlcm5hbWUiOiJhZG1pbiJ9.9wOcFCNavgyXWVYeo8uoJ916V1QnRhaKe6orQVk5hJU' LIMIT 1

2026/07/26 16:49:11 [32mD:/Develop/Project_pos_mahenz/BE/domain/menu/repo/menu_repo.go:121
[0m[33m[1.313ms] [34;1m[rows:-][0m 
		SELECT
			m.id,
			m.parent_id,
			m.key_name,
			m.label,
			m.icon,
			m.path,
			m.order_index,
			COALESCE(rma.can_view,   0),
			COALESCE(rma.can_create, 0),
			COALESCE(rma.can_edit,   0),
			COALESCE(rma.can_delete, 0)
		FROM menus m
		LEFT JOIN role_menu_access rma ON rma.menu_id = m.id
			AND rma.role_id = (SELECT id FROM roles WHERE name = 'admin' AND is_active = 1 LIMIT 1)
		WHERE m.is_active = 1
		ORDER BY m.order_index ASC, m.id ASC
		
[GIN] 2026/07/26 - 16:49:11 | 200 |      2.3976ms |             ::1 | POST     "/api/menus/my"

2026/07/26 16:49:11 [32mD:/Develop/Project_pos_mahenz/BE/domain/auth/repo/auth_repo.go:46
[0m[33m[1.060ms] [34;1m[rows:1][0m SELECT id, user_id, user_role, token, device_info, expires_at FROM sessions WHERE token = 'eyJhbGciOiJIUzI1NiIsInR5cCI6IkpXVCJ9.eyJhcHBzIjoid2ViIiwiZXhwIjoxNzg1MDg4MTUxLCJmdWxsX25hbWUiOiJBZG1pbmlzdHJhdG9yIiwicm9sZSI6ImFkbWluIiwidXNlcl9pZCI6MiwidXNlcm5hbWUiOiJhZG1pbiJ9.9wOcFCNavgyXWVYeo8uoJ916V1QnRhaKe6orQVk5hJU' LIMIT 1

2026/07/26 16:49:11 [32mD:/Develop/Project_pos_mahenz/BE/domain/menu/repo/menu_repo.go:121
[0m[33m[1.206ms] [34;1m[rows:-][0m 
		SELECT
			m.id,
			m.parent_id,
			m.key_name,
			m.label,
			m.icon,
			m.path,
			m.order_index,
			COALESCE(rma.can_view,   0),
			COALESCE(rma.can_create, 0),
			COALESCE(rma.can_edit,   0),
			COALESCE(rma.can_delete, 0)
		FROM menus m
		LEFT JOIN role_menu_access rma ON rma.menu_id = m.id
			AND rma.role_id = (SELECT id FROM roles WHERE name = 'admin' AND is_active = 1 LIMIT 1)
		WHERE m.is_active = 1
		ORDER BY m.order_index ASC, m.id ASC
		
[GIN] 2026/07/26 - 16:49:11 | 200 |      2.2669ms |             ::1 | POST     "/api/menus/my"

2026/07/26 16:49:11 [32mD:/Develop/Project_pos_mahenz/BE/repository/log_request_repository.go:32
[0m[33m[2.301ms] [34;1m[rows:1][0m INSERT INTO log_requests (id, method, endpoint, status_code, request_body, response_body, user_id, duration_ms, ip_address, error_message, created_at) VALUES ('7db6963e-7572-4a36-8ee1-47c7f1132326', 'POST', '/api/menus/my', 200, '{}', '{"code":"00","status":true,"message":"Menu akses","data":[{"key_name":"beranda","label":"Beranda","icon":"Home","path":null,"order_index":1,"permission":{"can_view":true,"can_create":true,"can_edit":true,"can_delete":true},"children":[{"key_name":"beranda.dashboard","label":"Dashboard","icon":"LayoutDashboard","path":"/dashboard","order_index":1,"permission":{"can_view":true,"can_create":true,"can_edit":true,"can_delete":true},"children":[]}]},{"key_name":"penjualan","label":"Penjualan","icon":"ShoppingCart","path":null,"order_index":2,"permission":{"can_view":true,"can_create":true,"can_edit":true,"can_delete":true},"children":[{"key_name":"penjualan.kasir","label":"Kasir","icon":"ShoppingCart","path":"/kasir","order_index":1,"permission":{"can_view":true,"can_create":true,"can_edit":true,"can_delete":true},"children":[]},{"key_name":"penjualan.transaksi","label":"Transaksi","icon":"Receipt","path":"/transactions","order_index":2,"permission":{"can_view":true,"can_create":true,"can_edit":true,"can_delete":true},"children":[]}]},{"key_name":"produk","label":"Produk","icon":"Package","path":null,"order_index":3,"permission":{"can_view":true,"can_create":true,"can_edit":true,"can_delete":true},"children":[{"key_name":"produk.produk","label":"Produk","icon":"Package","path":"/products","order_index":1,"permission":{"can_view":true,"can_create":true,"can_edit":true,"can_delete":true},"children":[]},{"key_name":"produk.kategori","label":"Kategori","icon":"Tag","path":"/products/categories","order_index":2,"permission":{"can_view":true,"can_create":true,"can_edit":true,"can_delete":true},"children":[]},{"key_name":"produk.unit","label":"Unit","icon":"PackageSearch","path":"/products/units","order_index":3,"permission":{"can_view":true,"can_create":true,"can_edit":true,"can_delete":true},"children":[]}]},{"key_name":"pengadaan","label":"Pengadaan","icon":"Truck","path":null,"order_index":4,"permission":{"can_view":true,"can_create":true,"can_edit":true,"can_delete":true},"children":[{"key_name":"pengadaan.supplier","label":"Supplier","icon":"Truck","path":"/suppliers","order_index":1,"permission":{"can_view":true,"can_create":true,"can_edit":true,"can_delete":true},"children":[]},{"key_name":"pengadaan.pembelian","label":"Pembelian","icon":"ShoppingBag","path":"/suppliers/purchases","order_index":2,"permission":{"can_view":true,"can_create":true,"can_edit":true,"can_delete":true},"children":[]},{"key_name":"pengadaan.retur","label":"Retur","icon":"RotateCcw","path":"/suppliers/returns","order_index":3,"permission":{"can_view":true,"can_create":true,"can_edit":true,"can_delete":true},"children":[]}]},{"key_name":"pelanggan","label":"Pelanggan","icon":"Users","path":null,"order_index":5,"permission":{"can_view":true,"can_create":true,"can_edit":true,"can_delete":true},"children":[{"key_name":"pelanggan.pelanggan","label":"Pelanggan","icon":"Users","path":"/customers","order_index":1,"permission":{"can_view":true,"can_create":true,"can_edit":true,"can_delete":true},"children":[]},{"key_name":"pelanggan.piutang","label":"Piutang","icon":"CreditCard","path":"/receivables","order_index":2,"permission":{"can_view":true,"can_create":true,"can_edit":true,"can_delete":true},"children":[]}]},{"key_name":"keuangan","label":"Keuangan","icon":"Wallet","path":null,"order_index":6,"permission":{"can_view":true,"can_create":true,"can_edit":true,"can_delete":true},"children":[{"key_name":"keuangan.dashboard","label":"Dashboard Keuangan","icon":"Wallet","path":"/finance","order_index":1,"permission":{"can_view":true,"can_create":true,"can_edit":true,"can_delete":true},"children":[]},{"key_name":"keuangan.kas_harian","label":"Kas Harian","icon":"Landmark","path":"/finance/cash-drawer","order_index":2,"permission":{"can_view":true,"can_create":true,"can_edit":true,"can_delete":true},"children":[]},{"key_name":"keuangan.pengeluaran","label":"Pengeluaran","icon":"TrendingDown","path":"/finance/expenses","order_index":3,"permission":{"can_view":true,"can_create":true,"can_edit":true,"can_delete":true},"children":[]},{"key_name":"keuangan.kas_saya","label":"Kas Saya","icon":"Wallet","path":"/finance/my-cash","order_index":4,"permission":{"can_view":true,"can_create":true,"can_edit":true,"can_delete":true},"children":[]}]},{"key_name":"pelaporan","label":"Pelaporan","icon":"BarChart2","path":null,"order_index":7,"permission":{"can_view":true,"can_create":true,"can_edit":true,"can_delete":true},"children":[{"key_name":"pelaporan.penjualan","label":"Penjualan","icon":"TrendingUp","path":"/reports/sales","order_index":1,"permission":{"can_view":true,"can_create":true,"can_edit":true,"can_delete":true},"children":[]},{"key_name":"pelaporan.laba_rugi","label":"Laba Rugi","icon":"LineChart","path":"/reports/profit-loss","order_index":2,"permission":{"can_view":true,"can_create":true,"can_edit":true,"can_delete":true},"children":[]},{"key_name":"pelaporan.stok","label":"Stok","icon":"PackageSearch","path":"/reports/stock","order_index":3,"permission":{"can_view":true,"can_create":true,"can_edit":true,"can_delete":true},"children":[]},{"key_name":"pelaporan.kinerja_kasir","label":"Kinerja Kasir","icon":"BarChart2","path":"/reports/cashier","order_index":4,"permission":{"can_view":true,"can_create":true,"can_edit":true,"can_delete":true},"children":[]},{"key_name":"pelaporan.ringkasan_bisnis","label":"Ringkasan Bisnis","icon":"BarChart3","path":"/reports/business-summary","order_index":5,"permission":{"can_view":true,"can_create":true,"can_edit":true,"can_delete":true},"children":[]}]},{"key_name":"operasional","label":"Operasional","icon":"Clock","path":null,"order_index":8,"permission":{"can_view":true,"can_create":true,"can_edit":true,"can_delete":true},"children":[{"key_name":"operasional.shift","label":"Shift","icon":"Clock","path":"/shifts","order_index":1,"permission":{"can_view":true,"can_create":true,"can_edit":true,"can_delete":true},"children":[]},{"key_name":"operasional.sync","label":"Sync Center","icon":"RefreshCw","path":"/sync","order_index":2,"permission":{"can_view":true,"can_create":true,"can_edit":true,"can_delete":true},"children":[]}]},{"key_name":"sistem","label":"Sistem","icon":"Settings","path":null,"order_index":9,"permission":{"can_view":true,"can_create":true,"can_edit":true,"can_delete":true},"children":[{"key_name":"sistem.profil_toko","label":"Profil Toko","icon":"Settings","path":"/settings/store","order_index":1,"permission":{"can_view":true,"can_create":true,"can_edit":true,"can_delete":true},"children":[]},{"key_name":"sistem.users","label":"Manajemen User","icon":"Users","path":"/settings/users","order_index":2,"permission":{"can_view":true,"can_create":true,"can_edit":true,"can_delete":true},"children":[]},{"key_name":"sistem.roles","label":"Manajemen Role","icon":"Shield","path":"/settings/roles","order_index":3,"permission":{"can_view":true,"can_create":true,"can_edit":true,"can_delete":true},"children":[]},{"key_name":"sistem.menus","label":"Manajemen Menu","icon":"LayoutList","path":"/settings/menus","order_index":4,"permission":{"can_view":true,"can_create":true,"can_edit":true,"can_delete":true},"children":[]},{"key_name":"sistem.printer","label":"Printer","icon":"Printer","path":"/settings/printer","order_index":5,"permission":{"can_view":true,"can_create":true,"can_edit":true,"can_delete":true},"children":[]},{"key_name":"sistem.versi","label":"Versi Aplikasi","icon":"RefreshCw","path":"/settings/versions","order_index":6,"permission":{"can_view":true,"can_create":true,"can_edit":true,"can_delete":true},"children":[]},{"key_name":"sistem.backup","label":"Backup \u0026 Restore","icon":"DatabaseBackup","path":"/settings/backup","order_index":7,"permission":{"can_view":true,"can_create":true,"can_edit":true,"can_delete":true},"children":[]}]}]}', 2, 2, '::1', NULL, '2026-07-26 16:49:11.666')

2026/07/26 16:49:11 [32mD:/Develop/Project_pos_mahenz/BE/repository/log_request_repository.go:32
[0m[33m[3.591ms] [34;1m[rows:1][0m INSERT INTO log_requests (id, method, endpoint, status_code, request_body, response_body, user_id, duration_ms, ip_address, error_message, created_at) VALUES ('07f5cdb9-4008-4fa2-9fc4-f1706b3f1680', 'POST', '/api/menus/my', 200, '{}', '{"code":"00","status":true,"message":"Menu akses","data":[{"key_name":"beranda","label":"Beranda","icon":"Home","path":null,"order_index":1,"permission":{"can_view":true,"can_create":true,"can_edit":true,"can_delete":true},"children":[{"key_name":"beranda.dashboard","label":"Dashboard","icon":"LayoutDashboard","path":"/dashboard","order_index":1,"permission":{"can_view":true,"can_create":true,"can_edit":true,"can_delete":true},"children":[]}]},{"key_name":"penjualan","label":"Penjualan","icon":"ShoppingCart","path":null,"order_index":2,"permission":{"can_view":true,"can_create":true,"can_edit":true,"can_delete":true},"children":[{"key_name":"penjualan.kasir","label":"Kasir","icon":"ShoppingCart","path":"/kasir","order_index":1,"permission":{"can_view":true,"can_create":true,"can_edit":true,"can_delete":true},"children":[]},{"key_name":"penjualan.transaksi","label":"Transaksi","icon":"Receipt","path":"/transactions","order_index":2,"permission":{"can_view":true,"can_create":true,"can_edit":true,"can_delete":true},"children":[]}]},{"key_name":"produk","label":"Produk","icon":"Package","path":null,"order_index":3,"permission":{"can_view":true,"can_create":true,"can_edit":true,"can_delete":true},"children":[{"key_name":"produk.produk","label":"Produk","icon":"Package","path":"/products","order_index":1,"permission":{"can_view":true,"can_create":true,"can_edit":true,"can_delete":true},"children":[]},{"key_name":"produk.kategori","label":"Kategori","icon":"Tag","path":"/products/categories","order_index":2,"permission":{"can_view":true,"can_create":true,"can_edit":true,"can_delete":true},"children":[]},{"key_name":"produk.unit","label":"Unit","icon":"PackageSearch","path":"/products/units","order_index":3,"permission":{"can_view":true,"can_create":true,"can_edit":true,"can_delete":true},"children":[]}]},{"key_name":"pengadaan","label":"Pengadaan","icon":"Truck","path":null,"order_index":4,"permission":{"can_view":true,"can_create":true,"can_edit":true,"can_delete":true},"children":[{"key_name":"pengadaan.supplier","label":"Supplier","icon":"Truck","path":"/suppliers","order_index":1,"permission":{"can_view":true,"can_create":true,"can_edit":true,"can_delete":true},"children":[]},{"key_name":"pengadaan.pembelian","label":"Pembelian","icon":"ShoppingBag","path":"/suppliers/purchases","order_index":2,"permission":{"can_view":true,"can_create":true,"can_edit":true,"can_delete":true},"children":[]},{"key_name":"pengadaan.retur","label":"Retur","icon":"RotateCcw","path":"/suppliers/returns","order_index":3,"permission":{"can_view":true,"can_create":true,"can_edit":true,"can_delete":true},"children":[]}]},{"key_name":"pelanggan","label":"Pelanggan","icon":"Users","path":null,"order_index":5,"permission":{"can_view":true,"can_create":true,"can_edit":true,"can_delete":true},"children":[{"key_name":"pelanggan.pelanggan","label":"Pelanggan","icon":"Users","path":"/customers","order_index":1,"permission":{"can_view":true,"can_create":true,"can_edit":true,"can_delete":true},"children":[]},{"key_name":"pelanggan.piutang","label":"Piutang","icon":"CreditCard","path":"/receivables","order_index":2,"permission":{"can_view":true,"can_create":true,"can_edit":true,"can_delete":true},"children":[]}]},{"key_name":"keuangan","label":"Keuangan","icon":"Wallet","path":null,"order_index":6,"permission":{"can_view":true,"can_create":true,"can_edit":true,"can_delete":true},"children":[{"key_name":"keuangan.dashboard","label":"Dashboard Keuangan","icon":"Wallet","path":"/finance","order_index":1,"permission":{"can_view":true,"can_create":true,"can_edit":true,"can_delete":true},"children":[]},{"key_name":"keuangan.kas_harian","label":"Kas Harian","icon":"Landmark","path":"/finance/cash-drawer","order_index":2,"permission":{"can_view":true,"can_create":true,"can_edit":true,"can_delete":true},"children":[]},{"key_name":"keuangan.pengeluaran","label":"Pengeluaran","icon":"TrendingDown","path":"/finance/expenses","order_index":3,"permission":{"can_view":true,"can_create":true,"can_edit":true,"can_delete":true},"children":[]},{"key_name":"keuangan.kas_saya","label":"Kas Saya","icon":"Wallet","path":"/finance/my-cash","order_index":4,"permission":{"can_view":true,"can_create":true,"can_edit":true,"can_delete":true},"children":[]}]},{"key_name":"pelaporan","label":"Pelaporan","icon":"BarChart2","path":null,"order_index":7,"permission":{"can_view":true,"can_create":true,"can_edit":true,"can_delete":true},"children":[{"key_name":"pelaporan.penjualan","label":"Penjualan","icon":"TrendingUp","path":"/reports/sales","order_index":1,"permission":{"can_view":true,"can_create":true,"can_edit":true,"can_delete":true},"children":[]},{"key_name":"pelaporan.laba_rugi","label":"Laba Rugi","icon":"LineChart","path":"/reports/profit-loss","order_index":2,"permission":{"can_view":true,"can_create":true,"can_edit":true,"can_delete":true},"children":[]},{"key_name":"pelaporan.stok","label":"Stok","icon":"PackageSearch","path":"/reports/stock","order_index":3,"permission":{"can_view":true,"can_create":true,"can_edit":true,"can_delete":true},"children":[]},{"key_name":"pelaporan.kinerja_kasir","label":"Kinerja Kasir","icon":"BarChart2","path":"/reports/cashier","order_index":4,"permission":{"can_view":true,"can_create":true,"can_edit":true,"can_delete":true},"children":[]},{"key_name":"pelaporan.ringkasan_bisnis","label":"Ringkasan Bisnis","icon":"BarChart3","path":"/reports/business-summary","order_index":5,"permission":{"can_view":true,"can_create":true,"can_edit":true,"can_delete":true},"children":[]}]},{"key_name":"operasional","label":"Operasional","icon":"Clock","path":null,"order_index":8,"permission":{"can_view":true,"can_create":true,"can_edit":true,"can_delete":true},"children":[{"key_name":"operasional.shift","label":"Shift","icon":"Clock","path":"/shifts","order_index":1,"permission":{"can_view":true,"can_create":true,"can_edit":true,"can_delete":true},"children":[]},{"key_name":"operasional.sync","label":"Sync Center","icon":"RefreshCw","path":"/sync","order_index":2,"permission":{"can_view":true,"can_create":true,"can_edit":true,"can_delete":true},"children":[]}]},{"key_name":"sistem","label":"Sistem","icon":"Settings","path":null,"order_index":9,"permission":{"can_view":true,"can_create":true,"can_edit":true,"can_delete":true},"children":[{"key_name":"sistem.profil_toko","label":"Profil Toko","icon":"Settings","path":"/settings/store","order_index":1,"permission":{"can_view":true,"can_create":true,"can_edit":true,"can_delete":true},"children":[]},{"key_name":"sistem.users","label":"Manajemen User","icon":"Users","path":"/settings/users","order_index":2,"permission":{"can_view":true,"can_create":true,"can_edit":true,"can_delete":true},"children":[]},{"key_name":"sistem.roles","label":"Manajemen Role","icon":"Shield","path":"/settings/roles","order_index":3,"permission":{"can_view":true,"can_create":true,"can_edit":true,"can_delete":true},"children":[]},{"key_name":"sistem.menus","label":"Manajemen Menu","icon":"LayoutList","path":"/settings/menus","order_index":4,"permission":{"can_view":true,"can_create":true,"can_edit":true,"can_delete":true},"children":[]},{"key_name":"sistem.printer","label":"Printer","icon":"Printer","path":"/settings/printer","order_index":5,"permission":{"can_view":true,"can_create":true,"can_edit":true,"can_delete":true},"children":[]},{"key_name":"sistem.versi","label":"Versi Aplikasi","icon":"RefreshCw","path":"/settings/versions","order_index":6,"permission":{"can_view":true,"can_create":true,"can_edit":true,"can_delete":true},"children":[]},{"key_name":"sistem.backup","label":"Backup \u0026 Restore","icon":"DatabaseBackup","path":"/settings/backup","order_index":7,"permission":{"can_view":true,"can_create":true,"can_edit":true,"can_delete":true},"children":[]}]}]}', 2, 2, '::1', NULL, '2026-07-26 16:49:11.667')

2026/07/26 16:49:12 [32mD:/Develop/Project_pos_mahenz/BE/domain/auth/repo/auth_repo.go:46
[0m[33m[0.640ms] [34;1m[rows:1][0m SELECT id, user_id, user_role, token, device_info, expires_at FROM sessions WHERE token = 'eyJhbGciOiJIUzI1NiIsInR5cCI6IkpXVCJ9.eyJhcHBzIjoid2ViIiwiZXhwIjoxNzg1MDg4MTUxLCJmdWxsX25hbWUiOiJBZG1pbmlzdHJhdG9yIiwicm9sZSI6ImFkbWluIiwidXNlcl9pZCI6MiwidXNlcm5hbWUiOiJhZG1pbiJ9.9wOcFCNavgyXWVYeo8uoJ916V1QnRhaKe6orQVk5hJU' LIMIT 1

2026/07/26 16:49:12 [32mD:/Develop/Project_pos_mahenz/BE/domain/menu/repo/menu_repo.go:121
[0m[33m[0.531ms] [34;1m[rows:-][0m 
		SELECT
			m.id,
			m.parent_id,
			m.key_name,
			m.label,
			m.icon,
			m.path,
			m.order_index,
			COALESCE(rma.can_view,   0),
			COALESCE(rma.can_create, 0),
			COALESCE(rma.can_edit,   0),
			COALESCE(rma.can_delete, 0)
		FROM menus m
		LEFT JOIN role_menu_access rma ON rma.menu_id = m.id
			AND rma.role_id = (SELECT id FROM roles WHERE name = 'admin' AND is_active = 1 LIMIT 1)
		WHERE m.is_active = 1
		ORDER BY m.order_index ASC, m.id ASC
		
[GIN] 2026/07/26 - 16:49:12 | 200 |      1.7819ms |             ::1 | POST     "/api/menus/my"

2026/07/26 16:49:12 [32mD:/Develop/Project_pos_mahenz/BE/repository/log_request_repository.go:32
[0m[33m[3.354ms] [34;1m[rows:1][0m INSERT INTO log_requests (id, method, endpoint, status_code, request_body, response_body, user_id, duration_ms, ip_address, error_message, created_at) VALUES ('9afb5a5c-5761-4f96-8e4d-b2190f392319', 'POST', '/api/menus/my', 200, '{}', '{"code":"00","status":true,"message":"Menu akses","data":[{"key_name":"beranda","label":"Beranda","icon":"Home","path":null,"order_index":1,"permission":{"can_view":true,"can_create":true,"can_edit":true,"can_delete":true},"children":[{"key_name":"beranda.dashboard","label":"Dashboard","icon":"LayoutDashboard","path":"/dashboard","order_index":1,"permission":{"can_view":true,"can_create":true,"can_edit":true,"can_delete":true},"children":[]}]},{"key_name":"penjualan","label":"Penjualan","icon":"ShoppingCart","path":null,"order_index":2,"permission":{"can_view":true,"can_create":true,"can_edit":true,"can_delete":true},"children":[{"key_name":"penjualan.kasir","label":"Kasir","icon":"ShoppingCart","path":"/kasir","order_index":1,"permission":{"can_view":true,"can_create":true,"can_edit":true,"can_delete":true},"children":[]},{"key_name":"penjualan.transaksi","label":"Transaksi","icon":"Receipt","path":"/transactions","order_index":2,"permission":{"can_view":true,"can_create":true,"can_edit":true,"can_delete":true},"children":[]}]},{"key_name":"produk","label":"Produk","icon":"Package","path":null,"order_index":3,"permission":{"can_view":true,"can_create":true,"can_edit":true,"can_delete":true},"children":[{"key_name":"produk.produk","label":"Produk","icon":"Package","path":"/products","order_index":1,"permission":{"can_view":true,"can_create":true,"can_edit":true,"can_delete":true},"children":[]},{"key_name":"produk.kategori","label":"Kategori","icon":"Tag","path":"/products/categories","order_index":2,"permission":{"can_view":true,"can_create":true,"can_edit":true,"can_delete":true},"children":[]},{"key_name":"produk.unit","label":"Unit","icon":"PackageSearch","path":"/products/units","order_index":3,"permission":{"can_view":true,"can_create":true,"can_edit":true,"can_delete":true},"children":[]}]},{"key_name":"pengadaan","label":"Pengadaan","icon":"Truck","path":null,"order_index":4,"permission":{"can_view":true,"can_create":true,"can_edit":true,"can_delete":true},"children":[{"key_name":"pengadaan.supplier","label":"Supplier","icon":"Truck","path":"/suppliers","order_index":1,"permission":{"can_view":true,"can_create":true,"can_edit":true,"can_delete":true},"children":[]},{"key_name":"pengadaan.pembelian","label":"Pembelian","icon":"ShoppingBag","path":"/suppliers/purchases","order_index":2,"permission":{"can_view":true,"can_create":true,"can_edit":true,"can_delete":true},"children":[]},{"key_name":"pengadaan.retur","label":"Retur","icon":"RotateCcw","path":"/suppliers/returns","order_index":3,"permission":{"can_view":true,"can_create":true,"can_edit":true,"can_delete":true},"children":[]}]},{"key_name":"pelanggan","label":"Pelanggan","icon":"Users","path":null,"order_index":5,"permission":{"can_view":true,"can_create":true,"can_edit":true,"can_delete":true},"children":[{"key_name":"pelanggan.pelanggan","label":"Pelanggan","icon":"Users","path":"/customers","order_index":1,"permission":{"can_view":true,"can_create":true,"can_edit":true,"can_delete":true},"children":[]},{"key_name":"pelanggan.piutang","label":"Piutang","icon":"CreditCard","path":"/receivables","order_index":2,"permission":{"can_view":true,"can_create":true,"can_edit":true,"can_delete":true},"children":[]}]},{"key_name":"keuangan","label":"Keuangan","icon":"Wallet","path":null,"order_index":6,"permission":{"can_view":true,"can_create":true,"can_edit":true,"can_delete":true},"children":[{"key_name":"keuangan.dashboard","label":"Dashboard Keuangan","icon":"Wallet","path":"/finance","order_index":1,"permission":{"can_view":true,"can_create":true,"can_edit":true,"can_delete":true},"children":[]},{"key_name":"keuangan.kas_harian","label":"Kas Harian","icon":"Landmark","path":"/finance/cash-drawer","order_index":2,"permission":{"can_view":true,"can_create":true,"can_edit":true,"can_delete":true},"children":[]},{"key_name":"keuangan.pengeluaran","label":"Pengeluaran","icon":"TrendingDown","path":"/finance/expenses","order_index":3,"permission":{"can_view":true,"can_create":true,"can_edit":true,"can_delete":true},"children":[]},{"key_name":"keuangan.kas_saya","label":"Kas Saya","icon":"Wallet","path":"/finance/my-cash","order_index":4,"permission":{"can_view":true,"can_create":true,"can_edit":true,"can_delete":true},"children":[]}]},{"key_name":"pelaporan","label":"Pelaporan","icon":"BarChart2","path":null,"order_index":7,"permission":{"can_view":true,"can_create":true,"can_edit":true,"can_delete":true},"children":[{"key_name":"pelaporan.penjualan","label":"Penjualan","icon":"TrendingUp","path":"/reports/sales","order_index":1,"permission":{"can_view":true,"can_create":true,"can_edit":true,"can_delete":true},"children":[]},{"key_name":"pelaporan.laba_rugi","label":"Laba Rugi","icon":"LineChart","path":"/reports/profit-loss","order_index":2,"permission":{"can_view":true,"can_create":true,"can_edit":true,"can_delete":true},"children":[]},{"key_name":"pelaporan.stok","label":"Stok","icon":"PackageSearch","path":"/reports/stock","order_index":3,"permission":{"can_view":true,"can_create":true,"can_edit":true,"can_delete":true},"children":[]},{"key_name":"pelaporan.kinerja_kasir","label":"Kinerja Kasir","icon":"BarChart2","path":"/reports/cashier","order_index":4,"permission":{"can_view":true,"can_create":true,"can_edit":true,"can_delete":true},"children":[]},{"key_name":"pelaporan.ringkasan_bisnis","label":"Ringkasan Bisnis","icon":"BarChart3","path":"/reports/business-summary","order_index":5,"permission":{"can_view":true,"can_create":true,"can_edit":true,"can_delete":true},"children":[]}]},{"key_name":"operasional","label":"Operasional","icon":"Clock","path":null,"order_index":8,"permission":{"can_view":true,"can_create":true,"can_edit":true,"can_delete":true},"children":[{"key_name":"operasional.shift","label":"Shift","icon":"Clock","path":"/shifts","order_index":1,"permission":{"can_view":true,"can_create":true,"can_edit":true,"can_delete":true},"children":[]},{"key_name":"operasional.sync","label":"Sync Center","icon":"RefreshCw","path":"/sync","order_index":2,"permission":{"can_view":true,"can_create":true,"can_edit":true,"can_delete":true},"children":[]}]},{"key_name":"sistem","label":"Sistem","icon":"Settings","path":null,"order_index":9,"permission":{"can_view":true,"can_create":true,"can_edit":true,"can_delete":true},"children":[{"key_name":"sistem.profil_toko","label":"Profil Toko","icon":"Settings","path":"/settings/store","order_index":1,"permission":{"can_view":true,"can_create":true,"can_edit":true,"can_delete":true},"children":[]},{"key_name":"sistem.users","label":"Manajemen User","icon":"Users","path":"/settings/users","order_index":2,"permission":{"can_view":true,"can_create":true,"can_edit":true,"can_delete":true},"children":[]},{"key_name":"sistem.roles","label":"Manajemen Role","icon":"Shield","path":"/settings/roles","order_index":3,"permission":{"can_view":true,"can_create":true,"can_edit":true,"can_delete":true},"children":[]},{"key_name":"sistem.menus","label":"Manajemen Menu","icon":"LayoutList","path":"/settings/menus","order_index":4,"permission":{"can_view":true,"can_create":true,"can_edit":true,"can_delete":true},"children":[]},{"key_name":"sistem.printer","label":"Printer","icon":"Printer","path":"/settings/printer","order_index":5,"permission":{"can_view":true,"can_create":true,"can_edit":true,"can_delete":true},"children":[]},{"key_name":"sistem.versi","label":"Versi Aplikasi","icon":"RefreshCw","path":"/settings/versions","order_index":6,"permission":{"can_view":true,"can_create":true,"can_edit":true,"can_delete":true},"children":[]},{"key_name":"sistem.backup","label":"Backup \u0026 Restore","icon":"DatabaseBackup","path":"/settings/backup","order_index":7,"permission":{"can_view":true,"can_create":true,"can_edit":true,"can_delete":true},"children":[]}]}]}', 2, 1, '::1', NULL, '2026-07-26 16:49:12.055')
[GIN] 2026/07/26 - 16:49:12 | 204 |            0s |             ::1 | OPTIONS  "/api/sync/conflicts/count"

2026/07/26 16:49:12 [32mD:/Develop/Project_pos_mahenz/BE/domain/auth/repo/auth_repo.go:46
[0m[33m[0.505ms] [34;1m[rows:1][0m SELECT id, user_id, user_role, token, device_info, expires_at FROM sessions WHERE token = 'eyJhbGciOiJIUzI1NiIsInR5cCI6IkpXVCJ9.eyJhcHBzIjoid2ViIiwiZXhwIjoxNzg1MDg4MTUxLCJmdWxsX25hbWUiOiJBZG1pbmlzdHJhdG9yIiwicm9sZSI6ImFkbWluIiwidXNlcl9pZCI6MiwidXNlcm5hbWUiOiJhZG1pbiJ9.9wOcFCNavgyXWVYeo8uoJ916V1QnRhaKe6orQVk5hJU' LIMIT 1

2026/07/26 16:49:12 [32mD:/Develop/Project_pos_mahenz/BE/domain/sync/repo/sync_repo.go:84
[0m[33m[0.000ms] [34;1m[rows:1][0m SELECT COUNT(*) FROM sync_conflicts WHERE status = 'pending'
[GIN] 2026/07/26 - 16:49:12 | 200 |      1.2039ms |             ::1 | GET      "/api/sync/conflicts/count"

2026/07/26 16:49:12 [32mD:/Develop/Project_pos_mahenz/BE/repository/log_request_repository.go:32
[0m[33m[4.090ms] [34;1m[rows:1][0m INSERT INTO log_requests (id, method, endpoint, status_code, request_body, response_body, user_id, duration_ms, ip_address, error_message, created_at) VALUES ('eb25918c-fed2-4963-9cb5-de38faa750fb', 'GET', '/api/sync/conflicts/count', 200, '', '{"code":"00","status":true,"message":"Jumlah konflik pending","data":{"count":0}}', 2, 1, '::1', NULL, '2026-07-26 16:49:12.117')
[GIN] 2026/07/26 - 16:49:12 | 204 |            0s |             ::1 | OPTIONS  "/api/suppliers/list"
[GIN] 2026/07/26 - 16:49:12 | 204 |            0s |             ::1 | OPTIONS  "/api/products/list"

2026/07/26 16:49:12 [32mD:/Develop/Project_pos_mahenz/BE/domain/auth/repo/auth_repo.go:46
[0m[33m[0.506ms] [34;1m[rows:1][0m SELECT id, user_id, user_role, token, device_info, expires_at FROM sessions WHERE token = 'eyJhbGciOiJIUzI1NiIsInR5cCI6IkpXVCJ9.eyJhcHBzIjoid2ViIiwiZXhwIjoxNzg1MDg4MTUxLCJmdWxsX25hbWUiOiJBZG1pbmlzdHJhdG9yIiwicm9sZSI6ImFkbWluIiwidXNlcl9pZCI6MiwidXNlcm5hbWUiOiJhZG1pbiJ9.9wOcFCNavgyXWVYeo8uoJ916V1QnRhaKe6orQVk5hJU' LIMIT 1

2026/07/26 16:49:12 [32mD:/Develop/Project_pos_mahenz/BE/domain/auth/repo/auth_repo.go:46
[0m[33m[1.053ms] [34;1m[rows:1][0m SELECT id, user_id, user_role, token, device_info, expires_at FROM sessions WHERE token = 'eyJhbGciOiJIUzI1NiIsInR5cCI6IkpXVCJ9.eyJhcHBzIjoid2ViIiwiZXhwIjoxNzg1MDg4MTUxLCJmdWxsX25hbWUiOiJBZG1pbmlzdHJhdG9yIiwicm9sZSI6ImFkbWluIiwidXNlcl9pZCI6MiwidXNlcm5hbWUiOiJhZG1pbiJ9.9wOcFCNavgyXWVYeo8uoJ916V1QnRhaKe6orQVk5hJU' LIMIT 1

2026/07/26 16:49:12 [32mD:/Develop/Project_pos_mahenz/BE/domain/supplier/repo/supplier_repo.go:48
[0m[33m[0.000ms] [34;1m[rows:1][0m SELECT COUNT(*) FROM suppliers WHERE 1=1

2026/07/26 16:49:12 [32mD:/Develop/Project_pos_mahenz/BE/domain/product/repo/product_repo.go:100
[0m[33m[0.535ms] [34;1m[rows:1][0m SELECT COUNT(*) FROM products p WHERE 1=1

2026/07/26 16:49:12 [32mD:/Develop/Project_pos_mahenz/BE/domain/supplier/repo/supplier_repo.go:71
[0m[33m[0.541ms] [34;1m[rows:1][0m SELECT id, supplier_code, name, address, phone, email, contact_person, notes, is_active, created_at FROM suppliers WHERE 1=1 ORDER BY name ASC LIMIT 1 OFFSET 0
[GIN] 2026/07/26 - 16:49:12 | 200 |      2.1285ms |             ::1 | POST     "/api/suppliers/list"

2026/07/26 16:49:12 [32mD:/Develop/Project_pos_mahenz/BE/domain/product/repo/product_repo.go:119
[0m[33m[3.083ms] [34;1m[rows:1][0m 
		SELECT p.id, p.barcode, COALESCE(p.sku, '') as sku, p.name, p.category_id, COALESCE(c.name, '') as category_name,
		       p.purchase_price, p.selling_price, p.stock, p.reserved_qty, p.min_stock,
		       COALESCE(p.unit_id, 0) as unit_id, COALESCE(u.name, '') as unit_name, COALESCE(u.abbreviation, '') as unit_abbreviation,
		       p.is_active,
		       (SELECT COUNT(*) FROM product_packages pp WHERE pp.product_id = p.id AND pp.is_default = 0) AS extra_packages,
		       (SELECT COUNT(*) FROM product_prices pr WHERE pr.product_id = p.id) AS price_tiers_count
		FROM products p
		LEFT JOIN categories c ON p.category_id = c.id
		LEFT JOIN units u ON u.id = p.unit_id
		WHERE 1=1 ORDER BY p.name ASC LIMIT 1 OFFSET 0
[GIN] 2026/07/26 - 16:49:12 | 200 |      4.6706ms |             ::1 | POST     "/api/products/list"

2026/07/26 16:49:12 [32mD:/Develop/Project_pos_mahenz/BE/repository/log_request_repository.go:32
[0m[33m[9.924ms] [34;1m[rows:1][0m INSERT INTO log_requests (id, method, endpoint, status_code, request_body, response_body, user_id, duration_ms, ip_address, error_message, created_at) VALUES ('62c9c7c5-18ca-4f35-99e7-d9894a616f4a', 'POST', '/api/suppliers/list', 200, '{"page":1,"limit":1,"search":""}', '{"code":"00","status":true,"message":"Daftar supplier","data":[{"id":1,"supplier_code":"SUP-001","name":"Supplier Test Fase14","address":"Jl. Test","phone":"08123456789","email":"","contact_person":"","notes":"","is_active":true,"created_at":"2026-07-25T13:19:10+07:00"}],"pagination":{"page":1,"per_page":1,"total":2,"total_pages":2}}', 2, 2, '::1', NULL, '2026-07-26 16:49:12.419')

2026/07/26 16:49:12 [32mD:/Develop/Project_pos_mahenz/BE/repository/log_request_repository.go:32
[0m[33m[7.382ms] [34;1m[rows:1][0m INSERT INTO log_requests (id, method, endpoint, status_code, request_body, response_body, user_id, duration_ms, ip_address, error_message, created_at) VALUES ('db653131-5c68-4f10-9a95-89596f8c98a6', 'POST', '/api/products/list', 200, '{"page":1,"limit":1,"search":""}', '{"code":"00","status":true,"message":"Daftar produk","data":[{"id":4,"barcode":"8992260464338","sku":"SEM-0003","name":"Gula Pasir 1kg","category_id":1,"category_name":"Sembako Test","purchase_price":0,"selling_price":15000,"stock":50,"reserved_qty":0,"min_stock":5,"unit_id":1,"unit_name":"Pieces","unit_abbreviation":"Pcs","is_active":false,"extra_packages":0,"price_tiers_count":0}],"pagination":{"page":1,"per_page":1,"total":13,"total_pages":13}}', 2, 4, '::1', NULL, '2026-07-26 16:49:12.422')
[GIN] 2026/07/26 - 16:49:12 | 204 |            0s |             ::1 | OPTIONS  "/api/suppliers/options"
[GIN] 2026/07/26 - 16:49:12 | 204 |            0s |             ::1 | OPTIONS  "/api/payment-statuses/list"
[GIN] 2026/07/26 - 16:49:12 | 204 |            0s |             ::1 | OPTIONS  "/api/settings/pagination_sizes"
[GIN] 2026/07/26 - 16:49:12 | 204 |            0s |             ::1 | OPTIONS  "/api/payment-methods/list"

2026/07/26 16:49:12 [32mD:/Develop/Project_pos_mahenz/BE/domain/auth/repo/auth_repo.go:46
[0m[33m[0.519ms] [34;1m[rows:1][0m SELECT id, user_id, user_role, token, device_info, expires_at FROM sessions WHERE token = 'eyJhbGciOiJIUzI1NiIsInR5cCI6IkpXVCJ9.eyJhcHBzIjoid2ViIiwiZXhwIjoxNzg1MDg4MTUxLCJmdWxsX25hbWUiOiJBZG1pbmlzdHJhdG9yIiwicm9sZSI6ImFkbWluIiwidXNlcl9pZCI6MiwidXNlcm5hbWUiOiJhZG1pbiJ9.9wOcFCNavgyXWVYeo8uoJ916V1QnRhaKe6orQVk5hJU' LIMIT 1
[GIN] 2026/07/26 - 16:49:12 | 204 |            0s |             ::1 | OPTIONS  "/api/supplier-purchases/list"

2026/07/26 16:49:12 [32mD:/Develop/Project_pos_mahenz/BE/domain/supplier/repo/supplier_repo.go:48
[0m[33m[0.612ms] [34;1m[rows:1][0m SELECT COUNT(*) FROM suppliers WHERE 1=1

2026/07/26 16:49:12 [32mD:/Develop/Project_pos_mahenz/BE/domain/auth/repo/auth_repo.go:46
[0m[33m[0.612ms] [34;1m[rows:1][0m SELECT id, user_id, user_role, token, device_info, expires_at FROM sessions WHERE token = 'eyJhbGciOiJIUzI1NiIsInR5cCI6IkpXVCJ9.eyJhcHBzIjoid2ViIiwiZXhwIjoxNzg1MDg4MTUxLCJmdWxsX25hbWUiOiJBZG1pbmlzdHJhdG9yIiwicm9sZSI6ImFkbWluIiwidXNlcl9pZCI6MiwidXNlcm5hbWUiOiJhZG1pbiJ9.9wOcFCNavgyXWVYeo8uoJ916V1QnRhaKe6orQVk5hJU' LIMIT 1

2026/07/26 16:49:12 [32mD:/Develop/Project_pos_mahenz/BE/domain/supplier/repo/supplier_repo.go:85
[0m[33m[0.523ms] [34;1m[rows:1][0m SELECT id, supplier_code, name FROM suppliers WHERE is_active = 1 ORDER BY name

2026/07/26 16:49:12 [32mD:/Develop/Project_pos_mahenz/BE/domain/supplier/repo/supplier_repo.go:71
[0m[33m[0.523ms] [34;1m[rows:2][0m SELECT id, supplier_code, name, address, phone, email, contact_person, notes, is_active, created_at FROM suppliers WHERE 1=1 ORDER BY name ASC LIMIT 10 OFFSET 0
[GIN] 2026/07/26 - 16:49:12 | 200 |      1.1351ms |             ::1 | POST     "/api/suppliers/options"
[GIN] 2026/07/26 - 16:49:12 | 200 |       2.159ms |             ::1 | POST     "/api/suppliers/list"

2026/07/26 16:49:12 [32mD:/Develop/Project_pos_mahenz/BE/domain/auth/repo/auth_repo.go:46
[0m[33m[0.000ms] [34;1m[rows:1][0m SELECT id, user_id, user_role, token, device_info, expires_at FROM sessions WHERE token = 'eyJhbGciOiJIUzI1NiIsInR5cCI6IkpXVCJ9.eyJhcHBzIjoid2ViIiwiZXhwIjoxNzg1MDg4MTUxLCJmdWxsX25hbWUiOiJBZG1pbmlzdHJhdG9yIiwicm9sZSI6ImFkbWluIiwidXNlcl9pZCI6MiwidXNlcm5hbWUiOiJhZG1pbiJ9.9wOcFCNavgyXWVYeo8uoJ916V1QnRhaKe6orQVk5hJU' LIMIT 1

2026/07/26 16:49:12 [32mD:/Develop/Project_pos_mahenz/BE/domain/payment_status/repo/payment_status_repo.go:9
[0m[33m[0.521ms] [34;1m[rows:3][0m SELECT id, code, label, is_active, sort_order FROM payment_statuses WHERE is_active = 1 ORDER BY sort_order ASC
[GIN] 2026/07/26 - 16:49:12 | 200 |      1.1591ms |             ::1 | POST     "/api/payment-statuses/list"

2026/07/26 16:49:12 [32mD:/Develop/Project_pos_mahenz/BE/domain/auth/repo/auth_repo.go:46
[0m[33m[0.521ms] [34;1m[rows:1][0m SELECT id, user_id, user_role, token, device_info, expires_at FROM sessions WHERE token = 'eyJhbGciOiJIUzI1NiIsInR5cCI6IkpXVCJ9.eyJhcHBzIjoid2ViIiwiZXhwIjoxNzg1MDg4MTUxLCJmdWxsX25hbWUiOiJBZG1pbmlzdHJhdG9yIiwicm9sZSI6ImFkbWluIiwidXNlcl9pZCI6MiwidXNlcm5hbWUiOiJhZG1pbiJ9.9wOcFCNavgyXWVYeo8uoJ916V1QnRhaKe6orQVk5hJU' LIMIT 1

2026/07/26 16:49:12 [32mD:/Develop/Project_pos_mahenz/BE/domain/auth/repo/auth_repo.go:46
[0m[33m[0.566ms] [34;1m[rows:1][0m SELECT id, user_id, user_role, token, device_info, expires_at FROM sessions WHERE token = 'eyJhbGciOiJIUzI1NiIsInR5cCI6IkpXVCJ9.eyJhcHBzIjoid2ViIiwiZXhwIjoxNzg1MDg4MTUxLCJmdWxsX25hbWUiOiJBZG1pbmlzdHJhdG9yIiwicm9sZSI6ImFkbWluIiwidXNlcl9pZCI6MiwidXNlcm5hbWUiOiJhZG1pbiJ9.9wOcFCNavgyXWVYeo8uoJ916V1QnRhaKe6orQVk5hJU' LIMIT 1

2026/07/26 16:49:12 [32mD:/Develop/Project_pos_mahenz/BE/domain/setting/repo/setting_repo.go:32
[0m[33m[0.000ms] [34;1m[rows:-][0m SELECT setting_key, setting_value FROM settings WHERE setting_key = 'pagination_sizes'
[GIN] 2026/07/26 - 16:49:12 | 200 |      1.6129ms |             ::1 | GET      "/api/settings/pagination_sizes"

2026/07/26 16:49:12 [32mD:/Develop/Project_pos_mahenz/BE/domain/payment_method/repo/payment_method_repo.go:9
[0m[33m[0.526ms] [34;1m[rows:5][0m SELECT id, code, label, is_active, sort_order FROM payment_methods WHERE is_active = 1 ORDER BY sort_order ASC
[GIN] 2026/07/26 - 16:49:12 | 200 |      1.0916ms |             ::1 | POST     "/api/payment-methods/list"

2026/07/26 16:49:12 [32mD:/Develop/Project_pos_mahenz/BE/domain/auth/repo/auth_repo.go:46
[0m[33m[0.529ms] [34;1m[rows:1][0m SELECT id, user_id, user_role, token, device_info, expires_at FROM sessions WHERE token = 'eyJhbGciOiJIUzI1NiIsInR5cCI6IkpXVCJ9.eyJhcHBzIjoid2ViIiwiZXhwIjoxNzg1MDg4MTUxLCJmdWxsX25hbWUiOiJBZG1pbmlzdHJhdG9yIiwicm9sZSI6ImFkbWluIiwidXNlcl9pZCI6MiwidXNlcm5hbWUiOiJhZG1pbiJ9.9wOcFCNavgyXWVYeo8uoJ916V1QnRhaKe6orQVk5hJU' LIMIT 1

2026/07/26 16:49:12 [32mD:/Develop/Project_pos_mahenz/BE/repository/log_request_repository.go:32
[0m[33m[3.381ms] [34;1m[rows:1][0m INSERT INTO log_requests (id, method, endpoint, status_code, request_body, response_body, user_id, duration_ms, ip_address, error_message, created_at) VALUES ('df10e7d4-549e-4b47-81ca-38a407c5cbb1', 'POST', '/api/suppliers/options', 200, '{"search":""}', '{"code":"00","status":true,"message":"Opsi supplier","data":[{"id":1,"supplier_code":"SUP-001","name":"Supplier Test Fase14"}]}', 2, 1, '::1', NULL, '2026-07-26 16:49:12.514')

2026/07/26 16:49:12 [32mD:/Develop/Project_pos_mahenz/BE/repository/log_request_repository.go:32
[0m[33m[3.381ms] [34;1m[rows:1][0m INSERT INTO log_requests (id, method, endpoint, status_code, request_body, response_body, user_id, duration_ms, ip_address, error_message, created_at) VALUES ('9fb15bc7-d763-434b-8304-29b0bdaaf92f', 'POST', '/api/suppliers/list', 200, '{"page":1,"limit":200,"search":""}', '{"code":"00","status":true,"message":"Daftar supplier","data":[{"id":1,"supplier_code":"SUP-001","name":"Supplier Test Fase14","address":"Jl. Test","phone":"08123456789","email":"","contact_person":"","notes":"","is_active":true,"created_at":"2026-07-25T13:19:10+07:00"},{"id":3,"supplier_code":"SUP-002","name":"Supplier Test Void Debt","address":"","phone":"","email":"","contact_person":"","notes":"","is_active":false,"created_at":"2026-07-26T10:32:08+07:00"}],"pagination":{"page":1,"per_page":200,"total":2,"total_pages":1}}', 2, 2, '::1', NULL, '2026-07-26 16:49:12.514')

2026/07/26 16:49:12 [32mD:/Develop/Project_pos_mahenz/BE/repository/log_request_repository.go:32
[0m[33m[2.221ms] [34;1m[rows:1][0m INSERT INTO log_requests (id, method, endpoint, status_code, request_body, response_body, user_id, duration_ms, ip_address, error_message, created_at) VALUES ('a5351e54-bc04-4b4f-ad55-c6394211903d', 'POST', '/api/payment-statuses/list', 200, '{}', '{"code":"00","status":true,"message":"Daftar status pembayaran","data":[{"id":1,"code":"unpaid","label":"Hutang","is_active":1,"sort_order":1},{"id":2,"code":"partial","label":"Bayar Sebagian","is_active":1,"sort_order":2},{"id":3,"code":"paid","label":"Lunas","is_active":1,"sort_order":3}]}', 2, 1, '::1', NULL, '2026-07-26 16:49:12.515')

2026/07/26 16:49:12 [32mD:/Develop/Project_pos_mahenz/BE/domain/supplier_purchase/repo/purchase_repo.go:132
[0m[33m[0.601ms] [34;1m[rows:1][0m SELECT COUNT(*) FROM purchases p WHERE 1=1 AND DATE(p.purchase_date) >= '2026-07-01' AND DATE(p.purchase_date) <= '2026-07-26'

2026/07/26 16:49:12 [32mD:/Develop/Project_pos_mahenz/BE/repository/log_request_repository.go:32
[0m[33m[1.652ms] [34;1m[rows:1][0m INSERT INTO log_requests (id, method, endpoint, status_code, request_body, response_body, user_id, duration_ms, ip_address, error_message, created_at) VALUES ('e94aebd6-3095-4530-8001-6382d3be26bb', 'GET', '/api/settings/pagination_sizes', 200, '', '{"code":"00","status":true,"message":"Detail pengaturan","data":{"key":"pagination_sizes","value":"[10,20,50]"}}', 2, 1, '::1', NULL, '2026-07-26 16:49:12.516')

2026/07/26 16:49:12 [32mD:/Develop/Project_pos_mahenz/BE/repository/log_request_repository.go:32
[0m[33m[2.789ms] [34;1m[rows:1][0m INSERT INTO log_requests (id, method, endpoint, status_code, request_body, response_body, user_id, duration_ms, ip_address, error_message, created_at) VALUES ('8579c27d-8442-4eb8-8159-08ac7267723b', 'POST', '/api/payment-methods/list', 200, '{}', '{"code":"00","status":true,"message":"Daftar metode pembayaran","data":[{"id":1,"code":"cash","label":"Tunai","is_active":1,"sort_order":1},{"id":2,"code":"transfer","label":"Transfer Bank","is_active":1,"sort_order":2},{"id":3,"code":"card","label":"Kartu","is_active":1,"sort_order":3},{"id":4,"code":"qris","label":"QRIS","is_active":1,"sort_order":4},{"id":5,"code":"kredit","label":"Kredit","is_active":1,"sort_order":5}]}', 2, 1, '::1', NULL, '2026-07-26 16:49:12.516')

2026/07/26 16:49:12 [32mD:/Develop/Project_pos_mahenz/BE/domain/supplier_purchase/repo/purchase_repo.go:149
[0m[33m[7.024ms] [34;1m[rows:-][0m SELECT p.id, p.purchase_code, p.invoice_number, p.supplier_id, COALESCE(s.name, '') as supplier_name, p.purchase_date, p.discount_amount, p.total_amount, p.payment_status, p.paid_amount, p.remaining_amount, p.status, COALESCE(u.full_name, '') as user_name, p.notes FROM purchases p LEFT JOIN users u ON p.user_id = u.id LEFT JOIN suppliers s ON p.supplier_id = s.id WHERE 1=1 AND DATE(p.purchase_date) >= '2026-07-01' AND DATE(p.purchase_date) <= '2026-07-26' ORDER BY p.purchase_date DESC, p.id DESC LIMIT 10 OFFSET 0
[GIN] 2026/07/26 - 16:49:12 | 200 |      9.4188ms |             ::1 | POST     "/api/supplier-purchases/list"

2026/07/26 16:49:12 [32mD:/Develop/Project_pos_mahenz/BE/repository/log_request_repository.go:32
[0m[33m[3.203ms] [34;1m[rows:1][0m INSERT INTO log_requests (id, method, endpoint, status_code, request_body, response_body, user_id, duration_ms, ip_address, error_message, created_at) VALUES ('2dd58110-982a-4648-91c2-ef3a230a1092', 'POST', '/api/supplier-purchases/list', 200, '{"page":1,"limit":10,"start_date":"2026-07-01","end_date":"2026-07-26"}', '{"code":"00","status":true,"message":"Daftar purchase order","data":[{"id":31,"purchase_code":"PO-20260726-021","invoice_number":"INV-BROWSER-EDIT-PAID","supplier_id":1,"supplier_name":"Supplier Test Fase14","purchase_date":"2026-07-26T00:00:00+07:00","discount_amount":0,"total_amount":7000,"payment_status":"partial","paid_amount":4000,"remaining_amount":3000,"status":"active","user_name":"Administrator","notes":""},{"id":30,"purchase_code":"PO-20260726-020","invoice_number":"INV-EDIT-SWAP-B","supplier_id":1,"supplier_name":"Supplier Test Fase14","purchase_date":"2026-07-26T00:00:00+07:00","discount_amount":0,"total_amount":10000,"payment_status":"unpaid","paid_amount":0,"remaining_amount":10000,"status":"active","user_name":"Administrator","notes":""},{"id":29,"purchase_code":"PO-20260726-019","invoice_number":"INV-BASESTOCK-C","supplier_id":1,"supplier_name":"Supplier Test Fase14","purchase_date":"2026-07-26T00:00:00+07:00","discount_amount":0,"total_amount":3000,"payment_status":"unpaid","paid_amount":0,"remaining_amount":3000,"status":"active","user_name":"Administrator","notes":""},{"id":28,"purchase_code":"PO-20260726-018","invoice_number":"INV-EDIT-SWAP-EXP3","supplier_id":1,"supplier_name":"Supplier Test Fase14","purchase_date":"2026-07-26T00:00:00+07:00","discount_amount":0,"total_amount":2000,"payment_status":"unpaid","paid_amount":0,"remaining_amount":2000,"status":"active","user_name":"Administrator","notes":""},{"id":27,"purchase_code":"PO-20260726-017","invoice_number":"INV-EDIT-SWAP-EXP2","supplier_id":1,"supplier_name":"Supplier Test Fase14","purchase_date":"2026-07-26T00:00:00+07:00","discount_amount":0,"total_amount":2000,"payment_status":"unpaid","paid_amount":0,"remaining_amount":2000,"status":"active","user_name":"Administrator","notes":""},{"id":26,"purchase_code":"PO-20260726-016","invoice_number":"INV-EDIT-SWAP-EXP","supplier_id":1,"supplier_name":"Supplier Test Fase14","purchase_date":"2026-07-26T00:00:00+07:00","discount_amount":0,"total_amount":3000,"payment_status":"unpaid","paid_amount":0,"remaining_amount":3000,"status":"active","user_name":"Administrator","notes":""},{"id":25,"purchase_code":"PO-20260726-015","invoice_number":"INV-EDIT-SWAP2","supplier_id":1,"supplier_name":"Supplier Test Fase14","purchase_date":"2026-07-26T00:00:00+07:00","discount_amount":0,"total_amount":3000,"payment_status":"unpaid","paid_amount":0,"remaining_amount":3000,"status":"active","user_name":"Administrator","notes":""},{"id":24,"purchase_code":"PO-20260726-014","invoice_number":"INV-EDIT-STOCKSWAP","supplier_id":1,"supplier_name":"Supplier Test Fase14","purchase_date":"2026-07-26T00:00:00+07:00","discount_amount":0,"total_amount":10000,"payment_status":"unpaid","paid_amount":0,"remaining_amount":10000,"status":"active","user_name":"Administrator","notes":""},{"id":23,"purchase_code":"PO-20260726-013","invoice_number":"INV-EDIT-PAID","supplier_id":1,"supplier_name":"Supplier Test Fase14","purchase_date":"2026-07-26T00:00:00+07:00","discount_amount":0,"total_amount":8000,"payment_status":"partial","paid_amount":5000,"remaining_amount":3000,"status":"active","user_name":"Administrator","notes":""},{"id":21,"purchase_code":"PO-20260726-012","invoice_number":"INV-QA-DEBT-TEST","supplier_id":3,"supplier_name":"Supplier Test Void Debt","purchase_date":"2026-07-26T00:00:00+07:00","discount_amount":0,"total_amount":1000,"payment_status":"partial","paid_amount":500,"remaining_amount":0,"status":"void","user_name":"Administrator","notes":""}],"pagination":{"page":1,"per_page":10,"total":23,"total_pages":3}}', 2, 9, '::1', NULL, '2026-07-26 16:49:12.525')
[GIN] 2026/07/26 - 16:49:13 | 204 |            0s |             ::1 | OPTIONS  "/api/supplier-purchases/detail/25"

2026/07/26 16:49:13 [32mD:/Develop/Project_pos_mahenz/BE/domain/auth/repo/auth_repo.go:46
[0m[33m[1.548ms] [34;1m[rows:1][0m SELECT id, user_id, user_role, token, device_info, expires_at FROM sessions WHERE token = 'eyJhbGciOiJIUzI1NiIsInR5cCI6IkpXVCJ9.eyJhcHBzIjoid2ViIiwiZXhwIjoxNzg1MDg4MTUxLCJmdWxsX25hbWUiOiJBZG1pbmlzdHJhdG9yIiwicm9sZSI6ImFkbWluIiwidXNlcl9pZCI6MiwidXNlcm5hbWUiOiJhZG1pbiJ9.9wOcFCNavgyXWVYeo8uoJ916V1QnRhaKe6orQVk5hJU' LIMIT 1

2026/07/26 16:49:13 [32mD:/Develop/Project_pos_mahenz/BE/domain/supplier_purchase/repo/purchase_repo.go:174
[0m[33m[4.535ms] [34;1m[rows:-][0m SELECT p.id, p.purchase_code, p.invoice_number, p.supplier_id, COALESCE(s.name, '') as supplier_name, p.purchase_date, p.discount_amount, p.total_amount, p.payment_status, p.paid_amount, p.remaining_amount, p.status, COALESCE(u.full_name, '') as user_name, p.notes FROM purchases p LEFT JOIN users u ON p.user_id = u.id LEFT JOIN suppliers s ON p.supplier_id = s.id WHERE p.id = 25

2026/07/26 16:49:13 [32mD:/Develop/Project_pos_mahenz/BE/domain/supplier_purchase/repo/purchase_repo.go:216
[0m[33m[0.999ms] [34;1m[rows:-][0m SELECT pi.id, pi.product_id, COALESCE(p.name, '') as product_name, pi.quantity, pi.unit, COALESCE(pi.conversion_qty, 1) as conversion_qty, pi.purchase_price, pi.subtotal FROM purchase_items pi LEFT JOIN products p ON pi.product_id = p.id WHERE pi.purchase_id = 25

2026/07/26 16:49:13 [32mD:/Develop/Project_pos_mahenz/BE/domain/supplier_purchase/repo/purchase_repo.go:250
[0m[33m[0.723ms] [34;1m[rows:0][0m SELECT qty, expired_date FROM product_expiry_batches WHERE purchase_item_id = 38 ORDER BY expired_date ASC
[GIN] 2026/07/26 - 16:49:13 | 200 |      9.0623ms |             ::1 | POST     "/api/supplier-purchases/detail/25"

2026/07/26 16:49:13 [32mD:/Develop/Project_pos_mahenz/BE/repository/log_request_repository.go:32
[0m[33m[3.674ms] [34;1m[rows:1][0m INSERT INTO log_requests (id, method, endpoint, status_code, request_body, response_body, user_id, duration_ms, ip_address, error_message, created_at) VALUES ('53296913-151d-4090-b043-0c03537dc9bd', 'POST', '/api/supplier-purchases/detail/25', 200, '{}', '{"code":"00","status":true,"message":"Detail purchase order","data":{"id":25,"purchase_code":"PO-20260726-015","invoice_number":"INV-EDIT-SWAP2","supplier_id":1,"supplier_name":"Supplier Test Fase14","purchase_date":"2026-07-26T00:00:00+07:00","discount_amount":0,"total_amount":3000,"payment_status":"unpaid","paid_amount":0,"remaining_amount":3000,"status":"active","user_name":"Administrator","notes":"","items":[{"id":38,"product_id":13,"product_name":"Produk Test StockSwap","quantity":3,"unit":"Pieces","conversion_qty":1,"purchase_price":1000,"subtotal":3000}]}}', 2, 9, '::1', NULL, '2026-07-26 16:49:13.859')
[GIN] 2026/07/26 - 16:49:14 | 204 |            0s |             ::1 | OPTIONS  "/api/products/detail/13"

2026/07/26 16:49:14 [32mD:/Develop/Project_pos_mahenz/BE/domain/auth/repo/auth_repo.go:46
[0m[33m[0.506ms] [34;1m[rows:1][0m SELECT id, user_id, user_role, token, device_info, expires_at FROM sessions WHERE token = 'eyJhbGciOiJIUzI1NiIsInR5cCI6IkpXVCJ9.eyJhcHBzIjoid2ViIiwiZXhwIjoxNzg1MDg4MTUxLCJmdWxsX25hbWUiOiJBZG1pbmlzdHJhdG9yIiwicm9sZSI6ImFkbWluIiwidXNlcl9pZCI6MiwidXNlcm5hbWUiOiJhZG1pbiJ9.9wOcFCNavgyXWVYeo8uoJ916V1QnRhaKe6orQVk5hJU' LIMIT 1

2026/07/26 16:49:14 [32mD:/Develop/Project_pos_mahenz/BE/domain/product/repo/product_repo.go:136
[0m[33m[0.528ms] [34;1m[rows:1][0m 
		SELECT p.id, p.barcode, COALESCE(p.sku, '') as sku, p.name, p.category_id, COALESCE(c.name, '') as category_name,
		       p.purchase_price, p.selling_price, p.stock, p.reserved_qty, p.min_stock,
		       COALESCE(p.unit_id, 0) as unit_id, COALESCE(u.name, '') as unit_name, COALESCE(u.abbreviation, '') as unit_abbreviation,
		       p.is_active, p.created_at, p.updated_at,
		       (SELECT COUNT(*) FROM product_packages pp WHERE pp.product_id = p.id AND pp.is_default = 0) AS extra_packages,
		       (SELECT COUNT(*) FROM product_prices pr WHERE pr.product_id = p.id) AS price_tiers_count
		FROM products p
		LEFT JOIN categories c ON p.category_id = c.id
		LEFT JOIN units u ON u.id = p.unit_id
		WHERE p.id = 13 LIMIT 1
[GIN] 2026/07/26 - 16:49:14 | 200 |      1.6162ms |             ::1 | POST     "/api/products/detail/13"

2026/07/26 16:49:14 [32mD:/Develop/Project_pos_mahenz/BE/repository/log_request_repository.go:32
[0m[33m[3.535ms] [34;1m[rows:1][0m INSERT INTO log_requests (id, method, endpoint, status_code, request_body, response_body, user_id, duration_ms, ip_address, error_message, created_at) VALUES ('0b602661-759a-468d-a7cf-a3df938a5bd2', 'POST', '/api/products/detail/13', 200, '{}', '{"code":"00","status":true,"message":"Detail produk","data":{"id":13,"barcode":"9990001112223","sku":"TESTSWAP-001","name":"Produk Test StockSwap","category_id":1,"category_name":"Sembako Test","purchase_price":1000,"selling_price":2000,"stock":0,"reserved_qty":0,"min_stock":1,"unit_id":1,"unit_name":"Pieces","unit_abbreviation":"Pcs","is_active":true,"extra_packages":0,"price_tiers_count":0}}', 2, 1, '::1', NULL, '2026-07-26 16:49:14.025')
[GIN] 2026/07/26 - 16:49:15 | 204 |            0s |             ::1 | OPTIONS  "/api/products/search"

2026/07/26 16:49:15 [32mD:/Develop/Project_pos_mahenz/BE/domain/auth/repo/auth_repo.go:46
[0m[33m[0.817ms] [34;1m[rows:1][0m SELECT id, user_id, user_role, token, device_info, expires_at FROM sessions WHERE token = 'eyJhbGciOiJIUzI1NiIsInR5cCI6IkpXVCJ9.eyJhcHBzIjoid2ViIiwiZXhwIjoxNzg1MDg4MTUxLCJmdWxsX25hbWUiOiJBZG1pbmlzdHJhdG9yIiwicm9sZSI6ImFkbWluIiwidXNlcl9pZCI6MiwidXNlcm5hbWUiOiJhZG1pbiJ9.9wOcFCNavgyXWVYeo8uoJ916V1QnRhaKe6orQVk5hJU' LIMIT 1

2026/07/26 16:49:15 [32mD:/Develop/Project_pos_mahenz/BE/domain/product/repo/product_repo.go:170
[0m[33m[0.758ms] [34;1m[rows:1][0m 
		SELECT p.id, p.barcode, p.name, p.selling_price, (p.stock - p.reserved_qty) as stock, p.min_stock,
		       COALESCE(p.unit_id, 0) as unit_id, COALESCE(u.name, '') as unit_name
		FROM products p
		LEFT JOIN units u ON u.id = p.unit_id
		WHERE p.is_active = 1 AND (p.name LIKE '%Rokok Test Berantai%' OR p.barcode LIKE '%Rokok Test Berantai%') LIMIT 20
[GIN] 2026/07/26 - 16:49:15 | 200 |      2.2723ms |             ::1 | POST     "/api/products/search"

2026/07/26 16:49:15 [32mD:/Develop/Project_pos_mahenz/BE/repository/log_request_repository.go:32
[0m[33m[9.862ms] [34;1m[rows:1][0m INSERT INTO log_requests (id, method, endpoint, status_code, request_body, response_body, user_id, duration_ms, ip_address, error_message, created_at) VALUES ('b18b4203-2406-4094-96d8-6c6559bef0fb', 'POST', '/api/products/search', 200, '{"q":"Rokok Test Berantai","limit":20}', '{"code":"00","status":true,"message":"Hasil pencarian produk","data":[{"id":12,"barcode":"8997789608850","name":"Rokok Test Berantai","selling_price":1000,"stock":3069,"min_stock":5,"unit_id":2,"unit_name":"Batang"}]}', 2, 2, '::1', NULL, '2026-07-26 16:49:15.581')
[GIN] 2026/07/26 - 16:49:16 | 204 |            0s |             ::1 | OPTIONS  "/api/products/12/packages/list"

2026/07/26 16:49:16 [32mD:/Develop/Project_pos_mahenz/BE/domain/auth/repo/auth_repo.go:46
[0m[33m[0.754ms] [34;1m[rows:1][0m SELECT id, user_id, user_role, token, device_info, expires_at FROM sessions WHERE token = 'eyJhbGciOiJIUzI1NiIsInR5cCI6IkpXVCJ9.eyJhcHBzIjoid2ViIiwiZXhwIjoxNzg1MDg4MTUxLCJmdWxsX25hbWUiOiJBZG1pbmlzdHJhdG9yIiwicm9sZSI6ImFkbWluIiwidXNlcl9pZCI6MiwidXNlcm5hbWUiOiJhZG1pbiJ9.9wOcFCNavgyXWVYeo8uoJ916V1QnRhaKe6orQVk5hJU' LIMIT 1

2026/07/26 16:49:16 [32mD:/Develop/Project_pos_mahenz/BE/domain/product/repo/product_repo.go:136
[0m[33m[1.357ms] [34;1m[rows:1][0m 
		SELECT p.id, p.barcode, COALESCE(p.sku, '') as sku, p.name, p.category_id, COALESCE(c.name, '') as category_name,
		       p.purchase_price, p.selling_price, p.stock, p.reserved_qty, p.min_stock,
		       COALESCE(p.unit_id, 0) as unit_id, COALESCE(u.name, '') as unit_name, COALESCE(u.abbreviation, '') as unit_abbreviation,
		       p.is_active, p.created_at, p.updated_at,
		       (SELECT COUNT(*) FROM product_packages pp WHERE pp.product_id = p.id AND pp.is_default = 0) AS extra_packages,
		       (SELECT COUNT(*) FROM product_prices pr WHERE pr.product_id = p.id) AS price_tiers_count
		FROM products p
		LEFT JOIN categories c ON p.category_id = c.id
		LEFT JOIN units u ON u.id = p.unit_id
		WHERE p.id = 12 LIMIT 1

2026/07/26 16:49:16 [32mD:/Develop/Project_pos_mahenz/BE/domain/product/repo/product_package_repo.go:23
[0m[33m[15.097ms] [34;1m[rows:4][0m 
		SELECT pp.id, pp.product_id, pp.unit_id, COALESCE(u.name, '') AS unit_name, COALESCE(u.abbreviation, '') AS abbreviation,
		       COALESCE(pp.package_name, '') AS package_name, pp.ref_package_id, pp.qty, pp.ref_qty, pp.purchase_price, pp.selling_price, pp.is_default
		FROM product_packages pp
		JOIN units u ON u.id = pp.unit_id
		WHERE pp.product_id = 12
[GIN] 2026/07/26 - 16:49:16 | 200 |     21.2433ms |             ::1 | POST     "/api/products/12/packages/list"

2026/07/26 16:49:16 [32mD:/Develop/Project_pos_mahenz/BE/repository/log_request_repository.go:32
[0m[33m[21.574ms] [34;1m[rows:1][0m INSERT INTO log_requests (id, method, endpoint, status_code, request_body, response_body, user_id, duration_ms, ip_address, error_message, created_at) VALUES ('d8f0c5c2-931a-43a2-9d32-6b79394702c7', 'POST', '/api/products/12/packages/list', 200, '{}', '{"code":"00","status":true,"message":"Daftar paket produk","data":[{"id":13,"product_id":12,"unit_id":2,"unit_name":"Batang","abbreviation":"Btg","package_name":"","ref_package_id":null,"qty":1,"ref_qty":null,"resolved_factor":1,"purchase_price":800,"selling_price":1000,"is_default":true},{"id":14,"product_id":12,"unit_id":3,"unit_name":"Pack","abbreviation":"Pack","package_name":"","ref_package_id":13,"qty":1,"ref_qty":20,"resolved_factor":20,"purchase_price":15000,"selling_price":20000,"is_default":false},{"id":15,"product_id":12,"unit_id":4,"unit_name":"Slop","abbreviation":"Slop","package_name":"","ref_package_id":14,"qty":1,"ref_qty":10,"resolved_factor":200,"purchase_price":140000,"selling_price":150000,"is_default":false},{"id":16,"product_id":12,"unit_id":1,"unit_name":"Pieces","abbreviation":"Pcs","package_name":"","ref_package_id":15,"qty":1,"ref_qty":5,"resolved_factor":1000,"purchase_price":0,"selling_price":700000,"is_default":false}]}', 2, 20, '::1', NULL, '2026-07-26 16:49:16.052')
2026/07/26 16:56:35 Shutdown Server ...
2026/07/26 16:56:35 All connections closed successfully
2026/07/26 16:56:35 Server Exiting
