
2026/07/26 10:21:19 [32mD:/Develop/Project_pos_mahenz/BE/database/migrate.go:99
[0m[33m[0.520ms] [34;1m[rows:0][0m CREATE TABLE IF NOT EXISTS migrations_history (
		id          INT AUTO_INCREMENT PRIMARY KEY,
		filename    VARCHAR(255) UNIQUE NOT NULL,
		executed_at DATETIME DEFAULT CURRENT_TIMESTAMP
	) DEFAULT CHARSET=utf8

2026/07/26 10:21:19 [32mD:/Develop/Project_pos_mahenz/BE/database/migrate.go:27
[0m[33m[0.505ms] [34;1m[rows:1][0m SELECT COUNT(*) FROM migrations_history

2026/07/26 10:21:19 [32mD:/Develop/Project_pos_mahenz/BE/database/migrate.go:28
[0m[33m[3.155ms] [34;1m[rows:1][0m SELECT COUNT(*) FROM information_schema.tables WHERE table_schema = DATABASE() AND table_name != 'migrations_history'

2026/07/26 10:21:19 [32mD:/Develop/Project_pos_mahenz/BE/database/migrate.go:104
[0m[33m[1.262ms] [34;1m[rows:1][0m SELECT COUNT(*) FROM migrations_history WHERE filename = '001_init_schema.sql'

2026/07/26 10:21:19 [32mD:/Develop/Project_pos_mahenz/BE/database/migrate.go:104
[0m[33m[0.553ms] [34;1m[rows:1][0m SELECT COUNT(*) FROM migrations_history WHERE filename = '002_seed_data.sql'
2026/07/26 10:21:19 [37mServer running on port[0m :8080
2026/07/26 10:21:19 [37mRoutes:[0m
2026/07/26 10:21:19 [32mPOST[0m   [34m/api/supplier-purchases/detail/:id           [0m   [37mpos_api/domain/supplier_purchase/handler.(*PurchaseHandler).GetByID-fm[0m
2026/07/26 10:21:19 [32mPOST[0m   [34m/api/supplier-purchases/delete/:id           [0m   [37mpos_api/domain/supplier_purchase/handler.(*PurchaseHandler).Delete-fm[0m
2026/07/26 10:21:19 [32mPOST[0m   [34m/api/supplier-purchases/generate-code        [0m   [37mpos_api/domain/supplier_purchase/handler.(*PurchaseHandler).GenerateCode-fm[0m
2026/07/26 10:21:19 [32mPOST[0m   [34m/api/supplier-purchases/list                 [0m   [37mpos_api/domain/supplier_purchase/handler.(*PurchaseHandler).GetAll-fm[0m
2026/07/26 10:21:19 [32mPOST[0m   [34m/api/supplier-purchases/create               [0m   [37mpos_api/domain/supplier_purchase/handler.(*PurchaseHandler).Create-fm[0m
2026/07/26 10:21:19 [32mPOST[0m   [34m/api/supplier-purchases/update/:id           [0m   [37mpos_api/domain/supplier_purchase/handler.(*PurchaseHandler).Update-fm[0m
2026/07/26 10:21:19 [32mPOST[0m   [34m/api/supplier-purchases/pay/:id              [0m   [37mpos_api/domain/supplier_purchase/handler.(*PurchaseHandler).Pay-fm[0m
2026/07/26 10:21:19 [32mPOST[0m   [34m/api/supplier-purchases/void/:id             [0m   [37mpos_api/domain/supplier_purchase/handler.(*PurchaseHandler).Void-fm[0m
2026/07/26 10:21:19 [32mPOST[0m   [34m/api/supplier-purchases/:id/payments         [0m   [37mpos_api/domain/supplier_purchase/handler.(*PurchaseHandler).GetPayments-fm[0m
2026/07/26 10:21:19 [32mPOST[0m   [34m/api/supplier-purchases/:id/add-items        [0m   [37mpos_api/domain/supplier_purchase/handler.(*PurchaseHandler).AddItems-fm[0m
2026/07/26 10:21:19 [32mPOST[0m   [34m/api/supplier-returns/detail/:id             [0m   [37mpos_api/domain/supplier_return/handler.(*SupplierReturnHandler).GetByID-fm[0m
2026/07/26 10:21:19 [32mPOST[0m   [34m/api/supplier-returns/delete/:id             [0m   [37mpos_api/domain/supplier_return/handler.(*SupplierReturnHandler).Delete-fm[0m
2026/07/26 10:21:19 [32mPOST[0m   [34m/api/supplier-returns/list                   [0m   [37mpos_api/domain/supplier_return/handler.(*SupplierReturnHandler).GetAll-fm[0m
2026/07/26 10:21:19 [32mPOST[0m   [34m/api/supplier-returns/create                 [0m   [37mpos_api/domain/supplier_return/handler.(*SupplierReturnHandler).Create-fm[0m
2026/07/26 10:21:19 [32mPOST[0m   [34m/api/supplier-returns/update-status/:id      [0m   [37mpos_api/domain/supplier_return/handler.(*SupplierReturnHandler).UpdateStatus-fm[0m
2026/07/26 10:21:19 [32mPOST[0m   [34m/api/suppliers/detail/:id                    [0m   [37mpos_api/domain/supplier/handler.(*SupplierHandler).GetDetail-fm[0m
2026/07/26 10:21:19 [32mPOST[0m   [34m/api/suppliers/delete/:id                    [0m   [37mpos_api/domain/supplier/handler.(*SupplierHandler).Delete-fm[0m
2026/07/26 10:21:19 [32mPOST[0m   [34m/api/suppliers/list                          [0m   [37mpos_api/domain/supplier/handler.(*SupplierHandler).GetAll-fm[0m
2026/07/26 10:21:19 [32mPOST[0m   [34m/api/suppliers/options                       [0m   [37mpos_api/domain/supplier/handler.(*SupplierHandler).GetOptions-fm[0m
2026/07/26 10:21:19 [32mPOST[0m   [34m/api/suppliers/create                        [0m   [37mpos_api/domain/supplier/handler.(*SupplierHandler).Create-fm[0m
2026/07/26 10:21:19 [32mPOST[0m   [34m/api/suppliers/update/:id                    [0m   [37mpos_api/domain/supplier/handler.(*SupplierHandler).Update-fm[0m
2026/07/26 10:21:19 [32mPOST[0m   [34m/api/suppliers/toggle-status/:id             [0m   [37mpos_api/domain/supplier/handler.(*SupplierHandler).ToggleStatus-fm[0m
2026/07/26 10:21:19 [32mPOST[0m   [34m/api/shifts/detail/:id                       [0m   [37mpos_api/domain/shift/handler.(*ShiftHandler).GetByID-fm[0m
2026/07/26 10:21:19 [32mPOST[0m   [34m/api/shifts/delete/:id                       [0m   [37mpos_api/domain/shift/handler.(*ShiftHandler).Delete-fm[0m
2026/07/26 10:21:19 [32mPOST[0m   [34m/api/shifts/list                             [0m   [37mpos_api/domain/shift/handler.(*ShiftHandler).GetAll-fm[0m
2026/07/26 10:21:19 [32mPOST[0m   [34m/api/shifts/active                           [0m   [37mpos_api/domain/shift/handler.(*ShiftHandler).GetOptions-fm[0m
2026/07/26 10:21:19 [32mPOST[0m   [34m/api/shifts/summary                          [0m   [37mpos_api/domain/shift/handler.(*ShiftHandler).GetSummary-fm[0m
2026/07/26 10:21:19 [32mPOST[0m   [34m/api/shifts/create                           [0m   [37mpos_api/domain/shift/handler.(*ShiftHandler).Create-fm[0m
2026/07/26 10:21:19 [32mPOST[0m   [34m/api/shifts/update/:id                       [0m   [37mpos_api/domain/shift/handler.(*ShiftHandler).Update-fm[0m
2026/07/26 10:21:19 [32mPOST[0m   [34m/api/shifts/toggle-status/:id                [0m   [37mpos_api/domain/shift/handler.(*ShiftHandler).ToggleStatus-fm[0m
2026/07/26 10:21:19 [32mPOST[0m   [34m/api/settings                                [0m   [37mpos_api/domain/setting/handler.(*SettingHandler).Save-fm[0m
2026/07/26 10:21:19 [32mPOST[0m   [34m/api/settings/reset                          [0m   [37mpos_api/domain/setting/handler.(*SettingHandler).Reset-fm[0m
2026/07/26 10:21:19 [32mPOST[0m   [34m/api/settings/store                          [0m   [37mpos_api/domain/setting/handler.(*SettingHandler).UpdateStoreProfile-fm[0m
2026/07/26 10:21:19 [32mPOST[0m   [34m/api/settings/printer                        [0m   [37mpos_api/domain/setting/handler.(*SettingHandler).UpdatePrinterSettings-fm[0m
2026/07/26 10:21:19 [32mPOST[0m   [34m/api/stock-mutations/list                    [0m   [37mpos_api/domain/stock_mutation/handler.(*StockMutationHandler).GetAll-fm[0m
2026/07/26 10:21:19 [32mPOST[0m   [34m/api/stock-mutations/product/:product_id     [0m   [37mpos_api/domain/stock_mutation/handler.(*StockMutationHandler).GetByProduct-fm[0m
2026/07/26 10:21:19 [32mPOST[0m   [34m/api/sync/conflicts/:id/resolve              [0m   [37mpos_api/domain/sync/handler.(*SyncHandler).ResolveConflict-fm[0m
2026/07/26 10:21:19 [32mPOST[0m   [34m/api/sync/push                               [0m   [37mpos_api/domain/sync/handler.(*SyncHandler).PushSync-fm[0m
2026/07/26 10:21:19 [32mPOST[0m   [34m/api/products/import-preview                 [0m   [37mpos_api/domain/product/handler.(*ProductImportHandler).ImportPreview-fm[0m
2026/07/26 10:21:19 [32mPOST[0m   [34m/api/products/import-bulk                    [0m   [37mpos_api/domain/product/handler.(*ProductImportHandler).ImportBulk-fm[0m
2026/07/26 10:21:19 [32mPOST[0m   [34m/api/products/import-template                [0m   [37mpos_api/domain/product/handler.(*ProductImportHandler).DownloadImportTemplate-fm[0m
2026/07/26 10:21:19 [32mPOST[0m   [34m/api/products/detail/:id                     [0m   [37mpos_api/domain/product/handler.(*ProductHandler).GetByID-fm[0m
2026/07/26 10:21:19 [32mPOST[0m   [34m/api/products/delete/:id                     [0m   [37mpos_api/domain/product/handler.(*ProductHandler).Delete-fm[0m
2026/07/26 10:21:19 [32mPOST[0m   [34m/api/products/generate-barcode               [0m   [37mpos_api/domain/product/handler.(*ProductGenerateHandler).GenerateBarcode-fm[0m
2026/07/26 10:21:19 [32mPOST[0m   [34m/api/products/generate-sku                   [0m   [37mpos_api/domain/product/handler.(*ProductGenerateHandler).GenerateSku-fm[0m
2026/07/26 10:21:19 [32mPOST[0m   [34m/api/products/list                           [0m   [37mpos_api/domain/product/handler.(*ProductHandler).GetAll-fm[0m
2026/07/26 10:21:19 [32mPOST[0m   [34m/api/products/options                        [0m   [37mpos_api/domain/product/handler.(*ProductHandler).GetOptions-fm[0m
2026/07/26 10:21:19 [32mPOST[0m   [34m/api/products/search                         [0m   [37mpos_api/domain/product/handler.(*ProductHandler).Search-fm[0m
2026/07/26 10:21:19 [32mPOST[0m   [34m/api/products/by-barcode/:barcode            [0m   [37mpos_api/domain/product/handler.(*ProductHandler).GetByBarcode-fm[0m
2026/07/26 10:21:19 [32mPOST[0m   [34m/api/products/create                         [0m   [37mpos_api/domain/product/handler.(*ProductHandler).Create-fm[0m
2026/07/26 10:21:19 [32mPOST[0m   [34m/api/products/update/:id                     [0m   [37mpos_api/domain/product/handler.(*ProductHandler).Update-fm[0m
2026/07/26 10:21:19 [32mPOST[0m   [34m/api/products/toggle-status/:id              [0m   [37mpos_api/domain/product/handler.(*ProductHandler).ToggleStatus-fm[0m
2026/07/26 10:21:19 [32mPOST[0m   [34m/api/products/:id/packages/list              [0m   [37mpos_api/domain/product/handler.(*ProductPackageHandler).GetPackagesByProduct-fm[0m
2026/07/26 10:21:19 [32mPOST[0m   [34m/api/products/:id/packages/create            [0m   [37mpos_api/domain/product/handler.(*ProductPackageHandler).CreatePackage-fm[0m
2026/07/26 10:21:19 [32mPOST[0m   [34m/api/products/:id/packages/update/:package_id[0m   [37mpos_api/domain/product/handler.(*ProductPackageHandler).UpdatePackage-fm[0m
2026/07/26 10:21:19 [32mPOST[0m   [34m/api/products/:id/packages/delete/:package_id[0m   [37mpos_api/domain/product/handler.(*ProductPackageHandler).DeletePackage-fm[0m
2026/07/26 10:21:19 [32mPOST[0m   [34m/api/products/:id/prices/list                [0m   [37mpos_api/domain/product/handler.(*ProductPriceHandler).GetPricesByProduct-fm[0m
2026/07/26 10:21:19 [32mPOST[0m   [34m/api/pin/set                                 [0m   [37mpos_api/domain/pin/handler.(*PinHandler).SetPin-fm[0m
2026/07/26 10:21:19 [32mPOST[0m   [34m/api/pin/verify                              [0m   [37mpos_api/domain/pin/handler.(*PinHandler).VerifyPin-fm[0m
2026/07/26 10:21:19 [32mPOST[0m   [34m/api/pin/change                              [0m   [37mpos_api/domain/pin/handler.(*PinHandler).ChangePin-fm[0m
2026/07/26 10:21:19 [32mPOST[0m   [34m/api/payment-statuses/list                   [0m   [37mpos_api/domain/payment_status/handler.(*PaymentStatusHandler).GetAll-fm[0m
2026/07/26 10:21:19 [32mPOST[0m   [34m/api/payment-methods/list                    [0m   [37mpos_api/domain/payment_method/handler.(*PaymentMethodHandler).GetAll-fm[0m
2026/07/26 10:21:19 [32mPOST[0m   [34m/api/cash-drawer/current                     [0m   [37mpos_api/domain/cash_drawer/handler.(*CashDrawerHandler).GetCurrent-fm[0m
2026/07/26 10:21:19 [32mPOST[0m   [34m/api/cash-drawer/close/:id                   [0m   [37mpos_api/domain/cash_drawer/handler.(*CashDrawerHandler).Close-fm[0m
2026/07/26 10:21:19 [32mPOST[0m   [34m/api/cash-drawer/update-sales/:id            [0m   [37mpos_api/domain/cash_drawer/handler.(*CashDrawerHandler).UpdateSales-fm[0m
2026/07/26 10:21:19 [32mPOST[0m   [34m/api/cash-drawer/update-expenses/:id         [0m   [37mpos_api/domain/cash_drawer/handler.(*CashDrawerHandler).UpdateExpenses-fm[0m
2026/07/26 10:21:19 [32mPOST[0m   [34m/api/cash-drawer/my-cash                     [0m   [37mpos_api/domain/cash_drawer/handler.(*CashDrawerHandler).GetMyCash-fm[0m
2026/07/26 10:21:19 [32mPOST[0m   [34m/api/cash-drawer/list                        [0m   [37mpos_api/domain/cash_drawer/handler.(*CashDrawerHandler).GetHistory-fm[0m
2026/07/26 10:21:19 [32mPOST[0m   [34m/api/cash-drawer/summary                     [0m   [37mpos_api/domain/cash_drawer/handler.(*CashDrawerHandler).GetSummary-fm[0m
2026/07/26 10:21:19 [32mPOST[0m   [34m/api/cash-drawer/kasir-options               [0m   [37mpos_api/domain/cash_drawer/handler.(*CashDrawerHandler).GetKasirOptions-fm[0m
2026/07/26 10:21:19 [32mPOST[0m   [34m/api/cash-drawer/detail/:id                  [0m   [37mpos_api/domain/cash_drawer/handler.(*CashDrawerHandler).GetByID-fm[0m
2026/07/26 10:21:19 [32mPOST[0m   [34m/api/cash-drawer/open                        [0m   [37mpos_api/domain/cash_drawer/handler.(*CashDrawerHandler).Open-fm[0m
2026/07/26 10:21:19 [32mPOST[0m   [34m/api/categories/detail/:id                   [0m   [37mpos_api/domain/product_category/handler.(*CategoryHandler).GetByID-fm[0m
2026/07/26 10:21:19 [32mPOST[0m   [34m/api/categories/delete/:id                   [0m   [37mpos_api/domain/product_category/handler.(*CategoryHandler).Delete-fm[0m
2026/07/26 10:21:19 [32mPOST[0m   [34m/api/categories/list                         [0m   [37mpos_api/domain/product_category/handler.(*CategoryHandler).GetAll-fm[0m
2026/07/26 10:21:19 [32mPOST[0m   [34m/api/categories/options                      [0m   [37mpos_api/domain/product_category/handler.(*CategoryHandler).GetOptions-fm[0m
2026/07/26 10:21:19 [32mPOST[0m   [34m/api/categories/create                       [0m   [37mpos_api/domain/product_category/handler.(*CategoryHandler).Create-fm[0m
2026/07/26 10:21:19 [32mPOST[0m   [34m/api/categories/update/:id                   [0m   [37mpos_api/domain/product_category/handler.(*CategoryHandler).Update-fm[0m
2026/07/26 10:21:19 [32mPOST[0m   [34m/api/categories/toggle-status/:id            [0m   [37mpos_api/domain/product_category/handler.(*CategoryHandler).ToggleStatus-fm[0m
2026/07/26 10:21:19 [32mPOST[0m   [34m/api/customers/detail/:id                    [0m   [37mpos_api/domain/customer/handler.(*CustomerHandler).GetByID-fm[0m
2026/07/26 10:21:19 [32mPOST[0m   [34m/api/customers/delete/:id                    [0m   [37mpos_api/domain/customer/handler.(*CustomerHandler).Delete-fm[0m
2026/07/26 10:21:19 [32mPOST[0m   [34m/api/customers/list                          [0m   [37mpos_api/domain/customer/handler.(*CustomerHandler).GetAll-fm[0m
2026/07/26 10:21:19 [32mPOST[0m   [34m/api/customers/active                        [0m   [37mpos_api/domain/customer/handler.(*CustomerHandler).GetOptions-fm[0m
2026/07/26 10:21:19 [32mPOST[0m   [34m/api/customers/create                        [0m   [37mpos_api/domain/customer/handler.(*CustomerHandler).Create-fm[0m
2026/07/26 10:21:19 [32mPOST[0m   [34m/api/customers/update/:id                    [0m   [37mpos_api/domain/customer/handler.(*CustomerHandler).Update-fm[0m
2026/07/26 10:21:19 [32mPOST[0m   [34m/api/customers/toggle-status/:id             [0m   [37mpos_api/domain/customer/handler.(*CustomerHandler).ToggleStatus-fm[0m
2026/07/26 10:21:19 [32mPOST[0m   [34m/api/reports/sales/list                      [0m   [37mpos_api/domain/report/handler.(*ReportHandler).GetSalesList-fm[0m
2026/07/26 10:21:19 [32mPOST[0m   [34m/api/reports/sales/summary                   [0m   [37mpos_api/domain/report/handler.(*ReportHandler).GetSalesSummaryData-fm[0m
2026/07/26 10:21:19 [32mPOST[0m   [34m/api/reports/stock/list                      [0m   [37mpos_api/domain/report/handler.(*ReportHandler).GetStockList-fm[0m
2026/07/26 10:21:19 [32mPOST[0m   [34m/api/reports/stock/summary                   [0m   [37mpos_api/domain/report/handler.(*ReportHandler).GetStockSummaryData-fm[0m
2026/07/26 10:21:19 [32mPOST[0m   [34m/api/reports/profit-loss/data                [0m   [37mpos_api/domain/report/handler.(*ReportHandler).GetProfitLossData-fm[0m
2026/07/26 10:21:19 [32mPOST[0m   [34m/api/reports/cashier/list                    [0m   [37mpos_api/domain/report/handler.(*ReportHandler).GetCashierList-fm[0m
2026/07/26 10:21:19 [32mPOST[0m   [34m/api/receivables/payments/:id                [0m   [37mpos_api/domain/receivable/handler.(*ReceivableHandler).GetPayments-fm[0m
2026/07/26 10:21:19 [32mPOST[0m   [34m/api/receivables/pay/:id                     [0m   [37mpos_api/domain/receivable/handler.(*ReceivableHandler).Pay-fm[0m
2026/07/26 10:21:19 [32mPOST[0m   [34m/api/receivables/list                        [0m   [37mpos_api/domain/receivable/handler.(*ReceivableHandler).GetAll-fm[0m
2026/07/26 10:21:19 [32mPOST[0m   [34m/api/receivables/summary                     [0m   [37mpos_api/domain/receivable/handler.(*ReceivableHandler).GetSummary-fm[0m
2026/07/26 10:21:19 [32mPOST[0m   [34m/api/receivables/detail/:id                  [0m   [37mpos_api/domain/receivable/handler.(*ReceivableHandler).GetByID-fm[0m
2026/07/26 10:21:19 [32mPOST[0m   [34m/api/restore                                 [0m   [37mpos_api/domain/backup/handler.(*BackupHandler).Restore-fm[0m
2026/07/26 10:21:19 [32mPOST[0m   [34m/api/roles/detail/:id                        [0m   [37mpos_api/domain/role/handler.(*RoleHandler).GetByID-fm[0m
2026/07/26 10:21:19 [32mPOST[0m   [34m/api/roles/delete/:id                        [0m   [37mpos_api/domain/role/handler.(*RoleHandler).Delete-fm[0m
2026/07/26 10:21:19 [32mPOST[0m   [34m/api/roles/list                              [0m   [37mpos_api/domain/role/handler.(*RoleHandler).GetAll-fm[0m
2026/07/26 10:21:19 [32mPOST[0m   [34m/api/roles/options                           [0m   [37mpos_api/domain/role/handler.(*RoleHandler).GetOptions-fm[0m
2026/07/26 10:21:19 [32mPOST[0m   [34m/api/roles/create                            [0m   [37mpos_api/domain/role/handler.(*RoleHandler).Create-fm[0m
2026/07/26 10:21:19 [32mPOST[0m   [34m/api/roles/update/:id                        [0m   [37mpos_api/domain/role/handler.(*RoleHandler).Update-fm[0m
2026/07/26 10:21:19 [32mPOST[0m   [34m/api/roles/toggle-status/:id                 [0m   [37mpos_api/domain/role/handler.(*RoleHandler).ToggleStatus-fm[0m
2026/07/26 10:21:19 [32mPOST[0m   [34m/api/roles/:id/menus/list                    [0m   [37mpos_api/domain/access/handler.(*AccessHandler).GetByRoleID-fm[0m
2026/07/26 10:21:19 [32mPOST[0m   [34m/api/roles/:id/menus/set                     [0m   [37mpos_api/domain/access/handler.(*AccessHandler).SetRoleAccess-fm[0m
2026/07/26 10:21:19 [32mPOST[0m   [34m/api/route-registry/options                  [0m   [37mpos_api/domain/route_registry/handler.(*RouteRegistryHandler).GetOptions-fm[0m
2026/07/26 10:21:19 [32mPOST[0m   [34m/api/users/create                            [0m   [37mpos_api/domain/user/handler.(*UserHandler).Create-fm[0m
2026/07/26 10:21:19 [32mPOST[0m   [34m/api/users/change-password/:id               [0m   [37mpos_api/domain/user/handler.(*UserHandler).ChangePassword-fm[0m
2026/07/26 10:21:19 [32mPOST[0m   [34m/api/users/detail/:id                        [0m   [37mpos_api/domain/user/handler.(*UserHandler).GetByID-fm[0m
2026/07/26 10:21:19 [32mPOST[0m   [34m/api/users/delete/:id                        [0m   [37mpos_api/domain/user/handler.(*UserHandler).Delete-fm[0m
2026/07/26 10:21:19 [32mPOST[0m   [34m/api/users/list                              [0m   [37mpos_api/domain/user/handler.(*UserHandler).GetAll-fm[0m
2026/07/26 10:21:19 [32mPOST[0m   [34m/api/users/update/:id                        [0m   [37mpos_api/domain/user/handler.(*UserHandler).Update-fm[0m
2026/07/26 10:21:19 [32mPOST[0m   [34m/api/users/toggle-status/:id                 [0m   [37mpos_api/domain/user/handler.(*UserHandler).ToggleStatus-fm[0m
2026/07/26 10:21:19 [32mPOST[0m   [34m/api/units/detail/:id                        [0m   [37mpos_api/domain/product_unit/handler.(*UnitHandler).GetByID-fm[0m
2026/07/26 10:21:19 [32mPOST[0m   [34m/api/units/delete/:id                        [0m   [37mpos_api/domain/product_unit/handler.(*UnitHandler).Delete-fm[0m
2026/07/26 10:21:19 [32mPOST[0m   [34m/api/units/list                              [0m   [37mpos_api/domain/product_unit/handler.(*UnitHandler).GetAll-fm[0m
2026/07/26 10:21:19 [32mPOST[0m   [34m/api/units/options                           [0m   [37mpos_api/domain/product_unit/handler.(*UnitHandler).GetOptions-fm[0m
2026/07/26 10:21:19 [32mPOST[0m   [34m/api/units/create                            [0m   [37mpos_api/domain/product_unit/handler.(*UnitHandler).Create-fm[0m
2026/07/26 10:21:19 [32mPOST[0m   [34m/api/units/update/:id                        [0m   [37mpos_api/domain/product_unit/handler.(*UnitHandler).Update-fm[0m
2026/07/26 10:21:19 [32mPOST[0m   [34m/api/units/toggle-status/:id                 [0m   [37mpos_api/domain/product_unit/handler.(*UnitHandler).ToggleStatus-fm[0m
2026/07/26 10:21:19 [32mPOST[0m   [34m/api/expenses/detail/:id                     [0m   [37mpos_api/domain/expense/handler.(*ExpenseHandler).GetByID-fm[0m
2026/07/26 10:21:19 [32mPOST[0m   [34m/api/expenses/delete/:id                     [0m   [37mpos_api/domain/expense/handler.(*ExpenseHandler).Delete-fm[0m
2026/07/26 10:21:19 [32mPOST[0m   [34m/api/expenses/list                           [0m   [37mpos_api/domain/expense/handler.(*ExpenseHandler).GetAll-fm[0m
2026/07/26 10:21:19 [32mPOST[0m   [34m/api/expenses/create                         [0m   [37mpos_api/domain/expense/handler.(*ExpenseHandler).Create-fm[0m
2026/07/26 10:21:19 [32mPOST[0m   [34m/api/expenses/update/:id                     [0m   [37mpos_api/domain/expense/handler.(*ExpenseHandler).Update-fm[0m
2026/07/26 10:21:19 [32mPOST[0m   [34m/api/expiry-batches/warnings                 [0m   [37mpos_api/domain/expiry_batch/handler.(*ExpiryBatchHandler).GetWarnings-fm[0m
2026/07/26 10:21:19 [32mPOST[0m   [34m/api/expiry-batches/write-off/:id            [0m   [37mpos_api/domain/expiry_batch/handler.(*ExpiryBatchHandler).WriteOff-fm[0m
2026/07/26 10:21:19 [32mPOST[0m   [34m/api/expiry-batches/product/:id              [0m   [37mpos_api/domain/expiry_batch/handler.(*ExpiryBatchHandler).GetByProduct-fm[0m
2026/07/26 10:21:19 [32mPOST[0m   [34m/api/expiry-batches/confirm/:id              [0m   [37mpos_api/domain/expiry_batch/handler.(*ExpiryBatchHandler).Confirm-fm[0m
2026/07/26 10:21:19 [32mPOST[0m   [34m/api/menus/detail/:id                        [0m   [37mpos_api/domain/menu/handler.(*MenuHandler).GetByID-fm[0m
2026/07/26 10:21:19 [32mPOST[0m   [34m/api/menus/delete/:id                        [0m   [37mpos_api/domain/menu/handler.(*MenuHandler).Delete-fm[0m
2026/07/26 10:21:19 [32mPOST[0m   [34m/api/menus/my                                [0m   [37mpos_api/domain/menu/handler.(*MenuHandler).GetMyMenus-fm[0m
2026/07/26 10:21:19 [32mPOST[0m   [34m/api/menus/options                           [0m   [37mpos_api/domain/menu/handler.(*MenuHandler).GetOptions-fm[0m
2026/07/26 10:21:19 [32mPOST[0m   [34m/api/menus/list                              [0m   [37mpos_api/domain/menu/handler.(*MenuHandler).GetAll-fm[0m
2026/07/26 10:21:19 [32mPOST[0m   [34m/api/menus/create                            [0m   [37mpos_api/domain/menu/handler.(*MenuHandler).Create-fm[0m
2026/07/26 10:21:19 [32mPOST[0m   [34m/api/menus/update/:id                        [0m   [37mpos_api/domain/menu/handler.(*MenuHandler).Update-fm[0m
2026/07/26 10:21:19 [32mPOST[0m   [34m/api/menus/reorder                           [0m   [37mpos_api/domain/menu/handler.(*MenuHandler).Reorder-fm[0m
2026/07/26 10:21:19 [32mPOST[0m   [34m/api/auth/login                              [0m   [37mpos_api/domain/auth/handler.(*AuthHandler).Login-fm[0m
2026/07/26 10:21:19 [32mPOST[0m   [34m/api/auth/logout                             [0m   [37mpos_api/domain/auth/handler.(*AuthHandler).Logout-fm[0m
2026/07/26 10:21:19 [32mPOST[0m   [34m/api/auth/refresh                            [0m   [37mpos_api/domain/auth/handler.(*AuthHandler).RefreshToken-fm[0m
2026/07/26 10:21:19 [32mPOST[0m   [34m/api/auth/verify-token                       [0m   [37mpos_api/domain/auth/handler.(*AuthHandler).VerifyToken-fm[0m
2026/07/26 10:21:19 [32mPOST[0m   [34m/api/auth/me                                 [0m   [37mpos_api/domain/auth/handler.(*AuthHandler).GetMe-fm[0m
2026/07/26 10:21:19 [32mPOST[0m   [34m/api/transactions/list                       [0m   [37mpos_api/domain/transaction/handler.(*TransactionHandler).GetAll-fm[0m
2026/07/26 10:21:19 [32mPOST[0m   [34m/api/transactions/detail/:id                 [0m   [37mpos_api/domain/transaction/handler.(*TransactionHandler).GetByID-fm[0m
2026/07/26 10:21:19 [32mPOST[0m   [34m/api/transactions/create                     [0m   [37mpos_api/domain/transaction/handler.(*TransactionHandler).Create-fm[0m
2026/07/26 10:21:19 [32mPOST[0m   [34m/api/transactions/void/:id                   [0m   [37mpos_api/domain/transaction/handler.(*TransactionHandler).Void-fm[0m
2026/07/26 10:21:19 [32mPOST[0m   [34m/api/finance/summary                         [0m   [37mpos_api/domain/finance/handler.(*FinanceHandler).GetSummary-fm[0m
2026/07/26 10:21:19 [32mPOST[0m   [34m/api/finance/cashflow                        [0m   [37mpos_api/domain/finance/handler.(*FinanceHandler).GetCashflow-fm[0m
2026/07/26 10:21:19 [32mPOST[0m   [34m/api/version/list                            [0m   [37mpos_api/domain/version/handler.(*VersionHandler).GetAll-fm[0m
2026/07/26 10:21:19 [32mPOST[0m   [34m/api/version/android                         [0m   [37mpos_api/domain/version/handler.(*VersionHandler).UpdateAndroidVersion-fm[0m
2026/07/26 10:21:19 [32mPOST[0m   [34m/api/backup                                  [0m   [37mpos_api/domain/backup/handler.(*BackupHandler).Create-fm[0m
2026/07/26 10:21:19 [32mGET [0m   [34m/api/reports/business-summary/stats          [0m   [37mpos_api/domain/business_summary/handler.(*BusinessSummaryHandler).GetStats-fm[0m
2026/07/26 10:21:19 [32mGET [0m   [34m/api/reports/business-summary/sales-trend    [0m   [37mpos_api/domain/business_summary/handler.(*BusinessSummaryHandler).GetSalesTrend-fm[0m
2026/07/26 10:21:19 [32mGET [0m   [34m/api/reports/business-summary/summary-extra  [0m   [37mpos_api/domain/business_summary/handler.(*BusinessSummaryHandler).GetSummaryExtra-fm[0m
2026/07/26 10:21:19 [32mGET [0m   [34m/api/reports/business-summary/top-products   [0m   [37mpos_api/domain/business_summary/handler.(*BusinessSummaryHandler).GetTopProducts-fm[0m
2026/07/26 10:21:19 [32mGET [0m   [34m/api/reports/business-summary/top-categories [0m   [37mpos_api/domain/business_summary/handler.(*BusinessSummaryHandler).GetTopCategories-fm[0m
2026/07/26 10:21:19 [32mGET [0m   [34m/api/reports/business-summary/payment-methods[0m   [37mpos_api/domain/business_summary/handler.(*BusinessSummaryHandler).GetPaymentMethods-fm[0m
2026/07/26 10:21:19 [32mGET [0m   [34m/api/reports/sales                           [0m   [37mpos_api/domain/report/handler.(*ReportHandler).GetSalesReport-fm[0m
2026/07/26 10:21:19 [32mGET [0m   [34m/api/reports/sales/chart                     [0m   [37mpos_api/domain/report/handler.(*ReportHandler).GetSalesChart-fm[0m
2026/07/26 10:21:19 [32mGET [0m   [34m/api/reports/sales/export                    [0m   [37mpos_api/domain/report/handler.(*ReportHandler).ExportSalesReport-fm[0m
2026/07/26 10:21:19 [32mGET [0m   [34m/api/reports/stock                           [0m   [37mpos_api/domain/report/handler.(*ReportHandler).GetStockReport-fm[0m
2026/07/26 10:21:19 [32mGET [0m   [34m/api/reports/stock/export                    [0m   [37mpos_api/domain/report/handler.(*ReportHandler).ExportStockReport-fm[0m
2026/07/26 10:21:19 [32mGET [0m   [34m/api/reports/profit-loss                     [0m   [37mpos_api/domain/report/handler.(*ReportHandler).GetProfitLoss-fm[0m
2026/07/26 10:21:19 [32mGET [0m   [34m/api/reports/profit-loss/export              [0m   [37mpos_api/domain/report/handler.(*ReportHandler).ExportProfitLoss-fm[0m
2026/07/26 10:21:19 [32mGET [0m   [34m/api/reports/cashier                         [0m   [37mpos_api/domain/report/handler.(*ReportHandler).GetCashierReport-fm[0m
2026/07/26 10:21:19 [32mGET [0m   [34m/api/reports/cashier/export                  [0m   [37mpos_api/domain/report/handler.(*ReportHandler).ExportCashierReport-fm[0m
2026/07/26 10:21:19 [32mGET [0m   [34m/api/settings                                [0m   [37mpos_api/domain/setting/handler.(*SettingHandler).GetAll-fm[0m
2026/07/26 10:21:19 [32mGET [0m   [34m/api/settings/store                          [0m   [37mpos_api/domain/setting/handler.(*SettingHandler).GetStoreProfile-fm[0m
2026/07/26 10:21:19 [32mGET [0m   [34m/api/settings/printer                        [0m   [37mpos_api/domain/setting/handler.(*SettingHandler).GetPrinterSettings-fm[0m
2026/07/26 10:21:19 [32mGET [0m   [34m/api/settings/:key                           [0m   [37mpos_api/domain/setting/handler.(*SettingHandler).GetByKey-fm[0m
2026/07/26 10:21:19 [32mGET [0m   [34m/api/sync/conflicts                          [0m   [37mpos_api/domain/sync/handler.(*SyncHandler).GetConflicts-fm[0m
2026/07/26 10:21:19 [32mGET [0m   [34m/api/sync/conflicts/count                    [0m   [37mpos_api/domain/sync/handler.(*SyncHandler).GetConflictCount-fm[0m
2026/07/26 10:21:19 [32mGET [0m   [34m/api/sync/queue                              [0m   [37mpos_api/domain/sync/handler.(*SyncHandler).GetQueue-fm[0m
2026/07/26 10:21:19 [32mGET [0m   [34m/api/sync/history                            [0m   [37mpos_api/domain/sync/handler.(*SyncHandler).GetHistory-fm[0m
2026/07/26 10:21:19 [32mGET [0m   [34m/api/dashboard/recent-transactions           [0m   [37mpos_api/domain/dashboard/handler.(*DashboardHandler).GetRecentTransactions-fm[0m
2026/07/26 10:21:19 [32mGET [0m   [34m/api/dashboard/today-summary                 [0m   [37mpos_api/domain/dashboard/handler.(*DashboardHandler).GetTodaySummary-fm[0m
2026/07/26 10:21:19 [32mGET [0m   [34m/api/backup/list                             [0m   [37mpos_api/domain/backup/handler.(*BackupHandler).GetList-fm[0m
2026/07/26 10:21:19 [32mGET [0m   [34m/api/backup/download/:filename               [0m   [37mpos_api/domain/backup/handler.(*BackupHandler).Download-fm[0m
2026/07/26 10:21:19 [32mGET [0m   [34m/api/version/android                         [0m   [37mpos_api/domain/version/handler.(*VersionHandler).CheckAndroid-fm[0m
2026/07/26 10:21:19 [32mGET [0m   [34m/api/health                                  [0m   [37mpos_api/routes.publicRoutes.func1[0m
2026/07/26 10:21:19 [32mGET [0m   [34m/api/pin/check                               [0m   [37mpos_api/domain/pin/handler.(*PinHandler).CheckPin-fm[0m
[GIN] 2026/07/26 - 10:21:23 | 200 |            0s |             ::1 | GET      "/api/health"

2026/07/26 10:21:23 [32mD:/Develop/Project_pos_mahenz/BE/repository/log_request_repository.go:32
[0m[33m[5.022ms] [34;1m[rows:1][0m INSERT INTO log_requests (id, method, endpoint, status_code, request_body, response_body, user_id, duration_ms, ip_address, error_message, created_at) VALUES ('c4eb983a-e895-4125-be0b-167ae7b8fa52', 'GET', '/api/health', 200, '', '{"code":"00","data":null,"message":"OK","status":true}', NULL, 0, '::1', NULL, '2026-07-26 10:21:23.016')

2026/07/26 10:27:52 [32mD:/Develop/Project_pos_mahenz/BE/domain/auth/repo/auth_repo.go:17
[0m[33m[3.880ms] [34;1m[rows:1][0m SELECT u.id, u.username, u.password, u.full_name, u.role_id, r.name AS role_name, u.is_active FROM users u INNER JOIN roles r ON r.id = u.role_id WHERE u.username = 'admin' LIMIT 1

2026/07/26 10:27:52 [32mD:/Develop/Project_pos_mahenz/BE/domain/auth/repo/auth_repo.go:67
[0m[33m[2.578ms] [34;1m[rows:1][0m DELETE FROM sessions WHERE user_id = 2

2026/07/26 10:27:52 [32mD:/Develop/Project_pos_mahenz/BE/domain/auth/repo/auth_repo.go:38
[0m[33m[2.404ms] [34;1m[rows:1][0m INSERT INTO sessions (user_id, user_role, token, refresh_token, device_info, ip_address, expires_at) VALUES (2, 'admin', 'eyJhbGciOiJIUzI1NiIsInR5cCI6IkpXVCJ9.eyJhcHBzIjoiIiwiZXhwIjoxNzg1MDY1MjcyLCJmdWxsX25hbWUiOiJBZG1pbmlzdHJhdG9yIiwicm9sZSI6ImFkbWluIiwidXNlcl9pZCI6MiwidXNlcm5hbWUiOiJhZG1pbiJ9.h6cSyeFjFiUDSVKAjphAVN370KAy0GXVaZS5yl2peWs', '91df8bf768ebd60629f66d9c5d603b696915bb7bce3aa5e763212ccefec0dcf2', '', '::1', '2026-08-02 10:27:52.564') ON DUPLICATE KEY UPDATE user_role=VALUES(user_role), token=VALUES(token), refresh_token=VALUES(refresh_token), device_info=VALUES(device_info), ip_address=VALUES(ip_address), expires_at=VALUES(expires_at), created_at=NOW()
[GIN] 2026/07/26 - 10:27:52 | 200 |     80.1857ms |             ::1 | POST     "/api/auth/login"

2026/07/26 10:27:52 [32mD:/Develop/Project_pos_mahenz/BE/repository/log_request_repository.go:32
[0m[33m[2.582ms] [34;1m[rows:1][0m INSERT INTO log_requests (id, method, endpoint, status_code, request_body, response_body, user_id, duration_ms, ip_address, error_message, created_at) VALUES ('5512e193-abc9-4df6-a180-24e8210440ce', 'POST', '/api/auth/login', 200, '{"username":"admin","password":"admin123"}', '{"code":"00","status":true,"message":"Login berhasil","data":{"token":"eyJhbGciOiJIUzI1NiIsInR5cCI6IkpXVCJ9.eyJhcHBzIjoiIiwiZXhwIjoxNzg1MDY1MjcyLCJmdWxsX25hbWUiOiJBZG1pbmlzdHJhdG9yIiwicm9sZSI6ImFkbWluIiwidXNlcl9pZCI6MiwidXNlcm5hbWUiOiJhZG1pbiJ9.h6cSyeFjFiUDSVKAjphAVN370KAy0GXVaZS5yl2peWs","refresh_token":"91df8bf768ebd60629f66d9c5d603b696915bb7bce3aa5e763212ccefec0dcf2","expires_at":"2026-08-02T10:27:52.5648468+07:00","user":{"id":2,"username":"admin","full_name":"Administrator","role_id":2,"role_name":"admin"}}}', NULL, 80, '::1', NULL, '2026-07-26 10:27:52.571')

2026/07/26 10:27:52 [32mD:/Develop/Project_pos_mahenz/BE/domain/auth/repo/auth_repo.go:46
[0m[33m[0.508ms] [34;1m[rows:1][0m SELECT id, user_id, user_role, token, device_info, expires_at FROM sessions WHERE token = 'eyJhbGciOiJIUzI1NiIsInR5cCI6IkpXVCJ9.eyJhcHBzIjoiIiwiZXhwIjoxNzg1MDY1MjcyLCJmdWxsX25hbWUiOiJBZG1pbmlzdHJhdG9yIiwicm9sZSI6ImFkbWluIiwidXNlcl9pZCI6MiwidXNlcm5hbWUiOiJhZG1pbiJ9.h6cSyeFjFiUDSVKAjphAVN370KAy0GXVaZS5yl2peWs' LIMIT 1

2026/07/26 10:27:52 [32mD:/Develop/Project_pos_mahenz/BE/domain/product/repo/product_repo.go:100
[0m[33m[1.009ms] [34;1m[rows:1][0m SELECT COUNT(*) FROM products p WHERE 1=1 AND (p.name LIKE '%Rokok Test Berantai%' OR p.barcode LIKE '%Rokok Test Berantai%')

2026/07/26 10:27:52 [32mD:/Develop/Project_pos_mahenz/BE/domain/product/repo/product_repo.go:119
[0m[33m[2.578ms] [34;1m[rows:1][0m 
		SELECT p.id, p.barcode, COALESCE(p.sku, '') as sku, p.name, p.category_id, COALESCE(c.name, '') as category_name,
		       p.purchase_price, p.selling_price, p.stock, p.reserved_qty, p.min_stock,
		       COALESCE(p.unit_id, 0) as unit_id, COALESCE(u.name, '') as unit_name, COALESCE(u.abbreviation, '') as unit_abbreviation,
		       p.is_active,
		       (SELECT COUNT(*) FROM product_packages pp WHERE pp.product_id = p.id AND pp.is_default = 0) AS extra_packages,
		       (SELECT COUNT(*) FROM product_prices pr WHERE pr.product_id = p.id) AS price_tiers_count
		FROM products p
		LEFT JOIN categories c ON p.category_id = c.id
		LEFT JOIN units u ON u.id = p.unit_id
		WHERE 1=1 AND (p.name LIKE '%Rokok Test Berantai%' OR p.barcode LIKE '%Rokok Test Berantai%') ORDER BY p.name ASC LIMIT 1 OFFSET 0
[GIN] 2026/07/26 - 10:27:52 | 200 |      4.7188ms |             ::1 | POST     "/api/products/list"

2026/07/26 10:27:52 [32mD:/Develop/Project_pos_mahenz/BE/repository/log_request_repository.go:32
[0m[33m[2.033ms] [34;1m[rows:1][0m INSERT INTO log_requests (id, method, endpoint, status_code, request_body, response_body, user_id, duration_ms, ip_address, error_message, created_at) VALUES ('d5c6501a-cdb5-459e-813f-f3b6007d3131', 'POST', '/api/products/list', 200, '{"page":1,"limit":1,"search":"Rokok Test Berantai"}', '{"code":"00","status":true,"message":"Daftar produk","data":[{"id":12,"barcode":"8997789608850","sku":"SEM-0008","name":"Rokok Test Berantai","category_id":1,"category_name":"Sembako Test","purchase_price":800,"selling_price":1000,"stock":3034,"reserved_qty":0,"min_stock":5,"unit_id":2,"unit_name":"Batang","unit_abbreviation":"Btg","is_active":true,"extra_packages":3,"price_tiers_count":2}],"pagination":{"page":1,"per_page":1,"total":1,"total_pages":1}}', 2, 4, '::1', NULL, '2026-07-26 10:27:52.691')

2026/07/26 10:27:52 [32mD:/Develop/Project_pos_mahenz/BE/domain/auth/repo/auth_repo.go:46
[0m[33m[1.947ms] [34;1m[rows:1][0m SELECT id, user_id, user_role, token, device_info, expires_at FROM sessions WHERE token = 'eyJhbGciOiJIUzI1NiIsInR5cCI6IkpXVCJ9.eyJhcHBzIjoiIiwiZXhwIjoxNzg1MDY1MjcyLCJmdWxsX25hbWUiOiJBZG1pbmlzdHJhdG9yIiwicm9sZSI6ImFkbWluIiwidXNlcl9pZCI6MiwidXNlcm5hbWUiOiJhZG1pbiJ9.h6cSyeFjFiUDSVKAjphAVN370KAy0GXVaZS5yl2peWs' LIMIT 1

2026/07/26 10:27:52 [32mD:/Develop/Project_pos_mahenz/BE/domain/access/repo/access_repo.go:55
[0m[33m[2.563ms] [34;1m[rows:38][0m 
SELECT
    m.key_name,
    COALESCE(rma.can_view,   0) AS can_view,
    COALESCE(rma.can_create, 0) AS can_create,
    COALESCE(rma.can_edit,   0) AS can_edit,
    COALESCE(rma.can_delete, 0) AS can_delete
FROM menus m
LEFT JOIN role_menu_access rma ON rma.menu_id = m.id
    AND rma.role_id = (SELECT id FROM roles WHERE name = 'admin' AND is_active = 1 LIMIT 1)
WHERE m.is_active = 1
ORDER BY m.id ASC

2026/07/26 10:27:52 [32mD:/Develop/Project_pos_mahenz/BE/domain/supplier_purchase/repo/purchase_repo.go:318
[0m[33m[0.586ms] [34;1m[rows:1][0m SELECT COUNT(*) FROM purchases WHERE DATE(purchase_date) = '2026-07-26'

2026/07/26 10:27:52 [32mD:/Develop/Project_pos_mahenz/BE/domain/supplier_purchase/repo/purchase_repo.go:338
[0m[33m[0.945ms] [34;1m[rows:1][0m INSERT INTO purchases (purchase_code, invoice_number, supplier_id, purchase_date, discount_amount, total_amount, payment_status, paid_amount, remaining_amount, user_id, notes) VALUES ('PO-20260726-012', 'INV-QA-VOID-UNPAID', 1, '2026-07-26', 0, 2000, 'unpaid', 0, 2000, 2, '')

2026/07/26 10:27:52 [32mD:/Develop/Project_pos_mahenz/BE/domain/supplier_purchase/repo/purchase_repo.go:345
[0m[33m[0.505ms] [34;1m[rows:1][0m SELECT LAST_INSERT_ID()

2026/07/26 10:27:52 [32mD:/Develop/Project_pos_mahenz/BE/domain/supplier_purchase/repo/purchase_repo.go:366
[0m[33m[0.706ms] [34;1m[rows:1][0m INSERT INTO purchase_items (purchase_id, product_id, quantity, unit, conversion_qty, purchase_price, subtotal) VALUES (18, 12, 2, 'Batang', 1, 1000, 2000)

2026/07/26 10:27:52 [32mD:/Develop/Project_pos_mahenz/BE/domain/supplier_purchase/repo/purchase_repo.go:384
[0m[33m[0.651ms] [34;1m[rows:1][0m SELECT stock FROM products WHERE id = 12 LIMIT 1

2026/07/26 10:27:52 [32mD:/Develop/Project_pos_mahenz/BE/domain/supplier_purchase/repo/purchase_repo.go:388
[0m[33m[3.528ms] [34;1m[rows:1][0m UPDATE products SET stock = stock + 2, updated_at = NOW() WHERE id = 12

2026/07/26 10:27:52 [32mD:/Develop/Project_pos_mahenz/BE/domain/supplier_purchase/repo/purchase_repo.go:394
[0m[33m[2.219ms] [34;1m[rows:1][0m INSERT INTO stock_mutations (product_id, mutation_type, quantity, stock_before, stock_after, reference_type, reference_id, notes, user_id) VALUES (12, 'in', 2, 3034, 3036, 'purchase', 18, 'Purchase Order PO-20260726-012', 2)

2026/07/26 10:27:52 [32mD:/Develop/Project_pos_mahenz/BE/domain/supplier_purchase/repo/purchase_repo.go:174
[0m[33m[1.323ms] [34;1m[rows:-][0m SELECT p.id, p.purchase_code, p.invoice_number, p.supplier_id, COALESCE(s.name, '') as supplier_name, p.purchase_date, p.discount_amount, p.total_amount, p.payment_status, p.paid_amount, p.remaining_amount, p.status, COALESCE(u.full_name, '') as user_name, p.notes FROM purchases p LEFT JOIN users u ON p.user_id = u.id LEFT JOIN suppliers s ON p.supplier_id = s.id WHERE p.id = 18

2026/07/26 10:27:52 [32mD:/Develop/Project_pos_mahenz/BE/domain/supplier_purchase/repo/purchase_repo.go:216
[0m[33m[0.456ms] [34;1m[rows:-][0m SELECT pi.id, pi.product_id, COALESCE(p.name, '') as product_name, pi.quantity, pi.unit, COALESCE(pi.conversion_qty, 1) as conversion_qty, pi.purchase_price, pi.subtotal FROM purchase_items pi LEFT JOIN products p ON pi.product_id = p.id WHERE pi.purchase_id = 18

2026/07/26 10:27:52 [32mD:/Develop/Project_pos_mahenz/BE/domain/supplier_purchase/repo/purchase_repo.go:250
[0m[33m[0.543ms] [34;1m[rows:0][0m SELECT qty, expired_date FROM product_expiry_batches WHERE purchase_item_id = 26 ORDER BY expired_date ASC
[GIN] 2026/07/26 - 10:27:52 | 201 |     24.8212ms |             ::1 | POST     "/api/supplier-purchases/create"

2026/07/26 10:27:52 [32mD:/Develop/Project_pos_mahenz/BE/repository/log_request_repository.go:32
[0m[33m[2.135ms] [34;1m[rows:1][0m INSERT INTO log_requests (id, method, endpoint, status_code, request_body, response_body, user_id, duration_ms, ip_address, error_message, created_at) VALUES ('7e591c77-fc1f-4d57-a299-b58ed96200e6', 'POST', '/api/supplier-purchases/create', 201, '{"invoice_number":"INV-QA-VOID-UNPAID","supplier_id":1,"purchase_date":"2026-07-26","discount_amount":0,"payment_status":"unpaid","items":[{"product_id":12,"quantity":2,"unit":"Batang","conversion_qty":1,"purchase_price":1000}]}', '{"code":"21","status":true,"message":"Purchase order berhasil dibuat","data":{"id":18,"purchase_code":"PO-20260726-012","invoice_number":"INV-QA-VOID-UNPAID","supplier_id":1,"supplier_name":"Supplier Test Fase14","purchase_date":"2026-07-26T00:00:00+07:00","discount_amount":0,"total_amount":2000,"payment_status":"unpaid","paid_amount":0,"remaining_amount":2000,"status":"active","user_name":"Administrator","notes":"","items":[{"id":26,"product_id":12,"product_name":"Rokok Test Berantai","quantity":2,"unit":"Batang","conversion_qty":1,"purchase_price":1000,"subtotal":2000}]}}', 2, 24, '::1', NULL, '2026-07-26 10:27:52.972')

2026/07/26 10:27:53 [32mD:/Develop/Project_pos_mahenz/BE/domain/auth/repo/auth_repo.go:46
[0m[33m[0.506ms] [34;1m[rows:1][0m SELECT id, user_id, user_role, token, device_info, expires_at FROM sessions WHERE token = 'eyJhbGciOiJIUzI1NiIsInR5cCI6IkpXVCJ9.eyJhcHBzIjoiIiwiZXhwIjoxNzg1MDY1MjcyLCJmdWxsX25hbWUiOiJBZG1pbmlzdHJhdG9yIiwicm9sZSI6ImFkbWluIiwidXNlcl9pZCI6MiwidXNlcm5hbWUiOiJhZG1pbiJ9.h6cSyeFjFiUDSVKAjphAVN370KAy0GXVaZS5yl2peWs' LIMIT 1

2026/07/26 10:27:53 [32mD:/Develop/Project_pos_mahenz/BE/domain/supplier_purchase/repo/purchase_repo.go:513
[0m[33m[0.851ms] [34;1m[rows:1][0m SELECT COUNT(*) FROM payment_methods WHERE code = 'cash' AND is_active = 1

2026/07/26 10:27:53 [32mD:/Develop/Project_pos_mahenz/BE/domain/supplier_purchase/repo/purchase_repo.go:318
[0m[33m[0.505ms] [34;1m[rows:1][0m SELECT COUNT(*) FROM purchases WHERE DATE(purchase_date) = '2026-07-26'

2026/07/26 10:27:53 [32mD:/Develop/Project_pos_mahenz/BE/domain/supplier_purchase/repo/purchase_repo.go:338
[0m[33m[0.573ms] [34;1m[rows:1][0m INSERT INTO purchases (purchase_code, invoice_number, supplier_id, purchase_date, discount_amount, total_amount, payment_status, paid_amount, remaining_amount, user_id, notes) VALUES ('PO-20260726-013', 'INV-QA-VOID-PARTIAL', 1, '2026-07-26', 0, 3000, 'partial', 1000, 2000, 2, '')

2026/07/26 10:27:53 [32mD:/Develop/Project_pos_mahenz/BE/domain/supplier_purchase/repo/purchase_repo.go:345
[0m[33m[0.000ms] [34;1m[rows:1][0m SELECT LAST_INSERT_ID()

2026/07/26 10:27:53 [32mD:/Develop/Project_pos_mahenz/BE/domain/supplier_purchase/repo/purchase_repo.go:354
[0m[33m[1.192ms] [34;1m[rows:1][0m INSERT INTO purchase_payments (purchase_id, payment_date, amount, payment_method, notes, user_id) VALUES (19, '2026-07-26', 1000, 'cash', '', 2)

2026/07/26 10:27:53 [32mD:/Develop/Project_pos_mahenz/BE/domain/supplier_purchase/repo/purchase_repo.go:366
[0m[33m[0.990ms] [34;1m[rows:1][0m INSERT INTO purchase_items (purchase_id, product_id, quantity, unit, conversion_qty, purchase_price, subtotal) VALUES (19, 12, 3, 'Batang', 1, 1000, 3000)

2026/07/26 10:27:53 [32mD:/Develop/Project_pos_mahenz/BE/domain/supplier_purchase/repo/purchase_repo.go:384
[0m[33m[0.397ms] [34;1m[rows:1][0m SELECT stock FROM products WHERE id = 12 LIMIT 1

2026/07/26 10:27:53 [32mD:/Develop/Project_pos_mahenz/BE/domain/supplier_purchase/repo/purchase_repo.go:388
[0m[33m[0.504ms] [34;1m[rows:1][0m UPDATE products SET stock = stock + 3, updated_at = NOW() WHERE id = 12

2026/07/26 10:27:53 [32mD:/Develop/Project_pos_mahenz/BE/domain/supplier_purchase/repo/purchase_repo.go:394
[0m[33m[0.552ms] [34;1m[rows:1][0m INSERT INTO stock_mutations (product_id, mutation_type, quantity, stock_before, stock_after, reference_type, reference_id, notes, user_id) VALUES (12, 'in', 3, 3036, 3039, 'purchase', 19, 'Purchase Order PO-20260726-013', 2)

2026/07/26 10:27:53 [32mD:/Develop/Project_pos_mahenz/BE/domain/supplier_purchase/repo/purchase_repo.go:174
[0m[33m[1.044ms] [34;1m[rows:-][0m SELECT p.id, p.purchase_code, p.invoice_number, p.supplier_id, COALESCE(s.name, '') as supplier_name, p.purchase_date, p.discount_amount, p.total_amount, p.payment_status, p.paid_amount, p.remaining_amount, p.status, COALESCE(u.full_name, '') as user_name, p.notes FROM purchases p LEFT JOIN users u ON p.user_id = u.id LEFT JOIN suppliers s ON p.supplier_id = s.id WHERE p.id = 19

2026/07/26 10:27:53 [32mD:/Develop/Project_pos_mahenz/BE/domain/supplier_purchase/repo/purchase_repo.go:216
[0m[33m[0.528ms] [34;1m[rows:-][0m SELECT pi.id, pi.product_id, COALESCE(p.name, '') as product_name, pi.quantity, pi.unit, COALESCE(pi.conversion_qty, 1) as conversion_qty, pi.purchase_price, pi.subtotal FROM purchase_items pi LEFT JOIN products p ON pi.product_id = p.id WHERE pi.purchase_id = 19

2026/07/26 10:27:53 [32mD:/Develop/Project_pos_mahenz/BE/domain/supplier_purchase/repo/purchase_repo.go:250
[0m[33m[0.638ms] [34;1m[rows:0][0m SELECT qty, expired_date FROM product_expiry_batches WHERE purchase_item_id = 27 ORDER BY expired_date ASC
[GIN] 2026/07/26 - 10:27:53 | 201 |      15.642ms |             ::1 | POST     "/api/supplier-purchases/create"

2026/07/26 10:27:53 [32mD:/Develop/Project_pos_mahenz/BE/repository/log_request_repository.go:32
[0m[33m[2.564ms] [34;1m[rows:1][0m INSERT INTO log_requests (id, method, endpoint, status_code, request_body, response_body, user_id, duration_ms, ip_address, error_message, created_at) VALUES ('b617ef35-d7fa-4c6d-8913-b9debffc04f6', 'POST', '/api/supplier-purchases/create', 201, '{"invoice_number":"INV-QA-VOID-PARTIAL","supplier_id":1,"purchase_date":"2026-07-26","discount_amount":0,"payment_status":"partial","paid_amount":1000,"payment_method":"cash","items":[{"product_id":12,"quantity":3,"unit":"Batang","conversion_qty":1,"purchase_price":1000}]}', '{"code":"21","status":true,"message":"Purchase order berhasil dibuat","data":{"id":19,"purchase_code":"PO-20260726-013","invoice_number":"INV-QA-VOID-PARTIAL","supplier_id":1,"supplier_name":"Supplier Test Fase14","purchase_date":"2026-07-26T00:00:00+07:00","discount_amount":0,"total_amount":3000,"payment_status":"partial","paid_amount":1000,"remaining_amount":2000,"status":"active","user_name":"Administrator","notes":"","items":[{"id":27,"product_id":12,"product_name":"Rokok Test Berantai","quantity":3,"unit":"Batang","conversion_qty":1,"purchase_price":1000,"subtotal":3000}]}}', 2, 15, '::1', NULL, '2026-07-26 10:27:53.25')

2026/07/26 10:27:53 [32mD:/Develop/Project_pos_mahenz/BE/domain/auth/repo/auth_repo.go:46
[0m[33m[1.035ms] [34;1m[rows:1][0m SELECT id, user_id, user_role, token, device_info, expires_at FROM sessions WHERE token = 'eyJhbGciOiJIUzI1NiIsInR5cCI6IkpXVCJ9.eyJhcHBzIjoiIiwiZXhwIjoxNzg1MDY1MjcyLCJmdWxsX25hbWUiOiJBZG1pbmlzdHJhdG9yIiwicm9sZSI6ImFkbWluIiwidXNlcl9pZCI6MiwidXNlcm5hbWUiOiJhZG1pbiJ9.h6cSyeFjFiUDSVKAjphAVN370KAy0GXVaZS5yl2peWs' LIMIT 1

2026/07/26 10:27:53 [32mD:/Develop/Project_pos_mahenz/BE/domain/supplier_purchase/repo/purchase_repo.go:513
[0m[33m[0.524ms] [34;1m[rows:1][0m SELECT COUNT(*) FROM payment_methods WHERE code = 'cash' AND is_active = 1

2026/07/26 10:27:53 [32mD:/Develop/Project_pos_mahenz/BE/domain/supplier_purchase/repo/purchase_repo.go:318
[0m[33m[0.514ms] [34;1m[rows:1][0m SELECT COUNT(*) FROM purchases WHERE DATE(purchase_date) = '2026-07-26'

2026/07/26 10:27:53 [32mD:/Develop/Project_pos_mahenz/BE/domain/supplier_purchase/repo/purchase_repo.go:338
[0m[33m[0.550ms] [34;1m[rows:1][0m INSERT INTO purchases (purchase_code, invoice_number, supplier_id, purchase_date, discount_amount, total_amount, payment_status, paid_amount, remaining_amount, user_id, notes) VALUES ('PO-20260726-014', 'INV-QA-VOID-PAID', 1, '2026-07-26', 0, 4000, 'paid', 4000, 0, 2, '')

2026/07/26 10:27:53 [32mD:/Develop/Project_pos_mahenz/BE/domain/supplier_purchase/repo/purchase_repo.go:345
[0m[33m[0.000ms] [34;1m[rows:1][0m SELECT LAST_INSERT_ID()

2026/07/26 10:27:53 [32mD:/Develop/Project_pos_mahenz/BE/domain/supplier_purchase/repo/purchase_repo.go:354
[0m[33m[0.722ms] [34;1m[rows:1][0m INSERT INTO purchase_payments (purchase_id, payment_date, amount, payment_method, notes, user_id) VALUES (20, '2026-07-26', 4000, 'cash', '', 2)

2026/07/26 10:27:53 [32mD:/Develop/Project_pos_mahenz/BE/domain/supplier_purchase/repo/purchase_repo.go:366
[0m[33m[1.614ms] [34;1m[rows:1][0m INSERT INTO purchase_items (purchase_id, product_id, quantity, unit, conversion_qty, purchase_price, subtotal) VALUES (20, 12, 4, 'Batang', 1, 1000, 4000)

2026/07/26 10:27:53 [32mD:/Develop/Project_pos_mahenz/BE/domain/supplier_purchase/repo/purchase_repo.go:384
[0m[33m[1.511ms] [34;1m[rows:1][0m SELECT stock FROM products WHERE id = 12 LIMIT 1

2026/07/26 10:27:53 [32mD:/Develop/Project_pos_mahenz/BE/domain/supplier_purchase/repo/purchase_repo.go:388
[0m[33m[0.666ms] [34;1m[rows:1][0m UPDATE products SET stock = stock + 4, updated_at = NOW() WHERE id = 12

2026/07/26 10:27:53 [32mD:/Develop/Project_pos_mahenz/BE/domain/supplier_purchase/repo/purchase_repo.go:394
[0m[33m[0.739ms] [34;1m[rows:1][0m INSERT INTO stock_mutations (product_id, mutation_type, quantity, stock_before, stock_after, reference_type, reference_id, notes, user_id) VALUES (12, 'in', 4, 3039, 3043, 'purchase', 20, 'Purchase Order PO-20260726-014', 2)

2026/07/26 10:27:53 [32mD:/Develop/Project_pos_mahenz/BE/domain/supplier_purchase/repo/purchase_repo.go:174
[0m[33m[0.000ms] [34;1m[rows:-][0m SELECT p.id, p.purchase_code, p.invoice_number, p.supplier_id, COALESCE(s.name, '') as supplier_name, p.purchase_date, p.discount_amount, p.total_amount, p.payment_status, p.paid_amount, p.remaining_amount, p.status, COALESCE(u.full_name, '') as user_name, p.notes FROM purchases p LEFT JOIN users u ON p.user_id = u.id LEFT JOIN suppliers s ON p.supplier_id = s.id WHERE p.id = 20

2026/07/26 10:27:53 [32mD:/Develop/Project_pos_mahenz/BE/domain/supplier_purchase/repo/purchase_repo.go:216
[0m[33m[0.000ms] [34;1m[rows:-][0m SELECT pi.id, pi.product_id, COALESCE(p.name, '') as product_name, pi.quantity, pi.unit, COALESCE(pi.conversion_qty, 1) as conversion_qty, pi.purchase_price, pi.subtotal FROM purchase_items pi LEFT JOIN products p ON pi.product_id = p.id WHERE pi.purchase_id = 20

2026/07/26 10:27:53 [32mD:/Develop/Project_pos_mahenz/BE/domain/supplier_purchase/repo/purchase_repo.go:250
[0m[33m[0.000ms] [34;1m[rows:0][0m SELECT qty, expired_date FROM product_expiry_batches WHERE purchase_item_id = 28 ORDER BY expired_date ASC
[GIN] 2026/07/26 - 10:27:53 | 201 |     12.9469ms |             ::1 | POST     "/api/supplier-purchases/create"

2026/07/26 10:27:53 [32mD:/Develop/Project_pos_mahenz/BE/repository/log_request_repository.go:32
[0m[33m[2.013ms] [34;1m[rows:1][0m INSERT INTO log_requests (id, method, endpoint, status_code, request_body, response_body, user_id, duration_ms, ip_address, error_message, created_at) VALUES ('26e0e904-3eb4-4c02-8e80-6eddc00e6ff3', 'POST', '/api/supplier-purchases/create', 201, '{"invoice_number":"INV-QA-VOID-PAID","supplier_id":1,"purchase_date":"2026-07-26","discount_amount":0,"payment_status":"paid","payment_method":"cash","items":[{"product_id":12,"quantity":4,"unit":"Batang","conversion_qty":1,"purchase_price":1000}]}', '{"code":"21","status":true,"message":"Purchase order berhasil dibuat","data":{"id":20,"purchase_code":"PO-20260726-014","invoice_number":"INV-QA-VOID-PAID","supplier_id":1,"supplier_name":"Supplier Test Fase14","purchase_date":"2026-07-26T00:00:00+07:00","discount_amount":0,"total_amount":4000,"payment_status":"paid","paid_amount":4000,"remaining_amount":0,"status":"active","user_name":"Administrator","notes":"","items":[{"id":28,"product_id":12,"product_name":"Rokok Test Berantai","quantity":4,"unit":"Batang","conversion_qty":1,"purchase_price":1000,"subtotal":4000}]}}', 2, 12, '::1', NULL, '2026-07-26 10:27:53.486')

2026/07/26 10:28:04 [32mD:/Develop/Project_pos_mahenz/BE/domain/auth/repo/auth_repo.go:17
[0m[33m[1.467ms] [34;1m[rows:1][0m SELECT u.id, u.username, u.password, u.full_name, u.role_id, r.name AS role_name, u.is_active FROM users u INNER JOIN roles r ON r.id = u.role_id WHERE u.username = 'admin' LIMIT 1

2026/07/26 10:28:05 [32mD:/Develop/Project_pos_mahenz/BE/domain/auth/repo/auth_repo.go:67
[0m[33m[3.315ms] [34;1m[rows:1][0m DELETE FROM sessions WHERE user_id = 2

2026/07/26 10:28:05 [32mD:/Develop/Project_pos_mahenz/BE/domain/auth/repo/auth_repo.go:38
[0m[33m[2.514ms] [34;1m[rows:1][0m INSERT INTO sessions (user_id, user_role, token, refresh_token, device_info, ip_address, expires_at) VALUES (2, 'admin', 'eyJhbGciOiJIUzI1NiIsInR5cCI6IkpXVCJ9.eyJhcHBzIjoiIiwiZXhwIjoxNzg1MDY1Mjg1LCJmdWxsX25hbWUiOiJBZG1pbmlzdHJhdG9yIiwicm9sZSI6ImFkbWluIiwidXNlcl9pZCI6MiwidXNlcm5hbWUiOiJhZG1pbiJ9.wkaTcxKiB9PGKL8819xwHuYWyCEWPbjDKw1jUZrD_uU', 'ac06b782910329d629c70ef6e129ff2363bad73cdba642526cb03e912bb4a9b3', '', '::1', '2026-08-02 10:28:05.128') ON DUPLICATE KEY UPDATE user_role=VALUES(user_role), token=VALUES(token), refresh_token=VALUES(refresh_token), device_info=VALUES(device_info), ip_address=VALUES(ip_address), expires_at=VALUES(expires_at), created_at=NOW()
[GIN] 2026/07/26 - 10:28:05 | 200 |    152.0819ms |             ::1 | POST     "/api/auth/login"

2026/07/26 10:28:05 [32mD:/Develop/Project_pos_mahenz/BE/repository/log_request_repository.go:32
[0m[33m[4.015ms] [34;1m[rows:1][0m INSERT INTO log_requests (id, method, endpoint, status_code, request_body, response_body, user_id, duration_ms, ip_address, error_message, created_at) VALUES ('14b29058-41b0-473a-8e12-d4e9c2441032', 'POST', '/api/auth/login', 200, '{"username":"admin","password":"admin123"}', '{"code":"00","status":true,"message":"Login berhasil","data":{"token":"eyJhbGciOiJIUzI1NiIsInR5cCI6IkpXVCJ9.eyJhcHBzIjoiIiwiZXhwIjoxNzg1MDY1Mjg1LCJmdWxsX25hbWUiOiJBZG1pbmlzdHJhdG9yIiwicm9sZSI6ImFkbWluIiwidXNlcl9pZCI6MiwidXNlcm5hbWUiOiJhZG1pbiJ9.wkaTcxKiB9PGKL8819xwHuYWyCEWPbjDKw1jUZrD_uU","refresh_token":"ac06b782910329d629c70ef6e129ff2363bad73cdba642526cb03e912bb4a9b3","expires_at":"2026-08-02T10:28:05.128269+07:00","user":{"id":2,"username":"admin","full_name":"Administrator","role_id":2,"role_name":"admin"}}}', NULL, 152, '::1', NULL, '2026-07-26 10:28:05.137')

2026/07/26 10:28:05 [32mD:/Develop/Project_pos_mahenz/BE/domain/auth/repo/auth_repo.go:46
[0m[33m[0.634ms] [34;1m[rows:1][0m SELECT id, user_id, user_role, token, device_info, expires_at FROM sessions WHERE token = 'eyJhbGciOiJIUzI1NiIsInR5cCI6IkpXVCJ9.eyJhcHBzIjoiIiwiZXhwIjoxNzg1MDY1Mjg1LCJmdWxsX25hbWUiOiJBZG1pbmlzdHJhdG9yIiwicm9sZSI6ImFkbWluIiwidXNlcl9pZCI6MiwidXNlcm5hbWUiOiJhZG1pbiJ9.wkaTcxKiB9PGKL8819xwHuYWyCEWPbjDKw1jUZrD_uU' LIMIT 1

2026/07/26 10:28:05 [32mD:/Develop/Project_pos_mahenz/BE/domain/supplier_purchase/repo/purchase_repo.go:174
[0m[33m[0.523ms] [34;1m[rows:-][0m SELECT p.id, p.purchase_code, p.invoice_number, p.supplier_id, COALESCE(s.name, '') as supplier_name, p.purchase_date, p.discount_amount, p.total_amount, p.payment_status, p.paid_amount, p.remaining_amount, p.status, COALESCE(u.full_name, '') as user_name, p.notes FROM purchases p LEFT JOIN users u ON p.user_id = u.id LEFT JOIN suppliers s ON p.supplier_id = s.id WHERE p.id = 18

2026/07/26 10:28:05 [32mD:/Develop/Project_pos_mahenz/BE/domain/supplier_purchase/repo/purchase_repo.go:216
[0m[33m[0.666ms] [34;1m[rows:-][0m SELECT pi.id, pi.product_id, COALESCE(p.name, '') as product_name, pi.quantity, pi.unit, COALESCE(pi.conversion_qty, 1) as conversion_qty, pi.purchase_price, pi.subtotal FROM purchase_items pi LEFT JOIN products p ON pi.product_id = p.id WHERE pi.purchase_id = 18

2026/07/26 10:28:05 [32mD:/Develop/Project_pos_mahenz/BE/domain/supplier_purchase/repo/purchase_repo.go:250
[0m[33m[0.000ms] [34;1m[rows:0][0m SELECT qty, expired_date FROM product_expiry_batches WHERE purchase_item_id = 26 ORDER BY expired_date ASC
[GIN] 2026/07/26 - 10:28:05 | 200 |      1.8244ms |             ::1 | POST     "/api/supplier-purchases/detail/18"

2026/07/26 10:28:05 [32mD:/Develop/Project_pos_mahenz/BE/repository/log_request_repository.go:32
[0m[33m[2.685ms] [34;1m[rows:1][0m INSERT INTO log_requests (id, method, endpoint, status_code, request_body, response_body, user_id, duration_ms, ip_address, error_message, created_at) VALUES ('136a418a-1665-4f96-b0eb-d84d1367fee4', 'POST', '/api/supplier-purchases/detail/18', 200, '', '{"code":"00","status":true,"message":"Detail purchase order","data":{"id":18,"purchase_code":"PO-20260726-012","invoice_number":"INV-QA-VOID-UNPAID","supplier_id":1,"supplier_name":"Supplier Test Fase14","purchase_date":"2026-07-26T00:00:00+07:00","discount_amount":0,"total_amount":2000,"payment_status":"unpaid","paid_amount":0,"remaining_amount":2000,"status":"active","user_name":"Administrator","notes":"","items":[{"id":26,"product_id":12,"product_name":"Rokok Test Berantai","quantity":2,"unit":"Batang","conversion_qty":1,"purchase_price":1000,"subtotal":2000}]}}', 2, 1, '::1', NULL, '2026-07-26 10:28:05.261')

2026/07/26 10:28:05 [32mD:/Develop/Project_pos_mahenz/BE/domain/auth/repo/auth_repo.go:46
[0m[33m[5.717ms] [34;1m[rows:1][0m SELECT id, user_id, user_role, token, device_info, expires_at FROM sessions WHERE token = 'eyJhbGciOiJIUzI1NiIsInR5cCI6IkpXVCJ9.eyJhcHBzIjoiIiwiZXhwIjoxNzg1MDY1Mjg1LCJmdWxsX25hbWUiOiJBZG1pbmlzdHJhdG9yIiwicm9sZSI6ImFkbWluIiwidXNlcl9pZCI6MiwidXNlcm5hbWUiOiJhZG1pbiJ9.wkaTcxKiB9PGKL8819xwHuYWyCEWPbjDKw1jUZrD_uU' LIMIT 1

2026/07/26 10:28:05 [32mD:/Develop/Project_pos_mahenz/BE/domain/supplier_purchase/repo/purchase_repo.go:174
[0m[33m[0.970ms] [34;1m[rows:-][0m SELECT p.id, p.purchase_code, p.invoice_number, p.supplier_id, COALESCE(s.name, '') as supplier_name, p.purchase_date, p.discount_amount, p.total_amount, p.payment_status, p.paid_amount, p.remaining_amount, p.status, COALESCE(u.full_name, '') as user_name, p.notes FROM purchases p LEFT JOIN users u ON p.user_id = u.id LEFT JOIN suppliers s ON p.supplier_id = s.id WHERE p.id = 19

2026/07/26 10:28:05 [32mD:/Develop/Project_pos_mahenz/BE/domain/supplier_purchase/repo/purchase_repo.go:216
[0m[33m[1.077ms] [34;1m[rows:-][0m SELECT pi.id, pi.product_id, COALESCE(p.name, '') as product_name, pi.quantity, pi.unit, COALESCE(pi.conversion_qty, 1) as conversion_qty, pi.purchase_price, pi.subtotal FROM purchase_items pi LEFT JOIN products p ON pi.product_id = p.id WHERE pi.purchase_id = 19

2026/07/26 10:28:05 [32mD:/Develop/Project_pos_mahenz/BE/domain/supplier_purchase/repo/purchase_repo.go:250
[0m[33m[0.543ms] [34;1m[rows:0][0m SELECT qty, expired_date FROM product_expiry_batches WHERE purchase_item_id = 27 ORDER BY expired_date ASC
[GIN] 2026/07/26 - 10:28:05 | 200 |       9.795ms |             ::1 | POST     "/api/supplier-purchases/detail/19"

2026/07/26 10:28:05 [32mD:/Develop/Project_pos_mahenz/BE/repository/log_request_repository.go:32
[0m[33m[2.973ms] [34;1m[rows:1][0m INSERT INTO log_requests (id, method, endpoint, status_code, request_body, response_body, user_id, duration_ms, ip_address, error_message, created_at) VALUES ('9c805ea9-c110-4fcf-b51d-49213f7c1683', 'POST', '/api/supplier-purchases/detail/19', 200, '', '{"code":"00","status":true,"message":"Detail purchase order","data":{"id":19,"purchase_code":"PO-20260726-013","invoice_number":"INV-QA-VOID-PARTIAL","supplier_id":1,"supplier_name":"Supplier Test Fase14","purchase_date":"2026-07-26T00:00:00+07:00","discount_amount":0,"total_amount":3000,"payment_status":"partial","paid_amount":1000,"remaining_amount":2000,"status":"active","user_name":"Administrator","notes":"","items":[{"id":27,"product_id":12,"product_name":"Rokok Test Berantai","quantity":3,"unit":"Batang","conversion_qty":1,"purchase_price":1000,"subtotal":3000}]}}', 2, 9, '::1', NULL, '2026-07-26 10:28:05.76')

2026/07/26 10:28:06 [32mD:/Develop/Project_pos_mahenz/BE/domain/auth/repo/auth_repo.go:46
[0m[33m[0.926ms] [34;1m[rows:1][0m SELECT id, user_id, user_role, token, device_info, expires_at FROM sessions WHERE token = 'eyJhbGciOiJIUzI1NiIsInR5cCI6IkpXVCJ9.eyJhcHBzIjoiIiwiZXhwIjoxNzg1MDY1Mjg1LCJmdWxsX25hbWUiOiJBZG1pbmlzdHJhdG9yIiwicm9sZSI6ImFkbWluIiwidXNlcl9pZCI6MiwidXNlcm5hbWUiOiJhZG1pbiJ9.wkaTcxKiB9PGKL8819xwHuYWyCEWPbjDKw1jUZrD_uU' LIMIT 1

2026/07/26 10:28:06 [32mD:/Develop/Project_pos_mahenz/BE/domain/supplier_purchase/repo/purchase_repo.go:174
[0m[33m[0.753ms] [34;1m[rows:-][0m SELECT p.id, p.purchase_code, p.invoice_number, p.supplier_id, COALESCE(s.name, '') as supplier_name, p.purchase_date, p.discount_amount, p.total_amount, p.payment_status, p.paid_amount, p.remaining_amount, p.status, COALESCE(u.full_name, '') as user_name, p.notes FROM purchases p LEFT JOIN users u ON p.user_id = u.id LEFT JOIN suppliers s ON p.supplier_id = s.id WHERE p.id = 20

2026/07/26 10:28:06 [32mD:/Develop/Project_pos_mahenz/BE/domain/supplier_purchase/repo/purchase_repo.go:216
[0m[33m[0.543ms] [34;1m[rows:-][0m SELECT pi.id, pi.product_id, COALESCE(p.name, '') as product_name, pi.quantity, pi.unit, COALESCE(pi.conversion_qty, 1) as conversion_qty, pi.purchase_price, pi.subtotal FROM purchase_items pi LEFT JOIN products p ON pi.product_id = p.id WHERE pi.purchase_id = 20

2026/07/26 10:28:06 [32mD:/Develop/Project_pos_mahenz/BE/domain/supplier_purchase/repo/purchase_repo.go:250
[0m[33m[0.000ms] [34;1m[rows:0][0m SELECT qty, expired_date FROM product_expiry_batches WHERE purchase_item_id = 28 ORDER BY expired_date ASC
[GIN] 2026/07/26 - 10:28:06 | 200 |      2.7721ms |             ::1 | POST     "/api/supplier-purchases/detail/20"

2026/07/26 10:28:06 [32mD:/Develop/Project_pos_mahenz/BE/repository/log_request_repository.go:32
[0m[33m[2.732ms] [34;1m[rows:1][0m INSERT INTO log_requests (id, method, endpoint, status_code, request_body, response_body, user_id, duration_ms, ip_address, error_message, created_at) VALUES ('2e43316a-46c5-437a-8ee2-5a26ee404b45', 'POST', '/api/supplier-purchases/detail/20', 200, '', '{"code":"00","status":true,"message":"Detail purchase order","data":{"id":20,"purchase_code":"PO-20260726-014","invoice_number":"INV-QA-VOID-PAID","supplier_id":1,"supplier_name":"Supplier Test Fase14","purchase_date":"2026-07-26T00:00:00+07:00","discount_amount":0,"total_amount":4000,"payment_status":"paid","paid_amount":4000,"remaining_amount":0,"status":"active","user_name":"Administrator","notes":"","items":[{"id":28,"product_id":12,"product_name":"Rokok Test Berantai","quantity":4,"unit":"Batang","conversion_qty":1,"purchase_price":1000,"subtotal":4000}]}}', 2, 2, '::1', NULL, '2026-07-26 10:28:06.148')

2026/07/26 10:28:46 [32mD:/Develop/Project_pos_mahenz/BE/domain/auth/repo/auth_repo.go:17
[0m[33m[0.507ms] [34;1m[rows:1][0m SELECT u.id, u.username, u.password, u.full_name, u.role_id, r.name AS role_name, u.is_active FROM users u INNER JOIN roles r ON r.id = u.role_id WHERE u.username = 'admin' LIMIT 1

2026/07/26 10:28:46 [32mD:/Develop/Project_pos_mahenz/BE/domain/auth/repo/auth_repo.go:67
[0m[33m[1.980ms] [34;1m[rows:1][0m DELETE FROM sessions WHERE user_id = 2

2026/07/26 10:28:46 [32mD:/Develop/Project_pos_mahenz/BE/domain/auth/repo/auth_repo.go:38
[0m[33m[3.587ms] [34;1m[rows:1][0m INSERT INTO sessions (user_id, user_role, token, refresh_token, device_info, ip_address, expires_at) VALUES (2, 'admin', 'eyJhbGciOiJIUzI1NiIsInR5cCI6IkpXVCJ9.eyJhcHBzIjoiIiwiZXhwIjoxNzg1MDY1MzI2LCJmdWxsX25hbWUiOiJBZG1pbmlzdHJhdG9yIiwicm9sZSI6ImFkbWluIiwidXNlcl9pZCI6MiwidXNlcm5hbWUiOiJhZG1pbiJ9.zYLkSZC5q7QkyqKo6w9brKz78-m3ALyWxVGp42igmos', 'da7bdf4b0dacf725ad16a2bf019c9bcb41469e04e9a63cadda1075d81bc3f769', '', '::1', '2026-08-02 10:28:46.562') ON DUPLICATE KEY UPDATE user_role=VALUES(user_role), token=VALUES(token), refresh_token=VALUES(refresh_token), device_info=VALUES(device_info), ip_address=VALUES(ip_address), expires_at=VALUES(expires_at), created_at=NOW()
[GIN] 2026/07/26 - 10:28:46 | 200 |    156.7708ms |             ::1 | POST     "/api/auth/login"

2026/07/26 10:28:46 [32mD:/Develop/Project_pos_mahenz/BE/repository/log_request_repository.go:32
[0m[33m[2.330ms] [34;1m[rows:1][0m INSERT INTO log_requests (id, method, endpoint, status_code, request_body, response_body, user_id, duration_ms, ip_address, error_message, created_at) VALUES ('7cbee795-5901-47e4-b09a-b87f7b9bfcd9', 'POST', '/api/auth/login', 200, '{"username":"admin","password":"admin123"}', '{"code":"00","status":true,"message":"Login berhasil","data":{"token":"eyJhbGciOiJIUzI1NiIsInR5cCI6IkpXVCJ9.eyJhcHBzIjoiIiwiZXhwIjoxNzg1MDY1MzI2LCJmdWxsX25hbWUiOiJBZG1pbmlzdHJhdG9yIiwicm9sZSI6ImFkbWluIiwidXNlcl9pZCI6MiwidXNlcm5hbWUiOiJhZG1pbiJ9.zYLkSZC5q7QkyqKo6w9brKz78-m3ALyWxVGp42igmos","refresh_token":"da7bdf4b0dacf725ad16a2bf019c9bcb41469e04e9a63cadda1075d81bc3f769","expires_at":"2026-08-02T10:28:46.5629911+07:00","user":{"id":2,"username":"admin","full_name":"Administrator","role_id":2,"role_name":"admin"}}}', NULL, 156, '::1', NULL, '2026-07-26 10:28:46.57')

2026/07/26 10:28:46 [32mD:/Develop/Project_pos_mahenz/BE/domain/auth/repo/auth_repo.go:46
[0m[33m[0.510ms] [34;1m[rows:1][0m SELECT id, user_id, user_role, token, device_info, expires_at FROM sessions WHERE token = 'eyJhbGciOiJIUzI1NiIsInR5cCI6IkpXVCJ9.eyJhcHBzIjoiIiwiZXhwIjoxNzg1MDY1MzI2LCJmdWxsX25hbWUiOiJBZG1pbmlzdHJhdG9yIiwicm9sZSI6ImFkbWluIiwidXNlcl9pZCI6MiwidXNlcm5hbWUiOiJhZG1pbiJ9.zYLkSZC5q7QkyqKo6w9brKz78-m3ALyWxVGp42igmos' LIMIT 1

2026/07/26 10:28:46 [32mD:/Develop/Project_pos_mahenz/BE/domain/supplier_purchase/repo/purchase_repo.go:174
[0m[33m[0.711ms] [34;1m[rows:-][0m SELECT p.id, p.purchase_code, p.invoice_number, p.supplier_id, COALESCE(s.name, '') as supplier_name, p.purchase_date, p.discount_amount, p.total_amount, p.payment_status, p.paid_amount, p.remaining_amount, p.status, COALESCE(u.full_name, '') as user_name, p.notes FROM purchases p LEFT JOIN users u ON p.user_id = u.id LEFT JOIN suppliers s ON p.supplier_id = s.id WHERE p.id = 18

2026/07/26 10:28:46 [32mD:/Develop/Project_pos_mahenz/BE/domain/supplier_purchase/repo/purchase_repo.go:216
[0m[33m[0.782ms] [34;1m[rows:-][0m SELECT pi.id, pi.product_id, COALESCE(p.name, '') as product_name, pi.quantity, pi.unit, COALESCE(pi.conversion_qty, 1) as conversion_qty, pi.purchase_price, pi.subtotal FROM purchase_items pi LEFT JOIN products p ON pi.product_id = p.id WHERE pi.purchase_id = 18

2026/07/26 10:28:46 [32mD:/Develop/Project_pos_mahenz/BE/domain/supplier_purchase/repo/purchase_repo.go:250
[0m[33m[0.848ms] [34;1m[rows:0][0m SELECT qty, expired_date FROM product_expiry_batches WHERE purchase_item_id = 26 ORDER BY expired_date ASC
[GIN] 2026/07/26 - 10:28:46 | 200 |      2.8515ms |             ::1 | POST     "/api/supplier-purchases/detail/18"

2026/07/26 10:28:46 [32mD:/Develop/Project_pos_mahenz/BE/repository/log_request_repository.go:32
[0m[33m[3.200ms] [34;1m[rows:1][0m INSERT INTO log_requests (id, method, endpoint, status_code, request_body, response_body, user_id, duration_ms, ip_address, error_message, created_at) VALUES ('fd89471f-9400-49e5-8546-883c69c43bd3', 'POST', '/api/supplier-purchases/detail/18', 200, '', '{"code":"00","status":true,"message":"Detail purchase order","data":{"id":18,"purchase_code":"PO-20260726-012","invoice_number":"INV-QA-VOID-UNPAID","supplier_id":1,"supplier_name":"Supplier Test Fase14","purchase_date":"2026-07-26T00:00:00+07:00","discount_amount":0,"total_amount":2000,"payment_status":"unpaid","paid_amount":0,"remaining_amount":2000,"status":"active","user_name":"Administrator","notes":"","items":[{"id":26,"product_id":12,"product_name":"Rokok Test Berantai","quantity":2,"unit":"Batang","conversion_qty":1,"purchase_price":1000,"subtotal":2000}]}}', 2, 2, '::1', NULL, '2026-07-26 10:28:46.701')

2026/07/26 10:28:46 [32mD:/Develop/Project_pos_mahenz/BE/domain/auth/repo/auth_repo.go:46
[0m[33m[0.505ms] [34;1m[rows:1][0m SELECT id, user_id, user_role, token, device_info, expires_at FROM sessions WHERE token = 'eyJhbGciOiJIUzI1NiIsInR5cCI6IkpXVCJ9.eyJhcHBzIjoiIiwiZXhwIjoxNzg1MDY1MzI2LCJmdWxsX25hbWUiOiJBZG1pbmlzdHJhdG9yIiwicm9sZSI6ImFkbWluIiwidXNlcl9pZCI6MiwidXNlcm5hbWUiOiJhZG1pbiJ9.zYLkSZC5q7QkyqKo6w9brKz78-m3ALyWxVGp42igmos' LIMIT 1

2026/07/26 10:28:46 [32mD:/Develop/Project_pos_mahenz/BE/domain/supplier_purchase/repo/purchase_repo.go:174
[0m[33m[0.526ms] [34;1m[rows:-][0m SELECT p.id, p.purchase_code, p.invoice_number, p.supplier_id, COALESCE(s.name, '') as supplier_name, p.purchase_date, p.discount_amount, p.total_amount, p.payment_status, p.paid_amount, p.remaining_amount, p.status, COALESCE(u.full_name, '') as user_name, p.notes FROM purchases p LEFT JOIN users u ON p.user_id = u.id LEFT JOIN suppliers s ON p.supplier_id = s.id WHERE p.id = 19

2026/07/26 10:28:46 [32mD:/Develop/Project_pos_mahenz/BE/domain/supplier_purchase/repo/purchase_repo.go:216
[0m[33m[0.612ms] [34;1m[rows:-][0m SELECT pi.id, pi.product_id, COALESCE(p.name, '') as product_name, pi.quantity, pi.unit, COALESCE(pi.conversion_qty, 1) as conversion_qty, pi.purchase_price, pi.subtotal FROM purchase_items pi LEFT JOIN products p ON pi.product_id = p.id WHERE pi.purchase_id = 19

2026/07/26 10:28:46 [32mD:/Develop/Project_pos_mahenz/BE/domain/supplier_purchase/repo/purchase_repo.go:250
[0m[33m[0.701ms] [34;1m[rows:0][0m SELECT qty, expired_date FROM product_expiry_batches WHERE purchase_item_id = 27 ORDER BY expired_date ASC
[GIN] 2026/07/26 - 10:28:46 | 200 |        2.86ms |             ::1 | POST     "/api/supplier-purchases/detail/19"

2026/07/26 10:28:46 [32mD:/Develop/Project_pos_mahenz/BE/repository/log_request_repository.go:32
[0m[33m[2.436ms] [34;1m[rows:1][0m INSERT INTO log_requests (id, method, endpoint, status_code, request_body, response_body, user_id, duration_ms, ip_address, error_message, created_at) VALUES ('115628dd-406d-4f88-9d04-59a40dc1e313', 'POST', '/api/supplier-purchases/detail/19', 200, '', '{"code":"00","status":true,"message":"Detail purchase order","data":{"id":19,"purchase_code":"PO-20260726-013","invoice_number":"INV-QA-VOID-PARTIAL","supplier_id":1,"supplier_name":"Supplier Test Fase14","purchase_date":"2026-07-26T00:00:00+07:00","discount_amount":0,"total_amount":3000,"payment_status":"partial","paid_amount":1000,"remaining_amount":2000,"status":"active","user_name":"Administrator","notes":"","items":[{"id":27,"product_id":12,"product_name":"Rokok Test Berantai","quantity":3,"unit":"Batang","conversion_qty":1,"purchase_price":1000,"subtotal":3000}]}}', 2, 2, '::1', NULL, '2026-07-26 10:28:46.847')

2026/07/26 10:28:47 [32mD:/Develop/Project_pos_mahenz/BE/domain/auth/repo/auth_repo.go:46
[0m[33m[1.844ms] [34;1m[rows:1][0m SELECT id, user_id, user_role, token, device_info, expires_at FROM sessions WHERE token = 'eyJhbGciOiJIUzI1NiIsInR5cCI6IkpXVCJ9.eyJhcHBzIjoiIiwiZXhwIjoxNzg1MDY1MzI2LCJmdWxsX25hbWUiOiJBZG1pbmlzdHJhdG9yIiwicm9sZSI6ImFkbWluIiwidXNlcl9pZCI6MiwidXNlcm5hbWUiOiJhZG1pbiJ9.zYLkSZC5q7QkyqKo6w9brKz78-m3ALyWxVGp42igmos' LIMIT 1

2026/07/26 10:28:47 [32mD:/Develop/Project_pos_mahenz/BE/domain/supplier_purchase/repo/purchase_repo.go:174
[0m[33m[0.523ms] [34;1m[rows:-][0m SELECT p.id, p.purchase_code, p.invoice_number, p.supplier_id, COALESCE(s.name, '') as supplier_name, p.purchase_date, p.discount_amount, p.total_amount, p.payment_status, p.paid_amount, p.remaining_amount, p.status, COALESCE(u.full_name, '') as user_name, p.notes FROM purchases p LEFT JOIN users u ON p.user_id = u.id LEFT JOIN suppliers s ON p.supplier_id = s.id WHERE p.id = 20

2026/07/26 10:28:47 [32mD:/Develop/Project_pos_mahenz/BE/domain/supplier_purchase/repo/purchase_repo.go:216
[0m[33m[0.614ms] [34;1m[rows:-][0m SELECT pi.id, pi.product_id, COALESCE(p.name, '') as product_name, pi.quantity, pi.unit, COALESCE(pi.conversion_qty, 1) as conversion_qty, pi.purchase_price, pi.subtotal FROM purchase_items pi LEFT JOIN products p ON pi.product_id = p.id WHERE pi.purchase_id = 20

2026/07/26 10:28:47 [32mD:/Develop/Project_pos_mahenz/BE/domain/supplier_purchase/repo/purchase_repo.go:250
[0m[33m[0.511ms] [34;1m[rows:0][0m SELECT qty, expired_date FROM product_expiry_batches WHERE purchase_item_id = 28 ORDER BY expired_date ASC
[GIN] 2026/07/26 - 10:28:47 | 200 |      3.9984ms |             ::1 | POST     "/api/supplier-purchases/detail/20"

2026/07/26 10:28:47 [32mD:/Develop/Project_pos_mahenz/BE/repository/log_request_repository.go:32
[0m[33m[3.172ms] [34;1m[rows:1][0m INSERT INTO log_requests (id, method, endpoint, status_code, request_body, response_body, user_id, duration_ms, ip_address, error_message, created_at) VALUES ('00d30745-1534-436f-8cf6-c9b9b5037296', 'POST', '/api/supplier-purchases/detail/20', 200, '', '{"code":"00","status":true,"message":"Detail purchase order","data":{"id":20,"purchase_code":"PO-20260726-014","invoice_number":"INV-QA-VOID-PAID","supplier_id":1,"supplier_name":"Supplier Test Fase14","purchase_date":"2026-07-26T00:00:00+07:00","discount_amount":0,"total_amount":4000,"payment_status":"paid","paid_amount":4000,"remaining_amount":0,"status":"active","user_name":"Administrator","notes":"","items":[{"id":28,"product_id":12,"product_name":"Rokok Test Berantai","quantity":4,"unit":"Batang","conversion_qty":1,"purchase_price":1000,"subtotal":4000}]}}', 2, 3, '::1', NULL, '2026-07-26 10:28:47.006')

2026/07/26 10:29:50 [32mD:/Develop/Project_pos_mahenz/BE/domain/auth/repo/auth_repo.go:17
[0m[33m[0.505ms] [34;1m[rows:1][0m SELECT u.id, u.username, u.password, u.full_name, u.role_id, r.name AS role_name, u.is_active FROM users u INNER JOIN roles r ON r.id = u.role_id WHERE u.username = 'admin' LIMIT 1

2026/07/26 10:29:50 [32mD:/Develop/Project_pos_mahenz/BE/domain/auth/repo/auth_repo.go:67
[0m[33m[2.708ms] [34;1m[rows:1][0m DELETE FROM sessions WHERE user_id = 2

2026/07/26 10:29:50 [32mD:/Develop/Project_pos_mahenz/BE/domain/auth/repo/auth_repo.go:38
[0m[33m[3.145ms] [34;1m[rows:1][0m INSERT INTO sessions (user_id, user_role, token, refresh_token, device_info, ip_address, expires_at) VALUES (2, 'admin', 'eyJhbGciOiJIUzI1NiIsInR5cCI6IkpXVCJ9.eyJhcHBzIjoiIiwiZXhwIjoxNzg1MDY1MzkwLCJmdWxsX25hbWUiOiJBZG1pbmlzdHJhdG9yIiwicm9sZSI6ImFkbWluIiwidXNlcl9pZCI6MiwidXNlcm5hbWUiOiJhZG1pbiJ9.ZWijk2ON3LM9WVLaiI5Nbt_CcOBM-sC_G74HT7bmxYA', 'fbdb1f776697be4b46832e94408c3a8226a12a68162b34bc1fa42f0c83909bfe', '', '::1', '2026-08-02 10:29:50.954') ON DUPLICATE KEY UPDATE user_role=VALUES(user_role), token=VALUES(token), refresh_token=VALUES(refresh_token), device_info=VALUES(device_info), ip_address=VALUES(ip_address), expires_at=VALUES(expires_at), created_at=NOW()
[GIN] 2026/07/26 - 10:29:50 | 200 |    108.5066ms |             ::1 | POST     "/api/auth/login"

2026/07/26 10:29:50 [32mD:/Develop/Project_pos_mahenz/BE/repository/log_request_repository.go:32
[0m[33m[2.617ms] [34;1m[rows:1][0m INSERT INTO log_requests (id, method, endpoint, status_code, request_body, response_body, user_id, duration_ms, ip_address, error_message, created_at) VALUES ('c080c340-4927-46dd-8b99-593991498b38', 'POST', '/api/auth/login', 200, '{"username":"admin","password":"admin123"}', '{"code":"00","status":true,"message":"Login berhasil","data":{"token":"eyJhbGciOiJIUzI1NiIsInR5cCI6IkpXVCJ9.eyJhcHBzIjoiIiwiZXhwIjoxNzg1MDY1MzkwLCJmdWxsX25hbWUiOiJBZG1pbmlzdHJhdG9yIiwicm9sZSI6ImFkbWluIiwidXNlcl9pZCI6MiwidXNlcm5hbWUiOiJhZG1pbiJ9.ZWijk2ON3LM9WVLaiI5Nbt_CcOBM-sC_G74HT7bmxYA","refresh_token":"fbdb1f776697be4b46832e94408c3a8226a12a68162b34bc1fa42f0c83909bfe","expires_at":"2026-08-02T10:29:50.9544652+07:00","user":{"id":2,"username":"admin","full_name":"Administrator","role_id":2,"role_name":"admin"}}}', NULL, 108, '::1', NULL, '2026-07-26 10:29:50.96')

2026/07/26 10:29:51 [32mD:/Develop/Project_pos_mahenz/BE/domain/auth/repo/auth_repo.go:46
[0m[33m[0.506ms] [34;1m[rows:1][0m SELECT id, user_id, user_role, token, device_info, expires_at FROM sessions WHERE token = 'eyJhbGciOiJIUzI1NiIsInR5cCI6IkpXVCJ9.eyJhcHBzIjoiIiwiZXhwIjoxNzg1MDY1MzkwLCJmdWxsX25hbWUiOiJBZG1pbmlzdHJhdG9yIiwicm9sZSI6ImFkbWluIiwidXNlcl9pZCI6MiwidXNlcm5hbWUiOiJhZG1pbiJ9.ZWijk2ON3LM9WVLaiI5Nbt_CcOBM-sC_G74HT7bmxYA' LIMIT 1

2026/07/26 10:29:51 [32mD:/Develop/Project_pos_mahenz/BE/domain/product/repo/product_repo.go:100
[0m[33m[0.000ms] [34;1m[rows:1][0m SELECT COUNT(*) FROM products p WHERE 1=1 AND (p.name LIKE '%Rokok Test Berantai%' OR p.barcode LIKE '%Rokok Test Berantai%')

2026/07/26 10:29:51 [32mD:/Develop/Project_pos_mahenz/BE/domain/product/repo/product_repo.go:119
[0m[33m[1.048ms] [34;1m[rows:1][0m 
		SELECT p.id, p.barcode, COALESCE(p.sku, '') as sku, p.name, p.category_id, COALESCE(c.name, '') as category_name,
		       p.purchase_price, p.selling_price, p.stock, p.reserved_qty, p.min_stock,
		       COALESCE(p.unit_id, 0) as unit_id, COALESCE(u.name, '') as unit_name, COALESCE(u.abbreviation, '') as unit_abbreviation,
		       p.is_active,
		       (SELECT COUNT(*) FROM product_packages pp WHERE pp.product_id = p.id AND pp.is_default = 0) AS extra_packages,
		       (SELECT COUNT(*) FROM product_prices pr WHERE pr.product_id = p.id) AS price_tiers_count
		FROM products p
		LEFT JOIN categories c ON p.category_id = c.id
		LEFT JOIN units u ON u.id = p.unit_id
		WHERE 1=1 AND (p.name LIKE '%Rokok Test Berantai%' OR p.barcode LIKE '%Rokok Test Berantai%') ORDER BY p.name ASC LIMIT 1 OFFSET 0
[GIN] 2026/07/26 - 10:29:51 | 200 |       2.865ms |             ::1 | POST     "/api/products/list"

2026/07/26 10:29:51 [32mD:/Develop/Project_pos_mahenz/BE/repository/log_request_repository.go:32
[0m[33m[2.423ms] [34;1m[rows:1][0m INSERT INTO log_requests (id, method, endpoint, status_code, request_body, response_body, user_id, duration_ms, ip_address, error_message, created_at) VALUES ('530bbb0f-2533-41cf-9884-497892fab951', 'POST', '/api/products/list', 200, '{"page":1,"limit":1,"search":"Rokok Test Berantai"}', '{"code":"00","status":true,"message":"Daftar produk","data":[{"id":12,"barcode":"8997789608850","sku":"SEM-0008","name":"Rokok Test Berantai","category_id":1,"category_name":"Sembako Test","purchase_price":800,"selling_price":1000,"stock":3043,"reserved_qty":0,"min_stock":5,"unit_id":2,"unit_name":"Batang","unit_abbreviation":"Btg","is_active":true,"extra_packages":3,"price_tiers_count":2}],"pagination":{"page":1,"per_page":1,"total":1,"total_pages":1}}', 2, 2, '::1', NULL, '2026-07-26 10:29:51.056')

2026/07/26 10:29:51 [32mD:/Develop/Project_pos_mahenz/BE/domain/auth/repo/auth_repo.go:46
[0m[33m[0.507ms] [34;1m[rows:1][0m SELECT id, user_id, user_role, token, device_info, expires_at FROM sessions WHERE token = 'eyJhbGciOiJIUzI1NiIsInR5cCI6IkpXVCJ9.eyJhcHBzIjoiIiwiZXhwIjoxNzg1MDY1MzkwLCJmdWxsX25hbWUiOiJBZG1pbmlzdHJhdG9yIiwicm9sZSI6ImFkbWluIiwidXNlcl9pZCI6MiwidXNlcm5hbWUiOiJhZG1pbiJ9.ZWijk2ON3LM9WVLaiI5Nbt_CcOBM-sC_G74HT7bmxYA' LIMIT 1

2026/07/26 10:29:51 [32mD:/Develop/Project_pos_mahenz/BE/domain/supplier_purchase/repo/purchase_repo.go:205
[0m[33m[0.523ms] [34;1m[rows:1][0m SELECT id, purchase_code, invoice_number, supplier_id, purchase_date, discount_amount, total_amount, payment_status, paid_amount, remaining_amount, status, user_id, notes FROM purchases WHERE id = 18

2026/07/26 10:29:51 [32mD:/Develop/Project_pos_mahenz/BE/domain/supplier_purchase/repo/purchase_repo.go:535
[0m[33m[0.540ms] [34;1m[rows:1][0m SELECT COUNT(*) FROM supplier_returns WHERE purchase_id = 18

2026/07/26 10:29:51 [32mD:/Develop/Project_pos_mahenz/BE/domain/supplier_purchase/repo/purchase_repo.go:551
[0m[33m[0.000ms] [34;1m[rows:1][0m SELECT status FROM purchases WHERE id = 18 LIMIT 1 FOR UPDATE

2026/07/26 10:29:51 [32mD:/Develop/Project_pos_mahenz/BE/domain/supplier_purchase/repo/purchase_repo.go:562
[0m[33m[0.536ms] [34;1m[rows:1][0m UPDATE purchases SET status = 'void', remaining_amount = 0, updated_at = NOW() WHERE id = 18

2026/07/26 10:29:51 [32mD:/Develop/Project_pos_mahenz/BE/domain/supplier_purchase/repo/purchase_repo.go:216
[0m[33m[0.572ms] [34;1m[rows:-][0m SELECT pi.id, pi.product_id, COALESCE(p.name, '') as product_name, pi.quantity, pi.unit, COALESCE(pi.conversion_qty, 1) as conversion_qty, pi.purchase_price, pi.subtotal FROM purchase_items pi LEFT JOIN products p ON pi.product_id = p.id WHERE pi.purchase_id = 18

2026/07/26 10:29:51 [32mD:/Develop/Project_pos_mahenz/BE/domain/supplier_purchase/repo/purchase_repo.go:250
[0m[33m[0.505ms] [34;1m[rows:0][0m SELECT qty, expired_date FROM product_expiry_batches WHERE purchase_item_id = 26 ORDER BY expired_date ASC

2026/07/26 10:29:51 [32mD:/Develop/Project_pos_mahenz/BE/domain/supplier_purchase/repo/purchase_repo.go:579
[0m[33m[0.000ms] [34;1m[rows:1][0m SELECT stock FROM products WHERE id = 12 LIMIT 1

2026/07/26 10:29:51 [32mD:/Develop/Project_pos_mahenz/BE/domain/supplier_purchase/repo/purchase_repo.go:583
[0m[33m[0.506ms] [34;1m[rows:1][0m UPDATE products SET stock = stock - 2, updated_at = NOW() WHERE id = 12

2026/07/26 10:29:51 [32mD:/Develop/Project_pos_mahenz/BE/domain/supplier_purchase/repo/purchase_repo.go:589
[0m[33m[0.600ms] [34;1m[rows:1][0m INSERT INTO stock_mutations (product_id, mutation_type, quantity, stock_before, stock_after, reference_type, reference_id, notes, user_id) VALUES (12, 'void_purchase', 2, 3043, 3041, 'purchase', 18, 'Void purchase order ID 18', 2)
[GIN] 2026/07/26 - 10:29:51 | 200 |     12.4018ms |             ::1 | POST     "/api/supplier-purchases/void/18"

2026/07/26 10:29:51 [32mD:/Develop/Project_pos_mahenz/BE/repository/log_request_repository.go:32
[0m[33m[2.227ms] [34;1m[rows:1][0m INSERT INTO log_requests (id, method, endpoint, status_code, request_body, response_body, user_id, duration_ms, ip_address, error_message, created_at) VALUES ('8d799869-ccfc-4689-b425-b6af374daf41', 'POST', '/api/supplier-purchases/void/18', 200, '', '{"code":"00","status":true,"message":"Purchase order berhasil di-void","data":null}', 2, 11, '::1', NULL, '2026-07-26 10:29:51.202')

2026/07/26 10:29:51 [32mD:/Develop/Project_pos_mahenz/BE/domain/auth/repo/auth_repo.go:46
[0m[33m[0.505ms] [34;1m[rows:1][0m SELECT id, user_id, user_role, token, device_info, expires_at FROM sessions WHERE token = 'eyJhbGciOiJIUzI1NiIsInR5cCI6IkpXVCJ9.eyJhcHBzIjoiIiwiZXhwIjoxNzg1MDY1MzkwLCJmdWxsX25hbWUiOiJBZG1pbmlzdHJhdG9yIiwicm9sZSI6ImFkbWluIiwidXNlcl9pZCI6MiwidXNlcm5hbWUiOiJhZG1pbiJ9.ZWijk2ON3LM9WVLaiI5Nbt_CcOBM-sC_G74HT7bmxYA' LIMIT 1

2026/07/26 10:29:51 [32mD:/Develop/Project_pos_mahenz/BE/domain/supplier_purchase/repo/purchase_repo.go:205
[0m[33m[0.521ms] [34;1m[rows:1][0m SELECT id, purchase_code, invoice_number, supplier_id, purchase_date, discount_amount, total_amount, payment_status, paid_amount, remaining_amount, status, user_id, notes FROM purchases WHERE id = 19

2026/07/26 10:29:51 [32mD:/Develop/Project_pos_mahenz/BE/domain/supplier_purchase/repo/purchase_repo.go:535
[0m[33m[0.000ms] [34;1m[rows:1][0m SELECT COUNT(*) FROM supplier_returns WHERE purchase_id = 19

2026/07/26 10:29:51 [32mD:/Develop/Project_pos_mahenz/BE/domain/supplier_purchase/repo/purchase_repo.go:551
[0m[33m[0.000ms] [34;1m[rows:1][0m SELECT status FROM purchases WHERE id = 19 LIMIT 1 FOR UPDATE

2026/07/26 10:29:51 [32mD:/Develop/Project_pos_mahenz/BE/domain/supplier_purchase/repo/purchase_repo.go:562
[0m[33m[0.522ms] [34;1m[rows:1][0m UPDATE purchases SET status = 'void', remaining_amount = 0, updated_at = NOW() WHERE id = 19

2026/07/26 10:29:51 [32mD:/Develop/Project_pos_mahenz/BE/domain/supplier_purchase/repo/purchase_repo.go:216
[0m[33m[0.619ms] [34;1m[rows:-][0m SELECT pi.id, pi.product_id, COALESCE(p.name, '') as product_name, pi.quantity, pi.unit, COALESCE(pi.conversion_qty, 1) as conversion_qty, pi.purchase_price, pi.subtotal FROM purchase_items pi LEFT JOIN products p ON pi.product_id = p.id WHERE pi.purchase_id = 19

2026/07/26 10:29:51 [32mD:/Develop/Project_pos_mahenz/BE/domain/supplier_purchase/repo/purchase_repo.go:250
[0m[33m[0.553ms] [34;1m[rows:0][0m SELECT qty, expired_date FROM product_expiry_batches WHERE purchase_item_id = 27 ORDER BY expired_date ASC

2026/07/26 10:29:51 [32mD:/Develop/Project_pos_mahenz/BE/domain/supplier_purchase/repo/purchase_repo.go:579
[0m[33m[0.000ms] [34;1m[rows:1][0m SELECT stock FROM products WHERE id = 12 LIMIT 1

2026/07/26 10:29:51 [32mD:/Develop/Project_pos_mahenz/BE/domain/supplier_purchase/repo/purchase_repo.go:583
[0m[33m[0.000ms] [34;1m[rows:1][0m UPDATE products SET stock = stock - 3, updated_at = NOW() WHERE id = 12

2026/07/26 10:29:51 [32mD:/Develop/Project_pos_mahenz/BE/domain/supplier_purchase/repo/purchase_repo.go:589
[0m[33m[0.742ms] [34;1m[rows:1][0m INSERT INTO stock_mutations (product_id, mutation_type, quantity, stock_before, stock_after, reference_type, reference_id, notes, user_id) VALUES (12, 'void_purchase', 3, 3041, 3038, 'purchase', 19, 'Void purchase order ID 19', 2)
[GIN] 2026/07/26 - 10:29:51 | 200 |      7.4571ms |             ::1 | POST     "/api/supplier-purchases/void/19"

2026/07/26 10:29:51 [32mD:/Develop/Project_pos_mahenz/BE/repository/log_request_repository.go:32
[0m[33m[3.180ms] [34;1m[rows:1][0m INSERT INTO log_requests (id, method, endpoint, status_code, request_body, response_body, user_id, duration_ms, ip_address, error_message, created_at) VALUES ('4ec34b58-e69b-420f-9130-adc70e610df3', 'POST', '/api/supplier-purchases/void/19', 200, '', '{"code":"00","status":true,"message":"Purchase order berhasil di-void","data":null}', 2, 7, '::1', NULL, '2026-07-26 10:29:51.415')

2026/07/26 10:29:51 [32mD:/Develop/Project_pos_mahenz/BE/domain/auth/repo/auth_repo.go:46
[0m[33m[0.804ms] [34;1m[rows:1][0m SELECT id, user_id, user_role, token, device_info, expires_at FROM sessions WHERE token = 'eyJhbGciOiJIUzI1NiIsInR5cCI6IkpXVCJ9.eyJhcHBzIjoiIiwiZXhwIjoxNzg1MDY1MzkwLCJmdWxsX25hbWUiOiJBZG1pbmlzdHJhdG9yIiwicm9sZSI6ImFkbWluIiwidXNlcl9pZCI6MiwidXNlcm5hbWUiOiJhZG1pbiJ9.ZWijk2ON3LM9WVLaiI5Nbt_CcOBM-sC_G74HT7bmxYA' LIMIT 1

2026/07/26 10:29:51 [32mD:/Develop/Project_pos_mahenz/BE/domain/supplier_purchase/repo/purchase_repo.go:205
[0m[33m[4.186ms] [34;1m[rows:1][0m SELECT id, purchase_code, invoice_number, supplier_id, purchase_date, discount_amount, total_amount, payment_status, paid_amount, remaining_amount, status, user_id, notes FROM purchases WHERE id = 20

2026/07/26 10:29:51 [32mD:/Develop/Project_pos_mahenz/BE/domain/supplier_purchase/repo/purchase_repo.go:535
[0m[33m[0.505ms] [34;1m[rows:1][0m SELECT COUNT(*) FROM supplier_returns WHERE purchase_id = 20

2026/07/26 10:29:51 [32mD:/Develop/Project_pos_mahenz/BE/domain/supplier_purchase/repo/purchase_repo.go:551
[0m[33m[0.504ms] [34;1m[rows:1][0m SELECT status FROM purchases WHERE id = 20 LIMIT 1 FOR UPDATE

2026/07/26 10:29:51 [32mD:/Develop/Project_pos_mahenz/BE/domain/supplier_purchase/repo/purchase_repo.go:562
[0m[33m[0.625ms] [34;1m[rows:1][0m UPDATE purchases SET status = 'void', remaining_amount = 0, updated_at = NOW() WHERE id = 20

2026/07/26 10:29:51 [32mD:/Develop/Project_pos_mahenz/BE/domain/supplier_purchase/repo/purchase_repo.go:216
[0m[33m[0.000ms] [34;1m[rows:-][0m SELECT pi.id, pi.product_id, COALESCE(p.name, '') as product_name, pi.quantity, pi.unit, COALESCE(pi.conversion_qty, 1) as conversion_qty, pi.purchase_price, pi.subtotal FROM purchase_items pi LEFT JOIN products p ON pi.product_id = p.id WHERE pi.purchase_id = 20

2026/07/26 10:29:51 [32mD:/Develop/Project_pos_mahenz/BE/domain/supplier_purchase/repo/purchase_repo.go:250
[0m[33m[0.000ms] [34;1m[rows:0][0m SELECT qty, expired_date FROM product_expiry_batches WHERE purchase_item_id = 28 ORDER BY expired_date ASC

2026/07/26 10:29:51 [32mD:/Develop/Project_pos_mahenz/BE/domain/supplier_purchase/repo/purchase_repo.go:579
[0m[33m[0.526ms] [34;1m[rows:1][0m SELECT stock FROM products WHERE id = 12 LIMIT 1

2026/07/26 10:29:51 [32mD:/Develop/Project_pos_mahenz/BE/domain/supplier_purchase/repo/purchase_repo.go:583
[0m[33m[0.578ms] [34;1m[rows:1][0m UPDATE products SET stock = stock - 4, updated_at = NOW() WHERE id = 12

2026/07/26 10:29:51 [32mD:/Develop/Project_pos_mahenz/BE/domain/supplier_purchase/repo/purchase_repo.go:589
[0m[33m[0.000ms] [34;1m[rows:1][0m INSERT INTO stock_mutations (product_id, mutation_type, quantity, stock_before, stock_after, reference_type, reference_id, notes, user_id) VALUES (12, 'void_purchase', 4, 3038, 3034, 'purchase', 20, 'Void purchase order ID 20', 2)
[GIN] 2026/07/26 - 10:29:51 | 200 |     11.5786ms |             ::1 | POST     "/api/supplier-purchases/void/20"

2026/07/26 10:29:51 [32mD:/Develop/Project_pos_mahenz/BE/repository/log_request_repository.go:32
[0m[33m[1.478ms] [34;1m[rows:1][0m INSERT INTO log_requests (id, method, endpoint, status_code, request_body, response_body, user_id, duration_ms, ip_address, error_message, created_at) VALUES ('9655e02f-9da3-4291-8338-aa90de66f6a2', 'POST', '/api/supplier-purchases/void/20', 200, '', '{"code":"00","status":true,"message":"Purchase order berhasil di-void","data":null}', 2, 11, '::1', NULL, '2026-07-26 10:29:51.524')

2026/07/26 10:29:51 [32mD:/Develop/Project_pos_mahenz/BE/domain/auth/repo/auth_repo.go:46
[0m[33m[3.167ms] [34;1m[rows:1][0m SELECT id, user_id, user_role, token, device_info, expires_at FROM sessions WHERE token = 'eyJhbGciOiJIUzI1NiIsInR5cCI6IkpXVCJ9.eyJhcHBzIjoiIiwiZXhwIjoxNzg1MDY1MzkwLCJmdWxsX25hbWUiOiJBZG1pbmlzdHJhdG9yIiwicm9sZSI6ImFkbWluIiwidXNlcl9pZCI6MiwidXNlcm5hbWUiOiJhZG1pbiJ9.ZWijk2ON3LM9WVLaiI5Nbt_CcOBM-sC_G74HT7bmxYA' LIMIT 1

2026/07/26 10:29:51 [32mD:/Develop/Project_pos_mahenz/BE/domain/product/repo/product_repo.go:100
[0m[33m[1.040ms] [34;1m[rows:1][0m SELECT COUNT(*) FROM products p WHERE 1=1 AND (p.name LIKE '%Rokok Test Berantai%' OR p.barcode LIKE '%Rokok Test Berantai%')

2026/07/26 10:29:51 [32mD:/Develop/Project_pos_mahenz/BE/domain/product/repo/product_repo.go:119
[0m[33m[1.222ms] [34;1m[rows:1][0m 
		SELECT p.id, p.barcode, COALESCE(p.sku, '') as sku, p.name, p.category_id, COALESCE(c.name, '') as category_name,
		       p.purchase_price, p.selling_price, p.stock, p.reserved_qty, p.min_stock,
		       COALESCE(p.unit_id, 0) as unit_id, COALESCE(u.name, '') as unit_name, COALESCE(u.abbreviation, '') as unit_abbreviation,
		       p.is_active,
		       (SELECT COUNT(*) FROM product_packages pp WHERE pp.product_id = p.id AND pp.is_default = 0) AS extra_packages,
		       (SELECT COUNT(*) FROM product_prices pr WHERE pr.product_id = p.id) AS price_tiers_count
		FROM products p
		LEFT JOIN categories c ON p.category_id = c.id
		LEFT JOIN units u ON u.id = p.unit_id
		WHERE 1=1 AND (p.name LIKE '%Rokok Test Berantai%' OR p.barcode LIKE '%Rokok Test Berantai%') ORDER BY p.name ASC LIMIT 1 OFFSET 0
[GIN] 2026/07/26 - 10:29:51 | 200 |      5.4294ms |             ::1 | POST     "/api/products/list"

2026/07/26 10:29:51 [32mD:/Develop/Project_pos_mahenz/BE/repository/log_request_repository.go:32
[0m[33m[2.906ms] [34;1m[rows:1][0m INSERT INTO log_requests (id, method, endpoint, status_code, request_body, response_body, user_id, duration_ms, ip_address, error_message, created_at) VALUES ('26dadda7-a2f5-475c-a83c-dcae92c84b88', 'POST', '/api/products/list', 200, '{"page":1,"limit":1,"search":"Rokok Test Berantai"}', '{"code":"00","status":true,"message":"Daftar produk","data":[{"id":12,"barcode":"8997789608850","sku":"SEM-0008","name":"Rokok Test Berantai","category_id":1,"category_name":"Sembako Test","purchase_price":800,"selling_price":1000,"stock":3034,"reserved_qty":0,"min_stock":5,"unit_id":2,"unit_name":"Batang","unit_abbreviation":"Btg","is_active":true,"extra_packages":3,"price_tiers_count":2}],"pagination":{"page":1,"per_page":1,"total":1,"total_pages":1}}', 2, 5, '::1', NULL, '2026-07-26 10:29:51.669')

2026/07/26 10:30:09 [32mD:/Develop/Project_pos_mahenz/BE/domain/auth/repo/auth_repo.go:17
[0m[33m[2.408ms] [34;1m[rows:1][0m SELECT u.id, u.username, u.password, u.full_name, u.role_id, r.name AS role_name, u.is_active FROM users u INNER JOIN roles r ON r.id = u.role_id WHERE u.username = 'admin' LIMIT 1

2026/07/26 10:30:09 [32mD:/Develop/Project_pos_mahenz/BE/domain/auth/repo/auth_repo.go:67
[0m[33m[3.724ms] [34;1m[rows:1][0m DELETE FROM sessions WHERE user_id = 2

2026/07/26 10:30:09 [32mD:/Develop/Project_pos_mahenz/BE/domain/auth/repo/auth_repo.go:38
[0m[33m[2.545ms] [34;1m[rows:1][0m INSERT INTO sessions (user_id, user_role, token, refresh_token, device_info, ip_address, expires_at) VALUES (2, 'admin', 'eyJhbGciOiJIUzI1NiIsInR5cCI6IkpXVCJ9.eyJhcHBzIjoiIiwiZXhwIjoxNzg1MDY1NDA5LCJmdWxsX25hbWUiOiJBZG1pbmlzdHJhdG9yIiwicm9sZSI6ImFkbWluIiwidXNlcl9pZCI6MiwidXNlcm5hbWUiOiJhZG1pbiJ9._tPQixPG8GQjk_PGqeH20qlBvHdPCTfMbuDbbazBFRY', '5e89c8eb322a83087f3c07c812e9b3728f56890a3476faec35eda3e4f3017d60', '', '::1', '2026-08-02 10:30:09.236') ON DUPLICATE KEY UPDATE user_role=VALUES(user_role), token=VALUES(token), refresh_token=VALUES(refresh_token), device_info=VALUES(device_info), ip_address=VALUES(ip_address), expires_at=VALUES(expires_at), created_at=NOW()
[GIN] 2026/07/26 - 10:30:09 | 200 |     177.355ms |             ::1 | POST     "/api/auth/login"

2026/07/26 10:30:09 [32mD:/Develop/Project_pos_mahenz/BE/repository/log_request_repository.go:32
[0m[33m[2.546ms] [34;1m[rows:1][0m INSERT INTO log_requests (id, method, endpoint, status_code, request_body, response_body, user_id, duration_ms, ip_address, error_message, created_at) VALUES ('e4358b71-f834-4e5a-8a64-c795a2eadf2b', 'POST', '/api/auth/login', 200, '{"username":"admin","password":"admin123"}', '{"code":"00","status":true,"message":"Login berhasil","data":{"token":"eyJhbGciOiJIUzI1NiIsInR5cCI6IkpXVCJ9.eyJhcHBzIjoiIiwiZXhwIjoxNzg1MDY1NDA5LCJmdWxsX25hbWUiOiJBZG1pbmlzdHJhdG9yIiwicm9sZSI6ImFkbWluIiwidXNlcl9pZCI6MiwidXNlcm5hbWUiOiJhZG1pbiJ9._tPQixPG8GQjk_PGqeH20qlBvHdPCTfMbuDbbazBFRY","refresh_token":"5e89c8eb322a83087f3c07c812e9b3728f56890a3476faec35eda3e4f3017d60","expires_at":"2026-08-02T10:30:09.2367419+07:00","user":{"id":2,"username":"admin","full_name":"Administrator","role_id":2,"role_name":"admin"}}}', NULL, 177, '::1', NULL, '2026-07-26 10:30:09.243')

2026/07/26 10:30:09 [32mD:/Develop/Project_pos_mahenz/BE/domain/auth/repo/auth_repo.go:46
[0m[33m[0.507ms] [34;1m[rows:1][0m SELECT id, user_id, user_role, token, device_info, expires_at FROM sessions WHERE token = 'eyJhbGciOiJIUzI1NiIsInR5cCI6IkpXVCJ9.eyJhcHBzIjoiIiwiZXhwIjoxNzg1MDY1NDA5LCJmdWxsX25hbWUiOiJBZG1pbmlzdHJhdG9yIiwicm9sZSI6ImFkbWluIiwidXNlcl9pZCI6MiwidXNlcm5hbWUiOiJhZG1pbiJ9._tPQixPG8GQjk_PGqeH20qlBvHdPCTfMbuDbbazBFRY' LIMIT 1

2026/07/26 10:30:09 [32mD:/Develop/Project_pos_mahenz/BE/domain/supplier_purchase/repo/purchase_repo.go:174
[0m[33m[1.168ms] [34;1m[rows:-][0m SELECT p.id, p.purchase_code, p.invoice_number, p.supplier_id, COALESCE(s.name, '') as supplier_name, p.purchase_date, p.discount_amount, p.total_amount, p.payment_status, p.paid_amount, p.remaining_amount, p.status, COALESCE(u.full_name, '') as user_name, p.notes FROM purchases p LEFT JOIN users u ON p.user_id = u.id LEFT JOIN suppliers s ON p.supplier_id = s.id WHERE p.id = 18

2026/07/26 10:30:09 [32mD:/Develop/Project_pos_mahenz/BE/domain/supplier_purchase/repo/purchase_repo.go:216
[0m[33m[2.588ms] [34;1m[rows:-][0m SELECT pi.id, pi.product_id, COALESCE(p.name, '') as product_name, pi.quantity, pi.unit, COALESCE(pi.conversion_qty, 1) as conversion_qty, pi.purchase_price, pi.subtotal FROM purchase_items pi LEFT JOIN products p ON pi.product_id = p.id WHERE pi.purchase_id = 18

2026/07/26 10:30:09 [32mD:/Develop/Project_pos_mahenz/BE/domain/supplier_purchase/repo/purchase_repo.go:250
[0m[33m[0.526ms] [34;1m[rows:0][0m SELECT qty, expired_date FROM product_expiry_batches WHERE purchase_item_id = 26 ORDER BY expired_date ASC
[GIN] 2026/07/26 - 10:30:09 | 200 |      6.5628ms |             ::1 | POST     "/api/supplier-purchases/detail/18"

2026/07/26 10:30:09 [32mD:/Develop/Project_pos_mahenz/BE/repository/log_request_repository.go:32
[0m[33m[4.896ms] [34;1m[rows:1][0m INSERT INTO log_requests (id, method, endpoint, status_code, request_body, response_body, user_id, duration_ms, ip_address, error_message, created_at) VALUES ('b4b333f8-65ff-44da-8d6f-a657edf89d95', 'POST', '/api/supplier-purchases/detail/18', 200, '', '{"code":"00","status":true,"message":"Detail purchase order","data":{"id":18,"purchase_code":"PO-20260726-012","invoice_number":"INV-QA-VOID-UNPAID","supplier_id":1,"supplier_name":"Supplier Test Fase14","purchase_date":"2026-07-26T00:00:00+07:00","discount_amount":0,"total_amount":2000,"payment_status":"unpaid","paid_amount":0,"remaining_amount":0,"status":"void","user_name":"Administrator","notes":"","items":[{"id":26,"product_id":12,"product_name":"Rokok Test Berantai","quantity":2,"unit":"Batang","conversion_qty":1,"purchase_price":1000,"subtotal":2000}]}}', 2, 6, '::1', NULL, '2026-07-26 10:30:09.488')

2026/07/26 10:30:09 [32mD:/Develop/Project_pos_mahenz/BE/domain/auth/repo/auth_repo.go:46
[0m[33m[0.504ms] [34;1m[rows:1][0m SELECT id, user_id, user_role, token, device_info, expires_at FROM sessions WHERE token = 'eyJhbGciOiJIUzI1NiIsInR5cCI6IkpXVCJ9.eyJhcHBzIjoiIiwiZXhwIjoxNzg1MDY1NDA5LCJmdWxsX25hbWUiOiJBZG1pbmlzdHJhdG9yIiwicm9sZSI6ImFkbWluIiwidXNlcl9pZCI6MiwidXNlcm5hbWUiOiJhZG1pbiJ9._tPQixPG8GQjk_PGqeH20qlBvHdPCTfMbuDbbazBFRY' LIMIT 1

2026/07/26 10:30:09 [32mD:/Develop/Project_pos_mahenz/BE/domain/supplier_purchase/repo/purchase_repo.go:174
[0m[33m[0.668ms] [34;1m[rows:-][0m SELECT p.id, p.purchase_code, p.invoice_number, p.supplier_id, COALESCE(s.name, '') as supplier_name, p.purchase_date, p.discount_amount, p.total_amount, p.payment_status, p.paid_amount, p.remaining_amount, p.status, COALESCE(u.full_name, '') as user_name, p.notes FROM purchases p LEFT JOIN users u ON p.user_id = u.id LEFT JOIN suppliers s ON p.supplier_id = s.id WHERE p.id = 19

2026/07/26 10:30:09 [32mD:/Develop/Project_pos_mahenz/BE/domain/supplier_purchase/repo/purchase_repo.go:216
[0m[33m[0.000ms] [34;1m[rows:-][0m SELECT pi.id, pi.product_id, COALESCE(p.name, '') as product_name, pi.quantity, pi.unit, COALESCE(pi.conversion_qty, 1) as conversion_qty, pi.purchase_price, pi.subtotal FROM purchase_items pi LEFT JOIN products p ON pi.product_id = p.id WHERE pi.purchase_id = 19

2026/07/26 10:30:09 [32mD:/Develop/Project_pos_mahenz/BE/domain/supplier_purchase/repo/purchase_repo.go:250
[0m[33m[0.000ms] [34;1m[rows:0][0m SELECT qty, expired_date FROM product_expiry_batches WHERE purchase_item_id = 27 ORDER BY expired_date ASC
[GIN] 2026/07/26 - 10:30:09 | 200 |      2.3607ms |             ::1 | POST     "/api/supplier-purchases/detail/19"

2026/07/26 10:30:09 [32mD:/Develop/Project_pos_mahenz/BE/repository/log_request_repository.go:32
[0m[33m[2.131ms] [34;1m[rows:1][0m INSERT INTO log_requests (id, method, endpoint, status_code, request_body, response_body, user_id, duration_ms, ip_address, error_message, created_at) VALUES ('073da0cd-6875-4892-abb1-d208af3327da', 'POST', '/api/supplier-purchases/detail/19', 200, '', '{"code":"00","status":true,"message":"Detail purchase order","data":{"id":19,"purchase_code":"PO-20260726-013","invoice_number":"INV-QA-VOID-PARTIAL","supplier_id":1,"supplier_name":"Supplier Test Fase14","purchase_date":"2026-07-26T00:00:00+07:00","discount_amount":0,"total_amount":3000,"payment_status":"partial","paid_amount":1000,"remaining_amount":0,"status":"void","user_name":"Administrator","notes":"","items":[{"id":27,"product_id":12,"product_name":"Rokok Test Berantai","quantity":3,"unit":"Batang","conversion_qty":1,"purchase_price":1000,"subtotal":3000}]}}', 2, 2, '::1', NULL, '2026-07-26 10:30:09.659')

2026/07/26 10:30:09 [32mD:/Develop/Project_pos_mahenz/BE/domain/auth/repo/auth_repo.go:46
[0m[33m[0.508ms] [34;1m[rows:1][0m SELECT id, user_id, user_role, token, device_info, expires_at FROM sessions WHERE token = 'eyJhbGciOiJIUzI1NiIsInR5cCI6IkpXVCJ9.eyJhcHBzIjoiIiwiZXhwIjoxNzg1MDY1NDA5LCJmdWxsX25hbWUiOiJBZG1pbmlzdHJhdG9yIiwicm9sZSI6ImFkbWluIiwidXNlcl9pZCI6MiwidXNlcm5hbWUiOiJhZG1pbiJ9._tPQixPG8GQjk_PGqeH20qlBvHdPCTfMbuDbbazBFRY' LIMIT 1

2026/07/26 10:30:09 [32mD:/Develop/Project_pos_mahenz/BE/domain/supplier_purchase/repo/purchase_repo.go:174
[0m[33m[0.632ms] [34;1m[rows:-][0m SELECT p.id, p.purchase_code, p.invoice_number, p.supplier_id, COALESCE(s.name, '') as supplier_name, p.purchase_date, p.discount_amount, p.total_amount, p.payment_status, p.paid_amount, p.remaining_amount, p.status, COALESCE(u.full_name, '') as user_name, p.notes FROM purchases p LEFT JOIN users u ON p.user_id = u.id LEFT JOIN suppliers s ON p.supplier_id = s.id WHERE p.id = 20

2026/07/26 10:30:09 [32mD:/Develop/Project_pos_mahenz/BE/domain/supplier_purchase/repo/purchase_repo.go:216
[0m[33m[0.671ms] [34;1m[rows:-][0m SELECT pi.id, pi.product_id, COALESCE(p.name, '') as product_name, pi.quantity, pi.unit, COALESCE(pi.conversion_qty, 1) as conversion_qty, pi.purchase_price, pi.subtotal FROM purchase_items pi LEFT JOIN products p ON pi.product_id = p.id WHERE pi.purchase_id = 20

2026/07/26 10:30:09 [32mD:/Develop/Project_pos_mahenz/BE/domain/supplier_purchase/repo/purchase_repo.go:250
[0m[33m[0.664ms] [34;1m[rows:0][0m SELECT qty, expired_date FROM product_expiry_batches WHERE purchase_item_id = 28 ORDER BY expired_date ASC
[GIN] 2026/07/26 - 10:30:09 | 200 |      2.4745ms |             ::1 | POST     "/api/supplier-purchases/detail/20"

2026/07/26 10:30:09 [32mD:/Develop/Project_pos_mahenz/BE/repository/log_request_repository.go:32
[0m[33m[1.878ms] [34;1m[rows:1][0m INSERT INTO log_requests (id, method, endpoint, status_code, request_body, response_body, user_id, duration_ms, ip_address, error_message, created_at) VALUES ('1850a86c-ec91-417b-9a62-389c73399f9b', 'POST', '/api/supplier-purchases/detail/20', 200, '', '{"code":"00","status":true,"message":"Detail purchase order","data":{"id":20,"purchase_code":"PO-20260726-014","invoice_number":"INV-QA-VOID-PAID","supplier_id":1,"supplier_name":"Supplier Test Fase14","purchase_date":"2026-07-26T00:00:00+07:00","discount_amount":0,"total_amount":4000,"payment_status":"paid","paid_amount":4000,"remaining_amount":0,"status":"void","user_name":"Administrator","notes":"","items":[{"id":28,"product_id":12,"product_name":"Rokok Test Berantai","quantity":4,"unit":"Batang","conversion_qty":1,"purchase_price":1000,"subtotal":4000}]}}', 2, 2, '::1', NULL, '2026-07-26 10:30:09.763')

2026/07/26 10:31:51 [32mD:/Develop/Project_pos_mahenz/BE/domain/auth/repo/auth_repo.go:17
[0m[33m[0.506ms] [34;1m[rows:1][0m SELECT u.id, u.username, u.password, u.full_name, u.role_id, r.name AS role_name, u.is_active FROM users u INNER JOIN roles r ON r.id = u.role_id WHERE u.username = 'admin' LIMIT 1

2026/07/26 10:31:51 [32mD:/Develop/Project_pos_mahenz/BE/domain/auth/repo/auth_repo.go:67
[0m[33m[3.154ms] [34;1m[rows:1][0m DELETE FROM sessions WHERE user_id = 2

2026/07/26 10:31:51 [32mD:/Develop/Project_pos_mahenz/BE/domain/auth/repo/auth_repo.go:38
[0m[33m[2.001ms] [34;1m[rows:1][0m INSERT INTO sessions (user_id, user_role, token, refresh_token, device_info, ip_address, expires_at) VALUES (2, 'admin', 'eyJhbGciOiJIUzI1NiIsInR5cCI6IkpXVCJ9.eyJhcHBzIjoiIiwiZXhwIjoxNzg1MDY1NTExLCJmdWxsX25hbWUiOiJBZG1pbmlzdHJhdG9yIiwicm9sZSI6ImFkbWluIiwidXNlcl9pZCI6MiwidXNlcm5hbWUiOiJhZG1pbiJ9.Uy712814Ied1Sl_9aVdGpw1qJmKZZjhyxivhRJtEiQk', 'e7f8c201d74d3ac9c017345f72cecc654542d3dcb1bc71ae74f066670516597c', '', '::1', '2026-08-02 10:31:51.318') ON DUPLICATE KEY UPDATE user_role=VALUES(user_role), token=VALUES(token), refresh_token=VALUES(refresh_token), device_info=VALUES(device_info), ip_address=VALUES(ip_address), expires_at=VALUES(expires_at), created_at=NOW()
[GIN] 2026/07/26 - 10:31:51 | 200 |    211.4641ms |             ::1 | POST     "/api/auth/login"

2026/07/26 10:31:51 [32mD:/Develop/Project_pos_mahenz/BE/repository/log_request_repository.go:32
[0m[33m[2.277ms] [34;1m[rows:1][0m INSERT INTO log_requests (id, method, endpoint, status_code, request_body, response_body, user_id, duration_ms, ip_address, error_message, created_at) VALUES ('89257e30-a230-4b35-b2aa-9ec74b3ebfe6', 'POST', '/api/auth/login', 200, '{"username":"admin","password":"admin123"}', '{"code":"00","status":true,"message":"Login berhasil","data":{"token":"eyJhbGciOiJIUzI1NiIsInR5cCI6IkpXVCJ9.eyJhcHBzIjoiIiwiZXhwIjoxNzg1MDY1NTExLCJmdWxsX25hbWUiOiJBZG1pbmlzdHJhdG9yIiwicm9sZSI6ImFkbWluIiwidXNlcl9pZCI6MiwidXNlcm5hbWUiOiJhZG1pbiJ9.Uy712814Ied1Sl_9aVdGpw1qJmKZZjhyxivhRJtEiQk","refresh_token":"e7f8c201d74d3ac9c017345f72cecc654542d3dcb1bc71ae74f066670516597c","expires_at":"2026-08-02T10:31:51.3181034+07:00","user":{"id":2,"username":"admin","full_name":"Administrator","role_id":2,"role_name":"admin"}}}', NULL, 211, '::1', NULL, '2026-07-26 10:31:51.323')

2026/07/26 10:31:51 [32mD:/Develop/Project_pos_mahenz/BE/domain/auth/repo/auth_repo.go:46
[0m[33m[1.488ms] [34;1m[rows:1][0m SELECT id, user_id, user_role, token, device_info, expires_at FROM sessions WHERE token = 'eyJhbGciOiJIUzI1NiIsInR5cCI6IkpXVCJ9.eyJhcHBzIjoiIiwiZXhwIjoxNzg1MDY1NTExLCJmdWxsX25hbWUiOiJBZG1pbmlzdHJhdG9yIiwicm9sZSI6ImFkbWluIiwidXNlcl9pZCI6MiwidXNlcm5hbWUiOiJhZG1pbiJ9.Uy712814Ied1Sl_9aVdGpw1qJmKZZjhyxivhRJtEiQk' LIMIT 1

2026/07/26 10:31:51 [32mD:/Develop/Project_pos_mahenz/BE/domain/supplier_purchase/repo/purchase_repo.go:205
[0m[33m[0.544ms] [34;1m[rows:1][0m SELECT id, purchase_code, invoice_number, supplier_id, purchase_date, discount_amount, total_amount, payment_status, paid_amount, remaining_amount, status, user_id, notes FROM purchases WHERE id = 19
[GIN] 2026/07/26 - 10:31:51 | 400 |      2.0322ms |             ::1 | POST     "/api/supplier-purchases/void/19"
Error #01: PO sudah di-void

2026/07/26 10:31:51 [32mD:/Develop/Project_pos_mahenz/BE/repository/log_request_repository.go:32
[0m[33m[2.102ms] [34;1m[rows:1][0m INSERT INTO log_requests (id, method, endpoint, status_code, request_body, response_body, user_id, duration_ms, ip_address, error_message, created_at) VALUES ('7e30169f-ffa6-458b-a53e-23e2d0bbfdea', 'POST', '/api/supplier-purchases/void/19', 400, '', '{"code":"40","status":false,"message":"PO sudah di-void","data":null}', 2, 2, '::1', 'PO sudah di-void', '2026-07-26 10:31:51.426')

2026/07/26 10:31:51 [32mD:/Develop/Project_pos_mahenz/BE/domain/auth/repo/auth_repo.go:46
[0m[33m[0.508ms] [34;1m[rows:1][0m SELECT id, user_id, user_role, token, device_info, expires_at FROM sessions WHERE token = 'eyJhbGciOiJIUzI1NiIsInR5cCI6IkpXVCJ9.eyJhcHBzIjoiIiwiZXhwIjoxNzg1MDY1NTExLCJmdWxsX25hbWUiOiJBZG1pbmlzdHJhdG9yIiwicm9sZSI6ImFkbWluIiwidXNlcl9pZCI6MiwidXNlcm5hbWUiOiJhZG1pbiJ9.Uy712814Ied1Sl_9aVdGpw1qJmKZZjhyxivhRJtEiQk' LIMIT 1

2026/07/26 10:31:51 [32mD:/Develop/Project_pos_mahenz/BE/domain/product/repo/product_repo.go:100
[0m[33m[4.676ms] [34;1m[rows:1][0m SELECT COUNT(*) FROM products p WHERE 1=1 AND (p.name LIKE '%Rokok Test Berantai%' OR p.barcode LIKE '%Rokok Test Berantai%')

2026/07/26 10:31:51 [32mD:/Develop/Project_pos_mahenz/BE/domain/product/repo/product_repo.go:119
[0m[33m[1.520ms] [34;1m[rows:1][0m 
		SELECT p.id, p.barcode, COALESCE(p.sku, '') as sku, p.name, p.category_id, COALESCE(c.name, '') as category_name,
		       p.purchase_price, p.selling_price, p.stock, p.reserved_qty, p.min_stock,
		       COALESCE(p.unit_id, 0) as unit_id, COALESCE(u.name, '') as unit_name, COALESCE(u.abbreviation, '') as unit_abbreviation,
		       p.is_active,
		       (SELECT COUNT(*) FROM product_packages pp WHERE pp.product_id = p.id AND pp.is_default = 0) AS extra_packages,
		       (SELECT COUNT(*) FROM product_prices pr WHERE pr.product_id = p.id) AS price_tiers_count
		FROM products p
		LEFT JOIN categories c ON p.category_id = c.id
		LEFT JOIN units u ON u.id = p.unit_id
		WHERE 1=1 AND (p.name LIKE '%Rokok Test Berantai%' OR p.barcode LIKE '%Rokok Test Berantai%') ORDER BY p.name ASC LIMIT 1 OFFSET 0
[GIN] 2026/07/26 - 10:31:51 | 200 |      8.2653ms |             ::1 | POST     "/api/products/list"

2026/07/26 10:31:51 [32mD:/Develop/Project_pos_mahenz/BE/repository/log_request_repository.go:32
[0m[33m[2.821ms] [34;1m[rows:1][0m INSERT INTO log_requests (id, method, endpoint, status_code, request_body, response_body, user_id, duration_ms, ip_address, error_message, created_at) VALUES ('1dc06e19-c6cc-4e94-af33-06e0684d18e1', 'POST', '/api/products/list', 200, '{"page":1,"limit":1,"search":"Rokok Test Berantai"}', '{"code":"00","status":true,"message":"Daftar produk","data":[{"id":12,"barcode":"8997789608850","sku":"SEM-0008","name":"Rokok Test Berantai","category_id":1,"category_name":"Sembako Test","purchase_price":800,"selling_price":1000,"stock":3034,"reserved_qty":0,"min_stock":5,"unit_id":2,"unit_name":"Batang","unit_abbreviation":"Btg","is_active":true,"extra_packages":3,"price_tiers_count":2}],"pagination":{"page":1,"per_page":1,"total":1,"total_pages":1}}', 2, 8, '::1', NULL, '2026-07-26 10:31:51.571')

2026/07/26 10:31:51 [32mD:/Develop/Project_pos_mahenz/BE/domain/auth/repo/auth_repo.go:46
[0m[33m[0.698ms] [34;1m[rows:1][0m SELECT id, user_id, user_role, token, device_info, expires_at FROM sessions WHERE token = 'eyJhbGciOiJIUzI1NiIsInR5cCI6IkpXVCJ9.eyJhcHBzIjoiIiwiZXhwIjoxNzg1MDY1NTExLCJmdWxsX25hbWUiOiJBZG1pbmlzdHJhdG9yIiwicm9sZSI6ImFkbWluIiwidXNlcl9pZCI6MiwidXNlcm5hbWUiOiJhZG1pbiJ9.Uy712814Ied1Sl_9aVdGpw1qJmKZZjhyxivhRJtEiQk' LIMIT 1

2026/07/26 10:31:51 [32mD:/Develop/Project_pos_mahenz/BE/domain/supplier_purchase/repo/purchase_repo.go:205
[0m[33m[0.531ms] [34;1m[rows:1][0m SELECT id, purchase_code, invoice_number, supplier_id, purchase_date, discount_amount, total_amount, payment_status, paid_amount, remaining_amount, status, user_id, notes FROM purchases WHERE id = 19

2026/07/26 10:31:51 [32mD:/Develop/Project_pos_mahenz/BE/domain/supplier_purchase/repo/purchase_repo.go:499
[0m[33m[0.870ms] [34;1m[rows:2][0m DELETE FROM stock_mutations WHERE reference_type = 'purchase' AND reference_id = 19

2026/07/26 10:31:51 [32mD:/Develop/Project_pos_mahenz/BE/domain/supplier_purchase/repo/purchase_repo.go:503
[0m[33m[1.241ms] [34;1m[rows:1][0m DELETE FROM purchase_items WHERE purchase_id = 19

2026/07/26 10:31:51 [32mD:/Develop/Project_pos_mahenz/BE/domain/supplier_purchase/repo/purchase_repo.go:507
[0m[33m[2.530ms] [34;1m[rows:1][0m DELETE FROM purchases WHERE id = 19
[GIN] 2026/07/26 - 10:31:51 | 200 |      8.3993ms |             ::1 | POST     "/api/supplier-purchases/delete/19"

2026/07/26 10:31:51 [32mD:/Develop/Project_pos_mahenz/BE/repository/log_request_repository.go:32
[0m[33m[1.778ms] [34;1m[rows:1][0m INSERT INTO log_requests (id, method, endpoint, status_code, request_body, response_body, user_id, duration_ms, ip_address, error_message, created_at) VALUES ('ee3813fc-829e-4676-875e-3366469608a4', 'POST', '/api/supplier-purchases/delete/19', 200, '', '{"code":"00","status":true,"message":"Purchase order berhasil dihapus","data":null}', 2, 8, '::1', NULL, '2026-07-26 10:31:51.753')

2026/07/26 10:31:51 [32mD:/Develop/Project_pos_mahenz/BE/domain/auth/repo/auth_repo.go:46
[0m[33m[0.506ms] [34;1m[rows:1][0m SELECT id, user_id, user_role, token, device_info, expires_at FROM sessions WHERE token = 'eyJhbGciOiJIUzI1NiIsInR5cCI6IkpXVCJ9.eyJhcHBzIjoiIiwiZXhwIjoxNzg1MDY1NTExLCJmdWxsX25hbWUiOiJBZG1pbmlzdHJhdG9yIiwicm9sZSI6ImFkbWluIiwidXNlcl9pZCI6MiwidXNlcm5hbWUiOiJhZG1pbiJ9.Uy712814Ied1Sl_9aVdGpw1qJmKZZjhyxivhRJtEiQk' LIMIT 1

2026/07/26 10:31:51 [32mD:/Develop/Project_pos_mahenz/BE/domain/supplier_purchase/repo/purchase_repo.go:205
[0m[33m[0.515ms] [34;1m[rows:1][0m SELECT id, purchase_code, invoice_number, supplier_id, purchase_date, discount_amount, total_amount, payment_status, paid_amount, remaining_amount, status, user_id, notes FROM purchases WHERE id = 20

2026/07/26 10:31:51 [32mD:/Develop/Project_pos_mahenz/BE/domain/supplier_purchase/repo/purchase_repo.go:499
[0m[33m[0.563ms] [34;1m[rows:2][0m DELETE FROM stock_mutations WHERE reference_type = 'purchase' AND reference_id = 20

2026/07/26 10:31:51 [32mD:/Develop/Project_pos_mahenz/BE/domain/supplier_purchase/repo/purchase_repo.go:503
[0m[33m[0.510ms] [34;1m[rows:1][0m DELETE FROM purchase_items WHERE purchase_id = 20

2026/07/26 10:31:51 [32mD:/Develop/Project_pos_mahenz/BE/domain/supplier_purchase/repo/purchase_repo.go:507
[0m[33m[0.596ms] [34;1m[rows:1][0m DELETE FROM purchases WHERE id = 20
[GIN] 2026/07/26 - 10:31:51 | 200 |       5.407ms |             ::1 | POST     "/api/supplier-purchases/delete/20"

2026/07/26 10:31:51 [32mD:/Develop/Project_pos_mahenz/BE/repository/log_request_repository.go:32
[0m[33m[0.883ms] [34;1m[rows:1][0m INSERT INTO log_requests (id, method, endpoint, status_code, request_body, response_body, user_id, duration_ms, ip_address, error_message, created_at) VALUES ('88fd5ca1-bc49-4fbc-af60-6fb33cb32e4b', 'POST', '/api/supplier-purchases/delete/20', 200, '', '{"code":"00","status":true,"message":"Purchase order berhasil dihapus","data":null}', 2, 5, '::1', NULL, '2026-07-26 10:31:51.859')

2026/07/26 10:31:51 [32mD:/Develop/Project_pos_mahenz/BE/domain/auth/repo/auth_repo.go:46
[0m[33m[0.506ms] [34;1m[rows:1][0m SELECT id, user_id, user_role, token, device_info, expires_at FROM sessions WHERE token = 'eyJhbGciOiJIUzI1NiIsInR5cCI6IkpXVCJ9.eyJhcHBzIjoiIiwiZXhwIjoxNzg1MDY1NTExLCJmdWxsX25hbWUiOiJBZG1pbmlzdHJhdG9yIiwicm9sZSI6ImFkbWluIiwidXNlcl9pZCI6MiwidXNlcm5hbWUiOiJhZG1pbiJ9.Uy712814Ied1Sl_9aVdGpw1qJmKZZjhyxivhRJtEiQk' LIMIT 1

2026/07/26 10:31:51 [32mD:/Develop/Project_pos_mahenz/BE/domain/supplier_purchase/repo/purchase_repo.go:205
[0m[33m[0.869ms] [34;1m[rows:1][0m SELECT id, purchase_code, invoice_number, supplier_id, purchase_date, discount_amount, total_amount, payment_status, paid_amount, remaining_amount, status, user_id, notes FROM purchases WHERE id = 18

2026/07/26 10:31:51 [32mD:/Develop/Project_pos_mahenz/BE/domain/supplier_purchase/repo/purchase_repo.go:499
[0m[33m[1.739ms] [34;1m[rows:2][0m DELETE FROM stock_mutations WHERE reference_type = 'purchase' AND reference_id = 18

2026/07/26 10:31:51 [32mD:/Develop/Project_pos_mahenz/BE/domain/supplier_purchase/repo/purchase_repo.go:503
[0m[33m[0.509ms] [34;1m[rows:1][0m DELETE FROM purchase_items WHERE purchase_id = 18

2026/07/26 10:31:51 [32mD:/Develop/Project_pos_mahenz/BE/domain/supplier_purchase/repo/purchase_repo.go:507
[0m[33m[0.673ms] [34;1m[rows:1][0m DELETE FROM purchases WHERE id = 18
[GIN] 2026/07/26 - 10:31:51 | 200 |       6.409ms |             ::1 | POST     "/api/supplier-purchases/delete/18"

2026/07/26 10:31:51 [32mD:/Develop/Project_pos_mahenz/BE/repository/log_request_repository.go:32
[0m[33m[2.401ms] [34;1m[rows:1][0m INSERT INTO log_requests (id, method, endpoint, status_code, request_body, response_body, user_id, duration_ms, ip_address, error_message, created_at) VALUES ('c1c723cd-26ae-45ec-9cbd-e2028c2e9d83', 'POST', '/api/supplier-purchases/delete/18', 200, '', '{"code":"00","status":true,"message":"Purchase order berhasil dihapus","data":null}', 2, 6, '::1', NULL, '2026-07-26 10:31:51.969')

2026/07/26 10:31:52 [32mD:/Develop/Project_pos_mahenz/BE/domain/auth/repo/auth_repo.go:46
[0m[33m[0.509ms] [34;1m[rows:1][0m SELECT id, user_id, user_role, token, device_info, expires_at FROM sessions WHERE token = 'eyJhbGciOiJIUzI1NiIsInR5cCI6IkpXVCJ9.eyJhcHBzIjoiIiwiZXhwIjoxNzg1MDY1NTExLCJmdWxsX25hbWUiOiJBZG1pbmlzdHJhdG9yIiwicm9sZSI6ImFkbWluIiwidXNlcl9pZCI6MiwidXNlcm5hbWUiOiJhZG1pbiJ9.Uy712814Ied1Sl_9aVdGpw1qJmKZZjhyxivhRJtEiQk' LIMIT 1

2026/07/26 10:31:52 [32mD:/Develop/Project_pos_mahenz/BE/domain/product/repo/product_repo.go:100
[0m[33m[0.000ms] [34;1m[rows:1][0m SELECT COUNT(*) FROM products p WHERE 1=1 AND (p.name LIKE '%Rokok Test Berantai%' OR p.barcode LIKE '%Rokok Test Berantai%')

2026/07/26 10:31:52 [32mD:/Develop/Project_pos_mahenz/BE/domain/product/repo/product_repo.go:119
[0m[33m[0.520ms] [34;1m[rows:1][0m 
		SELECT p.id, p.barcode, COALESCE(p.sku, '') as sku, p.name, p.category_id, COALESCE(c.name, '') as category_name,
		       p.purchase_price, p.selling_price, p.stock, p.reserved_qty, p.min_stock,
		       COALESCE(p.unit_id, 0) as unit_id, COALESCE(u.name, '') as unit_name, COALESCE(u.abbreviation, '') as unit_abbreviation,
		       p.is_active,
		       (SELECT COUNT(*) FROM product_packages pp WHERE pp.product_id = p.id AND pp.is_default = 0) AS extra_packages,
		       (SELECT COUNT(*) FROM product_prices pr WHERE pr.product_id = p.id) AS price_tiers_count
		FROM products p
		LEFT JOIN categories c ON p.category_id = c.id
		LEFT JOIN units u ON u.id = p.unit_id
		WHERE 1=1 AND (p.name LIKE '%Rokok Test Berantai%' OR p.barcode LIKE '%Rokok Test Berantai%') ORDER BY p.name ASC LIMIT 1 OFFSET 0
[GIN] 2026/07/26 - 10:31:52 | 200 |      2.1816ms |             ::1 | POST     "/api/products/list"

2026/07/26 10:31:52 [32mD:/Develop/Project_pos_mahenz/BE/repository/log_request_repository.go:32
[0m[33m[2.502ms] [34;1m[rows:1][0m INSERT INTO log_requests (id, method, endpoint, status_code, request_body, response_body, user_id, duration_ms, ip_address, error_message, created_at) VALUES ('13c5d464-fc95-449a-93aa-b1107bfee483', 'POST', '/api/products/list', 200, '{"page":1,"limit":1,"search":"Rokok Test Berantai"}', '{"code":"00","status":true,"message":"Daftar produk","data":[{"id":12,"barcode":"8997789608850","sku":"SEM-0008","name":"Rokok Test Berantai","category_id":1,"category_name":"Sembako Test","purchase_price":800,"selling_price":1000,"stock":3034,"reserved_qty":0,"min_stock":5,"unit_id":2,"unit_name":"Batang","unit_abbreviation":"Btg","is_active":true,"extra_packages":3,"price_tiers_count":2}],"pagination":{"page":1,"per_page":1,"total":1,"total_pages":1}}', 2, 2, '::1', NULL, '2026-07-26 10:31:52.073')

2026/07/26 10:32:08 [32mD:/Develop/Project_pos_mahenz/BE/domain/auth/repo/auth_repo.go:17
[0m[33m[1.846ms] [34;1m[rows:1][0m SELECT u.id, u.username, u.password, u.full_name, u.role_id, r.name AS role_name, u.is_active FROM users u INNER JOIN roles r ON r.id = u.role_id WHERE u.username = 'admin' LIMIT 1

2026/07/26 10:32:08 [32mD:/Develop/Project_pos_mahenz/BE/domain/auth/repo/auth_repo.go:67
[0m[33m[2.029ms] [34;1m[rows:1][0m DELETE FROM sessions WHERE user_id = 2

2026/07/26 10:32:08 [32mD:/Develop/Project_pos_mahenz/BE/domain/auth/repo/auth_repo.go:38
[0m[33m[4.225ms] [34;1m[rows:1][0m INSERT INTO sessions (user_id, user_role, token, refresh_token, device_info, ip_address, expires_at) VALUES (2, 'admin', 'eyJhbGciOiJIUzI1NiIsInR5cCI6IkpXVCJ9.eyJhcHBzIjoiIiwiZXhwIjoxNzg1MDY1NTI4LCJmdWxsX25hbWUiOiJBZG1pbmlzdHJhdG9yIiwicm9sZSI6ImFkbWluIiwidXNlcl9pZCI6MiwidXNlcm5hbWUiOiJhZG1pbiJ9.8Xrdg7ODk6qvJzRx-ISVu43NC4ezeuDWYg4F9XqcOxY', 'c3351c5b4d0884a4065bbd58cd9bd023cddc754977c5c5eb276ca54c03e93b1c', '', '::1', '2026-08-02 10:32:08.13') ON DUPLICATE KEY UPDATE user_role=VALUES(user_role), token=VALUES(token), refresh_token=VALUES(refresh_token), device_info=VALUES(device_info), ip_address=VALUES(ip_address), expires_at=VALUES(expires_at), created_at=NOW()
[GIN] 2026/07/26 - 10:32:08 | 200 |     89.6899ms |             ::1 | POST     "/api/auth/login"

2026/07/26 10:32:08 [32mD:/Develop/Project_pos_mahenz/BE/repository/log_request_repository.go:32
[0m[33m[2.003ms] [34;1m[rows:1][0m INSERT INTO log_requests (id, method, endpoint, status_code, request_body, response_body, user_id, duration_ms, ip_address, error_message, created_at) VALUES ('4d6a3bd0-b2f1-4dc0-8475-6bc91d8bc574', 'POST', '/api/auth/login', 200, '{"username":"admin","password":"admin123"}', '{"code":"00","status":true,"message":"Login berhasil","data":{"token":"eyJhbGciOiJIUzI1NiIsInR5cCI6IkpXVCJ9.eyJhcHBzIjoiIiwiZXhwIjoxNzg1MDY1NTI4LCJmdWxsX25hbWUiOiJBZG1pbmlzdHJhdG9yIiwicm9sZSI6ImFkbWluIiwidXNlcl9pZCI6MiwidXNlcm5hbWUiOiJhZG1pbiJ9.8Xrdg7ODk6qvJzRx-ISVu43NC4ezeuDWYg4F9XqcOxY","refresh_token":"c3351c5b4d0884a4065bbd58cd9bd023cddc754977c5c5eb276ca54c03e93b1c","expires_at":"2026-08-02T10:32:08.1301788+07:00","user":{"id":2,"username":"admin","full_name":"Administrator","role_id":2,"role_name":"admin"}}}', NULL, 89, '::1', NULL, '2026-07-26 10:32:08.136')

2026/07/26 10:32:08 [32mD:/Develop/Project_pos_mahenz/BE/domain/auth/repo/auth_repo.go:46
[0m[33m[1.144ms] [34;1m[rows:1][0m SELECT id, user_id, user_role, token, device_info, expires_at FROM sessions WHERE token = 'eyJhbGciOiJIUzI1NiIsInR5cCI6IkpXVCJ9.eyJhcHBzIjoiIiwiZXhwIjoxNzg1MDY1NTI4LCJmdWxsX25hbWUiOiJBZG1pbmlzdHJhdG9yIiwicm9sZSI6ImFkbWluIiwidXNlcl9pZCI6MiwidXNlcm5hbWUiOiJhZG1pbiJ9.8Xrdg7ODk6qvJzRx-ISVu43NC4ezeuDWYg4F9XqcOxY' LIMIT 1

2026/07/26 10:32:08 [32mD:/Develop/Project_pos_mahenz/BE/domain/supplier/repo/supplier_repo.go:162
[0m[33m[0.988ms] [34;1m[rows:0][0m SELECT id FROM suppliers WHERE name = 'Supplier Test Void Debt' AND id != 0 LIMIT 1

2026/07/26 10:32:08 [32mD:/Develop/Project_pos_mahenz/BE/domain/supplier/repo/supplier_repo.go:171
[0m[33m[0.000ms] [34;1m[rows:1][0m SELECT COUNT(*) FROM suppliers

2026/07/26 10:32:08 [32mD:/Develop/Project_pos_mahenz/BE/domain/supplier/repo/supplier_repo.go:153
[0m[33m[19.694ms] [34;1m[rows:0][0m SELECT id FROM suppliers WHERE supplier_code = 'SUP-002' LIMIT 1

2026/07/26 10:32:08 [32mD:/Develop/Project_pos_mahenz/BE/domain/supplier/repo/supplier_repo.go:105
[0m[33m[4.508ms] [34;1m[rows:1][0m INSERT INTO suppliers (supplier_code, name, address, phone, email, contact_person, notes) VALUES ('SUP-002', 'Supplier Test Void Debt', '', '', '', '', '')

2026/07/26 10:32:08 [32mD:/Develop/Project_pos_mahenz/BE/domain/supplier/repo/supplier_repo.go:111
[0m[33m[1.205ms] [34;1m[rows:1][0m SELECT LAST_INSERT_ID()

2026/07/26 10:32:08 [32mD:/Develop/Project_pos_mahenz/BE/domain/supplier/repo/supplier_repo.go:94
[0m[33m[0.997ms] [34;1m[rows:1][0m SELECT id, supplier_code, name, address, phone, email, contact_person, notes, is_active, created_at FROM suppliers WHERE id = 3 LIMIT 1
[GIN] 2026/07/26 - 10:32:08 | 201 |     37.6118ms |             ::1 | POST     "/api/suppliers/create"

2026/07/26 10:32:08 [32mD:/Develop/Project_pos_mahenz/BE/repository/log_request_repository.go:32
[0m[33m[7.162ms] [34;1m[rows:1][0m INSERT INTO log_requests (id, method, endpoint, status_code, request_body, response_body, user_id, duration_ms, ip_address, error_message, created_at) VALUES ('b52ae3e3-b354-4b25-b65d-a0be8fb3f709', 'POST', '/api/suppliers/create', 201, '{"name":"Supplier Test Void Debt"}', '{"code":"00","status":true,"message":"Supplier berhasil ditambahkan","data":{"id":3,"supplier_code":"SUP-002","name":"Supplier Test Void Debt","address":"","phone":"","email":"","contact_person":"","notes":"","is_active":true,"created_at":"2026-07-26T10:32:08+07:00"}}', 2, 37, '::1', NULL, '2026-07-26 10:32:08.353')

2026/07/26 10:32:08 [32mD:/Develop/Project_pos_mahenz/BE/domain/auth/repo/auth_repo.go:46
[0m[33m[0.573ms] [34;1m[rows:1][0m SELECT id, user_id, user_role, token, device_info, expires_at FROM sessions WHERE token = 'eyJhbGciOiJIUzI1NiIsInR5cCI6IkpXVCJ9.eyJhcHBzIjoiIiwiZXhwIjoxNzg1MDY1NTI4LCJmdWxsX25hbWUiOiJBZG1pbmlzdHJhdG9yIiwicm9sZSI6ImFkbWluIiwidXNlcl9pZCI6MiwidXNlcm5hbWUiOiJhZG1pbiJ9.8Xrdg7ODk6qvJzRx-ISVu43NC4ezeuDWYg4F9XqcOxY' LIMIT 1

2026/07/26 10:32:08 [32mD:/Develop/Project_pos_mahenz/BE/domain/supplier_purchase/repo/purchase_repo.go:513
[0m[33m[0.648ms] [34;1m[rows:1][0m SELECT COUNT(*) FROM payment_methods WHERE code = 'cash' AND is_active = 1

2026/07/26 10:32:08 [32mD:/Develop/Project_pos_mahenz/BE/domain/supplier_purchase/repo/purchase_repo.go:318
[0m[33m[0.000ms] [34;1m[rows:1][0m SELECT COUNT(*) FROM purchases WHERE DATE(purchase_date) = '2026-07-26'

2026/07/26 10:32:08 [32mD:/Develop/Project_pos_mahenz/BE/domain/supplier_purchase/repo/purchase_repo.go:338
[0m[33m[0.540ms] [34;1m[rows:1][0m INSERT INTO purchases (purchase_code, invoice_number, supplier_id, purchase_date, discount_amount, total_amount, payment_status, paid_amount, remaining_amount, user_id, notes) VALUES ('PO-20260726-012', 'INV-QA-DEBT-TEST', 3, '2026-07-26', 0, 1000, 'partial', 500, 500, 2, '')

2026/07/26 10:32:08 [32mD:/Develop/Project_pos_mahenz/BE/domain/supplier_purchase/repo/purchase_repo.go:345
[0m[33m[0.000ms] [34;1m[rows:1][0m SELECT LAST_INSERT_ID()

2026/07/26 10:32:08 [32mD:/Develop/Project_pos_mahenz/BE/domain/supplier_purchase/repo/purchase_repo.go:354
[0m[33m[0.682ms] [34;1m[rows:1][0m INSERT INTO purchase_payments (purchase_id, payment_date, amount, payment_method, notes, user_id) VALUES (21, '2026-07-26', 500, 'cash', '', 2)

2026/07/26 10:32:08 [32mD:/Develop/Project_pos_mahenz/BE/domain/supplier_purchase/repo/purchase_repo.go:366
[0m[33m[0.000ms] [34;1m[rows:1][0m INSERT INTO purchase_items (purchase_id, product_id, quantity, unit, conversion_qty, purchase_price, subtotal) VALUES (21, 12, 1, 'Batang', 1, 1000, 1000)

2026/07/26 10:32:08 [32mD:/Develop/Project_pos_mahenz/BE/domain/supplier_purchase/repo/purchase_repo.go:384
[0m[33m[0.326ms] [34;1m[rows:1][0m SELECT stock FROM products WHERE id = 12 LIMIT 1

2026/07/26 10:32:08 [32mD:/Develop/Project_pos_mahenz/BE/domain/supplier_purchase/repo/purchase_repo.go:388
[0m[33m[0.505ms] [34;1m[rows:1][0m UPDATE products SET stock = stock + 1, updated_at = NOW() WHERE id = 12

2026/07/26 10:32:08 [32mD:/Develop/Project_pos_mahenz/BE/domain/supplier_purchase/repo/purchase_repo.go:394
[0m[33m[0.529ms] [34;1m[rows:1][0m INSERT INTO stock_mutations (product_id, mutation_type, quantity, stock_before, stock_after, reference_type, reference_id, notes, user_id) VALUES (12, 'in', 1, 3034, 3035, 'purchase', 21, 'Purchase Order PO-20260726-012', 2)

2026/07/26 10:32:08 [32mD:/Develop/Project_pos_mahenz/BE/domain/supplier_purchase/repo/purchase_repo.go:174
[0m[33m[0.998ms] [34;1m[rows:-][0m SELECT p.id, p.purchase_code, p.invoice_number, p.supplier_id, COALESCE(s.name, '') as supplier_name, p.purchase_date, p.discount_amount, p.total_amount, p.payment_status, p.paid_amount, p.remaining_amount, p.status, COALESCE(u.full_name, '') as user_name, p.notes FROM purchases p LEFT JOIN users u ON p.user_id = u.id LEFT JOIN suppliers s ON p.supplier_id = s.id WHERE p.id = 21

2026/07/26 10:32:08 [32mD:/Develop/Project_pos_mahenz/BE/domain/supplier_purchase/repo/purchase_repo.go:216
[0m[33m[0.000ms] [34;1m[rows:-][0m SELECT pi.id, pi.product_id, COALESCE(p.name, '') as product_name, pi.quantity, pi.unit, COALESCE(pi.conversion_qty, 1) as conversion_qty, pi.purchase_price, pi.subtotal FROM purchase_items pi LEFT JOIN products p ON pi.product_id = p.id WHERE pi.purchase_id = 21

2026/07/26 10:32:08 [32mD:/Develop/Project_pos_mahenz/BE/domain/supplier_purchase/repo/purchase_repo.go:250
[0m[33m[0.000ms] [34;1m[rows:0][0m SELECT qty, expired_date FROM product_expiry_batches WHERE purchase_item_id = 29 ORDER BY expired_date ASC
[GIN] 2026/07/26 - 10:32:08 | 201 |       15.45ms |             ::1 | POST     "/api/supplier-purchases/create"

2026/07/26 10:32:08 [32mD:/Develop/Project_pos_mahenz/BE/repository/log_request_repository.go:32
[0m[33m[2.446ms] [34;1m[rows:1][0m INSERT INTO log_requests (id, method, endpoint, status_code, request_body, response_body, user_id, duration_ms, ip_address, error_message, created_at) VALUES ('fb798dac-c16b-489d-96bb-b46e927f239a', 'POST', '/api/supplier-purchases/create', 201, '{"invoice_number":"INV-QA-DEBT-TEST","supplier_id":3,"purchase_date":"2026-07-26","discount_amount":0,"payment_status":"partial","paid_amount":500,"payment_method":"cash","items":[{"product_id":12,"quantity":1,"unit":"Batang","conversion_qty":1,"purchase_price":1000}]}', '{"code":"21","status":true,"message":"Purchase order berhasil dibuat","data":{"id":21,"purchase_code":"PO-20260726-012","invoice_number":"INV-QA-DEBT-TEST","supplier_id":3,"supplier_name":"Supplier Test Void Debt","purchase_date":"2026-07-26T00:00:00+07:00","discount_amount":0,"total_amount":1000,"payment_status":"partial","paid_amount":500,"remaining_amount":500,"status":"active","user_name":"Administrator","notes":"","items":[{"id":29,"product_id":12,"product_name":"Rokok Test Berantai","quantity":1,"unit":"Batang","conversion_qty":1,"purchase_price":1000,"subtotal":1000}]}}', 2, 15, '::1', NULL, '2026-07-26 10:32:08.723')

2026/07/26 10:32:08 [32mD:/Develop/Project_pos_mahenz/BE/domain/auth/repo/auth_repo.go:46
[0m[33m[0.550ms] [34;1m[rows:1][0m SELECT id, user_id, user_role, token, device_info, expires_at FROM sessions WHERE token = 'eyJhbGciOiJIUzI1NiIsInR5cCI6IkpXVCJ9.eyJhcHBzIjoiIiwiZXhwIjoxNzg1MDY1NTI4LCJmdWxsX25hbWUiOiJBZG1pbmlzdHJhdG9yIiwicm9sZSI6ImFkbWluIiwidXNlcl9pZCI6MiwidXNlcm5hbWUiOiJhZG1pbiJ9.8Xrdg7ODk6qvJzRx-ISVu43NC4ezeuDWYg4F9XqcOxY' LIMIT 1

2026/07/26 10:32:08 [32mD:/Develop/Project_pos_mahenz/BE/domain/supplier/repo/supplier_repo.go:94
[0m[33m[0.000ms] [34;1m[rows:1][0m SELECT id, supplier_code, name, address, phone, email, contact_person, notes, is_active, created_at FROM suppliers WHERE id = 3 LIMIT 1

2026/07/26 10:32:08 [32mD:/Develop/Project_pos_mahenz/BE/domain/supplier/repo/supplier_repo.go:189
[0m[33m[0.525ms] [34;1m[rows:1][0m SELECT COUNT(*) FROM purchases WHERE supplier_id = 3 AND payment_status != 'paid' AND status != 'void'
[GIN] 2026/07/26 - 10:32:08 | 400 |      2.8986ms |             ::1 | POST     "/api/suppliers/toggle-status/3"
Error #01: Supplier tidak bisa dinonaktifkan karena masih memiliki hutang yang belum lunas

2026/07/26 10:32:08 [32mD:/Develop/Project_pos_mahenz/BE/repository/log_request_repository.go:32
[0m[33m[2.351ms] [34;1m[rows:1][0m INSERT INTO log_requests (id, method, endpoint, status_code, request_body, response_body, user_id, duration_ms, ip_address, error_message, created_at) VALUES ('b2b3533e-b2d2-4747-8cd0-f18851ca20c4', 'POST', '/api/suppliers/toggle-status/3', 400, '', '{"code":"40","status":false,"message":"Supplier tidak bisa dinonaktifkan karena masih memiliki hutang yang belum lunas","data":null}', 2, 2, '::1', 'Supplier tidak bisa dinonaktifkan karena masih memiliki hutang yang belum lunas', '2026-07-26 10:32:08.938')

2026/07/26 10:32:09 [32mD:/Develop/Project_pos_mahenz/BE/domain/auth/repo/auth_repo.go:46
[0m[33m[0.505ms] [34;1m[rows:1][0m SELECT id, user_id, user_role, token, device_info, expires_at FROM sessions WHERE token = 'eyJhbGciOiJIUzI1NiIsInR5cCI6IkpXVCJ9.eyJhcHBzIjoiIiwiZXhwIjoxNzg1MDY1NTI4LCJmdWxsX25hbWUiOiJBZG1pbmlzdHJhdG9yIiwicm9sZSI6ImFkbWluIiwidXNlcl9pZCI6MiwidXNlcm5hbWUiOiJhZG1pbiJ9.8Xrdg7ODk6qvJzRx-ISVu43NC4ezeuDWYg4F9XqcOxY' LIMIT 1

2026/07/26 10:32:09 [32mD:/Develop/Project_pos_mahenz/BE/domain/supplier_purchase/repo/purchase_repo.go:205
[0m[33m[0.520ms] [34;1m[rows:1][0m SELECT id, purchase_code, invoice_number, supplier_id, purchase_date, discount_amount, total_amount, payment_status, paid_amount, remaining_amount, status, user_id, notes FROM purchases WHERE id = 21

2026/07/26 10:32:09 [32mD:/Develop/Project_pos_mahenz/BE/domain/supplier_purchase/repo/purchase_repo.go:535
[0m[33m[0.000ms] [34;1m[rows:1][0m SELECT COUNT(*) FROM supplier_returns WHERE purchase_id = 21

2026/07/26 10:32:09 [32mD:/Develop/Project_pos_mahenz/BE/domain/supplier_purchase/repo/purchase_repo.go:551
[0m[33m[0.000ms] [34;1m[rows:1][0m SELECT status FROM purchases WHERE id = 21 LIMIT 1 FOR UPDATE

2026/07/26 10:32:09 [32mD:/Develop/Project_pos_mahenz/BE/domain/supplier_purchase/repo/purchase_repo.go:562
[0m[33m[0.588ms] [34;1m[rows:1][0m UPDATE purchases SET status = 'void', remaining_amount = 0, updated_at = NOW() WHERE id = 21

2026/07/26 10:32:09 [32mD:/Develop/Project_pos_mahenz/BE/domain/supplier_purchase/repo/purchase_repo.go:216
[0m[33m[0.000ms] [34;1m[rows:-][0m SELECT pi.id, pi.product_id, COALESCE(p.name, '') as product_name, pi.quantity, pi.unit, COALESCE(pi.conversion_qty, 1) as conversion_qty, pi.purchase_price, pi.subtotal FROM purchase_items pi LEFT JOIN products p ON pi.product_id = p.id WHERE pi.purchase_id = 21

2026/07/26 10:32:09 [32mD:/Develop/Project_pos_mahenz/BE/domain/supplier_purchase/repo/purchase_repo.go:250
[0m[33m[0.000ms] [34;1m[rows:0][0m SELECT qty, expired_date FROM product_expiry_batches WHERE purchase_item_id = 29 ORDER BY expired_date ASC

2026/07/26 10:32:09 [32mD:/Develop/Project_pos_mahenz/BE/domain/supplier_purchase/repo/purchase_repo.go:579
[0m[33m[0.519ms] [34;1m[rows:1][0m SELECT stock FROM products WHERE id = 12 LIMIT 1

2026/07/26 10:32:09 [32mD:/Develop/Project_pos_mahenz/BE/domain/supplier_purchase/repo/purchase_repo.go:583
[0m[33m[0.522ms] [34;1m[rows:1][0m UPDATE products SET stock = stock - 1, updated_at = NOW() WHERE id = 12

2026/07/26 10:32:09 [32mD:/Develop/Project_pos_mahenz/BE/domain/supplier_purchase/repo/purchase_repo.go:589
[0m[33m[0.526ms] [34;1m[rows:1][0m INSERT INTO stock_mutations (product_id, mutation_type, quantity, stock_before, stock_after, reference_type, reference_id, notes, user_id) VALUES (12, 'void_purchase', 1, 3035, 3034, 'purchase', 21, 'Void purchase order ID 21', 2)
[GIN] 2026/07/26 - 10:32:09 | 200 |      6.4512ms |             ::1 | POST     "/api/supplier-purchases/void/21"

2026/07/26 10:32:09 [32mD:/Develop/Project_pos_mahenz/BE/repository/log_request_repository.go:32
[0m[33m[2.216ms] [34;1m[rows:1][0m INSERT INTO log_requests (id, method, endpoint, status_code, request_body, response_body, user_id, duration_ms, ip_address, error_message, created_at) VALUES ('7fbb8d8f-c42d-42c3-ba0b-69900641afc1', 'POST', '/api/supplier-purchases/void/21', 200, '', '{"code":"00","status":true,"message":"Purchase order berhasil di-void","data":null}', 2, 6, '::1', NULL, '2026-07-26 10:32:09.043')

2026/07/26 10:32:09 [32mD:/Develop/Project_pos_mahenz/BE/domain/auth/repo/auth_repo.go:46
[0m[33m[0.783ms] [34;1m[rows:1][0m SELECT id, user_id, user_role, token, device_info, expires_at FROM sessions WHERE token = 'eyJhbGciOiJIUzI1NiIsInR5cCI6IkpXVCJ9.eyJhcHBzIjoiIiwiZXhwIjoxNzg1MDY1NTI4LCJmdWxsX25hbWUiOiJBZG1pbmlzdHJhdG9yIiwicm9sZSI6ImFkbWluIiwidXNlcl9pZCI6MiwidXNlcm5hbWUiOiJhZG1pbiJ9.8Xrdg7ODk6qvJzRx-ISVu43NC4ezeuDWYg4F9XqcOxY' LIMIT 1

2026/07/26 10:32:09 [32mD:/Develop/Project_pos_mahenz/BE/domain/supplier/repo/supplier_repo.go:94
[0m[33m[1.012ms] [34;1m[rows:1][0m SELECT id, supplier_code, name, address, phone, email, contact_person, notes, is_active, created_at FROM suppliers WHERE id = 3 LIMIT 1

2026/07/26 10:32:09 [32mD:/Develop/Project_pos_mahenz/BE/domain/supplier/repo/supplier_repo.go:189
[0m[33m[0.508ms] [34;1m[rows:1][0m SELECT COUNT(*) FROM purchases WHERE supplier_id = 3 AND payment_status != 'paid' AND status != 'void'

2026/07/26 10:32:09 [32mD:/Develop/Project_pos_mahenz/BE/domain/supplier/repo/supplier_repo.go:129
[0m[33m[2.320ms] [34;1m[rows:1][0m UPDATE suppliers SET is_active = NOT is_active, updated_at = NOW() WHERE id = 3
[GIN] 2026/07/26 - 10:32:09 | 200 |      4.6244ms |             ::1 | POST     "/api/suppliers/toggle-status/3"

2026/07/26 10:32:09 [32mD:/Develop/Project_pos_mahenz/BE/repository/log_request_repository.go:32
[0m[33m[1.053ms] [34;1m[rows:1][0m INSERT INTO log_requests (id, method, endpoint, status_code, request_body, response_body, user_id, duration_ms, ip_address, error_message, created_at) VALUES ('8c153fc2-3b45-44df-8307-6978467a2441', 'POST', '/api/suppliers/toggle-status/3', 200, '', '{"code":"00","status":true,"message":"Status supplier berhasil diubah","data":null}', 2, 4, '::1', NULL, '2026-07-26 10:32:09.148')

2026/07/26 10:32:36 [32mD:/Develop/Project_pos_mahenz/BE/domain/auth/repo/auth_repo.go:17
[0m[33m[0.505ms] [34;1m[rows:1][0m SELECT u.id, u.username, u.password, u.full_name, u.role_id, r.name AS role_name, u.is_active FROM users u INNER JOIN roles r ON r.id = u.role_id WHERE u.username = 'admin' LIMIT 1

2026/07/26 10:32:37 [32mD:/Develop/Project_pos_mahenz/BE/domain/auth/repo/auth_repo.go:67
[0m[33m[2.175ms] [34;1m[rows:1][0m DELETE FROM sessions WHERE user_id = 2

2026/07/26 10:32:37 [32mD:/Develop/Project_pos_mahenz/BE/domain/auth/repo/auth_repo.go:38
[0m[33m[0.000ms] [34;1m[rows:1][0m INSERT INTO sessions (user_id, user_role, token, refresh_token, device_info, ip_address, expires_at) VALUES (2, 'admin', 'eyJhbGciOiJIUzI1NiIsInR5cCI6IkpXVCJ9.eyJhcHBzIjoiIiwiZXhwIjoxNzg1MDY1NTU3LCJmdWxsX25hbWUiOiJBZG1pbmlzdHJhdG9yIiwicm9sZSI6ImFkbWluIiwidXNlcl9pZCI6MiwidXNlcm5hbWUiOiJhZG1pbiJ9.SF4ARXfP-4fY6I1V30Vv4bZ25M-D6_jZVQg6l2VZ6uY', '6c17f6681dbbca1005b2b5e74adb815765923a3116b0a90ff8c7601fb82f823f', '', '::1', '2026-08-02 10:32:37.013') ON DUPLICATE KEY UPDATE user_role=VALUES(user_role), token=VALUES(token), refresh_token=VALUES(refresh_token), device_info=VALUES(device_info), ip_address=VALUES(ip_address), expires_at=VALUES(expires_at), created_at=NOW()
[GIN] 2026/07/26 - 10:32:37 | 200 |    127.7495ms |             ::1 | POST     "/api/auth/login"

2026/07/26 10:32:37 [32mD:/Develop/Project_pos_mahenz/BE/repository/log_request_repository.go:32
[0m[33m[5.938ms] [34;1m[rows:1][0m INSERT INTO log_requests (id, method, endpoint, status_code, request_body, response_body, user_id, duration_ms, ip_address, error_message, created_at) VALUES ('c93ebb17-e0dd-4083-ba70-7d4fdc048c2c', 'POST', '/api/auth/login', 200, '{"username":"admin","password":"admin123"}', '{"code":"00","status":true,"message":"Login berhasil","data":{"token":"eyJhbGciOiJIUzI1NiIsInR5cCI6IkpXVCJ9.eyJhcHBzIjoiIiwiZXhwIjoxNzg1MDY1NTU3LCJmdWxsX25hbWUiOiJBZG1pbmlzdHJhdG9yIiwicm9sZSI6ImFkbWluIiwidXNlcl9pZCI6MiwidXNlcm5hbWUiOiJhZG1pbiJ9.SF4ARXfP-4fY6I1V30Vv4bZ25M-D6_jZVQg6l2VZ6uY","refresh_token":"6c17f6681dbbca1005b2b5e74adb815765923a3116b0a90ff8c7601fb82f823f","expires_at":"2026-08-02T10:32:37.0135007+07:00","user":{"id":2,"username":"admin","full_name":"Administrator","role_id":2,"role_name":"admin"}}}', NULL, 127, '::1', NULL, '2026-07-26 10:32:37.015')

2026/07/26 10:32:37 [32mD:/Develop/Project_pos_mahenz/BE/domain/auth/repo/auth_repo.go:46
[0m[33m[2.904ms] [34;1m[rows:1][0m SELECT id, user_id, user_role, token, device_info, expires_at FROM sessions WHERE token = 'eyJhbGciOiJIUzI1NiIsInR5cCI6IkpXVCJ9.eyJhcHBzIjoiIiwiZXhwIjoxNzg1MDY1NTU3LCJmdWxsX25hbWUiOiJBZG1pbmlzdHJhdG9yIiwicm9sZSI6ImFkbWluIiwidXNlcl9pZCI6MiwidXNlcm5hbWUiOiJhZG1pbiJ9.SF4ARXfP-4fY6I1V30Vv4bZ25M-D6_jZVQg6l2VZ6uY' LIMIT 1

2026/07/26 10:32:37 [32mD:/Develop/Project_pos_mahenz/BE/domain/supplier_purchase/repo/purchase_repo.go:513
[0m[33m[0.667ms] [34;1m[rows:1][0m SELECT COUNT(*) FROM payment_methods WHERE code = 'cash' AND is_active = 1

2026/07/26 10:32:37 [32mD:/Develop/Project_pos_mahenz/BE/domain/supplier_purchase/repo/purchase_repo.go:318
[0m[33m[0.000ms] [34;1m[rows:1][0m SELECT COUNT(*) FROM purchases WHERE DATE(purchase_date) = '2026-07-26'

2026/07/26 10:32:37 [32mD:/Develop/Project_pos_mahenz/BE/domain/supplier_purchase/repo/purchase_repo.go:338
[0m[33m[1.066ms] [34;1m[rows:1][0m INSERT INTO purchases (purchase_code, invoice_number, supplier_id, purchase_date, discount_amount, total_amount, payment_status, paid_amount, remaining_amount, user_id, notes) VALUES ('PO-20260726-013', 'INV-QA-BROWSER-VOID-PAID', 1, '2026-07-26', 0, 2000, 'paid', 2000, 0, 2, '')

2026/07/26 10:32:37 [32mD:/Develop/Project_pos_mahenz/BE/domain/supplier_purchase/repo/purchase_repo.go:345
[0m[33m[0.000ms] [34;1m[rows:1][0m SELECT LAST_INSERT_ID()

2026/07/26 10:32:37 [32mD:/Develop/Project_pos_mahenz/BE/domain/supplier_purchase/repo/purchase_repo.go:354
[0m[33m[0.546ms] [34;1m[rows:1][0m INSERT INTO purchase_payments (purchase_id, payment_date, amount, payment_method, notes, user_id) VALUES (22, '2026-07-26', 2000, 'cash', '', 2)

2026/07/26 10:32:37 [32mD:/Develop/Project_pos_mahenz/BE/domain/supplier_purchase/repo/purchase_repo.go:366
[0m[33m[0.000ms] [34;1m[rows:1][0m INSERT INTO purchase_items (purchase_id, product_id, quantity, unit, conversion_qty, purchase_price, subtotal) VALUES (22, 12, 2, 'Batang', 1, 1000, 2000)

2026/07/26 10:32:37 [32mD:/Develop/Project_pos_mahenz/BE/domain/supplier_purchase/repo/purchase_repo.go:384
[0m[33m[0.000ms] [34;1m[rows:1][0m SELECT stock FROM products WHERE id = 12 LIMIT 1

2026/07/26 10:32:37 [32mD:/Develop/Project_pos_mahenz/BE/domain/supplier_purchase/repo/purchase_repo.go:388
[0m[33m[0.000ms] [34;1m[rows:1][0m UPDATE products SET stock = stock + 2, updated_at = NOW() WHERE id = 12

2026/07/26 10:32:37 [32mD:/Develop/Project_pos_mahenz/BE/domain/supplier_purchase/repo/purchase_repo.go:394
[0m[33m[0.000ms] [34;1m[rows:1][0m INSERT INTO stock_mutations (product_id, mutation_type, quantity, stock_before, stock_after, reference_type, reference_id, notes, user_id) VALUES (12, 'in', 2, 3034, 3036, 'purchase', 22, 'Purchase Order PO-20260726-013', 2)

2026/07/26 10:32:37 [32mD:/Develop/Project_pos_mahenz/BE/domain/supplier_purchase/repo/purchase_repo.go:174
[0m[33m[0.000ms] [34;1m[rows:-][0m SELECT p.id, p.purchase_code, p.invoice_number, p.supplier_id, COALESCE(s.name, '') as supplier_name, p.purchase_date, p.discount_amount, p.total_amount, p.payment_status, p.paid_amount, p.remaining_amount, p.status, COALESCE(u.full_name, '') as user_name, p.notes FROM purchases p LEFT JOIN users u ON p.user_id = u.id LEFT JOIN suppliers s ON p.supplier_id = s.id WHERE p.id = 22

2026/07/26 10:32:37 [32mD:/Develop/Project_pos_mahenz/BE/domain/supplier_purchase/repo/purchase_repo.go:216
[0m[33m[0.000ms] [34;1m[rows:-][0m SELECT pi.id, pi.product_id, COALESCE(p.name, '') as product_name, pi.quantity, pi.unit, COALESCE(pi.conversion_qty, 1) as conversion_qty, pi.purchase_price, pi.subtotal FROM purchase_items pi LEFT JOIN products p ON pi.product_id = p.id WHERE pi.purchase_id = 22

2026/07/26 10:32:37 [32mD:/Develop/Project_pos_mahenz/BE/domain/supplier_purchase/repo/purchase_repo.go:250
[0m[33m[0.000ms] [34;1m[rows:0][0m SELECT qty, expired_date FROM product_expiry_batches WHERE purchase_item_id = 30 ORDER BY expired_date ASC
[GIN] 2026/07/26 - 10:32:37 | 201 |     11.8216ms |             ::1 | POST     "/api/supplier-purchases/create"

2026/07/26 10:32:37 [32mD:/Develop/Project_pos_mahenz/BE/repository/log_request_repository.go:32
[0m[33m[1.769ms] [34;1m[rows:1][0m INSERT INTO log_requests (id, method, endpoint, status_code, request_body, response_body, user_id, duration_ms, ip_address, error_message, created_at) VALUES ('ba5519e3-ce04-4cc0-959f-0e2a0a42b00c', 'POST', '/api/supplier-purchases/create', 201, '{"invoice_number":"INV-QA-BROWSER-VOID-PAID","supplier_id":1,"purchase_date":"2026-07-26","discount_amount":0,"payment_status":"paid","payment_method":"cash","items":[{"product_id":12,"quantity":2,"unit":"Batang","conversion_qty":1,"purchase_price":1000}]}', '{"code":"21","status":true,"message":"Purchase order berhasil dibuat","data":{"id":22,"purchase_code":"PO-20260726-013","invoice_number":"INV-QA-BROWSER-VOID-PAID","supplier_id":1,"supplier_name":"Supplier Test Fase14","purchase_date":"2026-07-26T00:00:00+07:00","discount_amount":0,"total_amount":2000,"payment_status":"paid","paid_amount":2000,"remaining_amount":0,"status":"active","user_name":"Administrator","notes":"","items":[{"id":30,"product_id":12,"product_name":"Rokok Test Berantai","quantity":2,"unit":"Batang","conversion_qty":1,"purchase_price":1000,"subtotal":2000}]}}', 2, 11, '::1', NULL, '2026-07-26 10:32:37.138')
[GIN] 2026/07/26 - 10:33:22 | 204 |            0s |             ::1 | OPTIONS  "/api/auth/login"

2026/07/26 10:33:22 [32mD:/Develop/Project_pos_mahenz/BE/domain/auth/repo/auth_repo.go:17
[0m[33m[4.448ms] [34;1m[rows:1][0m SELECT u.id, u.username, u.password, u.full_name, u.role_id, r.name AS role_name, u.is_active FROM users u INNER JOIN roles r ON r.id = u.role_id WHERE u.username = 'admin' LIMIT 1

2026/07/26 10:33:22 [32mD:/Develop/Project_pos_mahenz/BE/domain/auth/repo/auth_repo.go:67
[0m[33m[9.668ms] [34;1m[rows:1][0m DELETE FROM sessions WHERE user_id = 2

2026/07/26 10:33:22 [32mD:/Develop/Project_pos_mahenz/BE/domain/auth/repo/auth_repo.go:38
[0m[33m[3.301ms] [34;1m[rows:1][0m INSERT INTO sessions (user_id, user_role, token, refresh_token, device_info, ip_address, expires_at) VALUES (2, 'admin', 'eyJhbGciOiJIUzI1NiIsInR5cCI6IkpXVCJ9.eyJhcHBzIjoid2ViIiwiZXhwIjoxNzg1MDY1NjAyLCJmdWxsX25hbWUiOiJBZG1pbmlzdHJhdG9yIiwicm9sZSI6ImFkbWluIiwidXNlcl9pZCI6MiwidXNlcm5hbWUiOiJhZG1pbiJ9.w8u0c7TZti9RaQ_7BAPN05qTQACffzbWFHa5mLV09as', '33a6184c037f5d76fa0b192b5f5b3d978441842ea2328bb5aa2ab972b96360ae', 'web', '::1', '2026-08-02 10:33:22.869') ON DUPLICATE KEY UPDATE user_role=VALUES(user_role), token=VALUES(token), refresh_token=VALUES(refresh_token), device_info=VALUES(device_info), ip_address=VALUES(ip_address), expires_at=VALUES(expires_at), created_at=NOW()
[GIN] 2026/07/26 - 10:33:22 | 200 |     88.0057ms |             ::1 | POST     "/api/auth/login"

2026/07/26 10:33:22 [32mD:/Develop/Project_pos_mahenz/BE/repository/log_request_repository.go:32
[0m[33m[2.055ms] [34;1m[rows:1][0m INSERT INTO log_requests (id, method, endpoint, status_code, request_body, response_body, user_id, duration_ms, ip_address, error_message, created_at) VALUES ('99554eec-5eb0-41cd-8e8d-fdbbb7dcefa6', 'POST', '/api/auth/login', 200, '{"username":"admin","password":"admin123","device_info":"web"}', '{"code":"00","status":true,"message":"Login berhasil","data":{"token":"eyJhbGciOiJIUzI1NiIsInR5cCI6IkpXVCJ9.eyJhcHBzIjoid2ViIiwiZXhwIjoxNzg1MDY1NjAyLCJmdWxsX25hbWUiOiJBZG1pbmlzdHJhdG9yIiwicm9sZSI6ImFkbWluIiwidXNlcl9pZCI6MiwidXNlcm5hbWUiOiJhZG1pbiJ9.w8u0c7TZti9RaQ_7BAPN05qTQACffzbWFHa5mLV09as","refresh_token":"33a6184c037f5d76fa0b192b5f5b3d978441842ea2328bb5aa2ab972b96360ae","expires_at":"2026-08-02T10:33:22.8693884+07:00","user":{"id":2,"username":"admin","full_name":"Administrator","role_id":2,"role_name":"admin"}}}', NULL, 86, '::1', NULL, '2026-07-26 10:33:22.883')
[GIN] 2026/07/26 - 10:33:22 | 204 |            0s |             ::1 | OPTIONS  "/api/menus/my"
[GIN] 2026/07/26 - 10:33:22 | 204 |            0s |             ::1 | OPTIONS  "/api/menus/my"

2026/07/26 10:33:22 [32mD:/Develop/Project_pos_mahenz/BE/domain/auth/repo/auth_repo.go:46
[0m[33m[0.631ms] [34;1m[rows:1][0m SELECT id, user_id, user_role, token, device_info, expires_at FROM sessions WHERE token = 'eyJhbGciOiJIUzI1NiIsInR5cCI6IkpXVCJ9.eyJhcHBzIjoid2ViIiwiZXhwIjoxNzg1MDY1NjAyLCJmdWxsX25hbWUiOiJBZG1pbmlzdHJhdG9yIiwicm9sZSI6ImFkbWluIiwidXNlcl9pZCI6MiwidXNlcm5hbWUiOiJhZG1pbiJ9.w8u0c7TZti9RaQ_7BAPN05qTQACffzbWFHa5mLV09as' LIMIT 1

2026/07/26 10:33:22 [32mD:/Develop/Project_pos_mahenz/BE/domain/menu/repo/menu_repo.go:121
[0m[33m[1.423ms] [34;1m[rows:-][0m 
		SELECT
			m.id,
			m.parent_id,
			m.key_name,
			m.label,
			m.icon,
			m.path,
			m.order_index,
			COALESCE(rma.can_view,   0),
			COALESCE(rma.can_create, 0),
			COALESCE(rma.can_edit,   0),
			COALESCE(rma.can_delete, 0)
		FROM menus m
		LEFT JOIN role_menu_access rma ON rma.menu_id = m.id
			AND rma.role_id = (SELECT id FROM roles WHERE name = 'admin' AND is_active = 1 LIMIT 1)
		WHERE m.is_active = 1
		ORDER BY m.order_index ASC, m.id ASC
		
[GIN] 2026/07/26 - 10:33:22 | 200 |      3.0943ms |             ::1 | POST     "/api/menus/my"

2026/07/26 10:33:22 [32mD:/Develop/Project_pos_mahenz/BE/domain/auth/repo/auth_repo.go:46
[0m[33m[2.357ms] [34;1m[rows:1][0m SELECT id, user_id, user_role, token, device_info, expires_at FROM sessions WHERE token = 'eyJhbGciOiJIUzI1NiIsInR5cCI6IkpXVCJ9.eyJhcHBzIjoid2ViIiwiZXhwIjoxNzg1MDY1NjAyLCJmdWxsX25hbWUiOiJBZG1pbmlzdHJhdG9yIiwicm9sZSI6ImFkbWluIiwidXNlcl9pZCI6MiwidXNlcm5hbWUiOiJhZG1pbiJ9.w8u0c7TZti9RaQ_7BAPN05qTQACffzbWFHa5mLV09as' LIMIT 1

2026/07/26 10:33:22 [32mD:/Develop/Project_pos_mahenz/BE/domain/menu/repo/menu_repo.go:121
[0m[33m[1.527ms] [34;1m[rows:-][0m 
		SELECT
			m.id,
			m.parent_id,
			m.key_name,
			m.label,
			m.icon,
			m.path,
			m.order_index,
			COALESCE(rma.can_view,   0),
			COALESCE(rma.can_create, 0),
			COALESCE(rma.can_edit,   0),
			COALESCE(rma.can_delete, 0)
		FROM menus m
		LEFT JOIN role_menu_access rma ON rma.menu_id = m.id
			AND rma.role_id = (SELECT id FROM roles WHERE name = 'admin' AND is_active = 1 LIMIT 1)
		WHERE m.is_active = 1
		ORDER BY m.order_index ASC, m.id ASC
		
[GIN] 2026/07/26 - 10:33:22 | 200 |       3.884ms |             ::1 | POST     "/api/menus/my"

2026/07/26 10:33:22 [32mD:/Develop/Project_pos_mahenz/BE/repository/log_request_repository.go:32
[0m[33m[2.868ms] [34;1m[rows:1][0m INSERT INTO log_requests (id, method, endpoint, status_code, request_body, response_body, user_id, duration_ms, ip_address, error_message, created_at) VALUES ('2733556e-9d5b-4965-9013-c8ffe60486bc', 'POST', '/api/menus/my', 200, '{}', '{"code":"00","status":true,"message":"Menu akses","data":[{"key_name":"beranda","label":"Beranda","icon":"Home","path":null,"order_index":1,"permission":{"can_view":true,"can_create":true,"can_edit":true,"can_delete":true},"children":[{"key_name":"beranda.dashboard","label":"Dashboard","icon":"LayoutDashboard","path":"/dashboard","order_index":1,"permission":{"can_view":true,"can_create":true,"can_edit":true,"can_delete":true},"children":[]}]},{"key_name":"penjualan","label":"Penjualan","icon":"ShoppingCart","path":null,"order_index":2,"permission":{"can_view":true,"can_create":true,"can_edit":true,"can_delete":true},"children":[{"key_name":"penjualan.kasir","label":"Kasir","icon":"ShoppingCart","path":"/kasir","order_index":1,"permission":{"can_view":true,"can_create":true,"can_edit":true,"can_delete":true},"children":[]},{"key_name":"penjualan.transaksi","label":"Transaksi","icon":"Receipt","path":"/transactions","order_index":2,"permission":{"can_view":true,"can_create":true,"can_edit":true,"can_delete":true},"children":[]}]},{"key_name":"produk","label":"Produk","icon":"Package","path":null,"order_index":3,"permission":{"can_view":true,"can_create":true,"can_edit":true,"can_delete":true},"children":[{"key_name":"produk.produk","label":"Produk","icon":"Package","path":"/products","order_index":1,"permission":{"can_view":true,"can_create":true,"can_edit":true,"can_delete":true},"children":[]},{"key_name":"produk.kategori","label":"Kategori","icon":"Tag","path":"/products/categories","order_index":2,"permission":{"can_view":true,"can_create":true,"can_edit":true,"can_delete":true},"children":[]},{"key_name":"produk.unit","label":"Unit","icon":"PackageSearch","path":"/products/units","order_index":3,"permission":{"can_view":true,"can_create":true,"can_edit":true,"can_delete":true},"children":[]}]},{"key_name":"pengadaan","label":"Pengadaan","icon":"Truck","path":null,"order_index":4,"permission":{"can_view":true,"can_create":true,"can_edit":true,"can_delete":true},"children":[{"key_name":"pengadaan.supplier","label":"Supplier","icon":"Truck","path":"/suppliers","order_index":1,"permission":{"can_view":true,"can_create":true,"can_edit":true,"can_delete":true},"children":[]},{"key_name":"pengadaan.pembelian","label":"Pembelian","icon":"ShoppingBag","path":"/suppliers/purchases","order_index":2,"permission":{"can_view":true,"can_create":true,"can_edit":true,"can_delete":true},"children":[]},{"key_name":"pengadaan.retur","label":"Retur","icon":"RotateCcw","path":"/suppliers/returns","order_index":3,"permission":{"can_view":true,"can_create":true,"can_edit":true,"can_delete":true},"children":[]}]},{"key_name":"pelanggan","label":"Pelanggan","icon":"Users","path":null,"order_index":5,"permission":{"can_view":true,"can_create":true,"can_edit":true,"can_delete":true},"children":[{"key_name":"pelanggan.pelanggan","label":"Pelanggan","icon":"Users","path":"/customers","order_index":1,"permission":{"can_view":true,"can_create":true,"can_edit":true,"can_delete":true},"children":[]},{"key_name":"pelanggan.piutang","label":"Piutang","icon":"CreditCard","path":"/receivables","order_index":2,"permission":{"can_view":true,"can_create":true,"can_edit":true,"can_delete":true},"children":[]}]},{"key_name":"keuangan","label":"Keuangan","icon":"Wallet","path":null,"order_index":6,"permission":{"can_view":true,"can_create":true,"can_edit":true,"can_delete":true},"children":[{"key_name":"keuangan.dashboard","label":"Dashboard Keuangan","icon":"Wallet","path":"/finance","order_index":1,"permission":{"can_view":true,"can_create":true,"can_edit":true,"can_delete":true},"children":[]},{"key_name":"keuangan.kas_harian","label":"Kas Harian","icon":"Landmark","path":"/finance/cash-drawer","order_index":2,"permission":{"can_view":true,"can_create":true,"can_edit":true,"can_delete":true},"children":[]},{"key_name":"keuangan.pengeluaran","label":"Pengeluaran","icon":"TrendingDown","path":"/finance/expenses","order_index":3,"permission":{"can_view":true,"can_create":true,"can_edit":true,"can_delete":true},"children":[]},{"key_name":"keuangan.kas_saya","label":"Kas Saya","icon":"Wallet","path":"/finance/my-cash","order_index":4,"permission":{"can_view":true,"can_create":true,"can_edit":true,"can_delete":true},"children":[]}]},{"key_name":"pelaporan","label":"Pelaporan","icon":"BarChart2","path":null,"order_index":7,"permission":{"can_view":true,"can_create":true,"can_edit":true,"can_delete":true},"children":[{"key_name":"pelaporan.penjualan","label":"Penjualan","icon":"TrendingUp","path":"/reports/sales","order_index":1,"permission":{"can_view":true,"can_create":true,"can_edit":true,"can_delete":true},"children":[]},{"key_name":"pelaporan.laba_rugi","label":"Laba Rugi","icon":"LineChart","path":"/reports/profit-loss","order_index":2,"permission":{"can_view":true,"can_create":true,"can_edit":true,"can_delete":true},"children":[]},{"key_name":"pelaporan.stok","label":"Stok","icon":"PackageSearch","path":"/reports/stock","order_index":3,"permission":{"can_view":true,"can_create":true,"can_edit":true,"can_delete":true},"children":[]},{"key_name":"pelaporan.kinerja_kasir","label":"Kinerja Kasir","icon":"BarChart2","path":"/reports/cashier","order_index":4,"permission":{"can_view":true,"can_create":true,"can_edit":true,"can_delete":true},"children":[]},{"key_name":"pelaporan.ringkasan_bisnis","label":"Ringkasan Bisnis","icon":"BarChart3","path":"/reports/business-summary","order_index":5,"permission":{"can_view":true,"can_create":true,"can_edit":true,"can_delete":true},"children":[]}]},{"key_name":"operasional","label":"Operasional","icon":"Clock","path":null,"order_index":8,"permission":{"can_view":true,"can_create":true,"can_edit":true,"can_delete":true},"children":[{"key_name":"operasional.shift","label":"Shift","icon":"Clock","path":"/shifts","order_index":1,"permission":{"can_view":true,"can_create":true,"can_edit":true,"can_delete":true},"children":[]},{"key_name":"operasional.sync","label":"Sync Center","icon":"RefreshCw","path":"/sync","order_index":2,"permission":{"can_view":true,"can_create":true,"can_edit":true,"can_delete":true},"children":[]}]},{"key_name":"sistem","label":"Sistem","icon":"Settings","path":null,"order_index":9,"permission":{"can_view":true,"can_create":true,"can_edit":true,"can_delete":true},"children":[{"key_name":"sistem.profil_toko","label":"Profil Toko","icon":"Settings","path":"/settings/store","order_index":1,"permission":{"can_view":true,"can_create":true,"can_edit":true,"can_delete":true},"children":[]},{"key_name":"sistem.users","label":"Manajemen User","icon":"Users","path":"/settings/users","order_index":2,"permission":{"can_view":true,"can_create":true,"can_edit":true,"can_delete":true},"children":[]},{"key_name":"sistem.roles","label":"Manajemen Role","icon":"Shield","path":"/settings/roles","order_index":3,"permission":{"can_view":true,"can_create":true,"can_edit":true,"can_delete":true},"children":[]},{"key_name":"sistem.menus","label":"Manajemen Menu","icon":"LayoutList","path":"/settings/menus","order_index":4,"permission":{"can_view":true,"can_create":true,"can_edit":true,"can_delete":true},"children":[]},{"key_name":"sistem.printer","label":"Printer","icon":"Printer","path":"/settings/printer","order_index":5,"permission":{"can_view":true,"can_create":true,"can_edit":true,"can_delete":true},"children":[]},{"key_name":"sistem.versi","label":"Versi Aplikasi","icon":"RefreshCw","path":"/settings/versions","order_index":6,"permission":{"can_view":true,"can_create":true,"can_edit":true,"can_delete":true},"children":[]},{"key_name":"sistem.backup","label":"Backup \u0026 Restore","icon":"DatabaseBackup","path":"/settings/backup","order_index":7,"permission":{"can_view":true,"can_create":true,"can_edit":true,"can_delete":true},"children":[]}]}]}', 2, 3, '::1', NULL, '2026-07-26 10:33:22.895')

2026/07/26 10:33:22 [32mD:/Develop/Project_pos_mahenz/BE/repository/log_request_repository.go:32
[0m[33m[3.731ms] [34;1m[rows:1][0m INSERT INTO log_requests (id, method, endpoint, status_code, request_body, response_body, user_id, duration_ms, ip_address, error_message, created_at) VALUES ('f4a92159-56e5-4ea1-8bb7-3801e6ee1dae', 'POST', '/api/menus/my', 200, '{}', '{"code":"00","status":true,"message":"Menu akses","data":[{"key_name":"beranda","label":"Beranda","icon":"Home","path":null,"order_index":1,"permission":{"can_view":true,"can_create":true,"can_edit":true,"can_delete":true},"children":[{"key_name":"beranda.dashboard","label":"Dashboard","icon":"LayoutDashboard","path":"/dashboard","order_index":1,"permission":{"can_view":true,"can_create":true,"can_edit":true,"can_delete":true},"children":[]}]},{"key_name":"penjualan","label":"Penjualan","icon":"ShoppingCart","path":null,"order_index":2,"permission":{"can_view":true,"can_create":true,"can_edit":true,"can_delete":true},"children":[{"key_name":"penjualan.kasir","label":"Kasir","icon":"ShoppingCart","path":"/kasir","order_index":1,"permission":{"can_view":true,"can_create":true,"can_edit":true,"can_delete":true},"children":[]},{"key_name":"penjualan.transaksi","label":"Transaksi","icon":"Receipt","path":"/transactions","order_index":2,"permission":{"can_view":true,"can_create":true,"can_edit":true,"can_delete":true},"children":[]}]},{"key_name":"produk","label":"Produk","icon":"Package","path":null,"order_index":3,"permission":{"can_view":true,"can_create":true,"can_edit":true,"can_delete":true},"children":[{"key_name":"produk.produk","label":"Produk","icon":"Package","path":"/products","order_index":1,"permission":{"can_view":true,"can_create":true,"can_edit":true,"can_delete":true},"children":[]},{"key_name":"produk.kategori","label":"Kategori","icon":"Tag","path":"/products/categories","order_index":2,"permission":{"can_view":true,"can_create":true,"can_edit":true,"can_delete":true},"children":[]},{"key_name":"produk.unit","label":"Unit","icon":"PackageSearch","path":"/products/units","order_index":3,"permission":{"can_view":true,"can_create":true,"can_edit":true,"can_delete":true},"children":[]}]},{"key_name":"pengadaan","label":"Pengadaan","icon":"Truck","path":null,"order_index":4,"permission":{"can_view":true,"can_create":true,"can_edit":true,"can_delete":true},"children":[{"key_name":"pengadaan.supplier","label":"Supplier","icon":"Truck","path":"/suppliers","order_index":1,"permission":{"can_view":true,"can_create":true,"can_edit":true,"can_delete":true},"children":[]},{"key_name":"pengadaan.pembelian","label":"Pembelian","icon":"ShoppingBag","path":"/suppliers/purchases","order_index":2,"permission":{"can_view":true,"can_create":true,"can_edit":true,"can_delete":true},"children":[]},{"key_name":"pengadaan.retur","label":"Retur","icon":"RotateCcw","path":"/suppliers/returns","order_index":3,"permission":{"can_view":true,"can_create":true,"can_edit":true,"can_delete":true},"children":[]}]},{"key_name":"pelanggan","label":"Pelanggan","icon":"Users","path":null,"order_index":5,"permission":{"can_view":true,"can_create":true,"can_edit":true,"can_delete":true},"children":[{"key_name":"pelanggan.pelanggan","label":"Pelanggan","icon":"Users","path":"/customers","order_index":1,"permission":{"can_view":true,"can_create":true,"can_edit":true,"can_delete":true},"children":[]},{"key_name":"pelanggan.piutang","label":"Piutang","icon":"CreditCard","path":"/receivables","order_index":2,"permission":{"can_view":true,"can_create":true,"can_edit":true,"can_delete":true},"children":[]}]},{"key_name":"keuangan","label":"Keuangan","icon":"Wallet","path":null,"order_index":6,"permission":{"can_view":true,"can_create":true,"can_edit":true,"can_delete":true},"children":[{"key_name":"keuangan.dashboard","label":"Dashboard Keuangan","icon":"Wallet","path":"/finance","order_index":1,"permission":{"can_view":true,"can_create":true,"can_edit":true,"can_delete":true},"children":[]},{"key_name":"keuangan.kas_harian","label":"Kas Harian","icon":"Landmark","path":"/finance/cash-drawer","order_index":2,"permission":{"can_view":true,"can_create":true,"can_edit":true,"can_delete":true},"children":[]},{"key_name":"keuangan.pengeluaran","label":"Pengeluaran","icon":"TrendingDown","path":"/finance/expenses","order_index":3,"permission":{"can_view":true,"can_create":true,"can_edit":true,"can_delete":true},"children":[]},{"key_name":"keuangan.kas_saya","label":"Kas Saya","icon":"Wallet","path":"/finance/my-cash","order_index":4,"permission":{"can_view":true,"can_create":true,"can_edit":true,"can_delete":true},"children":[]}]},{"key_name":"pelaporan","label":"Pelaporan","icon":"BarChart2","path":null,"order_index":7,"permission":{"can_view":true,"can_create":true,"can_edit":true,"can_delete":true},"children":[{"key_name":"pelaporan.penjualan","label":"Penjualan","icon":"TrendingUp","path":"/reports/sales","order_index":1,"permission":{"can_view":true,"can_create":true,"can_edit":true,"can_delete":true},"children":[]},{"key_name":"pelaporan.laba_rugi","label":"Laba Rugi","icon":"LineChart","path":"/reports/profit-loss","order_index":2,"permission":{"can_view":true,"can_create":true,"can_edit":true,"can_delete":true},"children":[]},{"key_name":"pelaporan.stok","label":"Stok","icon":"PackageSearch","path":"/reports/stock","order_index":3,"permission":{"can_view":true,"can_create":true,"can_edit":true,"can_delete":true},"children":[]},{"key_name":"pelaporan.kinerja_kasir","label":"Kinerja Kasir","icon":"BarChart2","path":"/reports/cashier","order_index":4,"permission":{"can_view":true,"can_create":true,"can_edit":true,"can_delete":true},"children":[]},{"key_name":"pelaporan.ringkasan_bisnis","label":"Ringkasan Bisnis","icon":"BarChart3","path":"/reports/business-summary","order_index":5,"permission":{"can_view":true,"can_create":true,"can_edit":true,"can_delete":true},"children":[]}]},{"key_name":"operasional","label":"Operasional","icon":"Clock","path":null,"order_index":8,"permission":{"can_view":true,"can_create":true,"can_edit":true,"can_delete":true},"children":[{"key_name":"operasional.shift","label":"Shift","icon":"Clock","path":"/shifts","order_index":1,"permission":{"can_view":true,"can_create":true,"can_edit":true,"can_delete":true},"children":[]},{"key_name":"operasional.sync","label":"Sync Center","icon":"RefreshCw","path":"/sync","order_index":2,"permission":{"can_view":true,"can_create":true,"can_edit":true,"can_delete":true},"children":[]}]},{"key_name":"sistem","label":"Sistem","icon":"Settings","path":null,"order_index":9,"permission":{"can_view":true,"can_create":true,"can_edit":true,"can_delete":true},"children":[{"key_name":"sistem.profil_toko","label":"Profil Toko","icon":"Settings","path":"/settings/store","order_index":1,"permission":{"can_view":true,"can_create":true,"can_edit":true,"can_delete":true},"children":[]},{"key_name":"sistem.users","label":"Manajemen User","icon":"Users","path":"/settings/users","order_index":2,"permission":{"can_view":true,"can_create":true,"can_edit":true,"can_delete":true},"children":[]},{"key_name":"sistem.roles","label":"Manajemen Role","icon":"Shield","path":"/settings/roles","order_index":3,"permission":{"can_view":true,"can_create":true,"can_edit":true,"can_delete":true},"children":[]},{"key_name":"sistem.menus","label":"Manajemen Menu","icon":"LayoutList","path":"/settings/menus","order_index":4,"permission":{"can_view":true,"can_create":true,"can_edit":true,"can_delete":true},"children":[]},{"key_name":"sistem.printer","label":"Printer","icon":"Printer","path":"/settings/printer","order_index":5,"permission":{"can_view":true,"can_create":true,"can_edit":true,"can_delete":true},"children":[]},{"key_name":"sistem.versi","label":"Versi Aplikasi","icon":"RefreshCw","path":"/settings/versions","order_index":6,"permission":{"can_view":true,"can_create":true,"can_edit":true,"can_delete":true},"children":[]},{"key_name":"sistem.backup","label":"Backup \u0026 Restore","icon":"DatabaseBackup","path":"/settings/backup","order_index":7,"permission":{"can_view":true,"can_create":true,"can_edit":true,"can_delete":true},"children":[]}]}]}', 2, 3, '::1', NULL, '2026-07-26 10:33:22.898')

2026/07/26 10:33:23 [32mD:/Develop/Project_pos_mahenz/BE/domain/auth/repo/auth_repo.go:46
[0m[33m[0.507ms] [34;1m[rows:1][0m SELECT id, user_id, user_role, token, device_info, expires_at FROM sessions WHERE token = 'eyJhbGciOiJIUzI1NiIsInR5cCI6IkpXVCJ9.eyJhcHBzIjoid2ViIiwiZXhwIjoxNzg1MDY1NjAyLCJmdWxsX25hbWUiOiJBZG1pbmlzdHJhdG9yIiwicm9sZSI6ImFkbWluIiwidXNlcl9pZCI6MiwidXNlcm5hbWUiOiJhZG1pbiJ9.w8u0c7TZti9RaQ_7BAPN05qTQACffzbWFHa5mLV09as' LIMIT 1

2026/07/26 10:33:23 [32mD:/Develop/Project_pos_mahenz/BE/domain/menu/repo/menu_repo.go:121
[0m[33m[1.166ms] [34;1m[rows:-][0m 
		SELECT
			m.id,
			m.parent_id,
			m.key_name,
			m.label,
			m.icon,
			m.path,
			m.order_index,
			COALESCE(rma.can_view,   0),
			COALESCE(rma.can_create, 0),
			COALESCE(rma.can_edit,   0),
			COALESCE(rma.can_delete, 0)
		FROM menus m
		LEFT JOIN role_menu_access rma ON rma.menu_id = m.id
			AND rma.role_id = (SELECT id FROM roles WHERE name = 'admin' AND is_active = 1 LIMIT 1)
		WHERE m.is_active = 1
		ORDER BY m.order_index ASC, m.id ASC
		
[GIN] 2026/07/26 - 10:33:23 | 200 |      2.2859ms |             ::1 | POST     "/api/menus/my"

2026/07/26 10:33:23 [32mD:/Develop/Project_pos_mahenz/BE/repository/log_request_repository.go:32
[0m[33m[9.749ms] [34;1m[rows:1][0m INSERT INTO log_requests (id, method, endpoint, status_code, request_body, response_body, user_id, duration_ms, ip_address, error_message, created_at) VALUES ('092ff795-9f6f-4643-94d6-db21b8668e58', 'POST', '/api/menus/my', 200, '{}', '{"code":"00","status":true,"message":"Menu akses","data":[{"key_name":"beranda","label":"Beranda","icon":"Home","path":null,"order_index":1,"permission":{"can_view":true,"can_create":true,"can_edit":true,"can_delete":true},"children":[{"key_name":"beranda.dashboard","label":"Dashboard","icon":"LayoutDashboard","path":"/dashboard","order_index":1,"permission":{"can_view":true,"can_create":true,"can_edit":true,"can_delete":true},"children":[]}]},{"key_name":"penjualan","label":"Penjualan","icon":"ShoppingCart","path":null,"order_index":2,"permission":{"can_view":true,"can_create":true,"can_edit":true,"can_delete":true},"children":[{"key_name":"penjualan.kasir","label":"Kasir","icon":"ShoppingCart","path":"/kasir","order_index":1,"permission":{"can_view":true,"can_create":true,"can_edit":true,"can_delete":true},"children":[]},{"key_name":"penjualan.transaksi","label":"Transaksi","icon":"Receipt","path":"/transactions","order_index":2,"permission":{"can_view":true,"can_create":true,"can_edit":true,"can_delete":true},"children":[]}]},{"key_name":"produk","label":"Produk","icon":"Package","path":null,"order_index":3,"permission":{"can_view":true,"can_create":true,"can_edit":true,"can_delete":true},"children":[{"key_name":"produk.produk","label":"Produk","icon":"Package","path":"/products","order_index":1,"permission":{"can_view":true,"can_create":true,"can_edit":true,"can_delete":true},"children":[]},{"key_name":"produk.kategori","label":"Kategori","icon":"Tag","path":"/products/categories","order_index":2,"permission":{"can_view":true,"can_create":true,"can_edit":true,"can_delete":true},"children":[]},{"key_name":"produk.unit","label":"Unit","icon":"PackageSearch","path":"/products/units","order_index":3,"permission":{"can_view":true,"can_create":true,"can_edit":true,"can_delete":true},"children":[]}]},{"key_name":"pengadaan","label":"Pengadaan","icon":"Truck","path":null,"order_index":4,"permission":{"can_view":true,"can_create":true,"can_edit":true,"can_delete":true},"children":[{"key_name":"pengadaan.supplier","label":"Supplier","icon":"Truck","path":"/suppliers","order_index":1,"permission":{"can_view":true,"can_create":true,"can_edit":true,"can_delete":true},"children":[]},{"key_name":"pengadaan.pembelian","label":"Pembelian","icon":"ShoppingBag","path":"/suppliers/purchases","order_index":2,"permission":{"can_view":true,"can_create":true,"can_edit":true,"can_delete":true},"children":[]},{"key_name":"pengadaan.retur","label":"Retur","icon":"RotateCcw","path":"/suppliers/returns","order_index":3,"permission":{"can_view":true,"can_create":true,"can_edit":true,"can_delete":true},"children":[]}]},{"key_name":"pelanggan","label":"Pelanggan","icon":"Users","path":null,"order_index":5,"permission":{"can_view":true,"can_create":true,"can_edit":true,"can_delete":true},"children":[{"key_name":"pelanggan.pelanggan","label":"Pelanggan","icon":"Users","path":"/customers","order_index":1,"permission":{"can_view":true,"can_create":true,"can_edit":true,"can_delete":true},"children":[]},{"key_name":"pelanggan.piutang","label":"Piutang","icon":"CreditCard","path":"/receivables","order_index":2,"permission":{"can_view":true,"can_create":true,"can_edit":true,"can_delete":true},"children":[]}]},{"key_name":"keuangan","label":"Keuangan","icon":"Wallet","path":null,"order_index":6,"permission":{"can_view":true,"can_create":true,"can_edit":true,"can_delete":true},"children":[{"key_name":"keuangan.dashboard","label":"Dashboard Keuangan","icon":"Wallet","path":"/finance","order_index":1,"permission":{"can_view":true,"can_create":true,"can_edit":true,"can_delete":true},"children":[]},{"key_name":"keuangan.kas_harian","label":"Kas Harian","icon":"Landmark","path":"/finance/cash-drawer","order_index":2,"permission":{"can_view":true,"can_create":true,"can_edit":true,"can_delete":true},"children":[]},{"key_name":"keuangan.pengeluaran","label":"Pengeluaran","icon":"TrendingDown","path":"/finance/expenses","order_index":3,"permission":{"can_view":true,"can_create":true,"can_edit":true,"can_delete":true},"children":[]},{"key_name":"keuangan.kas_saya","label":"Kas Saya","icon":"Wallet","path":"/finance/my-cash","order_index":4,"permission":{"can_view":true,"can_create":true,"can_edit":true,"can_delete":true},"children":[]}]},{"key_name":"pelaporan","label":"Pelaporan","icon":"BarChart2","path":null,"order_index":7,"permission":{"can_view":true,"can_create":true,"can_edit":true,"can_delete":true},"children":[{"key_name":"pelaporan.penjualan","label":"Penjualan","icon":"TrendingUp","path":"/reports/sales","order_index":1,"permission":{"can_view":true,"can_create":true,"can_edit":true,"can_delete":true},"children":[]},{"key_name":"pelaporan.laba_rugi","label":"Laba Rugi","icon":"LineChart","path":"/reports/profit-loss","order_index":2,"permission":{"can_view":true,"can_create":true,"can_edit":true,"can_delete":true},"children":[]},{"key_name":"pelaporan.stok","label":"Stok","icon":"PackageSearch","path":"/reports/stock","order_index":3,"permission":{"can_view":true,"can_create":true,"can_edit":true,"can_delete":true},"children":[]},{"key_name":"pelaporan.kinerja_kasir","label":"Kinerja Kasir","icon":"BarChart2","path":"/reports/cashier","order_index":4,"permission":{"can_view":true,"can_create":true,"can_edit":true,"can_delete":true},"children":[]},{"key_name":"pelaporan.ringkasan_bisnis","label":"Ringkasan Bisnis","icon":"BarChart3","path":"/reports/business-summary","order_index":5,"permission":{"can_view":true,"can_create":true,"can_edit":true,"can_delete":true},"children":[]}]},{"key_name":"operasional","label":"Operasional","icon":"Clock","path":null,"order_index":8,"permission":{"can_view":true,"can_create":true,"can_edit":true,"can_delete":true},"children":[{"key_name":"operasional.shift","label":"Shift","icon":"Clock","path":"/shifts","order_index":1,"permission":{"can_view":true,"can_create":true,"can_edit":true,"can_delete":true},"children":[]},{"key_name":"operasional.sync","label":"Sync Center","icon":"RefreshCw","path":"/sync","order_index":2,"permission":{"can_view":true,"can_create":true,"can_edit":true,"can_delete":true},"children":[]}]},{"key_name":"sistem","label":"Sistem","icon":"Settings","path":null,"order_index":9,"permission":{"can_view":true,"can_create":true,"can_edit":true,"can_delete":true},"children":[{"key_name":"sistem.profil_toko","label":"Profil Toko","icon":"Settings","path":"/settings/store","order_index":1,"permission":{"can_view":true,"can_create":true,"can_edit":true,"can_delete":true},"children":[]},{"key_name":"sistem.users","label":"Manajemen User","icon":"Users","path":"/settings/users","order_index":2,"permission":{"can_view":true,"can_create":true,"can_edit":true,"can_delete":true},"children":[]},{"key_name":"sistem.roles","label":"Manajemen Role","icon":"Shield","path":"/settings/roles","order_index":3,"permission":{"can_view":true,"can_create":true,"can_edit":true,"can_delete":true},"children":[]},{"key_name":"sistem.menus","label":"Manajemen Menu","icon":"LayoutList","path":"/settings/menus","order_index":4,"permission":{"can_view":true,"can_create":true,"can_edit":true,"can_delete":true},"children":[]},{"key_name":"sistem.printer","label":"Printer","icon":"Printer","path":"/settings/printer","order_index":5,"permission":{"can_view":true,"can_create":true,"can_edit":true,"can_delete":true},"children":[]},{"key_name":"sistem.versi","label":"Versi Aplikasi","icon":"RefreshCw","path":"/settings/versions","order_index":6,"permission":{"can_view":true,"can_create":true,"can_edit":true,"can_delete":true},"children":[]},{"key_name":"sistem.backup","label":"Backup \u0026 Restore","icon":"DatabaseBackup","path":"/settings/backup","order_index":7,"permission":{"can_view":true,"can_create":true,"can_edit":true,"can_delete":true},"children":[]}]}]}', 2, 2, '::1', NULL, '2026-07-26 10:33:23.262')
[GIN] 2026/07/26 - 10:33:23 | 204 |            0s |             ::1 | OPTIONS  "/api/sync/conflicts/count"

2026/07/26 10:33:23 [32mD:/Develop/Project_pos_mahenz/BE/domain/auth/repo/auth_repo.go:46
[0m[33m[0.539ms] [34;1m[rows:1][0m SELECT id, user_id, user_role, token, device_info, expires_at FROM sessions WHERE token = 'eyJhbGciOiJIUzI1NiIsInR5cCI6IkpXVCJ9.eyJhcHBzIjoid2ViIiwiZXhwIjoxNzg1MDY1NjAyLCJmdWxsX25hbWUiOiJBZG1pbmlzdHJhdG9yIiwicm9sZSI6ImFkbWluIiwidXNlcl9pZCI6MiwidXNlcm5hbWUiOiJhZG1pbiJ9.w8u0c7TZti9RaQ_7BAPN05qTQACffzbWFHa5mLV09as' LIMIT 1

2026/07/26 10:33:23 [32mD:/Develop/Project_pos_mahenz/BE/domain/sync/repo/sync_repo.go:84
[0m[33m[0.697ms] [34;1m[rows:1][0m SELECT COUNT(*) FROM sync_conflicts WHERE status = 'pending'
[GIN] 2026/07/26 - 10:33:23 | 200 |      3.3913ms |             ::1 | GET      "/api/sync/conflicts/count"

2026/07/26 10:33:23 [32mD:/Develop/Project_pos_mahenz/BE/repository/log_request_repository.go:32
[0m[33m[2.776ms] [34;1m[rows:1][0m INSERT INTO log_requests (id, method, endpoint, status_code, request_body, response_body, user_id, duration_ms, ip_address, error_message, created_at) VALUES ('6a8d6d32-48ae-45d4-808d-a2393ca542fb', 'GET', '/api/sync/conflicts/count', 200, '', '{"code":"00","status":true,"message":"Jumlah konflik pending","data":{"count":0}}', 2, 1, '::1', NULL, '2026-07-26 10:33:23.337')
[GIN] 2026/07/26 - 10:33:23 | 204 |            0s |             ::1 | OPTIONS  "/api/suppliers/list"
[GIN] 2026/07/26 - 10:33:23 | 204 |            0s |             ::1 | OPTIONS  "/api/products/list"

2026/07/26 10:33:23 [32mD:/Develop/Project_pos_mahenz/BE/domain/auth/repo/auth_repo.go:46
[0m[33m[0.510ms] [34;1m[rows:1][0m SELECT id, user_id, user_role, token, device_info, expires_at FROM sessions WHERE token = 'eyJhbGciOiJIUzI1NiIsInR5cCI6IkpXVCJ9.eyJhcHBzIjoid2ViIiwiZXhwIjoxNzg1MDY1NjAyLCJmdWxsX25hbWUiOiJBZG1pbmlzdHJhdG9yIiwicm9sZSI6ImFkbWluIiwidXNlcl9pZCI6MiwidXNlcm5hbWUiOiJhZG1pbiJ9.w8u0c7TZti9RaQ_7BAPN05qTQACffzbWFHa5mLV09as' LIMIT 1

2026/07/26 10:33:23 [32mD:/Develop/Project_pos_mahenz/BE/domain/auth/repo/auth_repo.go:46
[0m[33m[1.302ms] [34;1m[rows:1][0m SELECT id, user_id, user_role, token, device_info, expires_at FROM sessions WHERE token = 'eyJhbGciOiJIUzI1NiIsInR5cCI6IkpXVCJ9.eyJhcHBzIjoid2ViIiwiZXhwIjoxNzg1MDY1NjAyLCJmdWxsX25hbWUiOiJBZG1pbmlzdHJhdG9yIiwicm9sZSI6ImFkbWluIiwidXNlcl9pZCI6MiwidXNlcm5hbWUiOiJhZG1pbiJ9.w8u0c7TZti9RaQ_7BAPN05qTQACffzbWFHa5mLV09as' LIMIT 1

2026/07/26 10:33:23 [32mD:/Develop/Project_pos_mahenz/BE/domain/supplier/repo/supplier_repo.go:48
[0m[33m[0.533ms] [34;1m[rows:1][0m SELECT COUNT(*) FROM suppliers WHERE 1=1

2026/07/26 10:33:23 [32mD:/Develop/Project_pos_mahenz/BE/domain/product/repo/product_repo.go:100
[0m[33m[0.519ms] [34;1m[rows:1][0m SELECT COUNT(*) FROM products p WHERE 1=1

2026/07/26 10:33:23 [32mD:/Develop/Project_pos_mahenz/BE/domain/supplier/repo/supplier_repo.go:71
[0m[33m[0.578ms] [34;1m[rows:1][0m SELECT id, supplier_code, name, address, phone, email, contact_person, notes, is_active, created_at FROM suppliers WHERE 1=1 ORDER BY name ASC LIMIT 1 OFFSET 0
[GIN] 2026/07/26 - 10:33:23 | 200 |      3.4821ms |             ::1 | POST     "/api/suppliers/list"

2026/07/26 10:33:23 [32mD:/Develop/Project_pos_mahenz/BE/domain/product/repo/product_repo.go:119
[0m[33m[2.009ms] [34;1m[rows:1][0m 
		SELECT p.id, p.barcode, COALESCE(p.sku, '') as sku, p.name, p.category_id, COALESCE(c.name, '') as category_name,
		       p.purchase_price, p.selling_price, p.stock, p.reserved_qty, p.min_stock,
		       COALESCE(p.unit_id, 0) as unit_id, COALESCE(u.name, '') as unit_name, COALESCE(u.abbreviation, '') as unit_abbreviation,
		       p.is_active,
		       (SELECT COUNT(*) FROM product_packages pp WHERE pp.product_id = p.id AND pp.is_default = 0) AS extra_packages,
		       (SELECT COUNT(*) FROM product_prices pr WHERE pr.product_id = p.id) AS price_tiers_count
		FROM products p
		LEFT JOIN categories c ON p.category_id = c.id
		LEFT JOIN units u ON u.id = p.unit_id
		WHERE 1=1 ORDER BY p.name ASC LIMIT 1 OFFSET 0
[GIN] 2026/07/26 - 10:33:23 | 200 |      4.4082ms |             ::1 | POST     "/api/products/list"

2026/07/26 10:33:23 [32mD:/Develop/Project_pos_mahenz/BE/repository/log_request_repository.go:32
[0m[33m[2.533ms] [34;1m[rows:1][0m INSERT INTO log_requests (id, method, endpoint, status_code, request_body, response_body, user_id, duration_ms, ip_address, error_message, created_at) VALUES ('25eb8134-fbd9-4424-898a-7b2d10e9ef6a', 'POST', '/api/suppliers/list', 200, '{"page":1,"limit":1,"search":""}', '{"code":"00","status":true,"message":"Daftar supplier","data":[{"id":1,"supplier_code":"SUP-001","name":"Supplier Test Fase14","address":"Jl. Test","phone":"08123456789","email":"","contact_person":"","notes":"","is_active":true,"created_at":"2026-07-25T13:19:10+07:00"}],"pagination":{"page":1,"per_page":1,"total":2,"total_pages":2}}', 2, 3, '::1', NULL, '2026-07-26 10:33:23.691')

2026/07/26 10:33:23 [32mD:/Develop/Project_pos_mahenz/BE/repository/log_request_repository.go:32
[0m[33m[2.731ms] [34;1m[rows:1][0m INSERT INTO log_requests (id, method, endpoint, status_code, request_body, response_body, user_id, duration_ms, ip_address, error_message, created_at) VALUES ('b89eb4ef-4880-4001-9d3a-4b0cdce4f061', 'POST', '/api/products/list', 200, '{"page":1,"limit":1,"search":""}', '{"code":"00","status":true,"message":"Daftar produk","data":[{"id":4,"barcode":"8992260464338","sku":"SEM-0003","name":"Gula Pasir 1kg","category_id":1,"category_name":"Sembako Test","purchase_price":0,"selling_price":15000,"stock":50,"reserved_qty":0,"min_stock":5,"unit_id":1,"unit_name":"Pieces","unit_abbreviation":"Pcs","is_active":false,"extra_packages":0,"price_tiers_count":0}],"pagination":{"page":1,"per_page":1,"total":11,"total_pages":11}}', 2, 4, '::1', NULL, '2026-07-26 10:33:23.692')
[GIN] 2026/07/26 - 10:33:23 | 204 |            0s |             ::1 | OPTIONS  "/api/suppliers/options"
[GIN] 2026/07/26 - 10:33:23 | 204 |            0s |             ::1 | OPTIONS  "/api/payment-statuses/list"
[GIN] 2026/07/26 - 10:33:23 | 204 |            0s |             ::1 | OPTIONS  "/api/settings/pagination_sizes"
[GIN] 2026/07/26 - 10:33:23 | 204 |            0s |             ::1 | OPTIONS  "/api/payment-methods/list"

2026/07/26 10:33:23 [32mD:/Develop/Project_pos_mahenz/BE/domain/auth/repo/auth_repo.go:46
[0m[33m[0.548ms] [34;1m[rows:1][0m SELECT id, user_id, user_role, token, device_info, expires_at FROM sessions WHERE token = 'eyJhbGciOiJIUzI1NiIsInR5cCI6IkpXVCJ9.eyJhcHBzIjoid2ViIiwiZXhwIjoxNzg1MDY1NjAyLCJmdWxsX25hbWUiOiJBZG1pbmlzdHJhdG9yIiwicm9sZSI6ImFkbWluIiwidXNlcl9pZCI6MiwidXNlcm5hbWUiOiJhZG1pbiJ9.w8u0c7TZti9RaQ_7BAPN05qTQACffzbWFHa5mLV09as' LIMIT 1
[GIN] 2026/07/26 - 10:33:23 | 204 |            0s |             ::1 | OPTIONS  "/api/supplier-purchases/list"

2026/07/26 10:33:23 [32mD:/Develop/Project_pos_mahenz/BE/domain/supplier/repo/supplier_repo.go:48
[0m[33m[0.755ms] [34;1m[rows:1][0m SELECT COUNT(*) FROM suppliers WHERE 1=1

2026/07/26 10:33:23 [32mD:/Develop/Project_pos_mahenz/BE/domain/auth/repo/auth_repo.go:46
[0m[33m[1.161ms] [34;1m[rows:1][0m SELECT id, user_id, user_role, token, device_info, expires_at FROM sessions WHERE token = 'eyJhbGciOiJIUzI1NiIsInR5cCI6IkpXVCJ9.eyJhcHBzIjoid2ViIiwiZXhwIjoxNzg1MDY1NjAyLCJmdWxsX25hbWUiOiJBZG1pbmlzdHJhdG9yIiwicm9sZSI6ImFkbWluIiwidXNlcl9pZCI6MiwidXNlcm5hbWUiOiJhZG1pbiJ9.w8u0c7TZti9RaQ_7BAPN05qTQACffzbWFHa5mLV09as' LIMIT 1

2026/07/26 10:33:23 [32mD:/Develop/Project_pos_mahenz/BE/domain/supplier/repo/supplier_repo.go:71
[0m[33m[2.110ms] [34;1m[rows:2][0m SELECT id, supplier_code, name, address, phone, email, contact_person, notes, is_active, created_at FROM suppliers WHERE 1=1 ORDER BY name ASC LIMIT 10 OFFSET 0
[GIN] 2026/07/26 - 10:33:23 | 200 |      4.9725ms |             ::1 | POST     "/api/suppliers/list"

2026/07/26 10:33:23 [32mD:/Develop/Project_pos_mahenz/BE/domain/supplier/repo/supplier_repo.go:85
[0m[33m[0.506ms] [34;1m[rows:1][0m SELECT id, supplier_code, name FROM suppliers WHERE is_active = 1 ORDER BY name
[GIN] 2026/07/26 - 10:33:23 | 200 |      2.6157ms |             ::1 | POST     "/api/suppliers/options"

2026/07/26 10:33:23 [32mD:/Develop/Project_pos_mahenz/BE/repository/log_request_repository.go:32
[0m[33m[2.529ms] [34;1m[rows:1][0m INSERT INTO log_requests (id, method, endpoint, status_code, request_body, response_body, user_id, duration_ms, ip_address, error_message, created_at) VALUES ('f30cb157-66d0-4d1a-b386-6bb7bd0efc16', 'POST', '/api/suppliers/options', 200, '{"search":""}', '{"code":"00","status":true,"message":"Opsi supplier","data":[{"id":1,"supplier_code":"SUP-001","name":"Supplier Test Fase14"}]}', 2, 2, '::1', NULL, '2026-07-26 10:33:23.792')

2026/07/26 10:33:23 [32mD:/Develop/Project_pos_mahenz/BE/repository/log_request_repository.go:32
[0m[33m[2.529ms] [34;1m[rows:1][0m INSERT INTO log_requests (id, method, endpoint, status_code, request_body, response_body, user_id, duration_ms, ip_address, error_message, created_at) VALUES ('4205f575-d7d7-426b-b7ed-f909e6626548', 'POST', '/api/suppliers/list', 200, '{"page":1,"limit":200,"search":""}', '{"code":"00","status":true,"message":"Daftar supplier","data":[{"id":1,"supplier_code":"SUP-001","name":"Supplier Test Fase14","address":"Jl. Test","phone":"08123456789","email":"","contact_person":"","notes":"","is_active":true,"created_at":"2026-07-25T13:19:10+07:00"},{"id":3,"supplier_code":"SUP-002","name":"Supplier Test Void Debt","address":"","phone":"","email":"","contact_person":"","notes":"","is_active":false,"created_at":"2026-07-26T10:32:08+07:00"}],"pagination":{"page":1,"per_page":200,"total":2,"total_pages":1}}', 2, 4, '::1', NULL, '2026-07-26 10:33:23.792')

2026/07/26 10:33:23 [32mD:/Develop/Project_pos_mahenz/BE/domain/auth/repo/auth_repo.go:46
[0m[33m[3.069ms] [34;1m[rows:1][0m SELECT id, user_id, user_role, token, device_info, expires_at FROM sessions WHERE token = 'eyJhbGciOiJIUzI1NiIsInR5cCI6IkpXVCJ9.eyJhcHBzIjoid2ViIiwiZXhwIjoxNzg1MDY1NjAyLCJmdWxsX25hbWUiOiJBZG1pbmlzdHJhdG9yIiwicm9sZSI6ImFkbWluIiwidXNlcl9pZCI6MiwidXNlcm5hbWUiOiJhZG1pbiJ9.w8u0c7TZti9RaQ_7BAPN05qTQACffzbWFHa5mLV09as' LIMIT 1

2026/07/26 10:33:23 [32mD:/Develop/Project_pos_mahenz/BE/domain/auth/repo/auth_repo.go:46
[0m[33m[4.080ms] [34;1m[rows:1][0m SELECT id, user_id, user_role, token, device_info, expires_at FROM sessions WHERE token = 'eyJhbGciOiJIUzI1NiIsInR5cCI6IkpXVCJ9.eyJhcHBzIjoid2ViIiwiZXhwIjoxNzg1MDY1NjAyLCJmdWxsX25hbWUiOiJBZG1pbmlzdHJhdG9yIiwicm9sZSI6ImFkbWluIiwidXNlcl9pZCI6MiwidXNlcm5hbWUiOiJhZG1pbiJ9.w8u0c7TZti9RaQ_7BAPN05qTQACffzbWFHa5mLV09as' LIMIT 1

2026/07/26 10:33:23 [32mD:/Develop/Project_pos_mahenz/BE/domain/setting/repo/setting_repo.go:32
[0m[33m[0.556ms] [34;1m[rows:-][0m SELECT setting_key, setting_value FROM settings WHERE setting_key = 'pagination_sizes'
[GIN] 2026/07/26 - 10:33:23 | 200 |      4.7069ms |             ::1 | GET      "/api/settings/pagination_sizes"

2026/07/26 10:33:23 [32mD:/Develop/Project_pos_mahenz/BE/domain/payment_status/repo/payment_status_repo.go:9
[0m[33m[1.132ms] [34;1m[rows:3][0m SELECT id, code, label, is_active, sort_order FROM payment_statuses WHERE is_active = 1 ORDER BY sort_order ASC
[GIN] 2026/07/26 - 10:33:23 | 200 |      5.7547ms |             ::1 | POST     "/api/payment-statuses/list"

2026/07/26 10:33:23 [32mD:/Develop/Project_pos_mahenz/BE/domain/auth/repo/auth_repo.go:46
[0m[33m[5.929ms] [34;1m[rows:1][0m SELECT id, user_id, user_role, token, device_info, expires_at FROM sessions WHERE token = 'eyJhbGciOiJIUzI1NiIsInR5cCI6IkpXVCJ9.eyJhcHBzIjoid2ViIiwiZXhwIjoxNzg1MDY1NjAyLCJmdWxsX25hbWUiOiJBZG1pbmlzdHJhdG9yIiwicm9sZSI6ImFkbWluIiwidXNlcl9pZCI6MiwidXNlcm5hbWUiOiJhZG1pbiJ9.w8u0c7TZti9RaQ_7BAPN05qTQACffzbWFHa5mLV09as' LIMIT 1

2026/07/26 10:33:23 [32mD:/Develop/Project_pos_mahenz/BE/domain/auth/repo/auth_repo.go:46
[0m[33m[5.929ms] [34;1m[rows:1][0m SELECT id, user_id, user_role, token, device_info, expires_at FROM sessions WHERE token = 'eyJhbGciOiJIUzI1NiIsInR5cCI6IkpXVCJ9.eyJhcHBzIjoid2ViIiwiZXhwIjoxNzg1MDY1NjAyLCJmdWxsX25hbWUiOiJBZG1pbmlzdHJhdG9yIiwicm9sZSI6ImFkbWluIiwidXNlcl9pZCI6MiwidXNlcm5hbWUiOiJhZG1pbiJ9.w8u0c7TZti9RaQ_7BAPN05qTQACffzbWFHa5mLV09as' LIMIT 1

2026/07/26 10:33:23 [32mD:/Develop/Project_pos_mahenz/BE/repository/log_request_repository.go:32
[0m[33m[2.620ms] [34;1m[rows:1][0m INSERT INTO log_requests (id, method, endpoint, status_code, request_body, response_body, user_id, duration_ms, ip_address, error_message, created_at) VALUES ('5a16621a-f020-454a-8223-9a35f3f065a9', 'GET', '/api/settings/pagination_sizes', 200, '', '{"code":"00","status":true,"message":"Detail pengaturan","data":{"key":"pagination_sizes","value":"[10,20,50]"}}', 2, 4, '::1', NULL, '2026-07-26 10:33:23.797')

2026/07/26 10:33:23 [32mD:/Develop/Project_pos_mahenz/BE/repository/log_request_repository.go:32
[0m[33m[2.078ms] [34;1m[rows:1][0m INSERT INTO log_requests (id, method, endpoint, status_code, request_body, response_body, user_id, duration_ms, ip_address, error_message, created_at) VALUES ('c65a6a66-42f1-4c5a-b869-306746d6d7ec', 'POST', '/api/payment-statuses/list', 200, '{}', '{"code":"00","status":true,"message":"Daftar status pembayaran","data":[{"id":1,"code":"unpaid","label":"Hutang","is_active":1,"sort_order":1},{"id":2,"code":"partial","label":"Bayar Sebagian","is_active":1,"sort_order":2},{"id":3,"code":"paid","label":"Lunas","is_active":1,"sort_order":3}]}', 2, 5, '::1', NULL, '2026-07-26 10:33:23.797')

2026/07/26 10:33:23 [32mD:/Develop/Project_pos_mahenz/BE/domain/payment_method/repo/payment_method_repo.go:9
[0m[33m[1.159ms] [34;1m[rows:5][0m SELECT id, code, label, is_active, sort_order FROM payment_methods WHERE is_active = 1 ORDER BY sort_order ASC

2026/07/26 10:33:23 [32mD:/Develop/Project_pos_mahenz/BE/domain/supplier_purchase/repo/purchase_repo.go:132
[0m[33m[1.664ms] [34;1m[rows:1][0m SELECT COUNT(*) FROM purchases p WHERE 1=1 AND DATE(p.purchase_date) >= '2026-07-01' AND DATE(p.purchase_date) <= '2026-07-26'
[GIN] 2026/07/26 - 10:33:23 | 200 |      8.0983ms |             ::1 | POST     "/api/payment-methods/list"

2026/07/26 10:33:23 [32mD:/Develop/Project_pos_mahenz/BE/domain/supplier_purchase/repo/purchase_repo.go:149
[0m[33m[1.266ms] [34;1m[rows:-][0m SELECT p.id, p.purchase_code, p.invoice_number, p.supplier_id, COALESCE(s.name, '') as supplier_name, p.purchase_date, p.discount_amount, p.total_amount, p.payment_status, p.paid_amount, p.remaining_amount, p.status, COALESCE(u.full_name, '') as user_name, p.notes FROM purchases p LEFT JOIN users u ON p.user_id = u.id LEFT JOIN suppliers s ON p.supplier_id = s.id WHERE 1=1 AND DATE(p.purchase_date) >= '2026-07-01' AND DATE(p.purchase_date) <= '2026-07-26' ORDER BY p.purchase_date DESC, p.id DESC LIMIT 10 OFFSET 0
[GIN] 2026/07/26 - 10:33:23 | 200 |     10.9424ms |             ::1 | POST     "/api/supplier-purchases/list"

2026/07/26 10:33:23 [32mD:/Develop/Project_pos_mahenz/BE/repository/log_request_repository.go:32
[0m[33m[5.239ms] [34;1m[rows:1][0m INSERT INTO log_requests (id, method, endpoint, status_code, request_body, response_body, user_id, duration_ms, ip_address, error_message, created_at) VALUES ('60e025b7-3a41-47fb-84ac-1386fafe9fb5', 'POST', '/api/payment-methods/list', 200, '{}', '{"code":"00","status":true,"message":"Daftar metode pembayaran","data":[{"id":1,"code":"cash","label":"Tunai","is_active":1,"sort_order":1},{"id":2,"code":"transfer","label":"Transfer Bank","is_active":1,"sort_order":2},{"id":3,"code":"card","label":"Kartu","is_active":1,"sort_order":3},{"id":4,"code":"qris","label":"QRIS","is_active":1,"sort_order":4},{"id":5,"code":"kredit","label":"Kredit","is_active":1,"sort_order":5}]}', 2, 8, '::1', NULL, '2026-07-26 10:33:23.801')

2026/07/26 10:33:23 [32mD:/Develop/Project_pos_mahenz/BE/repository/log_request_repository.go:32
[0m[33m[6.065ms] [34;1m[rows:1][0m INSERT INTO log_requests (id, method, endpoint, status_code, request_body, response_body, user_id, duration_ms, ip_address, error_message, created_at) VALUES ('51cc4faa-585f-4654-b3e7-e732adb07010', 'POST', '/api/supplier-purchases/list', 200, '{"page":1,"limit":10,"start_date":"2026-07-01","end_date":"2026-07-26"}', '{"code":"00","status":true,"message":"Daftar purchase order","data":[{"id":22,"purchase_code":"PO-20260726-013","invoice_number":"INV-QA-BROWSER-VOID-PAID","supplier_id":1,"supplier_name":"Supplier Test Fase14","purchase_date":"2026-07-26T00:00:00+07:00","discount_amount":0,"total_amount":2000,"payment_status":"paid","paid_amount":2000,"remaining_amount":0,"status":"active","user_name":"Administrator","notes":""},{"id":21,"purchase_code":"PO-20260726-012","invoice_number":"INV-QA-DEBT-TEST","supplier_id":3,"supplier_name":"Supplier Test Void Debt","purchase_date":"2026-07-26T00:00:00+07:00","discount_amount":0,"total_amount":1000,"payment_status":"partial","paid_amount":500,"remaining_amount":0,"status":"void","user_name":"Administrator","notes":""},{"id":15,"purchase_code":"PO-20260726-011","invoice_number":"AUTO-PO-20260726-011","supplier_id":1,"supplier_name":"Supplier Test Fase14","purchase_date":"2026-07-26T00:00:00+07:00","discount_amount":0,"total_amount":1420000,"payment_status":"partial","paid_amount":400000,"remaining_amount":1020000,"status":"active","user_name":"Owner","notes":""},{"id":14,"purchase_code":"PO-20260726-010","invoice_number":"AUTO-PO-20260726-010","supplier_id":1,"supplier_name":"Supplier Test Fase14","purchase_date":"2026-07-26T00:00:00+07:00","discount_amount":0,"total_amount":800,"payment_status":"paid","paid_amount":800,"remaining_amount":0,"status":"active","user_name":"Administrator","notes":""},{"id":13,"purchase_code":"PO-20260726-009","invoice_number":"INV-QA-STOCKCHECK","supplier_id":1,"supplier_name":"Supplier Test Fase14","purchase_date":"2026-07-26T00:00:00+07:00","discount_amount":0,"total_amount":6300,"payment_status":"unpaid","paid_amount":0,"remaining_amount":6300,"status":"active","user_name":"Administrator","notes":""},{"id":12,"purchase_code":"PO-20260726-008","invoice_number":"INV-QA-RACE-3","supplier_id":1,"supplier_name":"Supplier Test Fase14","purchase_date":"2026-07-26T00:00:00+07:00","discount_amount":0,"total_amount":1000,"payment_status":"unpaid","paid_amount":0,"remaining_amount":1000,"status":"active","user_name":"Administrator","notes":""},{"id":11,"purchase_code":"PO-20260726-007","invoice_number":"INV-QA-RACE-2","supplier_id":1,"supplier_name":"Supplier Test Fase14","purchase_date":"2026-07-26T00:00:00+07:00","discount_amount":0,"total_amount":1000,"payment_status":"partial","paid_amount":200,"remaining_amount":800,"status":"active","user_name":"Administrator","notes":""},{"id":10,"purchase_code":"PO-20260726-006","invoice_number":"INV-QA-RACE-1","supplier_id":1,"supplier_name":"Supplier Test Fase14","purchase_date":"2026-07-26T00:00:00+07:00","discount_amount":0,"total_amount":1000,"payment_status":"unpaid","paid_amount":0,"remaining_amount":1000,"status":"active","user_name":"Administrator","notes":""},{"id":8,"purchase_code":"PO-20260726-005","invoice_number":"INV-QA-DBLCLICK","supplier_id":1,"supplier_name":"Supplier Test Fase14","purchase_date":"2026-07-26T00:00:00+07:00","discount_amount":0,"total_amount":800,"payment_status":"paid","paid_amount":800,"remaining_amount":0,"status":"active","user_name":"Administrator","notes":""},{"id":6,"purchase_code":"PO-20260726-004","invoice_number":"INV-QA-BACK-MANUAL","supplier_id":1,"supplier_name":"Supplier Test Fase14","purchase_date":"2026-07-26T00:00:00+07:00","discount_amount":500,"total_amount":2500,"payment_status":"unpaid","paid_amount":0,"remaining_amount":2500,"status":"void","user_name":"Administrator","notes":""}],"pagination":{"page":1,"per_page":10,"total":15,"total_pages":2}}', 2, 10, '::1', NULL, '2026-07-26 10:33:23.804')
[GIN] 2026/07/26 - 10:35:07 | 204 |            0s |             ::1 | OPTIONS  "/api/auth/login"

2026/07/26 10:35:07 [32mD:/Develop/Project_pos_mahenz/BE/domain/auth/repo/auth_repo.go:17
[0m[33m[0.508ms] [34;1m[rows:1][0m SELECT u.id, u.username, u.password, u.full_name, u.role_id, r.name AS role_name, u.is_active FROM users u INNER JOIN roles r ON r.id = u.role_id WHERE u.username = 'admin' LIMIT 1

2026/07/26 10:35:07 [32mD:/Develop/Project_pos_mahenz/BE/domain/auth/repo/auth_repo.go:67
[0m[33m[9.486ms] [34;1m[rows:1][0m DELETE FROM sessions WHERE user_id = 2

2026/07/26 10:35:07 [32mD:/Develop/Project_pos_mahenz/BE/domain/auth/repo/auth_repo.go:38
[0m[33m[2.228ms] [34;1m[rows:1][0m INSERT INTO sessions (user_id, user_role, token, refresh_token, device_info, ip_address, expires_at) VALUES (2, 'admin', 'eyJhbGciOiJIUzI1NiIsInR5cCI6IkpXVCJ9.eyJhcHBzIjoid2ViIiwiZXhwIjoxNzg1MDY1NzA3LCJmdWxsX25hbWUiOiJBZG1pbmlzdHJhdG9yIiwicm9sZSI6ImFkbWluIiwidXNlcl9pZCI6MiwidXNlcm5hbWUiOiJhZG1pbiJ9.YJpTmuJHkvy5okjfZYVeRK5yynMI0DO1vzLmXgqz3Gc', '366f262f4a975b6903d60d57fcc7bb79af3c9b6cb504c2fbb620cfcef671f31d', 'web', '::1', '2026-08-02 10:35:07.147') ON DUPLICATE KEY UPDATE user_role=VALUES(user_role), token=VALUES(token), refresh_token=VALUES(refresh_token), device_info=VALUES(device_info), ip_address=VALUES(ip_address), expires_at=VALUES(expires_at), created_at=NOW()
[GIN] 2026/07/26 - 10:35:07 | 200 |     80.4902ms |             ::1 | POST     "/api/auth/login"

2026/07/26 10:35:07 [32mD:/Develop/Project_pos_mahenz/BE/repository/log_request_repository.go:32
[0m[33m[1.949ms] [34;1m[rows:1][0m INSERT INTO log_requests (id, method, endpoint, status_code, request_body, response_body, user_id, duration_ms, ip_address, error_message, created_at) VALUES ('01ca4fed-0764-48fd-8dea-7f9415b24ad1', 'POST', '/api/auth/login', 200, '{"username":"admin","password":"admin123","device_info":"web"}', '{"code":"00","status":true,"message":"Login berhasil","data":{"token":"eyJhbGciOiJIUzI1NiIsInR5cCI6IkpXVCJ9.eyJhcHBzIjoid2ViIiwiZXhwIjoxNzg1MDY1NzA3LCJmdWxsX25hbWUiOiJBZG1pbmlzdHJhdG9yIiwicm9sZSI6ImFkbWluIiwidXNlcl9pZCI6MiwidXNlcm5hbWUiOiJhZG1pbiJ9.YJpTmuJHkvy5okjfZYVeRK5yynMI0DO1vzLmXgqz3Gc","refresh_token":"366f262f4a975b6903d60d57fcc7bb79af3c9b6cb504c2fbb620cfcef671f31d","expires_at":"2026-08-02T10:35:07.147156+07:00","user":{"id":2,"username":"admin","full_name":"Administrator","role_id":2,"role_name":"admin"}}}', NULL, 80, '::1', NULL, '2026-07-26 10:35:07.158')
[GIN] 2026/07/26 - 10:35:07 | 204 |            0s |             ::1 | OPTIONS  "/api/menus/my"
[GIN] 2026/07/26 - 10:35:07 | 204 |            0s |             ::1 | OPTIONS  "/api/menus/my"

2026/07/26 10:35:07 [32mD:/Develop/Project_pos_mahenz/BE/domain/auth/repo/auth_repo.go:46
[0m[33m[0.507ms] [34;1m[rows:1][0m SELECT id, user_id, user_role, token, device_info, expires_at FROM sessions WHERE token = 'eyJhbGciOiJIUzI1NiIsInR5cCI6IkpXVCJ9.eyJhcHBzIjoid2ViIiwiZXhwIjoxNzg1MDY1NzA3LCJmdWxsX25hbWUiOiJBZG1pbmlzdHJhdG9yIiwicm9sZSI6ImFkbWluIiwidXNlcl9pZCI6MiwidXNlcm5hbWUiOiJhZG1pbiJ9.YJpTmuJHkvy5okjfZYVeRK5yynMI0DO1vzLmXgqz3Gc' LIMIT 1

2026/07/26 10:35:07 [32mD:/Develop/Project_pos_mahenz/BE/domain/auth/repo/auth_repo.go:46
[0m[33m[0.000ms] [34;1m[rows:1][0m SELECT id, user_id, user_role, token, device_info, expires_at FROM sessions WHERE token = 'eyJhbGciOiJIUzI1NiIsInR5cCI6IkpXVCJ9.eyJhcHBzIjoid2ViIiwiZXhwIjoxNzg1MDY1NzA3LCJmdWxsX25hbWUiOiJBZG1pbmlzdHJhdG9yIiwicm9sZSI6ImFkbWluIiwidXNlcl9pZCI6MiwidXNlcm5hbWUiOiJhZG1pbiJ9.YJpTmuJHkvy5okjfZYVeRK5yynMI0DO1vzLmXgqz3Gc' LIMIT 1

2026/07/26 10:35:07 [32mD:/Develop/Project_pos_mahenz/BE/domain/menu/repo/menu_repo.go:121
[0m[33m[1.130ms] [34;1m[rows:-][0m 
		SELECT
			m.id,
			m.parent_id,
			m.key_name,
			m.label,
			m.icon,
			m.path,
			m.order_index,
			COALESCE(rma.can_view,   0),
			COALESCE(rma.can_create, 0),
			COALESCE(rma.can_edit,   0),
			COALESCE(rma.can_delete, 0)
		FROM menus m
		LEFT JOIN role_menu_access rma ON rma.menu_id = m.id
			AND rma.role_id = (SELECT id FROM roles WHERE name = 'admin' AND is_active = 1 LIMIT 1)
		WHERE m.is_active = 1
		ORDER BY m.order_index ASC, m.id ASC
		
[GIN] 2026/07/26 - 10:35:07 | 200 |      1.6369ms |             ::1 | POST     "/api/menus/my"

2026/07/26 10:35:07 [32mD:/Develop/Project_pos_mahenz/BE/domain/menu/repo/menu_repo.go:121
[0m[33m[1.048ms] [34;1m[rows:-][0m 
		SELECT
			m.id,
			m.parent_id,
			m.key_name,
			m.label,
			m.icon,
			m.path,
			m.order_index,
			COALESCE(rma.can_view,   0),
			COALESCE(rma.can_create, 0),
			COALESCE(rma.can_edit,   0),
			COALESCE(rma.can_delete, 0)
		FROM menus m
		LEFT JOIN role_menu_access rma ON rma.menu_id = m.id
			AND rma.role_id = (SELECT id FROM roles WHERE name = 'admin' AND is_active = 1 LIMIT 1)
		WHERE m.is_active = 1
		ORDER BY m.order_index ASC, m.id ASC
		
[GIN] 2026/07/26 - 10:35:07 | 200 |       1.578ms |             ::1 | POST     "/api/menus/my"

2026/07/26 10:35:07 [32mD:/Develop/Project_pos_mahenz/BE/repository/log_request_repository.go:32
[0m[33m[3.949ms] [34;1m[rows:1][0m INSERT INTO log_requests (id, method, endpoint, status_code, request_body, response_body, user_id, duration_ms, ip_address, error_message, created_at) VALUES ('ebd709ea-62b5-42cc-84d3-91d1497ebe15', 'POST', '/api/menus/my', 200, '{}', '{"code":"00","status":true,"message":"Menu akses","data":[{"key_name":"beranda","label":"Beranda","icon":"Home","path":null,"order_index":1,"permission":{"can_view":true,"can_create":true,"can_edit":true,"can_delete":true},"children":[{"key_name":"beranda.dashboard","label":"Dashboard","icon":"LayoutDashboard","path":"/dashboard","order_index":1,"permission":{"can_view":true,"can_create":true,"can_edit":true,"can_delete":true},"children":[]}]},{"key_name":"penjualan","label":"Penjualan","icon":"ShoppingCart","path":null,"order_index":2,"permission":{"can_view":true,"can_create":true,"can_edit":true,"can_delete":true},"children":[{"key_name":"penjualan.kasir","label":"Kasir","icon":"ShoppingCart","path":"/kasir","order_index":1,"permission":{"can_view":true,"can_create":true,"can_edit":true,"can_delete":true},"children":[]},{"key_name":"penjualan.transaksi","label":"Transaksi","icon":"Receipt","path":"/transactions","order_index":2,"permission":{"can_view":true,"can_create":true,"can_edit":true,"can_delete":true},"children":[]}]},{"key_name":"produk","label":"Produk","icon":"Package","path":null,"order_index":3,"permission":{"can_view":true,"can_create":true,"can_edit":true,"can_delete":true},"children":[{"key_name":"produk.produk","label":"Produk","icon":"Package","path":"/products","order_index":1,"permission":{"can_view":true,"can_create":true,"can_edit":true,"can_delete":true},"children":[]},{"key_name":"produk.kategori","label":"Kategori","icon":"Tag","path":"/products/categories","order_index":2,"permission":{"can_view":true,"can_create":true,"can_edit":true,"can_delete":true},"children":[]},{"key_name":"produk.unit","label":"Unit","icon":"PackageSearch","path":"/products/units","order_index":3,"permission":{"can_view":true,"can_create":true,"can_edit":true,"can_delete":true},"children":[]}]},{"key_name":"pengadaan","label":"Pengadaan","icon":"Truck","path":null,"order_index":4,"permission":{"can_view":true,"can_create":true,"can_edit":true,"can_delete":true},"children":[{"key_name":"pengadaan.supplier","label":"Supplier","icon":"Truck","path":"/suppliers","order_index":1,"permission":{"can_view":true,"can_create":true,"can_edit":true,"can_delete":true},"children":[]},{"key_name":"pengadaan.pembelian","label":"Pembelian","icon":"ShoppingBag","path":"/suppliers/purchases","order_index":2,"permission":{"can_view":true,"can_create":true,"can_edit":true,"can_delete":true},"children":[]},{"key_name":"pengadaan.retur","label":"Retur","icon":"RotateCcw","path":"/suppliers/returns","order_index":3,"permission":{"can_view":true,"can_create":true,"can_edit":true,"can_delete":true},"children":[]}]},{"key_name":"pelanggan","label":"Pelanggan","icon":"Users","path":null,"order_index":5,"permission":{"can_view":true,"can_create":true,"can_edit":true,"can_delete":true},"children":[{"key_name":"pelanggan.pelanggan","label":"Pelanggan","icon":"Users","path":"/customers","order_index":1,"permission":{"can_view":true,"can_create":true,"can_edit":true,"can_delete":true},"children":[]},{"key_name":"pelanggan.piutang","label":"Piutang","icon":"CreditCard","path":"/receivables","order_index":2,"permission":{"can_view":true,"can_create":true,"can_edit":true,"can_delete":true},"children":[]}]},{"key_name":"keuangan","label":"Keuangan","icon":"Wallet","path":null,"order_index":6,"permission":{"can_view":true,"can_create":true,"can_edit":true,"can_delete":true},"children":[{"key_name":"keuangan.dashboard","label":"Dashboard Keuangan","icon":"Wallet","path":"/finance","order_index":1,"permission":{"can_view":true,"can_create":true,"can_edit":true,"can_delete":true},"children":[]},{"key_name":"keuangan.kas_harian","label":"Kas Harian","icon":"Landmark","path":"/finance/cash-drawer","order_index":2,"permission":{"can_view":true,"can_create":true,"can_edit":true,"can_delete":true},"children":[]},{"key_name":"keuangan.pengeluaran","label":"Pengeluaran","icon":"TrendingDown","path":"/finance/expenses","order_index":3,"permission":{"can_view":true,"can_create":true,"can_edit":true,"can_delete":true},"children":[]},{"key_name":"keuangan.kas_saya","label":"Kas Saya","icon":"Wallet","path":"/finance/my-cash","order_index":4,"permission":{"can_view":true,"can_create":true,"can_edit":true,"can_delete":true},"children":[]}]},{"key_name":"pelaporan","label":"Pelaporan","icon":"BarChart2","path":null,"order_index":7,"permission":{"can_view":true,"can_create":true,"can_edit":true,"can_delete":true},"children":[{"key_name":"pelaporan.penjualan","label":"Penjualan","icon":"TrendingUp","path":"/reports/sales","order_index":1,"permission":{"can_view":true,"can_create":true,"can_edit":true,"can_delete":true},"children":[]},{"key_name":"pelaporan.laba_rugi","label":"Laba Rugi","icon":"LineChart","path":"/reports/profit-loss","order_index":2,"permission":{"can_view":true,"can_create":true,"can_edit":true,"can_delete":true},"children":[]},{"key_name":"pelaporan.stok","label":"Stok","icon":"PackageSearch","path":"/reports/stock","order_index":3,"permission":{"can_view":true,"can_create":true,"can_edit":true,"can_delete":true},"children":[]},{"key_name":"pelaporan.kinerja_kasir","label":"Kinerja Kasir","icon":"BarChart2","path":"/reports/cashier","order_index":4,"permission":{"can_view":true,"can_create":true,"can_edit":true,"can_delete":true},"children":[]},{"key_name":"pelaporan.ringkasan_bisnis","label":"Ringkasan Bisnis","icon":"BarChart3","path":"/reports/business-summary","order_index":5,"permission":{"can_view":true,"can_create":true,"can_edit":true,"can_delete":true},"children":[]}]},{"key_name":"operasional","label":"Operasional","icon":"Clock","path":null,"order_index":8,"permission":{"can_view":true,"can_create":true,"can_edit":true,"can_delete":true},"children":[{"key_name":"operasional.shift","label":"Shift","icon":"Clock","path":"/shifts","order_index":1,"permission":{"can_view":true,"can_create":true,"can_edit":true,"can_delete":true},"children":[]},{"key_name":"operasional.sync","label":"Sync Center","icon":"RefreshCw","path":"/sync","order_index":2,"permission":{"can_view":true,"can_create":true,"can_edit":true,"can_delete":true},"children":[]}]},{"key_name":"sistem","label":"Sistem","icon":"Settings","path":null,"order_index":9,"permission":{"can_view":true,"can_create":true,"can_edit":true,"can_delete":true},"children":[{"key_name":"sistem.profil_toko","label":"Profil Toko","icon":"Settings","path":"/settings/store","order_index":1,"permission":{"can_view":true,"can_create":true,"can_edit":true,"can_delete":true},"children":[]},{"key_name":"sistem.users","label":"Manajemen User","icon":"Users","path":"/settings/users","order_index":2,"permission":{"can_view":true,"can_create":true,"can_edit":true,"can_delete":true},"children":[]},{"key_name":"sistem.roles","label":"Manajemen Role","icon":"Shield","path":"/settings/roles","order_index":3,"permission":{"can_view":true,"can_create":true,"can_edit":true,"can_delete":true},"children":[]},{"key_name":"sistem.menus","label":"Manajemen Menu","icon":"LayoutList","path":"/settings/menus","order_index":4,"permission":{"can_view":true,"can_create":true,"can_edit":true,"can_delete":true},"children":[]},{"key_name":"sistem.printer","label":"Printer","icon":"Printer","path":"/settings/printer","order_index":5,"permission":{"can_view":true,"can_create":true,"can_edit":true,"can_delete":true},"children":[]},{"key_name":"sistem.versi","label":"Versi Aplikasi","icon":"RefreshCw","path":"/settings/versions","order_index":6,"permission":{"can_view":true,"can_create":true,"can_edit":true,"can_delete":true},"children":[]},{"key_name":"sistem.backup","label":"Backup \u0026 Restore","icon":"DatabaseBackup","path":"/settings/backup","order_index":7,"permission":{"can_view":true,"can_create":true,"can_edit":true,"can_delete":true},"children":[]}]}]}', 2, 1, '::1', NULL, '2026-07-26 10:35:07.169')

2026/07/26 10:35:07 [32mD:/Develop/Project_pos_mahenz/BE/repository/log_request_repository.go:32
[0m[33m[4.997ms] [34;1m[rows:1][0m INSERT INTO log_requests (id, method, endpoint, status_code, request_body, response_body, user_id, duration_ms, ip_address, error_message, created_at) VALUES ('f09ffebc-e711-4bbe-b995-54b7786806c5', 'POST', '/api/menus/my', 200, '{}', '{"code":"00","status":true,"message":"Menu akses","data":[{"key_name":"beranda","label":"Beranda","icon":"Home","path":null,"order_index":1,"permission":{"can_view":true,"can_create":true,"can_edit":true,"can_delete":true},"children":[{"key_name":"beranda.dashboard","label":"Dashboard","icon":"LayoutDashboard","path":"/dashboard","order_index":1,"permission":{"can_view":true,"can_create":true,"can_edit":true,"can_delete":true},"children":[]}]},{"key_name":"penjualan","label":"Penjualan","icon":"ShoppingCart","path":null,"order_index":2,"permission":{"can_view":true,"can_create":true,"can_edit":true,"can_delete":true},"children":[{"key_name":"penjualan.kasir","label":"Kasir","icon":"ShoppingCart","path":"/kasir","order_index":1,"permission":{"can_view":true,"can_create":true,"can_edit":true,"can_delete":true},"children":[]},{"key_name":"penjualan.transaksi","label":"Transaksi","icon":"Receipt","path":"/transactions","order_index":2,"permission":{"can_view":true,"can_create":true,"can_edit":true,"can_delete":true},"children":[]}]},{"key_name":"produk","label":"Produk","icon":"Package","path":null,"order_index":3,"permission":{"can_view":true,"can_create":true,"can_edit":true,"can_delete":true},"children":[{"key_name":"produk.produk","label":"Produk","icon":"Package","path":"/products","order_index":1,"permission":{"can_view":true,"can_create":true,"can_edit":true,"can_delete":true},"children":[]},{"key_name":"produk.kategori","label":"Kategori","icon":"Tag","path":"/products/categories","order_index":2,"permission":{"can_view":true,"can_create":true,"can_edit":true,"can_delete":true},"children":[]},{"key_name":"produk.unit","label":"Unit","icon":"PackageSearch","path":"/products/units","order_index":3,"permission":{"can_view":true,"can_create":true,"can_edit":true,"can_delete":true},"children":[]}]},{"key_name":"pengadaan","label":"Pengadaan","icon":"Truck","path":null,"order_index":4,"permission":{"can_view":true,"can_create":true,"can_edit":true,"can_delete":true},"children":[{"key_name":"pengadaan.supplier","label":"Supplier","icon":"Truck","path":"/suppliers","order_index":1,"permission":{"can_view":true,"can_create":true,"can_edit":true,"can_delete":true},"children":[]},{"key_name":"pengadaan.pembelian","label":"Pembelian","icon":"ShoppingBag","path":"/suppliers/purchases","order_index":2,"permission":{"can_view":true,"can_create":true,"can_edit":true,"can_delete":true},"children":[]},{"key_name":"pengadaan.retur","label":"Retur","icon":"RotateCcw","path":"/suppliers/returns","order_index":3,"permission":{"can_view":true,"can_create":true,"can_edit":true,"can_delete":true},"children":[]}]},{"key_name":"pelanggan","label":"Pelanggan","icon":"Users","path":null,"order_index":5,"permission":{"can_view":true,"can_create":true,"can_edit":true,"can_delete":true},"children":[{"key_name":"pelanggan.pelanggan","label":"Pelanggan","icon":"Users","path":"/customers","order_index":1,"permission":{"can_view":true,"can_create":true,"can_edit":true,"can_delete":true},"children":[]},{"key_name":"pelanggan.piutang","label":"Piutang","icon":"CreditCard","path":"/receivables","order_index":2,"permission":{"can_view":true,"can_create":true,"can_edit":true,"can_delete":true},"children":[]}]},{"key_name":"keuangan","label":"Keuangan","icon":"Wallet","path":null,"order_index":6,"permission":{"can_view":true,"can_create":true,"can_edit":true,"can_delete":true},"children":[{"key_name":"keuangan.dashboard","label":"Dashboard Keuangan","icon":"Wallet","path":"/finance","order_index":1,"permission":{"can_view":true,"can_create":true,"can_edit":true,"can_delete":true},"children":[]},{"key_name":"keuangan.kas_harian","label":"Kas Harian","icon":"Landmark","path":"/finance/cash-drawer","order_index":2,"permission":{"can_view":true,"can_create":true,"can_edit":true,"can_delete":true},"children":[]},{"key_name":"keuangan.pengeluaran","label":"Pengeluaran","icon":"TrendingDown","path":"/finance/expenses","order_index":3,"permission":{"can_view":true,"can_create":true,"can_edit":true,"can_delete":true},"children":[]},{"key_name":"keuangan.kas_saya","label":"Kas Saya","icon":"Wallet","path":"/finance/my-cash","order_index":4,"permission":{"can_view":true,"can_create":true,"can_edit":true,"can_delete":true},"children":[]}]},{"key_name":"pelaporan","label":"Pelaporan","icon":"BarChart2","path":null,"order_index":7,"permission":{"can_view":true,"can_create":true,"can_edit":true,"can_delete":true},"children":[{"key_name":"pelaporan.penjualan","label":"Penjualan","icon":"TrendingUp","path":"/reports/sales","order_index":1,"permission":{"can_view":true,"can_create":true,"can_edit":true,"can_delete":true},"children":[]},{"key_name":"pelaporan.laba_rugi","label":"Laba Rugi","icon":"LineChart","path":"/reports/profit-loss","order_index":2,"permission":{"can_view":true,"can_create":true,"can_edit":true,"can_delete":true},"children":[]},{"key_name":"pelaporan.stok","label":"Stok","icon":"PackageSearch","path":"/reports/stock","order_index":3,"permission":{"can_view":true,"can_create":true,"can_edit":true,"can_delete":true},"children":[]},{"key_name":"pelaporan.kinerja_kasir","label":"Kinerja Kasir","icon":"BarChart2","path":"/reports/cashier","order_index":4,"permission":{"can_view":true,"can_create":true,"can_edit":true,"can_delete":true},"children":[]},{"key_name":"pelaporan.ringkasan_bisnis","label":"Ringkasan Bisnis","icon":"BarChart3","path":"/reports/business-summary","order_index":5,"permission":{"can_view":true,"can_create":true,"can_edit":true,"can_delete":true},"children":[]}]},{"key_name":"operasional","label":"Operasional","icon":"Clock","path":null,"order_index":8,"permission":{"can_view":true,"can_create":true,"can_edit":true,"can_delete":true},"children":[{"key_name":"operasional.shift","label":"Shift","icon":"Clock","path":"/shifts","order_index":1,"permission":{"can_view":true,"can_create":true,"can_edit":true,"can_delete":true},"children":[]},{"key_name":"operasional.sync","label":"Sync Center","icon":"RefreshCw","path":"/sync","order_index":2,"permission":{"can_view":true,"can_create":true,"can_edit":true,"can_delete":true},"children":[]}]},{"key_name":"sistem","label":"Sistem","icon":"Settings","path":null,"order_index":9,"permission":{"can_view":true,"can_create":true,"can_edit":true,"can_delete":true},"children":[{"key_name":"sistem.profil_toko","label":"Profil Toko","icon":"Settings","path":"/settings/store","order_index":1,"permission":{"can_view":true,"can_create":true,"can_edit":true,"can_delete":true},"children":[]},{"key_name":"sistem.users","label":"Manajemen User","icon":"Users","path":"/settings/users","order_index":2,"permission":{"can_view":true,"can_create":true,"can_edit":true,"can_delete":true},"children":[]},{"key_name":"sistem.roles","label":"Manajemen Role","icon":"Shield","path":"/settings/roles","order_index":3,"permission":{"can_view":true,"can_create":true,"can_edit":true,"can_delete":true},"children":[]},{"key_name":"sistem.menus","label":"Manajemen Menu","icon":"LayoutList","path":"/settings/menus","order_index":4,"permission":{"can_view":true,"can_create":true,"can_edit":true,"can_delete":true},"children":[]},{"key_name":"sistem.printer","label":"Printer","icon":"Printer","path":"/settings/printer","order_index":5,"permission":{"can_view":true,"can_create":true,"can_edit":true,"can_delete":true},"children":[]},{"key_name":"sistem.versi","label":"Versi Aplikasi","icon":"RefreshCw","path":"/settings/versions","order_index":6,"permission":{"can_view":true,"can_create":true,"can_edit":true,"can_delete":true},"children":[]},{"key_name":"sistem.backup","label":"Backup \u0026 Restore","icon":"DatabaseBackup","path":"/settings/backup","order_index":7,"permission":{"can_view":true,"can_create":true,"can_edit":true,"can_delete":true},"children":[]}]}]}', 2, 1, '::1', NULL, '2026-07-26 10:35:07.168')

2026/07/26 10:35:07 [32mD:/Develop/Project_pos_mahenz/BE/domain/auth/repo/auth_repo.go:46
[0m[33m[0.505ms] [34;1m[rows:1][0m SELECT id, user_id, user_role, token, device_info, expires_at FROM sessions WHERE token = 'eyJhbGciOiJIUzI1NiIsInR5cCI6IkpXVCJ9.eyJhcHBzIjoid2ViIiwiZXhwIjoxNzg1MDY1NzA3LCJmdWxsX25hbWUiOiJBZG1pbmlzdHJhdG9yIiwicm9sZSI6ImFkbWluIiwidXNlcl9pZCI6MiwidXNlcm5hbWUiOiJhZG1pbiJ9.YJpTmuJHkvy5okjfZYVeRK5yynMI0DO1vzLmXgqz3Gc' LIMIT 1

2026/07/26 10:35:07 [32mD:/Develop/Project_pos_mahenz/BE/domain/menu/repo/menu_repo.go:121
[0m[33m[0.634ms] [34;1m[rows:-][0m 
		SELECT
			m.id,
			m.parent_id,
			m.key_name,
			m.label,
			m.icon,
			m.path,
			m.order_index,
			COALESCE(rma.can_view,   0),
			COALESCE(rma.can_create, 0),
			COALESCE(rma.can_edit,   0),
			COALESCE(rma.can_delete, 0)
		FROM menus m
		LEFT JOIN role_menu_access rma ON rma.menu_id = m.id
			AND rma.role_id = (SELECT id FROM roles WHERE name = 'admin' AND is_active = 1 LIMIT 1)
		WHERE m.is_active = 1
		ORDER BY m.order_index ASC, m.id ASC
		
[GIN] 2026/07/26 - 10:35:07 | 200 |      2.1771ms |             ::1 | POST     "/api/menus/my"

2026/07/26 10:35:07 [32mD:/Develop/Project_pos_mahenz/BE/repository/log_request_repository.go:32
[0m[33m[3.435ms] [34;1m[rows:1][0m INSERT INTO log_requests (id, method, endpoint, status_code, request_body, response_body, user_id, duration_ms, ip_address, error_message, created_at) VALUES ('6db83bdf-611d-4966-9989-1e473f190ba5', 'POST', '/api/menus/my', 200, '{}', '{"code":"00","status":true,"message":"Menu akses","data":[{"key_name":"beranda","label":"Beranda","icon":"Home","path":null,"order_index":1,"permission":{"can_view":true,"can_create":true,"can_edit":true,"can_delete":true},"children":[{"key_name":"beranda.dashboard","label":"Dashboard","icon":"LayoutDashboard","path":"/dashboard","order_index":1,"permission":{"can_view":true,"can_create":true,"can_edit":true,"can_delete":true},"children":[]}]},{"key_name":"penjualan","label":"Penjualan","icon":"ShoppingCart","path":null,"order_index":2,"permission":{"can_view":true,"can_create":true,"can_edit":true,"can_delete":true},"children":[{"key_name":"penjualan.kasir","label":"Kasir","icon":"ShoppingCart","path":"/kasir","order_index":1,"permission":{"can_view":true,"can_create":true,"can_edit":true,"can_delete":true},"children":[]},{"key_name":"penjualan.transaksi","label":"Transaksi","icon":"Receipt","path":"/transactions","order_index":2,"permission":{"can_view":true,"can_create":true,"can_edit":true,"can_delete":true},"children":[]}]},{"key_name":"produk","label":"Produk","icon":"Package","path":null,"order_index":3,"permission":{"can_view":true,"can_create":true,"can_edit":true,"can_delete":true},"children":[{"key_name":"produk.produk","label":"Produk","icon":"Package","path":"/products","order_index":1,"permission":{"can_view":true,"can_create":true,"can_edit":true,"can_delete":true},"children":[]},{"key_name":"produk.kategori","label":"Kategori","icon":"Tag","path":"/products/categories","order_index":2,"permission":{"can_view":true,"can_create":true,"can_edit":true,"can_delete":true},"children":[]},{"key_name":"produk.unit","label":"Unit","icon":"PackageSearch","path":"/products/units","order_index":3,"permission":{"can_view":true,"can_create":true,"can_edit":true,"can_delete":true},"children":[]}]},{"key_name":"pengadaan","label":"Pengadaan","icon":"Truck","path":null,"order_index":4,"permission":{"can_view":true,"can_create":true,"can_edit":true,"can_delete":true},"children":[{"key_name":"pengadaan.supplier","label":"Supplier","icon":"Truck","path":"/suppliers","order_index":1,"permission":{"can_view":true,"can_create":true,"can_edit":true,"can_delete":true},"children":[]},{"key_name":"pengadaan.pembelian","label":"Pembelian","icon":"ShoppingBag","path":"/suppliers/purchases","order_index":2,"permission":{"can_view":true,"can_create":true,"can_edit":true,"can_delete":true},"children":[]},{"key_name":"pengadaan.retur","label":"Retur","icon":"RotateCcw","path":"/suppliers/returns","order_index":3,"permission":{"can_view":true,"can_create":true,"can_edit":true,"can_delete":true},"children":[]}]},{"key_name":"pelanggan","label":"Pelanggan","icon":"Users","path":null,"order_index":5,"permission":{"can_view":true,"can_create":true,"can_edit":true,"can_delete":true},"children":[{"key_name":"pelanggan.pelanggan","label":"Pelanggan","icon":"Users","path":"/customers","order_index":1,"permission":{"can_view":true,"can_create":true,"can_edit":true,"can_delete":true},"children":[]},{"key_name":"pelanggan.piutang","label":"Piutang","icon":"CreditCard","path":"/receivables","order_index":2,"permission":{"can_view":true,"can_create":true,"can_edit":true,"can_delete":true},"children":[]}]},{"key_name":"keuangan","label":"Keuangan","icon":"Wallet","path":null,"order_index":6,"permission":{"can_view":true,"can_create":true,"can_edit":true,"can_delete":true},"children":[{"key_name":"keuangan.dashboard","label":"Dashboard Keuangan","icon":"Wallet","path":"/finance","order_index":1,"permission":{"can_view":true,"can_create":true,"can_edit":true,"can_delete":true},"children":[]},{"key_name":"keuangan.kas_harian","label":"Kas Harian","icon":"Landmark","path":"/finance/cash-drawer","order_index":2,"permission":{"can_view":true,"can_create":true,"can_edit":true,"can_delete":true},"children":[]},{"key_name":"keuangan.pengeluaran","label":"Pengeluaran","icon":"TrendingDown","path":"/finance/expenses","order_index":3,"permission":{"can_view":true,"can_create":true,"can_edit":true,"can_delete":true},"children":[]},{"key_name":"keuangan.kas_saya","label":"Kas Saya","icon":"Wallet","path":"/finance/my-cash","order_index":4,"permission":{"can_view":true,"can_create":true,"can_edit":true,"can_delete":true},"children":[]}]},{"key_name":"pelaporan","label":"Pelaporan","icon":"BarChart2","path":null,"order_index":7,"permission":{"can_view":true,"can_create":true,"can_edit":true,"can_delete":true},"children":[{"key_name":"pelaporan.penjualan","label":"Penjualan","icon":"TrendingUp","path":"/reports/sales","order_index":1,"permission":{"can_view":true,"can_create":true,"can_edit":true,"can_delete":true},"children":[]},{"key_name":"pelaporan.laba_rugi","label":"Laba Rugi","icon":"LineChart","path":"/reports/profit-loss","order_index":2,"permission":{"can_view":true,"can_create":true,"can_edit":true,"can_delete":true},"children":[]},{"key_name":"pelaporan.stok","label":"Stok","icon":"PackageSearch","path":"/reports/stock","order_index":3,"permission":{"can_view":true,"can_create":true,"can_edit":true,"can_delete":true},"children":[]},{"key_name":"pelaporan.kinerja_kasir","label":"Kinerja Kasir","icon":"BarChart2","path":"/reports/cashier","order_index":4,"permission":{"can_view":true,"can_create":true,"can_edit":true,"can_delete":true},"children":[]},{"key_name":"pelaporan.ringkasan_bisnis","label":"Ringkasan Bisnis","icon":"BarChart3","path":"/reports/business-summary","order_index":5,"permission":{"can_view":true,"can_create":true,"can_edit":true,"can_delete":true},"children":[]}]},{"key_name":"operasional","label":"Operasional","icon":"Clock","path":null,"order_index":8,"permission":{"can_view":true,"can_create":true,"can_edit":true,"can_delete":true},"children":[{"key_name":"operasional.shift","label":"Shift","icon":"Clock","path":"/shifts","order_index":1,"permission":{"can_view":true,"can_create":true,"can_edit":true,"can_delete":true},"children":[]},{"key_name":"operasional.sync","label":"Sync Center","icon":"RefreshCw","path":"/sync","order_index":2,"permission":{"can_view":true,"can_create":true,"can_edit":true,"can_delete":true},"children":[]}]},{"key_name":"sistem","label":"Sistem","icon":"Settings","path":null,"order_index":9,"permission":{"can_view":true,"can_create":true,"can_edit":true,"can_delete":true},"children":[{"key_name":"sistem.profil_toko","label":"Profil Toko","icon":"Settings","path":"/settings/store","order_index":1,"permission":{"can_view":true,"can_create":true,"can_edit":true,"can_delete":true},"children":[]},{"key_name":"sistem.users","label":"Manajemen User","icon":"Users","path":"/settings/users","order_index":2,"permission":{"can_view":true,"can_create":true,"can_edit":true,"can_delete":true},"children":[]},{"key_name":"sistem.roles","label":"Manajemen Role","icon":"Shield","path":"/settings/roles","order_index":3,"permission":{"can_view":true,"can_create":true,"can_edit":true,"can_delete":true},"children":[]},{"key_name":"sistem.menus","label":"Manajemen Menu","icon":"LayoutList","path":"/settings/menus","order_index":4,"permission":{"can_view":true,"can_create":true,"can_edit":true,"can_delete":true},"children":[]},{"key_name":"sistem.printer","label":"Printer","icon":"Printer","path":"/settings/printer","order_index":5,"permission":{"can_view":true,"can_create":true,"can_edit":true,"can_delete":true},"children":[]},{"key_name":"sistem.versi","label":"Versi Aplikasi","icon":"RefreshCw","path":"/settings/versions","order_index":6,"permission":{"can_view":true,"can_create":true,"can_edit":true,"can_delete":true},"children":[]},{"key_name":"sistem.backup","label":"Backup \u0026 Restore","icon":"DatabaseBackup","path":"/settings/backup","order_index":7,"permission":{"can_view":true,"can_create":true,"can_edit":true,"can_delete":true},"children":[]}]}]}', 2, 2, '::1', NULL, '2026-07-26 10:35:07.552')
[GIN] 2026/07/26 - 10:35:07 | 204 |            0s |             ::1 | OPTIONS  "/api/sync/conflicts/count"

2026/07/26 10:35:07 [32mD:/Develop/Project_pos_mahenz/BE/domain/auth/repo/auth_repo.go:46
[0m[33m[0.507ms] [34;1m[rows:1][0m SELECT id, user_id, user_role, token, device_info, expires_at FROM sessions WHERE token = 'eyJhbGciOiJIUzI1NiIsInR5cCI6IkpXVCJ9.eyJhcHBzIjoid2ViIiwiZXhwIjoxNzg1MDY1NzA3LCJmdWxsX25hbWUiOiJBZG1pbmlzdHJhdG9yIiwicm9sZSI6ImFkbWluIiwidXNlcl9pZCI6MiwidXNlcm5hbWUiOiJhZG1pbiJ9.YJpTmuJHkvy5okjfZYVeRK5yynMI0DO1vzLmXgqz3Gc' LIMIT 1

2026/07/26 10:35:07 [32mD:/Develop/Project_pos_mahenz/BE/domain/sync/repo/sync_repo.go:84
[0m[33m[0.657ms] [34;1m[rows:1][0m SELECT COUNT(*) FROM sync_conflicts WHERE status = 'pending'
[GIN] 2026/07/26 - 10:35:07 | 200 |      1.1638ms |             ::1 | GET      "/api/sync/conflicts/count"

2026/07/26 10:35:07 [32mD:/Develop/Project_pos_mahenz/BE/repository/log_request_repository.go:32
[0m[33m[3.692ms] [34;1m[rows:1][0m INSERT INTO log_requests (id, method, endpoint, status_code, request_body, response_body, user_id, duration_ms, ip_address, error_message, created_at) VALUES ('3ee31ada-2135-40f4-b958-c9f7344efb2a', 'GET', '/api/sync/conflicts/count', 200, '', '{"code":"00","status":true,"message":"Jumlah konflik pending","data":{"count":0}}', 2, 1, '::1', NULL, '2026-07-26 10:35:07.618')
[GIN] 2026/07/26 - 10:35:07 | 204 |       486.9µs |             ::1 | OPTIONS  "/api/suppliers/list"
[GIN] 2026/07/26 - 10:35:07 | 204 |            0s |             ::1 | OPTIONS  "/api/products/list"

2026/07/26 10:35:07 [32mD:/Develop/Project_pos_mahenz/BE/domain/auth/repo/auth_repo.go:46
[0m[33m[0.505ms] [34;1m[rows:1][0m SELECT id, user_id, user_role, token, device_info, expires_at FROM sessions WHERE token = 'eyJhbGciOiJIUzI1NiIsInR5cCI6IkpXVCJ9.eyJhcHBzIjoid2ViIiwiZXhwIjoxNzg1MDY1NzA3LCJmdWxsX25hbWUiOiJBZG1pbmlzdHJhdG9yIiwicm9sZSI6ImFkbWluIiwidXNlcl9pZCI6MiwidXNlcm5hbWUiOiJhZG1pbiJ9.YJpTmuJHkvy5okjfZYVeRK5yynMI0DO1vzLmXgqz3Gc' LIMIT 1

2026/07/26 10:35:07 [32mD:/Develop/Project_pos_mahenz/BE/domain/auth/repo/auth_repo.go:46
[0m[33m[0.505ms] [34;1m[rows:1][0m SELECT id, user_id, user_role, token, device_info, expires_at FROM sessions WHERE token = 'eyJhbGciOiJIUzI1NiIsInR5cCI6IkpXVCJ9.eyJhcHBzIjoid2ViIiwiZXhwIjoxNzg1MDY1NzA3LCJmdWxsX25hbWUiOiJBZG1pbmlzdHJhdG9yIiwicm9sZSI6ImFkbWluIiwidXNlcl9pZCI6MiwidXNlcm5hbWUiOiJhZG1pbiJ9.YJpTmuJHkvy5okjfZYVeRK5yynMI0DO1vzLmXgqz3Gc' LIMIT 1

2026/07/26 10:35:07 [32mD:/Develop/Project_pos_mahenz/BE/domain/supplier/repo/supplier_repo.go:48
[0m[33m[0.613ms] [34;1m[rows:1][0m SELECT COUNT(*) FROM suppliers WHERE 1=1

2026/07/26 10:35:07 [32mD:/Develop/Project_pos_mahenz/BE/domain/product/repo/product_repo.go:100
[0m[33m[0.000ms] [34;1m[rows:1][0m SELECT COUNT(*) FROM products p WHERE 1=1

2026/07/26 10:35:07 [32mD:/Develop/Project_pos_mahenz/BE/domain/supplier/repo/supplier_repo.go:71
[0m[33m[0.541ms] [34;1m[rows:1][0m SELECT id, supplier_code, name, address, phone, email, contact_person, notes, is_active, created_at FROM suppliers WHERE 1=1 ORDER BY name ASC LIMIT 1 OFFSET 0
[GIN] 2026/07/26 - 10:35:07 | 200 |      3.1657ms |             ::1 | POST     "/api/suppliers/list"

2026/07/26 10:35:07 [32mD:/Develop/Project_pos_mahenz/BE/domain/product/repo/product_repo.go:119
[0m[33m[1.054ms] [34;1m[rows:1][0m 
		SELECT p.id, p.barcode, COALESCE(p.sku, '') as sku, p.name, p.category_id, COALESCE(c.name, '') as category_name,
		       p.purchase_price, p.selling_price, p.stock, p.reserved_qty, p.min_stock,
		       COALESCE(p.unit_id, 0) as unit_id, COALESCE(u.name, '') as unit_name, COALESCE(u.abbreviation, '') as unit_abbreviation,
		       p.is_active,
		       (SELECT COUNT(*) FROM product_packages pp WHERE pp.product_id = p.id AND pp.is_default = 0) AS extra_packages,
		       (SELECT COUNT(*) FROM product_prices pr WHERE pr.product_id = p.id) AS price_tiers_count
		FROM products p
		LEFT JOIN categories c ON p.category_id = c.id
		LEFT JOIN units u ON u.id = p.unit_id
		WHERE 1=1 ORDER BY p.name ASC LIMIT 1 OFFSET 0
[GIN] 2026/07/26 - 10:35:07 | 200 |      2.7125ms |             ::1 | POST     "/api/products/list"

2026/07/26 10:35:07 [32mD:/Develop/Project_pos_mahenz/BE/repository/log_request_repository.go:32
[0m[33m[9.444ms] [34;1m[rows:1][0m INSERT INTO log_requests (id, method, endpoint, status_code, request_body, response_body, user_id, duration_ms, ip_address, error_message, created_at) VALUES ('6fbae6b7-8ae0-414d-a7f5-79bf8964a6de', 'POST', '/api/suppliers/list', 200, '{"page":1,"limit":1,"search":""}', '{"code":"00","status":true,"message":"Daftar supplier","data":[{"id":1,"supplier_code":"SUP-001","name":"Supplier Test Fase14","address":"Jl. Test","phone":"08123456789","email":"","contact_person":"","notes":"","is_active":true,"created_at":"2026-07-25T13:19:10+07:00"}],"pagination":{"page":1,"per_page":1,"total":2,"total_pages":2}}', 2, 2, '::1', NULL, '2026-07-26 10:35:07.917')

2026/07/26 10:35:07 [32mD:/Develop/Project_pos_mahenz/BE/repository/log_request_repository.go:32
[0m[33m[8.919ms] [34;1m[rows:1][0m INSERT INTO log_requests (id, method, endpoint, status_code, request_body, response_body, user_id, duration_ms, ip_address, error_message, created_at) VALUES ('50b23fad-88cd-467f-820d-a3a639e99601', 'POST', '/api/products/list', 200, '{"page":1,"limit":1,"search":""}', '{"code":"00","status":true,"message":"Daftar produk","data":[{"id":4,"barcode":"8992260464338","sku":"SEM-0003","name":"Gula Pasir 1kg","category_id":1,"category_name":"Sembako Test","purchase_price":0,"selling_price":15000,"stock":50,"reserved_qty":0,"min_stock":5,"unit_id":1,"unit_name":"Pieces","unit_abbreviation":"Pcs","is_active":false,"extra_packages":0,"price_tiers_count":0}],"pagination":{"page":1,"per_page":1,"total":11,"total_pages":11}}', 2, 2, '::1', NULL, '2026-07-26 10:35:07.918')
[GIN] 2026/07/26 - 10:35:08 | 204 |            0s |             ::1 | OPTIONS  "/api/suppliers/options"
[GIN] 2026/07/26 - 10:35:08 | 204 |            0s |             ::1 | OPTIONS  "/api/payment-statuses/list"
[GIN] 2026/07/26 - 10:35:08 | 204 |            0s |             ::1 | OPTIONS  "/api/settings/pagination_sizes"
[GIN] 2026/07/26 - 10:35:08 | 204 |            0s |             ::1 | OPTIONS  "/api/payment-methods/list"

2026/07/26 10:35:08 [32mD:/Develop/Project_pos_mahenz/BE/domain/auth/repo/auth_repo.go:46
[0m[33m[0.518ms] [34;1m[rows:1][0m SELECT id, user_id, user_role, token, device_info, expires_at FROM sessions WHERE token = 'eyJhbGciOiJIUzI1NiIsInR5cCI6IkpXVCJ9.eyJhcHBzIjoid2ViIiwiZXhwIjoxNzg1MDY1NzA3LCJmdWxsX25hbWUiOiJBZG1pbmlzdHJhdG9yIiwicm9sZSI6ImFkbWluIiwidXNlcl9pZCI6MiwidXNlcm5hbWUiOiJhZG1pbiJ9.YJpTmuJHkvy5okjfZYVeRK5yynMI0DO1vzLmXgqz3Gc' LIMIT 1
[GIN] 2026/07/26 - 10:35:08 | 204 |            0s |             ::1 | OPTIONS  "/api/supplier-purchases/list"

2026/07/26 10:35:08 [32mD:/Develop/Project_pos_mahenz/BE/domain/supplier/repo/supplier_repo.go:48
[0m[33m[0.603ms] [34;1m[rows:1][0m SELECT COUNT(*) FROM suppliers WHERE 1=1

2026/07/26 10:35:08 [32mD:/Develop/Project_pos_mahenz/BE/domain/auth/repo/auth_repo.go:46
[0m[33m[0.603ms] [34;1m[rows:1][0m SELECT id, user_id, user_role, token, device_info, expires_at FROM sessions WHERE token = 'eyJhbGciOiJIUzI1NiIsInR5cCI6IkpXVCJ9.eyJhcHBzIjoid2ViIiwiZXhwIjoxNzg1MDY1NzA3LCJmdWxsX25hbWUiOiJBZG1pbmlzdHJhdG9yIiwicm9sZSI6ImFkbWluIiwidXNlcl9pZCI6MiwidXNlcm5hbWUiOiJhZG1pbiJ9.YJpTmuJHkvy5okjfZYVeRK5yynMI0DO1vzLmXgqz3Gc' LIMIT 1

2026/07/26 10:35:08 [32mD:/Develop/Project_pos_mahenz/BE/domain/supplier/repo/supplier_repo.go:71
[0m[33m[0.531ms] [34;1m[rows:2][0m SELECT id, supplier_code, name, address, phone, email, contact_person, notes, is_active, created_at FROM suppliers WHERE 1=1 ORDER BY name ASC LIMIT 10 OFFSET 0

2026/07/26 10:35:08 [32mD:/Develop/Project_pos_mahenz/BE/domain/supplier/repo/supplier_repo.go:85
[0m[33m[0.000ms] [34;1m[rows:1][0m SELECT id, supplier_code, name FROM suppliers WHERE is_active = 1 ORDER BY name
[GIN] 2026/07/26 - 10:35:08 | 200 |      2.1595ms |             ::1 | POST     "/api/suppliers/options"

2026/07/26 10:35:08 [32mD:/Develop/Project_pos_mahenz/BE/domain/auth/repo/auth_repo.go:46
[0m[33m[1.025ms] [34;1m[rows:1][0m SELECT id, user_id, user_role, token, device_info, expires_at FROM sessions WHERE token = 'eyJhbGciOiJIUzI1NiIsInR5cCI6IkpXVCJ9.eyJhcHBzIjoid2ViIiwiZXhwIjoxNzg1MDY1NzA3LCJmdWxsX25hbWUiOiJBZG1pbmlzdHJhdG9yIiwicm9sZSI6ImFkbWluIiwidXNlcl9pZCI6MiwidXNlcm5hbWUiOiJhZG1pbiJ9.YJpTmuJHkvy5okjfZYVeRK5yynMI0DO1vzLmXgqz3Gc' LIMIT 1

2026/07/26 10:35:08 [32mD:/Develop/Project_pos_mahenz/BE/domain/auth/repo/auth_repo.go:46
[0m[33m[0.000ms] [34;1m[rows:1][0m SELECT id, user_id, user_role, token, device_info, expires_at FROM sessions WHERE token = 'eyJhbGciOiJIUzI1NiIsInR5cCI6IkpXVCJ9.eyJhcHBzIjoid2ViIiwiZXhwIjoxNzg1MDY1NzA3LCJmdWxsX25hbWUiOiJBZG1pbmlzdHJhdG9yIiwicm9sZSI6ImFkbWluIiwidXNlcl9pZCI6MiwidXNlcm5hbWUiOiJhZG1pbiJ9.YJpTmuJHkvy5okjfZYVeRK5yynMI0DO1vzLmXgqz3Gc' LIMIT 1

2026/07/26 10:35:08 [32mD:/Develop/Project_pos_mahenz/BE/domain/setting/repo/setting_repo.go:32
[0m[33m[1.501ms] [34;1m[rows:-][0m SELECT setting_key, setting_value FROM settings WHERE setting_key = 'pagination_sizes'
[GIN] 2026/07/26 - 10:35:08 | 200 |      2.2182ms |             ::1 | GET      "/api/settings/pagination_sizes"
[GIN] 2026/07/26 - 10:35:08 | 200 |      2.1584ms |             ::1 | POST     "/api/suppliers/list"

2026/07/26 10:35:08 [32mD:/Develop/Project_pos_mahenz/BE/domain/auth/repo/auth_repo.go:46
[0m[33m[2.218ms] [34;1m[rows:1][0m SELECT id, user_id, user_role, token, device_info, expires_at FROM sessions WHERE token = 'eyJhbGciOiJIUzI1NiIsInR5cCI6IkpXVCJ9.eyJhcHBzIjoid2ViIiwiZXhwIjoxNzg1MDY1NzA3LCJmdWxsX25hbWUiOiJBZG1pbmlzdHJhdG9yIiwicm9sZSI6ImFkbWluIiwidXNlcl9pZCI6MiwidXNlcm5hbWUiOiJhZG1pbiJ9.YJpTmuJHkvy5okjfZYVeRK5yynMI0DO1vzLmXgqz3Gc' LIMIT 1

2026/07/26 10:35:08 [32mD:/Develop/Project_pos_mahenz/BE/domain/payment_status/repo/payment_status_repo.go:9
[0m[33m[1.501ms] [34;1m[rows:3][0m SELECT id, code, label, is_active, sort_order FROM payment_statuses WHERE is_active = 1 ORDER BY sort_order ASC

2026/07/26 10:35:08 [32mD:/Develop/Project_pos_mahenz/BE/domain/auth/repo/auth_repo.go:46
[0m[33m[0.000ms] [34;1m[rows:1][0m SELECT id, user_id, user_role, token, device_info, expires_at FROM sessions WHERE token = 'eyJhbGciOiJIUzI1NiIsInR5cCI6IkpXVCJ9.eyJhcHBzIjoid2ViIiwiZXhwIjoxNzg1MDY1NzA3LCJmdWxsX25hbWUiOiJBZG1pbmlzdHJhdG9yIiwicm9sZSI6ImFkbWluIiwidXNlcl9pZCI6MiwidXNlcm5hbWUiOiJhZG1pbiJ9.YJpTmuJHkvy5okjfZYVeRK5yynMI0DO1vzLmXgqz3Gc' LIMIT 1
[GIN] 2026/07/26 - 10:35:08 | 200 |      3.7494ms |             ::1 | POST     "/api/payment-statuses/list"

2026/07/26 10:35:08 [32mD:/Develop/Project_pos_mahenz/BE/repository/log_request_repository.go:32
[0m[33m[1.501ms] [34;1m[rows:1][0m INSERT INTO log_requests (id, method, endpoint, status_code, request_body, response_body, user_id, duration_ms, ip_address, error_message, created_at) VALUES ('58bebbab-6122-45df-8c2b-2551bc8ba95a', 'POST', '/api/suppliers/options', 200, '{"search":""}', '{"code":"00","status":true,"message":"Opsi supplier","data":[{"id":1,"supplier_code":"SUP-001","name":"Supplier Test Fase14"}]}', 2, 2, '::1', NULL, '2026-07-26 10:35:08.016')

2026/07/26 10:35:08 [32mD:/Develop/Project_pos_mahenz/BE/domain/payment_method/repo/payment_method_repo.go:9
[0m[33m[2.015ms] [34;1m[rows:5][0m SELECT id, code, label, is_active, sort_order FROM payment_methods WHERE is_active = 1 ORDER BY sort_order ASC
[GIN] 2026/07/26 - 10:35:08 | 200 |      4.0698ms |             ::1 | POST     "/api/payment-methods/list"

2026/07/26 10:35:08 [32mD:/Develop/Project_pos_mahenz/BE/repository/log_request_repository.go:32
[0m[33m[5.571ms] [34;1m[rows:1][0m INSERT INTO log_requests (id, method, endpoint, status_code, request_body, response_body, user_id, duration_ms, ip_address, error_message, created_at) VALUES ('97edafae-b41b-4fcd-84bb-173a729901c7', 'POST', '/api/suppliers/list', 200, '{"page":1,"limit":200,"search":""}', '{"code":"00","status":true,"message":"Daftar supplier","data":[{"id":1,"supplier_code":"SUP-001","name":"Supplier Test Fase14","address":"Jl. Test","phone":"08123456789","email":"","contact_person":"","notes":"","is_active":true,"created_at":"2026-07-25T13:19:10+07:00"},{"id":3,"supplier_code":"SUP-002","name":"Supplier Test Void Debt","address":"","phone":"","email":"","contact_person":"","notes":"","is_active":false,"created_at":"2026-07-26T10:32:08+07:00"}],"pagination":{"page":1,"per_page":200,"total":2,"total_pages":1}}', 2, 2, '::1', NULL, '2026-07-26 10:35:08.016')

2026/07/26 10:35:08 [32mD:/Develop/Project_pos_mahenz/BE/repository/log_request_repository.go:32
[0m[33m[4.992ms] [34;1m[rows:1][0m INSERT INTO log_requests (id, method, endpoint, status_code, request_body, response_body, user_id, duration_ms, ip_address, error_message, created_at) VALUES ('ac99243f-4d9b-4541-8754-f6ddd679515f', 'GET', '/api/settings/pagination_sizes', 200, '', '{"code":"00","status":true,"message":"Detail pengaturan","data":{"key":"pagination_sizes","value":"[10,20,50]"}}', 2, 2, '::1', NULL, '2026-07-26 10:35:08.018')

2026/07/26 10:35:08 [32mD:/Develop/Project_pos_mahenz/BE/domain/supplier_purchase/repo/purchase_repo.go:132
[0m[33m[4.486ms] [34;1m[rows:1][0m SELECT COUNT(*) FROM purchases p WHERE 1=1 AND DATE(p.purchase_date) >= '2026-07-01' AND DATE(p.purchase_date) <= '2026-07-26'

2026/07/26 10:35:08 [32mD:/Develop/Project_pos_mahenz/BE/repository/log_request_repository.go:32
[0m[33m[4.660ms] [34;1m[rows:1][0m INSERT INTO log_requests (id, method, endpoint, status_code, request_body, response_body, user_id, duration_ms, ip_address, error_message, created_at) VALUES ('ed516b50-1207-414d-b364-af37442b0f53', 'POST', '/api/payment-statuses/list', 200, '{}', '{"code":"00","status":true,"message":"Daftar status pembayaran","data":[{"id":1,"code":"unpaid","label":"Hutang","is_active":1,"sort_order":1},{"id":2,"code":"partial","label":"Bayar Sebagian","is_active":1,"sort_order":2},{"id":3,"code":"paid","label":"Lunas","is_active":1,"sort_order":3}]}', 2, 3, '::1', NULL, '2026-07-26 10:35:08.02')

2026/07/26 10:35:08 [32mD:/Develop/Project_pos_mahenz/BE/repository/log_request_repository.go:32
[0m[33m[2.458ms] [34;1m[rows:1][0m INSERT INTO log_requests (id, method, endpoint, status_code, request_body, response_body, user_id, duration_ms, ip_address, error_message, created_at) VALUES ('bdd937b1-0b33-485f-9f8d-8c6cdf7d28f4', 'POST', '/api/payment-methods/list', 200, '{}', '{"code":"00","status":true,"message":"Daftar metode pembayaran","data":[{"id":1,"code":"cash","label":"Tunai","is_active":1,"sort_order":1},{"id":2,"code":"transfer","label":"Transfer Bank","is_active":1,"sort_order":2},{"id":3,"code":"card","label":"Kartu","is_active":1,"sort_order":3},{"id":4,"code":"qris","label":"QRIS","is_active":1,"sort_order":4},{"id":5,"code":"kredit","label":"Kredit","is_active":1,"sort_order":5}]}', 2, 4, '::1', NULL, '2026-07-26 10:35:08.023')

2026/07/26 10:35:08 [32mD:/Develop/Project_pos_mahenz/BE/domain/supplier_purchase/repo/purchase_repo.go:149
[0m[33m[5.019ms] [34;1m[rows:-][0m SELECT p.id, p.purchase_code, p.invoice_number, p.supplier_id, COALESCE(s.name, '') as supplier_name, p.purchase_date, p.discount_amount, p.total_amount, p.payment_status, p.paid_amount, p.remaining_amount, p.status, COALESCE(u.full_name, '') as user_name, p.notes FROM purchases p LEFT JOIN users u ON p.user_id = u.id LEFT JOIN suppliers s ON p.supplier_id = s.id WHERE 1=1 AND DATE(p.purchase_date) >= '2026-07-01' AND DATE(p.purchase_date) <= '2026-07-26' ORDER BY p.purchase_date DESC, p.id DESC LIMIT 10 OFFSET 0
[GIN] 2026/07/26 - 10:35:08 | 200 |     27.1253ms |             ::1 | POST     "/api/supplier-purchases/list"

2026/07/26 10:35:08 [32mD:/Develop/Project_pos_mahenz/BE/repository/log_request_repository.go:32
[0m[33m[18.639ms] [34;1m[rows:1][0m INSERT INTO log_requests (id, method, endpoint, status_code, request_body, response_body, user_id, duration_ms, ip_address, error_message, created_at) VALUES ('e7b58b2c-9e5c-4dd8-b5dd-ba3366c03ccf', 'POST', '/api/supplier-purchases/list', 200, '{"page":1,"limit":10,"start_date":"2026-07-01","end_date":"2026-07-26"}', '{"code":"00","status":true,"message":"Daftar purchase order","data":[{"id":22,"purchase_code":"PO-20260726-013","invoice_number":"INV-QA-BROWSER-VOID-PAID","supplier_id":1,"supplier_name":"Supplier Test Fase14","purchase_date":"2026-07-26T00:00:00+07:00","discount_amount":0,"total_amount":2000,"payment_status":"paid","paid_amount":2000,"remaining_amount":0,"status":"active","user_name":"Administrator","notes":""},{"id":21,"purchase_code":"PO-20260726-012","invoice_number":"INV-QA-DEBT-TEST","supplier_id":3,"supplier_name":"Supplier Test Void Debt","purchase_date":"2026-07-26T00:00:00+07:00","discount_amount":0,"total_amount":1000,"payment_status":"partial","paid_amount":500,"remaining_amount":0,"status":"void","user_name":"Administrator","notes":""},{"id":15,"purchase_code":"PO-20260726-011","invoice_number":"AUTO-PO-20260726-011","supplier_id":1,"supplier_name":"Supplier Test Fase14","purchase_date":"2026-07-26T00:00:00+07:00","discount_amount":0,"total_amount":1420000,"payment_status":"partial","paid_amount":400000,"remaining_amount":1020000,"status":"active","user_name":"Owner","notes":""},{"id":14,"purchase_code":"PO-20260726-010","invoice_number":"AUTO-PO-20260726-010","supplier_id":1,"supplier_name":"Supplier Test Fase14","purchase_date":"2026-07-26T00:00:00+07:00","discount_amount":0,"total_amount":800,"payment_status":"paid","paid_amount":800,"remaining_amount":0,"status":"active","user_name":"Administrator","notes":""},{"id":13,"purchase_code":"PO-20260726-009","invoice_number":"INV-QA-STOCKCHECK","supplier_id":1,"supplier_name":"Supplier Test Fase14","purchase_date":"2026-07-26T00:00:00+07:00","discount_amount":0,"total_amount":6300,"payment_status":"unpaid","paid_amount":0,"remaining_amount":6300,"status":"active","user_name":"Administrator","notes":""},{"id":12,"purchase_code":"PO-20260726-008","invoice_number":"INV-QA-RACE-3","supplier_id":1,"supplier_name":"Supplier Test Fase14","purchase_date":"2026-07-26T00:00:00+07:00","discount_amount":0,"total_amount":1000,"payment_status":"unpaid","paid_amount":0,"remaining_amount":1000,"status":"active","user_name":"Administrator","notes":""},{"id":11,"purchase_code":"PO-20260726-007","invoice_number":"INV-QA-RACE-2","supplier_id":1,"supplier_name":"Supplier Test Fase14","purchase_date":"2026-07-26T00:00:00+07:00","discount_amount":0,"total_amount":1000,"payment_status":"partial","paid_amount":200,"remaining_amount":800,"status":"active","user_name":"Administrator","notes":""},{"id":10,"purchase_code":"PO-20260726-006","invoice_number":"INV-QA-RACE-1","supplier_id":1,"supplier_name":"Supplier Test Fase14","purchase_date":"2026-07-26T00:00:00+07:00","discount_amount":0,"total_amount":1000,"payment_status":"unpaid","paid_amount":0,"remaining_amount":1000,"status":"active","user_name":"Administrator","notes":""},{"id":8,"purchase_code":"PO-20260726-005","invoice_number":"INV-QA-DBLCLICK","supplier_id":1,"supplier_name":"Supplier Test Fase14","purchase_date":"2026-07-26T00:00:00+07:00","discount_amount":0,"total_amount":800,"payment_status":"paid","paid_amount":800,"remaining_amount":0,"status":"active","user_name":"Administrator","notes":""},{"id":6,"purchase_code":"PO-20260726-004","invoice_number":"INV-QA-BACK-MANUAL","supplier_id":1,"supplier_name":"Supplier Test Fase14","purchase_date":"2026-07-26T00:00:00+07:00","discount_amount":500,"total_amount":2500,"payment_status":"unpaid","paid_amount":0,"remaining_amount":2500,"status":"void","user_name":"Administrator","notes":""}],"pagination":{"page":1,"per_page":10,"total":15,"total_pages":2}}', 2, 27, '::1', NULL, '2026-07-26 10:35:08.043')
[GIN] 2026/07/26 - 10:35:10 | 204 |            0s |             ::1 | OPTIONS  "/api/supplier-purchases/void/22"

2026/07/26 10:35:10 [32mD:/Develop/Project_pos_mahenz/BE/domain/auth/repo/auth_repo.go:46
[0m[33m[0.510ms] [34;1m[rows:1][0m SELECT id, user_id, user_role, token, device_info, expires_at FROM sessions WHERE token = 'eyJhbGciOiJIUzI1NiIsInR5cCI6IkpXVCJ9.eyJhcHBzIjoid2ViIiwiZXhwIjoxNzg1MDY1NzA3LCJmdWxsX25hbWUiOiJBZG1pbmlzdHJhdG9yIiwicm9sZSI6ImFkbWluIiwidXNlcl9pZCI6MiwidXNlcm5hbWUiOiJhZG1pbiJ9.YJpTmuJHkvy5okjfZYVeRK5yynMI0DO1vzLmXgqz3Gc' LIMIT 1

2026/07/26 10:35:10 [32mD:/Develop/Project_pos_mahenz/BE/domain/supplier_purchase/repo/purchase_repo.go:205
[0m[33m[0.553ms] [34;1m[rows:1][0m SELECT id, purchase_code, invoice_number, supplier_id, purchase_date, discount_amount, total_amount, payment_status, paid_amount, remaining_amount, status, user_id, notes FROM purchases WHERE id = 22

2026/07/26 10:35:10 [32mD:/Develop/Project_pos_mahenz/BE/domain/supplier_purchase/repo/purchase_repo.go:535
[0m[33m[1.518ms] [34;1m[rows:1][0m SELECT COUNT(*) FROM supplier_returns WHERE purchase_id = 22

2026/07/26 10:35:10 [32mD:/Develop/Project_pos_mahenz/BE/domain/supplier_purchase/repo/purchase_repo.go:551
[0m[33m[0.546ms] [34;1m[rows:1][0m SELECT status FROM purchases WHERE id = 22 LIMIT 1 FOR UPDATE

2026/07/26 10:35:10 [32mD:/Develop/Project_pos_mahenz/BE/domain/supplier_purchase/repo/purchase_repo.go:562
[0m[33m[0.594ms] [34;1m[rows:1][0m UPDATE purchases SET status = 'void', remaining_amount = 0, updated_at = NOW() WHERE id = 22

2026/07/26 10:35:10 [32mD:/Develop/Project_pos_mahenz/BE/domain/supplier_purchase/repo/purchase_repo.go:216
[0m[33m[0.768ms] [34;1m[rows:-][0m SELECT pi.id, pi.product_id, COALESCE(p.name, '') as product_name, pi.quantity, pi.unit, COALESCE(pi.conversion_qty, 1) as conversion_qty, pi.purchase_price, pi.subtotal FROM purchase_items pi LEFT JOIN products p ON pi.product_id = p.id WHERE pi.purchase_id = 22

2026/07/26 10:35:10 [32mD:/Develop/Project_pos_mahenz/BE/domain/supplier_purchase/repo/purchase_repo.go:250
[0m[33m[11.966ms] [34;1m[rows:0][0m SELECT qty, expired_date FROM product_expiry_batches WHERE purchase_item_id = 30 ORDER BY expired_date ASC

2026/07/26 10:35:10 [32mD:/Develop/Project_pos_mahenz/BE/domain/supplier_purchase/repo/purchase_repo.go:579
[0m[33m[0.680ms] [34;1m[rows:1][0m SELECT stock FROM products WHERE id = 12 LIMIT 1

2026/07/26 10:35:10 [32mD:/Develop/Project_pos_mahenz/BE/domain/supplier_purchase/repo/purchase_repo.go:583
[0m[33m[0.794ms] [34;1m[rows:1][0m UPDATE products SET stock = stock - 2, updated_at = NOW() WHERE id = 12

2026/07/26 10:35:10 [32mD:/Develop/Project_pos_mahenz/BE/domain/supplier_purchase/repo/purchase_repo.go:589
[0m[33m[2.045ms] [34;1m[rows:1][0m INSERT INTO stock_mutations (product_id, mutation_type, quantity, stock_before, stock_after, reference_type, reference_id, notes, user_id) VALUES (12, 'void_purchase', 2, 3036, 3034, 'purchase', 22, 'Void purchase order ID 22', 2)
[GIN] 2026/07/26 - 10:35:10 | 200 |     30.2832ms |             ::1 | POST     "/api/supplier-purchases/void/22"

2026/07/26 10:35:10 [32mD:/Develop/Project_pos_mahenz/BE/repository/log_request_repository.go:32
[0m[33m[9.624ms] [34;1m[rows:1][0m INSERT INTO log_requests (id, method, endpoint, status_code, request_body, response_body, user_id, duration_ms, ip_address, error_message, created_at) VALUES ('0b507bb5-98cb-4bbd-8589-42474173848b', 'POST', '/api/supplier-purchases/void/22', 200, '{}', '{"code":"00","status":true,"message":"Purchase order berhasil di-void","data":null}', 2, 29, '::1', NULL, '2026-07-26 10:35:10.122')

2026/07/26 10:35:10 [32mD:/Develop/Project_pos_mahenz/BE/domain/auth/repo/auth_repo.go:46
[0m[33m[0.508ms] [34;1m[rows:1][0m SELECT id, user_id, user_role, token, device_info, expires_at FROM sessions WHERE token = 'eyJhbGciOiJIUzI1NiIsInR5cCI6IkpXVCJ9.eyJhcHBzIjoid2ViIiwiZXhwIjoxNzg1MDY1NzA3LCJmdWxsX25hbWUiOiJBZG1pbmlzdHJhdG9yIiwicm9sZSI6ImFkbWluIiwidXNlcl9pZCI6MiwidXNlcm5hbWUiOiJhZG1pbiJ9.YJpTmuJHkvy5okjfZYVeRK5yynMI0DO1vzLmXgqz3Gc' LIMIT 1

2026/07/26 10:35:10 [32mD:/Develop/Project_pos_mahenz/BE/domain/supplier_purchase/repo/purchase_repo.go:132
[0m[33m[1.394ms] [34;1m[rows:1][0m SELECT COUNT(*) FROM purchases p WHERE 1=1 AND DATE(p.purchase_date) >= '2026-07-01' AND DATE(p.purchase_date) <= '2026-07-26'

2026/07/26 10:35:10 [32mD:/Develop/Project_pos_mahenz/BE/domain/supplier_purchase/repo/purchase_repo.go:149
[0m[33m[1.828ms] [34;1m[rows:-][0m SELECT p.id, p.purchase_code, p.invoice_number, p.supplier_id, COALESCE(s.name, '') as supplier_name, p.purchase_date, p.discount_amount, p.total_amount, p.payment_status, p.paid_amount, p.remaining_amount, p.status, COALESCE(u.full_name, '') as user_name, p.notes FROM purchases p LEFT JOIN users u ON p.user_id = u.id LEFT JOIN suppliers s ON p.supplier_id = s.id WHERE 1=1 AND DATE(p.purchase_date) >= '2026-07-01' AND DATE(p.purchase_date) <= '2026-07-26' ORDER BY p.purchase_date DESC, p.id DESC LIMIT 10 OFFSET 0
[GIN] 2026/07/26 - 10:35:10 | 200 |      4.8237ms |             ::1 | POST     "/api/supplier-purchases/list"

2026/07/26 10:35:10 [32mD:/Develop/Project_pos_mahenz/BE/repository/log_request_repository.go:32
[0m[33m[1.812ms] [34;1m[rows:1][0m INSERT INTO log_requests (id, method, endpoint, status_code, request_body, response_body, user_id, duration_ms, ip_address, error_message, created_at) VALUES ('e4d9e11e-13dd-4223-baba-9636585ae09b', 'POST', '/api/supplier-purchases/list', 200, '{"page":1,"limit":10,"start_date":"2026-07-01","end_date":"2026-07-26"}', '{"code":"00","status":true,"message":"Daftar purchase order","data":[{"id":22,"purchase_code":"PO-20260726-013","invoice_number":"INV-QA-BROWSER-VOID-PAID","supplier_id":1,"supplier_name":"Supplier Test Fase14","purchase_date":"2026-07-26T00:00:00+07:00","discount_amount":0,"total_amount":2000,"payment_status":"paid","paid_amount":2000,"remaining_amount":0,"status":"void","user_name":"Administrator","notes":""},{"id":21,"purchase_code":"PO-20260726-012","invoice_number":"INV-QA-DEBT-TEST","supplier_id":3,"supplier_name":"Supplier Test Void Debt","purchase_date":"2026-07-26T00:00:00+07:00","discount_amount":0,"total_amount":1000,"payment_status":"partial","paid_amount":500,"remaining_amount":0,"status":"void","user_name":"Administrator","notes":""},{"id":15,"purchase_code":"PO-20260726-011","invoice_number":"AUTO-PO-20260726-011","supplier_id":1,"supplier_name":"Supplier Test Fase14","purchase_date":"2026-07-26T00:00:00+07:00","discount_amount":0,"total_amount":1420000,"payment_status":"partial","paid_amount":400000,"remaining_amount":1020000,"status":"active","user_name":"Owner","notes":""},{"id":14,"purchase_code":"PO-20260726-010","invoice_number":"AUTO-PO-20260726-010","supplier_id":1,"supplier_name":"Supplier Test Fase14","purchase_date":"2026-07-26T00:00:00+07:00","discount_amount":0,"total_amount":800,"payment_status":"paid","paid_amount":800,"remaining_amount":0,"status":"active","user_name":"Administrator","notes":""},{"id":13,"purchase_code":"PO-20260726-009","invoice_number":"INV-QA-STOCKCHECK","supplier_id":1,"supplier_name":"Supplier Test Fase14","purchase_date":"2026-07-26T00:00:00+07:00","discount_amount":0,"total_amount":6300,"payment_status":"unpaid","paid_amount":0,"remaining_amount":6300,"status":"active","user_name":"Administrator","notes":""},{"id":12,"purchase_code":"PO-20260726-008","invoice_number":"INV-QA-RACE-3","supplier_id":1,"supplier_name":"Supplier Test Fase14","purchase_date":"2026-07-26T00:00:00+07:00","discount_amount":0,"total_amount":1000,"payment_status":"unpaid","paid_amount":0,"remaining_amount":1000,"status":"active","user_name":"Administrator","notes":""},{"id":11,"purchase_code":"PO-20260726-007","invoice_number":"INV-QA-RACE-2","supplier_id":1,"supplier_name":"Supplier Test Fase14","purchase_date":"2026-07-26T00:00:00+07:00","discount_amount":0,"total_amount":1000,"payment_status":"partial","paid_amount":200,"remaining_amount":800,"status":"active","user_name":"Administrator","notes":""},{"id":10,"purchase_code":"PO-20260726-006","invoice_number":"INV-QA-RACE-1","supplier_id":1,"supplier_name":"Supplier Test Fase14","purchase_date":"2026-07-26T00:00:00+07:00","discount_amount":0,"total_amount":1000,"payment_status":"unpaid","paid_amount":0,"remaining_amount":1000,"status":"active","user_name":"Administrator","notes":""},{"id":8,"purchase_code":"PO-20260726-005","invoice_number":"INV-QA-DBLCLICK","supplier_id":1,"supplier_name":"Supplier Test Fase14","purchase_date":"2026-07-26T00:00:00+07:00","discount_amount":0,"total_amount":800,"payment_status":"paid","paid_amount":800,"remaining_amount":0,"status":"active","user_name":"Administrator","notes":""},{"id":6,"purchase_code":"PO-20260726-004","invoice_number":"INV-QA-BACK-MANUAL","supplier_id":1,"supplier_name":"Supplier Test Fase14","purchase_date":"2026-07-26T00:00:00+07:00","discount_amount":500,"total_amount":2500,"payment_status":"unpaid","paid_amount":0,"remaining_amount":2500,"status":"void","user_name":"Administrator","notes":""}],"pagination":{"page":1,"per_page":10,"total":15,"total_pages":2}}', 2, 4, '::1', NULL, '2026-07-26 10:35:10.321')
[GIN] 2026/07/26 - 10:35:11 | 204 |            0s |             ::1 | OPTIONS  "/api/supplier-purchases/detail/22"
[GIN] 2026/07/26 - 10:35:11 | 204 |       505.3µs |             ::1 | OPTIONS  "/api/supplier-purchases/22/payments"

2026/07/26 10:35:11 [32mD:/Develop/Project_pos_mahenz/BE/domain/auth/repo/auth_repo.go:46
[0m[33m[1.077ms] [34;1m[rows:1][0m SELECT id, user_id, user_role, token, device_info, expires_at FROM sessions WHERE token = 'eyJhbGciOiJIUzI1NiIsInR5cCI6IkpXVCJ9.eyJhcHBzIjoid2ViIiwiZXhwIjoxNzg1MDY1NzA3LCJmdWxsX25hbWUiOiJBZG1pbmlzdHJhdG9yIiwicm9sZSI6ImFkbWluIiwidXNlcl9pZCI6MiwidXNlcm5hbWUiOiJhZG1pbiJ9.YJpTmuJHkvy5okjfZYVeRK5yynMI0DO1vzLmXgqz3Gc' LIMIT 1

2026/07/26 10:35:11 [32mD:/Develop/Project_pos_mahenz/BE/domain/auth/repo/auth_repo.go:46
[0m[33m[0.507ms] [34;1m[rows:1][0m SELECT id, user_id, user_role, token, device_info, expires_at FROM sessions WHERE token = 'eyJhbGciOiJIUzI1NiIsInR5cCI6IkpXVCJ9.eyJhcHBzIjoid2ViIiwiZXhwIjoxNzg1MDY1NzA3LCJmdWxsX25hbWUiOiJBZG1pbmlzdHJhdG9yIiwicm9sZSI6ImFkbWluIiwidXNlcl9pZCI6MiwidXNlcm5hbWUiOiJhZG1pbiJ9.YJpTmuJHkvy5okjfZYVeRK5yynMI0DO1vzLmXgqz3Gc' LIMIT 1

2026/07/26 10:35:11 [32mD:/Develop/Project_pos_mahenz/BE/domain/supplier_purchase/repo/purchase_repo.go:174
[0m[33m[0.529ms] [34;1m[rows:-][0m SELECT p.id, p.purchase_code, p.invoice_number, p.supplier_id, COALESCE(s.name, '') as supplier_name, p.purchase_date, p.discount_amount, p.total_amount, p.payment_status, p.paid_amount, p.remaining_amount, p.status, COALESCE(u.full_name, '') as user_name, p.notes FROM purchases p LEFT JOIN users u ON p.user_id = u.id LEFT JOIN suppliers s ON p.supplier_id = s.id WHERE p.id = 22

2026/07/26 10:35:11 [32mD:/Develop/Project_pos_mahenz/BE/domain/supplier_purchase/repo/purchase_repo.go:216
[0m[33m[0.562ms] [34;1m[rows:-][0m SELECT pi.id, pi.product_id, COALESCE(p.name, '') as product_name, pi.quantity, pi.unit, COALESCE(pi.conversion_qty, 1) as conversion_qty, pi.purchase_price, pi.subtotal FROM purchase_items pi LEFT JOIN products p ON pi.product_id = p.id WHERE pi.purchase_id = 22

2026/07/26 10:35:11 [32mD:/Develop/Project_pos_mahenz/BE/domain/supplier_purchase/repo/purchase_repo.go:257
[0m[33m[1.091ms] [34;1m[rows:-][0m SELECT pp.id, pp.payment_date, pp.amount, COALESCE(pp.payment_method, '') as payment_method, COALESCE(pp.notes, '') as notes, COALESCE(u.full_name, '') as user_name, pp.created_at FROM purchase_payments pp LEFT JOIN users u ON pp.user_id = u.id WHERE pp.purchase_id = 22 ORDER BY pp.created_at ASC
[GIN] 2026/07/26 - 10:35:11 | 200 |      2.1678ms |             ::1 | POST     "/api/supplier-purchases/22/payments"

2026/07/26 10:35:11 [32mD:/Develop/Project_pos_mahenz/BE/domain/supplier_purchase/repo/purchase_repo.go:250
[0m[33m[0.551ms] [34;1m[rows:0][0m SELECT qty, expired_date FROM product_expiry_batches WHERE purchase_item_id = 30 ORDER BY expired_date ASC
[GIN] 2026/07/26 - 10:35:11 | 200 |      3.7823ms |             ::1 | POST     "/api/supplier-purchases/detail/22"

2026/07/26 10:35:11 [32mD:/Develop/Project_pos_mahenz/BE/repository/log_request_repository.go:32
[0m[33m[22.876ms] [34;1m[rows:1][0m INSERT INTO log_requests (id, method, endpoint, status_code, request_body, response_body, user_id, duration_ms, ip_address, error_message, created_at) VALUES ('d7c07042-6e3b-490d-a81e-1a2ed17d68df', 'POST', '/api/supplier-purchases/22/payments', 200, '{}', '{"code":"00","status":true,"message":"Riwayat pembayaran purchase order","data":[{"id":8,"payment_date":"2026-07-26T00:00:00+07:00","amount":2000,"payment_method":"cash","notes":"","user_name":"Administrator","created_at":"2026-07-26T10:32:37+07:00"}]}', 2, 2, '::1', NULL, '2026-07-26 10:35:11.329')

2026/07/26 10:35:11 [32mD:/Develop/Project_pos_mahenz/BE/repository/log_request_repository.go:32
[0m[33m[22.319ms] [34;1m[rows:1][0m INSERT INTO log_requests (id, method, endpoint, status_code, request_body, response_body, user_id, duration_ms, ip_address, error_message, created_at) VALUES ('d9c2c218-1354-4347-ae0e-acb7197a805d', 'POST', '/api/supplier-purchases/detail/22', 200, '{}', '{"code":"00","status":true,"message":"Detail purchase order","data":{"id":22,"purchase_code":"PO-20260726-013","invoice_number":"INV-QA-BROWSER-VOID-PAID","supplier_id":1,"supplier_name":"Supplier Test Fase14","purchase_date":"2026-07-26T00:00:00+07:00","discount_amount":0,"total_amount":2000,"payment_status":"paid","paid_amount":2000,"remaining_amount":0,"status":"void","user_name":"Administrator","notes":"","items":[{"id":30,"product_id":12,"product_name":"Rokok Test Berantai","quantity":2,"unit":"Batang","conversion_qty":1,"purchase_price":1000,"subtotal":2000}]}}', 2, 3, '::1', NULL, '2026-07-26 10:35:11.33')
[GIN] 2026/07/26 - 10:35:42 | 204 |            0s |             ::1 | OPTIONS  "/api/auth/login"

2026/07/26 10:35:42 [32mD:/Develop/Project_pos_mahenz/BE/domain/auth/repo/auth_repo.go:17
[0m[33m[1.307ms] [34;1m[rows:1][0m SELECT u.id, u.username, u.password, u.full_name, u.role_id, r.name AS role_name, u.is_active FROM users u INNER JOIN roles r ON r.id = u.role_id WHERE u.username = 'admin' LIMIT 1

2026/07/26 10:35:42 [32mD:/Develop/Project_pos_mahenz/BE/domain/auth/repo/auth_repo.go:67
[0m[33m[9.512ms] [34;1m[rows:1][0m DELETE FROM sessions WHERE user_id = 2

2026/07/26 10:35:42 [32mD:/Develop/Project_pos_mahenz/BE/domain/auth/repo/auth_repo.go:38
[0m[33m[3.667ms] [34;1m[rows:1][0m INSERT INTO sessions (user_id, user_role, token, refresh_token, device_info, ip_address, expires_at) VALUES (2, 'admin', 'eyJhbGciOiJIUzI1NiIsInR5cCI6IkpXVCJ9.eyJhcHBzIjoid2ViIiwiZXhwIjoxNzg1MDY1NzQyLCJmdWxsX25hbWUiOiJBZG1pbmlzdHJhdG9yIiwicm9sZSI6ImFkbWluIiwidXNlcl9pZCI6MiwidXNlcm5hbWUiOiJhZG1pbiJ9.1f3BDhfjpAzEb4LBJLbJ3dniXZDpFdwDg162VZvrMDA', '374a4802aa69a0ba254a518424cc7783675e0d2eca42a2279d31641db98a3806', 'web', '::1', '2026-08-02 10:35:42.313') ON DUPLICATE KEY UPDATE user_role=VALUES(user_role), token=VALUES(token), refresh_token=VALUES(refresh_token), device_info=VALUES(device_info), ip_address=VALUES(ip_address), expires_at=VALUES(expires_at), created_at=NOW()
[GIN] 2026/07/26 - 10:35:42 | 200 |    106.4733ms |             ::1 | POST     "/api/auth/login"

2026/07/26 10:35:42 [32mD:/Develop/Project_pos_mahenz/BE/repository/log_request_repository.go:32
[0m[33m[2.629ms] [34;1m[rows:1][0m INSERT INTO log_requests (id, method, endpoint, status_code, request_body, response_body, user_id, duration_ms, ip_address, error_message, created_at) VALUES ('72f537fe-6788-408a-bc10-53367fe67901', 'POST', '/api/auth/login', 200, '{"username":"admin","password":"admin123","device_info":"web"}', '{"code":"00","status":true,"message":"Login berhasil","data":{"token":"eyJhbGciOiJIUzI1NiIsInR5cCI6IkpXVCJ9.eyJhcHBzIjoid2ViIiwiZXhwIjoxNzg1MDY1NzQyLCJmdWxsX25hbWUiOiJBZG1pbmlzdHJhdG9yIiwicm9sZSI6ImFkbWluIiwidXNlcl9pZCI6MiwidXNlcm5hbWUiOiJhZG1pbiJ9.1f3BDhfjpAzEb4LBJLbJ3dniXZDpFdwDg162VZvrMDA","refresh_token":"374a4802aa69a0ba254a518424cc7783675e0d2eca42a2279d31641db98a3806","expires_at":"2026-08-02T10:35:42.3136351+07:00","user":{"id":2,"username":"admin","full_name":"Administrator","role_id":2,"role_name":"admin"}}}', NULL, 106, '::1', NULL, '2026-07-26 10:35:42.328')
[GIN] 2026/07/26 - 10:35:42 | 204 |            0s |             ::1 | OPTIONS  "/api/menus/my"
[GIN] 2026/07/26 - 10:35:42 | 204 |            0s |             ::1 | OPTIONS  "/api/menus/my"

2026/07/26 10:35:42 [32mD:/Develop/Project_pos_mahenz/BE/domain/auth/repo/auth_repo.go:46
[0m[33m[0.508ms] [34;1m[rows:1][0m SELECT id, user_id, user_role, token, device_info, expires_at FROM sessions WHERE token = 'eyJhbGciOiJIUzI1NiIsInR5cCI6IkpXVCJ9.eyJhcHBzIjoid2ViIiwiZXhwIjoxNzg1MDY1NzQyLCJmdWxsX25hbWUiOiJBZG1pbmlzdHJhdG9yIiwicm9sZSI6ImFkbWluIiwidXNlcl9pZCI6MiwidXNlcm5hbWUiOiJhZG1pbiJ9.1f3BDhfjpAzEb4LBJLbJ3dniXZDpFdwDg162VZvrMDA' LIMIT 1

2026/07/26 10:35:42 [32mD:/Develop/Project_pos_mahenz/BE/domain/auth/repo/auth_repo.go:46
[0m[33m[0.000ms] [34;1m[rows:1][0m SELECT id, user_id, user_role, token, device_info, expires_at FROM sessions WHERE token = 'eyJhbGciOiJIUzI1NiIsInR5cCI6IkpXVCJ9.eyJhcHBzIjoid2ViIiwiZXhwIjoxNzg1MDY1NzQyLCJmdWxsX25hbWUiOiJBZG1pbmlzdHJhdG9yIiwicm9sZSI6ImFkbWluIiwidXNlcl9pZCI6MiwidXNlcm5hbWUiOiJhZG1pbiJ9.1f3BDhfjpAzEb4LBJLbJ3dniXZDpFdwDg162VZvrMDA' LIMIT 1

2026/07/26 10:35:42 [32mD:/Develop/Project_pos_mahenz/BE/domain/menu/repo/menu_repo.go:121
[0m[33m[1.226ms] [34;1m[rows:-][0m 
		SELECT
			m.id,
			m.parent_id,
			m.key_name,
			m.label,
			m.icon,
			m.path,
			m.order_index,
			COALESCE(rma.can_view,   0),
			COALESCE(rma.can_create, 0),
			COALESCE(rma.can_edit,   0),
			COALESCE(rma.can_delete, 0)
		FROM menus m
		LEFT JOIN role_menu_access rma ON rma.menu_id = m.id
			AND rma.role_id = (SELECT id FROM roles WHERE name = 'admin' AND is_active = 1 LIMIT 1)
		WHERE m.is_active = 1
		ORDER BY m.order_index ASC, m.id ASC
		
[GIN] 2026/07/26 - 10:35:42 | 200 |      1.7337ms |             ::1 | POST     "/api/menus/my"

2026/07/26 10:35:42 [32mD:/Develop/Project_pos_mahenz/BE/domain/menu/repo/menu_repo.go:121
[0m[33m[1.076ms] [34;1m[rows:-][0m 
		SELECT
			m.id,
			m.parent_id,
			m.key_name,
			m.label,
			m.icon,
			m.path,
			m.order_index,
			COALESCE(rma.can_view,   0),
			COALESCE(rma.can_create, 0),
			COALESCE(rma.can_edit,   0),
			COALESCE(rma.can_delete, 0)
		FROM menus m
		LEFT JOIN role_menu_access rma ON rma.menu_id = m.id
			AND rma.role_id = (SELECT id FROM roles WHERE name = 'admin' AND is_active = 1 LIMIT 1)
		WHERE m.is_active = 1
		ORDER BY m.order_index ASC, m.id ASC
		
[GIN] 2026/07/26 - 10:35:42 | 200 |      1.5998ms |             ::1 | POST     "/api/menus/my"

2026/07/26 10:35:42 [32mD:/Develop/Project_pos_mahenz/BE/repository/log_request_repository.go:32
[0m[33m[2.624ms] [34;1m[rows:1][0m INSERT INTO log_requests (id, method, endpoint, status_code, request_body, response_body, user_id, duration_ms, ip_address, error_message, created_at) VALUES ('2b3ab23a-099b-4028-aa56-a95293912a47', 'POST', '/api/menus/my', 200, '{}', '{"code":"00","status":true,"message":"Menu akses","data":[{"key_name":"beranda","label":"Beranda","icon":"Home","path":null,"order_index":1,"permission":{"can_view":true,"can_create":true,"can_edit":true,"can_delete":true},"children":[{"key_name":"beranda.dashboard","label":"Dashboard","icon":"LayoutDashboard","path":"/dashboard","order_index":1,"permission":{"can_view":true,"can_create":true,"can_edit":true,"can_delete":true},"children":[]}]},{"key_name":"penjualan","label":"Penjualan","icon":"ShoppingCart","path":null,"order_index":2,"permission":{"can_view":true,"can_create":true,"can_edit":true,"can_delete":true},"children":[{"key_name":"penjualan.kasir","label":"Kasir","icon":"ShoppingCart","path":"/kasir","order_index":1,"permission":{"can_view":true,"can_create":true,"can_edit":true,"can_delete":true},"children":[]},{"key_name":"penjualan.transaksi","label":"Transaksi","icon":"Receipt","path":"/transactions","order_index":2,"permission":{"can_view":true,"can_create":true,"can_edit":true,"can_delete":true},"children":[]}]},{"key_name":"produk","label":"Produk","icon":"Package","path":null,"order_index":3,"permission":{"can_view":true,"can_create":true,"can_edit":true,"can_delete":true},"children":[{"key_name":"produk.produk","label":"Produk","icon":"Package","path":"/products","order_index":1,"permission":{"can_view":true,"can_create":true,"can_edit":true,"can_delete":true},"children":[]},{"key_name":"produk.kategori","label":"Kategori","icon":"Tag","path":"/products/categories","order_index":2,"permission":{"can_view":true,"can_create":true,"can_edit":true,"can_delete":true},"children":[]},{"key_name":"produk.unit","label":"Unit","icon":"PackageSearch","path":"/products/units","order_index":3,"permission":{"can_view":true,"can_create":true,"can_edit":true,"can_delete":true},"children":[]}]},{"key_name":"pengadaan","label":"Pengadaan","icon":"Truck","path":null,"order_index":4,"permission":{"can_view":true,"can_create":true,"can_edit":true,"can_delete":true},"children":[{"key_name":"pengadaan.supplier","label":"Supplier","icon":"Truck","path":"/suppliers","order_index":1,"permission":{"can_view":true,"can_create":true,"can_edit":true,"can_delete":true},"children":[]},{"key_name":"pengadaan.pembelian","label":"Pembelian","icon":"ShoppingBag","path":"/suppliers/purchases","order_index":2,"permission":{"can_view":true,"can_create":true,"can_edit":true,"can_delete":true},"children":[]},{"key_name":"pengadaan.retur","label":"Retur","icon":"RotateCcw","path":"/suppliers/returns","order_index":3,"permission":{"can_view":true,"can_create":true,"can_edit":true,"can_delete":true},"children":[]}]},{"key_name":"pelanggan","label":"Pelanggan","icon":"Users","path":null,"order_index":5,"permission":{"can_view":true,"can_create":true,"can_edit":true,"can_delete":true},"children":[{"key_name":"pelanggan.pelanggan","label":"Pelanggan","icon":"Users","path":"/customers","order_index":1,"permission":{"can_view":true,"can_create":true,"can_edit":true,"can_delete":true},"children":[]},{"key_name":"pelanggan.piutang","label":"Piutang","icon":"CreditCard","path":"/receivables","order_index":2,"permission":{"can_view":true,"can_create":true,"can_edit":true,"can_delete":true},"children":[]}]},{"key_name":"keuangan","label":"Keuangan","icon":"Wallet","path":null,"order_index":6,"permission":{"can_view":true,"can_create":true,"can_edit":true,"can_delete":true},"children":[{"key_name":"keuangan.dashboard","label":"Dashboard Keuangan","icon":"Wallet","path":"/finance","order_index":1,"permission":{"can_view":true,"can_create":true,"can_edit":true,"can_delete":true},"children":[]},{"key_name":"keuangan.kas_harian","label":"Kas Harian","icon":"Landmark","path":"/finance/cash-drawer","order_index":2,"permission":{"can_view":true,"can_create":true,"can_edit":true,"can_delete":true},"children":[]},{"key_name":"keuangan.pengeluaran","label":"Pengeluaran","icon":"TrendingDown","path":"/finance/expenses","order_index":3,"permission":{"can_view":true,"can_create":true,"can_edit":true,"can_delete":true},"children":[]},{"key_name":"keuangan.kas_saya","label":"Kas Saya","icon":"Wallet","path":"/finance/my-cash","order_index":4,"permission":{"can_view":true,"can_create":true,"can_edit":true,"can_delete":true},"children":[]}]},{"key_name":"pelaporan","label":"Pelaporan","icon":"BarChart2","path":null,"order_index":7,"permission":{"can_view":true,"can_create":true,"can_edit":true,"can_delete":true},"children":[{"key_name":"pelaporan.penjualan","label":"Penjualan","icon":"TrendingUp","path":"/reports/sales","order_index":1,"permission":{"can_view":true,"can_create":true,"can_edit":true,"can_delete":true},"children":[]},{"key_name":"pelaporan.laba_rugi","label":"Laba Rugi","icon":"LineChart","path":"/reports/profit-loss","order_index":2,"permission":{"can_view":true,"can_create":true,"can_edit":true,"can_delete":true},"children":[]},{"key_name":"pelaporan.stok","label":"Stok","icon":"PackageSearch","path":"/reports/stock","order_index":3,"permission":{"can_view":true,"can_create":true,"can_edit":true,"can_delete":true},"children":[]},{"key_name":"pelaporan.kinerja_kasir","label":"Kinerja Kasir","icon":"BarChart2","path":"/reports/cashier","order_index":4,"permission":{"can_view":true,"can_create":true,"can_edit":true,"can_delete":true},"children":[]},{"key_name":"pelaporan.ringkasan_bisnis","label":"Ringkasan Bisnis","icon":"BarChart3","path":"/reports/business-summary","order_index":5,"permission":{"can_view":true,"can_create":true,"can_edit":true,"can_delete":true},"children":[]}]},{"key_name":"operasional","label":"Operasional","icon":"Clock","path":null,"order_index":8,"permission":{"can_view":true,"can_create":true,"can_edit":true,"can_delete":true},"children":[{"key_name":"operasional.shift","label":"Shift","icon":"Clock","path":"/shifts","order_index":1,"permission":{"can_view":true,"can_create":true,"can_edit":true,"can_delete":true},"children":[]},{"key_name":"operasional.sync","label":"Sync Center","icon":"RefreshCw","path":"/sync","order_index":2,"permission":{"can_view":true,"can_create":true,"can_edit":true,"can_delete":true},"children":[]}]},{"key_name":"sistem","label":"Sistem","icon":"Settings","path":null,"order_index":9,"permission":{"can_view":true,"can_create":true,"can_edit":true,"can_delete":true},"children":[{"key_name":"sistem.profil_toko","label":"Profil Toko","icon":"Settings","path":"/settings/store","order_index":1,"permission":{"can_view":true,"can_create":true,"can_edit":true,"can_delete":true},"children":[]},{"key_name":"sistem.users","label":"Manajemen User","icon":"Users","path":"/settings/users","order_index":2,"permission":{"can_view":true,"can_create":true,"can_edit":true,"can_delete":true},"children":[]},{"key_name":"sistem.roles","label":"Manajemen Role","icon":"Shield","path":"/settings/roles","order_index":3,"permission":{"can_view":true,"can_create":true,"can_edit":true,"can_delete":true},"children":[]},{"key_name":"sistem.menus","label":"Manajemen Menu","icon":"LayoutList","path":"/settings/menus","order_index":4,"permission":{"can_view":true,"can_create":true,"can_edit":true,"can_delete":true},"children":[]},{"key_name":"sistem.printer","label":"Printer","icon":"Printer","path":"/settings/printer","order_index":5,"permission":{"can_view":true,"can_create":true,"can_edit":true,"can_delete":true},"children":[]},{"key_name":"sistem.versi","label":"Versi Aplikasi","icon":"RefreshCw","path":"/settings/versions","order_index":6,"permission":{"can_view":true,"can_create":true,"can_edit":true,"can_delete":true},"children":[]},{"key_name":"sistem.backup","label":"Backup \u0026 Restore","icon":"DatabaseBackup","path":"/settings/backup","order_index":7,"permission":{"can_view":true,"can_create":true,"can_edit":true,"can_delete":true},"children":[]}]}]}', 2, 1, '::1', NULL, '2026-07-26 10:35:42.339')

2026/07/26 10:35:42 [32mD:/Develop/Project_pos_mahenz/BE/repository/log_request_repository.go:32
[0m[33m[2.075ms] [34;1m[rows:1][0m INSERT INTO log_requests (id, method, endpoint, status_code, request_body, response_body, user_id, duration_ms, ip_address, error_message, created_at) VALUES ('a98285e6-e600-4bee-a94c-3cd0e60df408', 'POST', '/api/menus/my', 200, '{}', '{"code":"00","status":true,"message":"Menu akses","data":[{"key_name":"beranda","label":"Beranda","icon":"Home","path":null,"order_index":1,"permission":{"can_view":true,"can_create":true,"can_edit":true,"can_delete":true},"children":[{"key_name":"beranda.dashboard","label":"Dashboard","icon":"LayoutDashboard","path":"/dashboard","order_index":1,"permission":{"can_view":true,"can_create":true,"can_edit":true,"can_delete":true},"children":[]}]},{"key_name":"penjualan","label":"Penjualan","icon":"ShoppingCart","path":null,"order_index":2,"permission":{"can_view":true,"can_create":true,"can_edit":true,"can_delete":true},"children":[{"key_name":"penjualan.kasir","label":"Kasir","icon":"ShoppingCart","path":"/kasir","order_index":1,"permission":{"can_view":true,"can_create":true,"can_edit":true,"can_delete":true},"children":[]},{"key_name":"penjualan.transaksi","label":"Transaksi","icon":"Receipt","path":"/transactions","order_index":2,"permission":{"can_view":true,"can_create":true,"can_edit":true,"can_delete":true},"children":[]}]},{"key_name":"produk","label":"Produk","icon":"Package","path":null,"order_index":3,"permission":{"can_view":true,"can_create":true,"can_edit":true,"can_delete":true},"children":[{"key_name":"produk.produk","label":"Produk","icon":"Package","path":"/products","order_index":1,"permission":{"can_view":true,"can_create":true,"can_edit":true,"can_delete":true},"children":[]},{"key_name":"produk.kategori","label":"Kategori","icon":"Tag","path":"/products/categories","order_index":2,"permission":{"can_view":true,"can_create":true,"can_edit":true,"can_delete":true},"children":[]},{"key_name":"produk.unit","label":"Unit","icon":"PackageSearch","path":"/products/units","order_index":3,"permission":{"can_view":true,"can_create":true,"can_edit":true,"can_delete":true},"children":[]}]},{"key_name":"pengadaan","label":"Pengadaan","icon":"Truck","path":null,"order_index":4,"permission":{"can_view":true,"can_create":true,"can_edit":true,"can_delete":true},"children":[{"key_name":"pengadaan.supplier","label":"Supplier","icon":"Truck","path":"/suppliers","order_index":1,"permission":{"can_view":true,"can_create":true,"can_edit":true,"can_delete":true},"children":[]},{"key_name":"pengadaan.pembelian","label":"Pembelian","icon":"ShoppingBag","path":"/suppliers/purchases","order_index":2,"permission":{"can_view":true,"can_create":true,"can_edit":true,"can_delete":true},"children":[]},{"key_name":"pengadaan.retur","label":"Retur","icon":"RotateCcw","path":"/suppliers/returns","order_index":3,"permission":{"can_view":true,"can_create":true,"can_edit":true,"can_delete":true},"children":[]}]},{"key_name":"pelanggan","label":"Pelanggan","icon":"Users","path":null,"order_index":5,"permission":{"can_view":true,"can_create":true,"can_edit":true,"can_delete":true},"children":[{"key_name":"pelanggan.pelanggan","label":"Pelanggan","icon":"Users","path":"/customers","order_index":1,"permission":{"can_view":true,"can_create":true,"can_edit":true,"can_delete":true},"children":[]},{"key_name":"pelanggan.piutang","label":"Piutang","icon":"CreditCard","path":"/receivables","order_index":2,"permission":{"can_view":true,"can_create":true,"can_edit":true,"can_delete":true},"children":[]}]},{"key_name":"keuangan","label":"Keuangan","icon":"Wallet","path":null,"order_index":6,"permission":{"can_view":true,"can_create":true,"can_edit":true,"can_delete":true},"children":[{"key_name":"keuangan.dashboard","label":"Dashboard Keuangan","icon":"Wallet","path":"/finance","order_index":1,"permission":{"can_view":true,"can_create":true,"can_edit":true,"can_delete":true},"children":[]},{"key_name":"keuangan.kas_harian","label":"Kas Harian","icon":"Landmark","path":"/finance/cash-drawer","order_index":2,"permission":{"can_view":true,"can_create":true,"can_edit":true,"can_delete":true},"children":[]},{"key_name":"keuangan.pengeluaran","label":"Pengeluaran","icon":"TrendingDown","path":"/finance/expenses","order_index":3,"permission":{"can_view":true,"can_create":true,"can_edit":true,"can_delete":true},"children":[]},{"key_name":"keuangan.kas_saya","label":"Kas Saya","icon":"Wallet","path":"/finance/my-cash","order_index":4,"permission":{"can_view":true,"can_create":true,"can_edit":true,"can_delete":true},"children":[]}]},{"key_name":"pelaporan","label":"Pelaporan","icon":"BarChart2","path":null,"order_index":7,"permission":{"can_view":true,"can_create":true,"can_edit":true,"can_delete":true},"children":[{"key_name":"pelaporan.penjualan","label":"Penjualan","icon":"TrendingUp","path":"/reports/sales","order_index":1,"permission":{"can_view":true,"can_create":true,"can_edit":true,"can_delete":true},"children":[]},{"key_name":"pelaporan.laba_rugi","label":"Laba Rugi","icon":"LineChart","path":"/reports/profit-loss","order_index":2,"permission":{"can_view":true,"can_create":true,"can_edit":true,"can_delete":true},"children":[]},{"key_name":"pelaporan.stok","label":"Stok","icon":"PackageSearch","path":"/reports/stock","order_index":3,"permission":{"can_view":true,"can_create":true,"can_edit":true,"can_delete":true},"children":[]},{"key_name":"pelaporan.kinerja_kasir","label":"Kinerja Kasir","icon":"BarChart2","path":"/reports/cashier","order_index":4,"permission":{"can_view":true,"can_create":true,"can_edit":true,"can_delete":true},"children":[]},{"key_name":"pelaporan.ringkasan_bisnis","label":"Ringkasan Bisnis","icon":"BarChart3","path":"/reports/business-summary","order_index":5,"permission":{"can_view":true,"can_create":true,"can_edit":true,"can_delete":true},"children":[]}]},{"key_name":"operasional","label":"Operasional","icon":"Clock","path":null,"order_index":8,"permission":{"can_view":true,"can_create":true,"can_edit":true,"can_delete":true},"children":[{"key_name":"operasional.shift","label":"Shift","icon":"Clock","path":"/shifts","order_index":1,"permission":{"can_view":true,"can_create":true,"can_edit":true,"can_delete":true},"children":[]},{"key_name":"operasional.sync","label":"Sync Center","icon":"RefreshCw","path":"/sync","order_index":2,"permission":{"can_view":true,"can_create":true,"can_edit":true,"can_delete":true},"children":[]}]},{"key_name":"sistem","label":"Sistem","icon":"Settings","path":null,"order_index":9,"permission":{"can_view":true,"can_create":true,"can_edit":true,"can_delete":true},"children":[{"key_name":"sistem.profil_toko","label":"Profil Toko","icon":"Settings","path":"/settings/store","order_index":1,"permission":{"can_view":true,"can_create":true,"can_edit":true,"can_delete":true},"children":[]},{"key_name":"sistem.users","label":"Manajemen User","icon":"Users","path":"/settings/users","order_index":2,"permission":{"can_view":true,"can_create":true,"can_edit":true,"can_delete":true},"children":[]},{"key_name":"sistem.roles","label":"Manajemen Role","icon":"Shield","path":"/settings/roles","order_index":3,"permission":{"can_view":true,"can_create":true,"can_edit":true,"can_delete":true},"children":[]},{"key_name":"sistem.menus","label":"Manajemen Menu","icon":"LayoutList","path":"/settings/menus","order_index":4,"permission":{"can_view":true,"can_create":true,"can_edit":true,"can_delete":true},"children":[]},{"key_name":"sistem.printer","label":"Printer","icon":"Printer","path":"/settings/printer","order_index":5,"permission":{"can_view":true,"can_create":true,"can_edit":true,"can_delete":true},"children":[]},{"key_name":"sistem.versi","label":"Versi Aplikasi","icon":"RefreshCw","path":"/settings/versions","order_index":6,"permission":{"can_view":true,"can_create":true,"can_edit":true,"can_delete":true},"children":[]},{"key_name":"sistem.backup","label":"Backup \u0026 Restore","icon":"DatabaseBackup","path":"/settings/backup","order_index":7,"permission":{"can_view":true,"can_create":true,"can_edit":true,"can_delete":true},"children":[]}]}]}', 2, 1, '::1', NULL, '2026-07-26 10:35:42.339')

2026/07/26 10:35:42 [32mD:/Develop/Project_pos_mahenz/BE/domain/auth/repo/auth_repo.go:46
[0m[33m[0.526ms] [34;1m[rows:1][0m SELECT id, user_id, user_role, token, device_info, expires_at FROM sessions WHERE token = 'eyJhbGciOiJIUzI1NiIsInR5cCI6IkpXVCJ9.eyJhcHBzIjoid2ViIiwiZXhwIjoxNzg1MDY1NzQyLCJmdWxsX25hbWUiOiJBZG1pbmlzdHJhdG9yIiwicm9sZSI6ImFkbWluIiwidXNlcl9pZCI6MiwidXNlcm5hbWUiOiJhZG1pbiJ9.1f3BDhfjpAzEb4LBJLbJ3dniXZDpFdwDg162VZvrMDA' LIMIT 1

2026/07/26 10:35:42 [32mD:/Develop/Project_pos_mahenz/BE/domain/menu/repo/menu_repo.go:121
[0m[33m[0.681ms] [34;1m[rows:-][0m 
		SELECT
			m.id,
			m.parent_id,
			m.key_name,
			m.label,
			m.icon,
			m.path,
			m.order_index,
			COALESCE(rma.can_view,   0),
			COALESCE(rma.can_create, 0),
			COALESCE(rma.can_edit,   0),
			COALESCE(rma.can_delete, 0)
		FROM menus m
		LEFT JOIN role_menu_access rma ON rma.menu_id = m.id
			AND rma.role_id = (SELECT id FROM roles WHERE name = 'admin' AND is_active = 1 LIMIT 1)
		WHERE m.is_active = 1
		ORDER BY m.order_index ASC, m.id ASC
		
[GIN] 2026/07/26 - 10:35:42 | 200 |      1.9344ms |             ::1 | POST     "/api/menus/my"

2026/07/26 10:35:42 [32mD:/Develop/Project_pos_mahenz/BE/repository/log_request_repository.go:32
[0m[33m[3.183ms] [34;1m[rows:1][0m INSERT INTO log_requests (id, method, endpoint, status_code, request_body, response_body, user_id, duration_ms, ip_address, error_message, created_at) VALUES ('715fe2b8-4457-453b-b012-8e52da8fbdc5', 'POST', '/api/menus/my', 200, '{}', '{"code":"00","status":true,"message":"Menu akses","data":[{"key_name":"beranda","label":"Beranda","icon":"Home","path":null,"order_index":1,"permission":{"can_view":true,"can_create":true,"can_edit":true,"can_delete":true},"children":[{"key_name":"beranda.dashboard","label":"Dashboard","icon":"LayoutDashboard","path":"/dashboard","order_index":1,"permission":{"can_view":true,"can_create":true,"can_edit":true,"can_delete":true},"children":[]}]},{"key_name":"penjualan","label":"Penjualan","icon":"ShoppingCart","path":null,"order_index":2,"permission":{"can_view":true,"can_create":true,"can_edit":true,"can_delete":true},"children":[{"key_name":"penjualan.kasir","label":"Kasir","icon":"ShoppingCart","path":"/kasir","order_index":1,"permission":{"can_view":true,"can_create":true,"can_edit":true,"can_delete":true},"children":[]},{"key_name":"penjualan.transaksi","label":"Transaksi","icon":"Receipt","path":"/transactions","order_index":2,"permission":{"can_view":true,"can_create":true,"can_edit":true,"can_delete":true},"children":[]}]},{"key_name":"produk","label":"Produk","icon":"Package","path":null,"order_index":3,"permission":{"can_view":true,"can_create":true,"can_edit":true,"can_delete":true},"children":[{"key_name":"produk.produk","label":"Produk","icon":"Package","path":"/products","order_index":1,"permission":{"can_view":true,"can_create":true,"can_edit":true,"can_delete":true},"children":[]},{"key_name":"produk.kategori","label":"Kategori","icon":"Tag","path":"/products/categories","order_index":2,"permission":{"can_view":true,"can_create":true,"can_edit":true,"can_delete":true},"children":[]},{"key_name":"produk.unit","label":"Unit","icon":"PackageSearch","path":"/products/units","order_index":3,"permission":{"can_view":true,"can_create":true,"can_edit":true,"can_delete":true},"children":[]}]},{"key_name":"pengadaan","label":"Pengadaan","icon":"Truck","path":null,"order_index":4,"permission":{"can_view":true,"can_create":true,"can_edit":true,"can_delete":true},"children":[{"key_name":"pengadaan.supplier","label":"Supplier","icon":"Truck","path":"/suppliers","order_index":1,"permission":{"can_view":true,"can_create":true,"can_edit":true,"can_delete":true},"children":[]},{"key_name":"pengadaan.pembelian","label":"Pembelian","icon":"ShoppingBag","path":"/suppliers/purchases","order_index":2,"permission":{"can_view":true,"can_create":true,"can_edit":true,"can_delete":true},"children":[]},{"key_name":"pengadaan.retur","label":"Retur","icon":"RotateCcw","path":"/suppliers/returns","order_index":3,"permission":{"can_view":true,"can_create":true,"can_edit":true,"can_delete":true},"children":[]}]},{"key_name":"pelanggan","label":"Pelanggan","icon":"Users","path":null,"order_index":5,"permission":{"can_view":true,"can_create":true,"can_edit":true,"can_delete":true},"children":[{"key_name":"pelanggan.pelanggan","label":"Pelanggan","icon":"Users","path":"/customers","order_index":1,"permission":{"can_view":true,"can_create":true,"can_edit":true,"can_delete":true},"children":[]},{"key_name":"pelanggan.piutang","label":"Piutang","icon":"CreditCard","path":"/receivables","order_index":2,"permission":{"can_view":true,"can_create":true,"can_edit":true,"can_delete":true},"children":[]}]},{"key_name":"keuangan","label":"Keuangan","icon":"Wallet","path":null,"order_index":6,"permission":{"can_view":true,"can_create":true,"can_edit":true,"can_delete":true},"children":[{"key_name":"keuangan.dashboard","label":"Dashboard Keuangan","icon":"Wallet","path":"/finance","order_index":1,"permission":{"can_view":true,"can_create":true,"can_edit":true,"can_delete":true},"children":[]},{"key_name":"keuangan.kas_harian","label":"Kas Harian","icon":"Landmark","path":"/finance/cash-drawer","order_index":2,"permission":{"can_view":true,"can_create":true,"can_edit":true,"can_delete":true},"children":[]},{"key_name":"keuangan.pengeluaran","label":"Pengeluaran","icon":"TrendingDown","path":"/finance/expenses","order_index":3,"permission":{"can_view":true,"can_create":true,"can_edit":true,"can_delete":true},"children":[]},{"key_name":"keuangan.kas_saya","label":"Kas Saya","icon":"Wallet","path":"/finance/my-cash","order_index":4,"permission":{"can_view":true,"can_create":true,"can_edit":true,"can_delete":true},"children":[]}]},{"key_name":"pelaporan","label":"Pelaporan","icon":"BarChart2","path":null,"order_index":7,"permission":{"can_view":true,"can_create":true,"can_edit":true,"can_delete":true},"children":[{"key_name":"pelaporan.penjualan","label":"Penjualan","icon":"TrendingUp","path":"/reports/sales","order_index":1,"permission":{"can_view":true,"can_create":true,"can_edit":true,"can_delete":true},"children":[]},{"key_name":"pelaporan.laba_rugi","label":"Laba Rugi","icon":"LineChart","path":"/reports/profit-loss","order_index":2,"permission":{"can_view":true,"can_create":true,"can_edit":true,"can_delete":true},"children":[]},{"key_name":"pelaporan.stok","label":"Stok","icon":"PackageSearch","path":"/reports/stock","order_index":3,"permission":{"can_view":true,"can_create":true,"can_edit":true,"can_delete":true},"children":[]},{"key_name":"pelaporan.kinerja_kasir","label":"Kinerja Kasir","icon":"BarChart2","path":"/reports/cashier","order_index":4,"permission":{"can_view":true,"can_create":true,"can_edit":true,"can_delete":true},"children":[]},{"key_name":"pelaporan.ringkasan_bisnis","label":"Ringkasan Bisnis","icon":"BarChart3","path":"/reports/business-summary","order_index":5,"permission":{"can_view":true,"can_create":true,"can_edit":true,"can_delete":true},"children":[]}]},{"key_name":"operasional","label":"Operasional","icon":"Clock","path":null,"order_index":8,"permission":{"can_view":true,"can_create":true,"can_edit":true,"can_delete":true},"children":[{"key_name":"operasional.shift","label":"Shift","icon":"Clock","path":"/shifts","order_index":1,"permission":{"can_view":true,"can_create":true,"can_edit":true,"can_delete":true},"children":[]},{"key_name":"operasional.sync","label":"Sync Center","icon":"RefreshCw","path":"/sync","order_index":2,"permission":{"can_view":true,"can_create":true,"can_edit":true,"can_delete":true},"children":[]}]},{"key_name":"sistem","label":"Sistem","icon":"Settings","path":null,"order_index":9,"permission":{"can_view":true,"can_create":true,"can_edit":true,"can_delete":true},"children":[{"key_name":"sistem.profil_toko","label":"Profil Toko","icon":"Settings","path":"/settings/store","order_index":1,"permission":{"can_view":true,"can_create":true,"can_edit":true,"can_delete":true},"children":[]},{"key_name":"sistem.users","label":"Manajemen User","icon":"Users","path":"/settings/users","order_index":2,"permission":{"can_view":true,"can_create":true,"can_edit":true,"can_delete":true},"children":[]},{"key_name":"sistem.roles","label":"Manajemen Role","icon":"Shield","path":"/settings/roles","order_index":3,"permission":{"can_view":true,"can_create":true,"can_edit":true,"can_delete":true},"children":[]},{"key_name":"sistem.menus","label":"Manajemen Menu","icon":"LayoutList","path":"/settings/menus","order_index":4,"permission":{"can_view":true,"can_create":true,"can_edit":true,"can_delete":true},"children":[]},{"key_name":"sistem.printer","label":"Printer","icon":"Printer","path":"/settings/printer","order_index":5,"permission":{"can_view":true,"can_create":true,"can_edit":true,"can_delete":true},"children":[]},{"key_name":"sistem.versi","label":"Versi Aplikasi","icon":"RefreshCw","path":"/settings/versions","order_index":6,"permission":{"can_view":true,"can_create":true,"can_edit":true,"can_delete":true},"children":[]},{"key_name":"sistem.backup","label":"Backup \u0026 Restore","icon":"DatabaseBackup","path":"/settings/backup","order_index":7,"permission":{"can_view":true,"can_create":true,"can_edit":true,"can_delete":true},"children":[]}]}]}', 2, 1, '::1', NULL, '2026-07-26 10:35:42.718')
[GIN] 2026/07/26 - 10:35:42 | 204 |            0s |             ::1 | OPTIONS  "/api/sync/conflicts/count"

2026/07/26 10:35:42 [32mD:/Develop/Project_pos_mahenz/BE/domain/auth/repo/auth_repo.go:46
[0m[33m[0.529ms] [34;1m[rows:1][0m SELECT id, user_id, user_role, token, device_info, expires_at FROM sessions WHERE token = 'eyJhbGciOiJIUzI1NiIsInR5cCI6IkpXVCJ9.eyJhcHBzIjoid2ViIiwiZXhwIjoxNzg1MDY1NzQyLCJmdWxsX25hbWUiOiJBZG1pbmlzdHJhdG9yIiwicm9sZSI6ImFkbWluIiwidXNlcl9pZCI6MiwidXNlcm5hbWUiOiJhZG1pbiJ9.1f3BDhfjpAzEb4LBJLbJ3dniXZDpFdwDg162VZvrMDA' LIMIT 1

2026/07/26 10:35:42 [32mD:/Develop/Project_pos_mahenz/BE/domain/sync/repo/sync_repo.go:84
[0m[33m[0.526ms] [34;1m[rows:1][0m SELECT COUNT(*) FROM sync_conflicts WHERE status = 'pending'
[GIN] 2026/07/26 - 10:35:42 | 200 |      1.5748ms |             ::1 | GET      "/api/sync/conflicts/count"

2026/07/26 10:35:42 [32mD:/Develop/Project_pos_mahenz/BE/repository/log_request_repository.go:32
[0m[33m[2.886ms] [34;1m[rows:1][0m INSERT INTO log_requests (id, method, endpoint, status_code, request_body, response_body, user_id, duration_ms, ip_address, error_message, created_at) VALUES ('b9f8dce0-dd9f-44de-ad6e-9c950aec9adc', 'GET', '/api/sync/conflicts/count', 200, '', '{"code":"00","status":true,"message":"Jumlah konflik pending","data":{"count":0}}', 2, 1, '::1', NULL, '2026-07-26 10:35:42.783')
[GIN] 2026/07/26 - 10:35:43 | 204 |            0s |             ::1 | OPTIONS  "/api/suppliers/list"
[GIN] 2026/07/26 - 10:35:43 | 204 |            0s |             ::1 | OPTIONS  "/api/products/list"

2026/07/26 10:35:43 [32mD:/Develop/Project_pos_mahenz/BE/domain/auth/repo/auth_repo.go:46
[0m[33m[1.406ms] [34;1m[rows:1][0m SELECT id, user_id, user_role, token, device_info, expires_at FROM sessions WHERE token = 'eyJhbGciOiJIUzI1NiIsInR5cCI6IkpXVCJ9.eyJhcHBzIjoid2ViIiwiZXhwIjoxNzg1MDY1NzQyLCJmdWxsX25hbWUiOiJBZG1pbmlzdHJhdG9yIiwicm9sZSI6ImFkbWluIiwidXNlcl9pZCI6MiwidXNlcm5hbWUiOiJhZG1pbiJ9.1f3BDhfjpAzEb4LBJLbJ3dniXZDpFdwDg162VZvrMDA' LIMIT 1

2026/07/26 10:35:43 [32mD:/Develop/Project_pos_mahenz/BE/domain/auth/repo/auth_repo.go:46
[0m[33m[1.406ms] [34;1m[rows:1][0m SELECT id, user_id, user_role, token, device_info, expires_at FROM sessions WHERE token = 'eyJhbGciOiJIUzI1NiIsInR5cCI6IkpXVCJ9.eyJhcHBzIjoid2ViIiwiZXhwIjoxNzg1MDY1NzQyLCJmdWxsX25hbWUiOiJBZG1pbmlzdHJhdG9yIiwicm9sZSI6ImFkbWluIiwidXNlcl9pZCI6MiwidXNlcm5hbWUiOiJhZG1pbiJ9.1f3BDhfjpAzEb4LBJLbJ3dniXZDpFdwDg162VZvrMDA' LIMIT 1

2026/07/26 10:35:43 [32mD:/Develop/Project_pos_mahenz/BE/domain/product/repo/product_repo.go:100
[0m[33m[0.525ms] [34;1m[rows:1][0m SELECT COUNT(*) FROM products p WHERE 1=1

2026/07/26 10:35:43 [32mD:/Develop/Project_pos_mahenz/BE/domain/supplier/repo/supplier_repo.go:48
[0m[33m[0.563ms] [34;1m[rows:1][0m SELECT COUNT(*) FROM suppliers WHERE 1=1

2026/07/26 10:35:43 [32mD:/Develop/Project_pos_mahenz/BE/domain/supplier/repo/supplier_repo.go:71
[0m[33m[1.272ms] [34;1m[rows:1][0m SELECT id, supplier_code, name, address, phone, email, contact_person, notes, is_active, created_at FROM suppliers WHERE 1=1 ORDER BY name ASC LIMIT 1 OFFSET 0
[GIN] 2026/07/26 - 10:35:43 | 200 |       3.766ms |             ::1 | POST     "/api/suppliers/list"

2026/07/26 10:35:43 [32mD:/Develop/Project_pos_mahenz/BE/domain/product/repo/product_repo.go:119
[0m[33m[1.814ms] [34;1m[rows:1][0m 
		SELECT p.id, p.barcode, COALESCE(p.sku, '') as sku, p.name, p.category_id, COALESCE(c.name, '') as category_name,
		       p.purchase_price, p.selling_price, p.stock, p.reserved_qty, p.min_stock,
		       COALESCE(p.unit_id, 0) as unit_id, COALESCE(u.name, '') as unit_name, COALESCE(u.abbreviation, '') as unit_abbreviation,
		       p.is_active,
		       (SELECT COUNT(*) FROM product_packages pp WHERE pp.product_id = p.id AND pp.is_default = 0) AS extra_packages,
		       (SELECT COUNT(*) FROM product_prices pr WHERE pr.product_id = p.id) AS price_tiers_count
		FROM products p
		LEFT JOIN categories c ON p.category_id = c.id
		LEFT JOIN units u ON u.id = p.unit_id
		WHERE 1=1 ORDER BY p.name ASC LIMIT 1 OFFSET 0
[GIN] 2026/07/26 - 10:35:43 | 200 |      4.8614ms |             ::1 | POST     "/api/products/list"

2026/07/26 10:35:43 [32mD:/Develop/Project_pos_mahenz/BE/repository/log_request_repository.go:32
[0m[33m[6.233ms] [34;1m[rows:1][0m INSERT INTO log_requests (id, method, endpoint, status_code, request_body, response_body, user_id, duration_ms, ip_address, error_message, created_at) VALUES ('ab1b2c82-68cf-44b6-acaa-79b858d0b7d4', 'POST', '/api/products/list', 200, '{"page":1,"limit":1,"search":""}', '{"code":"00","status":true,"message":"Daftar produk","data":[{"id":4,"barcode":"8992260464338","sku":"SEM-0003","name":"Gula Pasir 1kg","category_id":1,"category_name":"Sembako Test","purchase_price":0,"selling_price":15000,"stock":50,"reserved_qty":0,"min_stock":5,"unit_id":1,"unit_name":"Pieces","unit_abbreviation":"Pcs","is_active":false,"extra_packages":0,"price_tiers_count":0}],"pagination":{"page":1,"per_page":1,"total":11,"total_pages":11}}', 2, 4, '::1', NULL, '2026-07-26 10:35:43.087')

2026/07/26 10:35:43 [32mD:/Develop/Project_pos_mahenz/BE/repository/log_request_repository.go:32
[0m[33m[7.328ms] [34;1m[rows:1][0m INSERT INTO log_requests (id, method, endpoint, status_code, request_body, response_body, user_id, duration_ms, ip_address, error_message, created_at) VALUES ('fc567e05-4053-4ded-bca2-81fa6dd0101f', 'POST', '/api/suppliers/list', 200, '{"page":1,"limit":1,"search":""}', '{"code":"00","status":true,"message":"Daftar supplier","data":[{"id":1,"supplier_code":"SUP-001","name":"Supplier Test Fase14","address":"Jl. Test","phone":"08123456789","email":"","contact_person":"","notes":"","is_active":true,"created_at":"2026-07-25T13:19:10+07:00"}],"pagination":{"page":1,"per_page":1,"total":2,"total_pages":2}}', 2, 3, '::1', NULL, '2026-07-26 10:35:43.086')
[GIN] 2026/07/26 - 10:35:43 | 204 |            0s |             ::1 | OPTIONS  "/api/suppliers/options"
[GIN] 2026/07/26 - 10:35:43 | 204 |            0s |             ::1 | OPTIONS  "/api/payment-statuses/list"
[GIN] 2026/07/26 - 10:35:43 | 204 |            0s |             ::1 | OPTIONS  "/api/settings/pagination_sizes"
[GIN] 2026/07/26 - 10:35:43 | 204 |            0s |             ::1 | OPTIONS  "/api/payment-methods/list"

2026/07/26 10:35:43 [32mD:/Develop/Project_pos_mahenz/BE/domain/auth/repo/auth_repo.go:46
[0m[33m[1.030ms] [34;1m[rows:1][0m SELECT id, user_id, user_role, token, device_info, expires_at FROM sessions WHERE token = 'eyJhbGciOiJIUzI1NiIsInR5cCI6IkpXVCJ9.eyJhcHBzIjoid2ViIiwiZXhwIjoxNzg1MDY1NzQyLCJmdWxsX25hbWUiOiJBZG1pbmlzdHJhdG9yIiwicm9sZSI6ImFkbWluIiwidXNlcl9pZCI6MiwidXNlcm5hbWUiOiJhZG1pbiJ9.1f3BDhfjpAzEb4LBJLbJ3dniXZDpFdwDg162VZvrMDA' LIMIT 1
[GIN] 2026/07/26 - 10:35:43 | 204 |            0s |             ::1 | OPTIONS  "/api/supplier-purchases/list"

2026/07/26 10:35:43 [32mD:/Develop/Project_pos_mahenz/BE/domain/supplier/repo/supplier_repo.go:48
[0m[33m[0.000ms] [34;1m[rows:1][0m SELECT COUNT(*) FROM suppliers WHERE 1=1

2026/07/26 10:35:43 [32mD:/Develop/Project_pos_mahenz/BE/domain/auth/repo/auth_repo.go:46
[0m[33m[0.524ms] [34;1m[rows:1][0m SELECT id, user_id, user_role, token, device_info, expires_at FROM sessions WHERE token = 'eyJhbGciOiJIUzI1NiIsInR5cCI6IkpXVCJ9.eyJhcHBzIjoid2ViIiwiZXhwIjoxNzg1MDY1NzQyLCJmdWxsX25hbWUiOiJBZG1pbmlzdHJhdG9yIiwicm9sZSI6ImFkbWluIiwidXNlcl9pZCI6MiwidXNlcm5hbWUiOiJhZG1pbiJ9.1f3BDhfjpAzEb4LBJLbJ3dniXZDpFdwDg162VZvrMDA' LIMIT 1

2026/07/26 10:35:43 [32mD:/Develop/Project_pos_mahenz/BE/domain/supplier/repo/supplier_repo.go:71
[0m[33m[0.525ms] [34;1m[rows:2][0m SELECT id, supplier_code, name, address, phone, email, contact_person, notes, is_active, created_at FROM suppliers WHERE 1=1 ORDER BY name ASC LIMIT 10 OFFSET 0

2026/07/26 10:35:43 [32mD:/Develop/Project_pos_mahenz/BE/domain/supplier/repo/supplier_repo.go:85
[0m[33m[0.000ms] [34;1m[rows:1][0m SELECT id, supplier_code, name FROM suppliers WHERE is_active = 1 ORDER BY name
[GIN] 2026/07/26 - 10:35:43 | 200 |      2.0792ms |             ::1 | POST     "/api/suppliers/list"
[GIN] 2026/07/26 - 10:35:43 | 200 |      1.0488ms |             ::1 | POST     "/api/suppliers/options"

2026/07/26 10:35:43 [32mD:/Develop/Project_pos_mahenz/BE/domain/auth/repo/auth_repo.go:46
[0m[33m[0.524ms] [34;1m[rows:1][0m SELECT id, user_id, user_role, token, device_info, expires_at FROM sessions WHERE token = 'eyJhbGciOiJIUzI1NiIsInR5cCI6IkpXVCJ9.eyJhcHBzIjoid2ViIiwiZXhwIjoxNzg1MDY1NzQyLCJmdWxsX25hbWUiOiJBZG1pbmlzdHJhdG9yIiwicm9sZSI6ImFkbWluIiwidXNlcl9pZCI6MiwidXNlcm5hbWUiOiJhZG1pbiJ9.1f3BDhfjpAzEb4LBJLbJ3dniXZDpFdwDg162VZvrMDA' LIMIT 1

2026/07/26 10:35:43 [32mD:/Develop/Project_pos_mahenz/BE/domain/auth/repo/auth_repo.go:46
[0m[33m[0.000ms] [34;1m[rows:1][0m SELECT id, user_id, user_role, token, device_info, expires_at FROM sessions WHERE token = 'eyJhbGciOiJIUzI1NiIsInR5cCI6IkpXVCJ9.eyJhcHBzIjoid2ViIiwiZXhwIjoxNzg1MDY1NzQyLCJmdWxsX25hbWUiOiJBZG1pbmlzdHJhdG9yIiwicm9sZSI6ImFkbWluIiwidXNlcl9pZCI6MiwidXNlcm5hbWUiOiJhZG1pbiJ9.1f3BDhfjpAzEb4LBJLbJ3dniXZDpFdwDg162VZvrMDA' LIMIT 1

2026/07/26 10:35:43 [32mD:/Develop/Project_pos_mahenz/BE/domain/auth/repo/auth_repo.go:46
[0m[33m[0.677ms] [34;1m[rows:1][0m SELECT id, user_id, user_role, token, device_info, expires_at FROM sessions WHERE token = 'eyJhbGciOiJIUzI1NiIsInR5cCI6IkpXVCJ9.eyJhcHBzIjoid2ViIiwiZXhwIjoxNzg1MDY1NzQyLCJmdWxsX25hbWUiOiJBZG1pbmlzdHJhdG9yIiwicm9sZSI6ImFkbWluIiwidXNlcl9pZCI6MiwidXNlcm5hbWUiOiJhZG1pbiJ9.1f3BDhfjpAzEb4LBJLbJ3dniXZDpFdwDg162VZvrMDA' LIMIT 1

2026/07/26 10:35:43 [32mD:/Develop/Project_pos_mahenz/BE/domain/auth/repo/auth_repo.go:46
[0m[33m[0.532ms] [34;1m[rows:1][0m SELECT id, user_id, user_role, token, device_info, expires_at FROM sessions WHERE token = 'eyJhbGciOiJIUzI1NiIsInR5cCI6IkpXVCJ9.eyJhcHBzIjoid2ViIiwiZXhwIjoxNzg1MDY1NzQyLCJmdWxsX25hbWUiOiJBZG1pbmlzdHJhdG9yIiwicm9sZSI6ImFkbWluIiwidXNlcl9pZCI6MiwidXNlcm5hbWUiOiJhZG1pbiJ9.1f3BDhfjpAzEb4LBJLbJ3dniXZDpFdwDg162VZvrMDA' LIMIT 1

2026/07/26 10:35:43 [32mD:/Develop/Project_pos_mahenz/BE/domain/payment_method/repo/payment_method_repo.go:9
[0m[33m[0.516ms] [34;1m[rows:5][0m SELECT id, code, label, is_active, sort_order FROM payment_methods WHERE is_active = 1 ORDER BY sort_order ASC

2026/07/26 10:35:43 [32mD:/Develop/Project_pos_mahenz/BE/domain/setting/repo/setting_repo.go:32
[0m[33m[1.048ms] [34;1m[rows:-][0m SELECT setting_key, setting_value FROM settings WHERE setting_key = 'pagination_sizes'

2026/07/26 10:35:43 [32mD:/Develop/Project_pos_mahenz/BE/repository/log_request_repository.go:32
[0m[33m[2.854ms] [34;1m[rows:1][0m INSERT INTO log_requests (id, method, endpoint, status_code, request_body, response_body, user_id, duration_ms, ip_address, error_message, created_at) VALUES ('1a808f2f-1ef4-45d5-868f-1beb277b9e23', 'POST', '/api/suppliers/options', 200, '{"search":""}', '{"code":"00","status":true,"message":"Opsi supplier","data":[{"id":1,"supplier_code":"SUP-001","name":"Supplier Test Fase14"}]}', 2, 1, '::1', NULL, '2026-07-26 10:35:43.181')

2026/07/26 10:35:43 [32mD:/Develop/Project_pos_mahenz/BE/repository/log_request_repository.go:32
[0m[33m[2.249ms] [34;1m[rows:1][0m INSERT INTO log_requests (id, method, endpoint, status_code, request_body, response_body, user_id, duration_ms, ip_address, error_message, created_at) VALUES ('d1e1ba1d-e149-47a6-9400-7f7861dc1944', 'POST', '/api/suppliers/list', 200, '{"page":1,"limit":200,"search":""}', '{"code":"00","status":true,"message":"Daftar supplier","data":[{"id":1,"supplier_code":"SUP-001","name":"Supplier Test Fase14","address":"Jl. Test","phone":"08123456789","email":"","contact_person":"","notes":"","is_active":true,"created_at":"2026-07-25T13:19:10+07:00"},{"id":3,"supplier_code":"SUP-002","name":"Supplier Test Void Debt","address":"","phone":"","email":"","contact_person":"","notes":"","is_active":false,"created_at":"2026-07-26T10:32:08+07:00"}],"pagination":{"page":1,"per_page":200,"total":2,"total_pages":1}}', 2, 2, '::1', NULL, '2026-07-26 10:35:43.181')

2026/07/26 10:35:43 [32mD:/Develop/Project_pos_mahenz/BE/domain/supplier_purchase/repo/purchase_repo.go:132
[0m[33m[0.605ms] [34;1m[rows:1][0m SELECT COUNT(*) FROM purchases p WHERE 1=1 AND DATE(p.purchase_date) >= '2026-07-01' AND DATE(p.purchase_date) <= '2026-07-26'
[GIN] 2026/07/26 - 10:35:43 | 200 |      2.3299ms |             ::1 | GET      "/api/settings/pagination_sizes"
[GIN] 2026/07/26 - 10:35:43 | 200 |       1.725ms |             ::1 | POST     "/api/payment-methods/list"

2026/07/26 10:35:43 [32mD:/Develop/Project_pos_mahenz/BE/domain/payment_status/repo/payment_status_repo.go:9
[0m[33m[0.532ms] [34;1m[rows:3][0m SELECT id, code, label, is_active, sort_order FROM payment_statuses WHERE is_active = 1 ORDER BY sort_order ASC
[GIN] 2026/07/26 - 10:35:43 | 200 |      3.4636ms |             ::1 | POST     "/api/payment-statuses/list"

2026/07/26 10:35:43 [32mD:/Develop/Project_pos_mahenz/BE/repository/log_request_repository.go:32
[0m[33m[1.904ms] [34;1m[rows:1][0m INSERT INTO log_requests (id, method, endpoint, status_code, request_body, response_body, user_id, duration_ms, ip_address, error_message, created_at) VALUES ('b1960320-7d24-457c-97d4-0ea6e2adacc6', 'GET', '/api/settings/pagination_sizes', 200, '', '{"code":"00","status":true,"message":"Detail pengaturan","data":{"key":"pagination_sizes","value":"[10,20,50]"}}', 2, 2, '::1', NULL, '2026-07-26 10:35:43.184')

2026/07/26 10:35:43 [32mD:/Develop/Project_pos_mahenz/BE/repository/log_request_repository.go:32
[0m[33m[2.509ms] [34;1m[rows:1][0m INSERT INTO log_requests (id, method, endpoint, status_code, request_body, response_body, user_id, duration_ms, ip_address, error_message, created_at) VALUES ('8080a815-03b2-45e5-9cc5-dd0e4f2666f0', 'POST', '/api/payment-methods/list', 200, '{}', '{"code":"00","status":true,"message":"Daftar metode pembayaran","data":[{"id":1,"code":"cash","label":"Tunai","is_active":1,"sort_order":1},{"id":2,"code":"transfer","label":"Transfer Bank","is_active":1,"sort_order":2},{"id":3,"code":"card","label":"Kartu","is_active":1,"sort_order":3},{"id":4,"code":"qris","label":"QRIS","is_active":1,"sort_order":4},{"id":5,"code":"kredit","label":"Kredit","is_active":1,"sort_order":5}]}', 2, 1, '::1', NULL, '2026-07-26 10:35:43.184')

2026/07/26 10:35:43 [32mD:/Develop/Project_pos_mahenz/BE/domain/supplier_purchase/repo/purchase_repo.go:149
[0m[33m[2.303ms] [34;1m[rows:-][0m SELECT p.id, p.purchase_code, p.invoice_number, p.supplier_id, COALESCE(s.name, '') as supplier_name, p.purchase_date, p.discount_amount, p.total_amount, p.payment_status, p.paid_amount, p.remaining_amount, p.status, COALESCE(u.full_name, '') as user_name, p.notes FROM purchases p LEFT JOIN users u ON p.user_id = u.id LEFT JOIN suppliers s ON p.supplier_id = s.id WHERE 1=1 AND DATE(p.purchase_date) >= '2026-07-01' AND DATE(p.purchase_date) <= '2026-07-26' ORDER BY p.purchase_date DESC, p.id DESC LIMIT 10 OFFSET 0

2026/07/26 10:35:43 [32mD:/Develop/Project_pos_mahenz/BE/repository/log_request_repository.go:32
[0m[33m[18.795ms] [34;1m[rows:1][0m INSERT INTO log_requests (id, method, endpoint, status_code, request_body, response_body, user_id, duration_ms, ip_address, error_message, created_at) VALUES ('9a5fd832-5a46-45ad-b48a-788a829f03ce', 'POST', '/api/payment-statuses/list', 200, '{}', '{"code":"00","status":true,"message":"Daftar status pembayaran","data":[{"id":1,"code":"unpaid","label":"Hutang","is_active":1,"sort_order":1},{"id":2,"code":"partial","label":"Bayar Sebagian","is_active":1,"sort_order":2},{"id":3,"code":"paid","label":"Lunas","is_active":1,"sort_order":3}]}', 2, 3, '::1', NULL, '2026-07-26 10:35:43.185')
[GIN] 2026/07/26 - 10:35:43 | 200 |     23.9868ms |             ::1 | POST     "/api/supplier-purchases/list"

2026/07/26 10:35:43 [32mD:/Develop/Project_pos_mahenz/BE/repository/log_request_repository.go:32
[0m[33m[6.188ms] [34;1m[rows:1][0m INSERT INTO log_requests (id, method, endpoint, status_code, request_body, response_body, user_id, duration_ms, ip_address, error_message, created_at) VALUES ('21c6ed9c-749a-4298-a6d4-b4ce92f11517', 'POST', '/api/supplier-purchases/list', 200, '{"page":1,"limit":10,"start_date":"2026-07-01","end_date":"2026-07-26"}', '{"code":"00","status":true,"message":"Daftar purchase order","data":[{"id":22,"purchase_code":"PO-20260726-013","invoice_number":"INV-QA-BROWSER-VOID-PAID","supplier_id":1,"supplier_name":"Supplier Test Fase14","purchase_date":"2026-07-26T00:00:00+07:00","discount_amount":0,"total_amount":2000,"payment_status":"paid","paid_amount":2000,"remaining_amount":0,"status":"void","user_name":"Administrator","notes":""},{"id":21,"purchase_code":"PO-20260726-012","invoice_number":"INV-QA-DEBT-TEST","supplier_id":3,"supplier_name":"Supplier Test Void Debt","purchase_date":"2026-07-26T00:00:00+07:00","discount_amount":0,"total_amount":1000,"payment_status":"partial","paid_amount":500,"remaining_amount":0,"status":"void","user_name":"Administrator","notes":""},{"id":15,"purchase_code":"PO-20260726-011","invoice_number":"AUTO-PO-20260726-011","supplier_id":1,"supplier_name":"Supplier Test Fase14","purchase_date":"2026-07-26T00:00:00+07:00","discount_amount":0,"total_amount":1420000,"payment_status":"partial","paid_amount":400000,"remaining_amount":1020000,"status":"active","user_name":"Owner","notes":""},{"id":14,"purchase_code":"PO-20260726-010","invoice_number":"AUTO-PO-20260726-010","supplier_id":1,"supplier_name":"Supplier Test Fase14","purchase_date":"2026-07-26T00:00:00+07:00","discount_amount":0,"total_amount":800,"payment_status":"paid","paid_amount":800,"remaining_amount":0,"status":"active","user_name":"Administrator","notes":""},{"id":13,"purchase_code":"PO-20260726-009","invoice_number":"INV-QA-STOCKCHECK","supplier_id":1,"supplier_name":"Supplier Test Fase14","purchase_date":"2026-07-26T00:00:00+07:00","discount_amount":0,"total_amount":6300,"payment_status":"unpaid","paid_amount":0,"remaining_amount":6300,"status":"active","user_name":"Administrator","notes":""},{"id":12,"purchase_code":"PO-20260726-008","invoice_number":"INV-QA-RACE-3","supplier_id":1,"supplier_name":"Supplier Test Fase14","purchase_date":"2026-07-26T00:00:00+07:00","discount_amount":0,"total_amount":1000,"payment_status":"unpaid","paid_amount":0,"remaining_amount":1000,"status":"active","user_name":"Administrator","notes":""},{"id":11,"purchase_code":"PO-20260726-007","invoice_number":"INV-QA-RACE-2","supplier_id":1,"supplier_name":"Supplier Test Fase14","purchase_date":"2026-07-26T00:00:00+07:00","discount_amount":0,"total_amount":1000,"payment_status":"partial","paid_amount":200,"remaining_amount":800,"status":"active","user_name":"Administrator","notes":""},{"id":10,"purchase_code":"PO-20260726-006","invoice_number":"INV-QA-RACE-1","supplier_id":1,"supplier_name":"Supplier Test Fase14","purchase_date":"2026-07-26T00:00:00+07:00","discount_amount":0,"total_amount":1000,"payment_status":"unpaid","paid_amount":0,"remaining_amount":1000,"status":"active","user_name":"Administrator","notes":""},{"id":8,"purchase_code":"PO-20260726-005","invoice_number":"INV-QA-DBLCLICK","supplier_id":1,"supplier_name":"Supplier Test Fase14","purchase_date":"2026-07-26T00:00:00+07:00","discount_amount":0,"total_amount":800,"payment_status":"paid","paid_amount":800,"remaining_amount":0,"status":"active","user_name":"Administrator","notes":""},{"id":6,"purchase_code":"PO-20260726-004","invoice_number":"INV-QA-BACK-MANUAL","supplier_id":1,"supplier_name":"Supplier Test Fase14","purchase_date":"2026-07-26T00:00:00+07:00","discount_amount":500,"total_amount":2500,"payment_status":"unpaid","paid_amount":0,"remaining_amount":2500,"status":"void","user_name":"Administrator","notes":""}],"pagination":{"page":1,"per_page":10,"total":15,"total_pages":2}}', 2, 23, '::1', NULL, '2026-07-26 10:35:43.207')
[GIN] 2026/07/26 - 10:35:45 | 204 |            0s |             ::1 | OPTIONS  "/api/supplier-purchases/delete/22"

2026/07/26 10:35:45 [32mD:/Develop/Project_pos_mahenz/BE/domain/auth/repo/auth_repo.go:46
[0m[33m[1.655ms] [34;1m[rows:1][0m SELECT id, user_id, user_role, token, device_info, expires_at FROM sessions WHERE token = 'eyJhbGciOiJIUzI1NiIsInR5cCI6IkpXVCJ9.eyJhcHBzIjoid2ViIiwiZXhwIjoxNzg1MDY1NzQyLCJmdWxsX25hbWUiOiJBZG1pbmlzdHJhdG9yIiwicm9sZSI6ImFkbWluIiwidXNlcl9pZCI6MiwidXNlcm5hbWUiOiJhZG1pbiJ9.1f3BDhfjpAzEb4LBJLbJ3dniXZDpFdwDg162VZvrMDA' LIMIT 1

2026/07/26 10:35:45 [32mD:/Develop/Project_pos_mahenz/BE/domain/supplier_purchase/repo/purchase_repo.go:205
[0m[33m[1.117ms] [34;1m[rows:1][0m SELECT id, purchase_code, invoice_number, supplier_id, purchase_date, discount_amount, total_amount, payment_status, paid_amount, remaining_amount, status, user_id, notes FROM purchases WHERE id = 22

2026/07/26 10:35:45 [32mD:/Develop/Project_pos_mahenz/BE/domain/supplier_purchase/repo/purchase_repo.go:499
[0m[33m[1.680ms] [34;1m[rows:2][0m DELETE FROM stock_mutations WHERE reference_type = 'purchase' AND reference_id = 22

2026/07/26 10:35:45 [32mD:/Develop/Project_pos_mahenz/BE/domain/supplier_purchase/repo/purchase_repo.go:503
[0m[33m[0.769ms] [34;1m[rows:1][0m DELETE FROM purchase_items WHERE purchase_id = 22

2026/07/26 10:35:45 [32mD:/Develop/Project_pos_mahenz/BE/domain/supplier_purchase/repo/purchase_repo.go:507
[0m[33m[1.070ms] [34;1m[rows:1][0m DELETE FROM purchases WHERE id = 22
[GIN] 2026/07/26 - 10:35:45 | 200 |     17.2249ms |             ::1 | POST     "/api/supplier-purchases/delete/22"

2026/07/26 10:35:45 [32mD:/Develop/Project_pos_mahenz/BE/repository/log_request_repository.go:32
[0m[33m[2.513ms] [34;1m[rows:1][0m INSERT INTO log_requests (id, method, endpoint, status_code, request_body, response_body, user_id, duration_ms, ip_address, error_message, created_at) VALUES ('ebc5f07d-f62b-4c94-b5a5-9a6020901063', 'POST', '/api/supplier-purchases/delete/22', 200, '{}', '{"code":"00","status":true,"message":"Purchase order berhasil dihapus","data":null}', 2, 15, '::1', NULL, '2026-07-26 10:35:45.161')

2026/07/26 10:35:45 [32mD:/Develop/Project_pos_mahenz/BE/domain/auth/repo/auth_repo.go:46
[0m[33m[2.486ms] [34;1m[rows:1][0m SELECT id, user_id, user_role, token, device_info, expires_at FROM sessions WHERE token = 'eyJhbGciOiJIUzI1NiIsInR5cCI6IkpXVCJ9.eyJhcHBzIjoid2ViIiwiZXhwIjoxNzg1MDY1NzQyLCJmdWxsX25hbWUiOiJBZG1pbmlzdHJhdG9yIiwicm9sZSI6ImFkbWluIiwidXNlcl9pZCI6MiwidXNlcm5hbWUiOiJhZG1pbiJ9.1f3BDhfjpAzEb4LBJLbJ3dniXZDpFdwDg162VZvrMDA' LIMIT 1

2026/07/26 10:35:45 [32mD:/Develop/Project_pos_mahenz/BE/domain/supplier_purchase/repo/purchase_repo.go:132
[0m[33m[1.379ms] [34;1m[rows:1][0m SELECT COUNT(*) FROM purchases p WHERE 1=1 AND DATE(p.purchase_date) >= '2026-07-01' AND DATE(p.purchase_date) <= '2026-07-26'

2026/07/26 10:35:45 [32mD:/Develop/Project_pos_mahenz/BE/domain/supplier_purchase/repo/purchase_repo.go:149
[0m[33m[2.078ms] [34;1m[rows:-][0m SELECT p.id, p.purchase_code, p.invoice_number, p.supplier_id, COALESCE(s.name, '') as supplier_name, p.purchase_date, p.discount_amount, p.total_amount, p.payment_status, p.paid_amount, p.remaining_amount, p.status, COALESCE(u.full_name, '') as user_name, p.notes FROM purchases p LEFT JOIN users u ON p.user_id = u.id LEFT JOIN suppliers s ON p.supplier_id = s.id WHERE 1=1 AND DATE(p.purchase_date) >= '2026-07-01' AND DATE(p.purchase_date) <= '2026-07-26' ORDER BY p.purchase_date DESC, p.id DESC LIMIT 10 OFFSET 0
[GIN] 2026/07/26 - 10:35:45 | 200 |      8.3021ms |             ::1 | POST     "/api/supplier-purchases/list"

2026/07/26 10:35:45 [32mD:/Develop/Project_pos_mahenz/BE/repository/log_request_repository.go:32
[0m[33m[3.195ms] [34;1m[rows:1][0m INSERT INTO log_requests (id, method, endpoint, status_code, request_body, response_body, user_id, duration_ms, ip_address, error_message, created_at) VALUES ('d27b7fad-0e52-4691-9e4b-c1f77d8ff28e', 'POST', '/api/supplier-purchases/list', 200, '{"page":1,"limit":10,"start_date":"2026-07-01","end_date":"2026-07-26"}', '{"code":"00","status":true,"message":"Daftar purchase order","data":[{"id":21,"purchase_code":"PO-20260726-012","invoice_number":"INV-QA-DEBT-TEST","supplier_id":3,"supplier_name":"Supplier Test Void Debt","purchase_date":"2026-07-26T00:00:00+07:00","discount_amount":0,"total_amount":1000,"payment_status":"partial","paid_amount":500,"remaining_amount":0,"status":"void","user_name":"Administrator","notes":""},{"id":15,"purchase_code":"PO-20260726-011","invoice_number":"AUTO-PO-20260726-011","supplier_id":1,"supplier_name":"Supplier Test Fase14","purchase_date":"2026-07-26T00:00:00+07:00","discount_amount":0,"total_amount":1420000,"payment_status":"partial","paid_amount":400000,"remaining_amount":1020000,"status":"active","user_name":"Owner","notes":""},{"id":14,"purchase_code":"PO-20260726-010","invoice_number":"AUTO-PO-20260726-010","supplier_id":1,"supplier_name":"Supplier Test Fase14","purchase_date":"2026-07-26T00:00:00+07:00","discount_amount":0,"total_amount":800,"payment_status":"paid","paid_amount":800,"remaining_amount":0,"status":"active","user_name":"Administrator","notes":""},{"id":13,"purchase_code":"PO-20260726-009","invoice_number":"INV-QA-STOCKCHECK","supplier_id":1,"supplier_name":"Supplier Test Fase14","purchase_date":"2026-07-26T00:00:00+07:00","discount_amount":0,"total_amount":6300,"payment_status":"unpaid","paid_amount":0,"remaining_amount":6300,"status":"active","user_name":"Administrator","notes":""},{"id":12,"purchase_code":"PO-20260726-008","invoice_number":"INV-QA-RACE-3","supplier_id":1,"supplier_name":"Supplier Test Fase14","purchase_date":"2026-07-26T00:00:00+07:00","discount_amount":0,"total_amount":1000,"payment_status":"unpaid","paid_amount":0,"remaining_amount":1000,"status":"active","user_name":"Administrator","notes":""},{"id":11,"purchase_code":"PO-20260726-007","invoice_number":"INV-QA-RACE-2","supplier_id":1,"supplier_name":"Supplier Test Fase14","purchase_date":"2026-07-26T00:00:00+07:00","discount_amount":0,"total_amount":1000,"payment_status":"partial","paid_amount":200,"remaining_amount":800,"status":"active","user_name":"Administrator","notes":""},{"id":10,"purchase_code":"PO-20260726-006","invoice_number":"INV-QA-RACE-1","supplier_id":1,"supplier_name":"Supplier Test Fase14","purchase_date":"2026-07-26T00:00:00+07:00","discount_amount":0,"total_amount":1000,"payment_status":"unpaid","paid_amount":0,"remaining_amount":1000,"status":"active","user_name":"Administrator","notes":""},{"id":8,"purchase_code":"PO-20260726-005","invoice_number":"INV-QA-DBLCLICK","supplier_id":1,"supplier_name":"Supplier Test Fase14","purchase_date":"2026-07-26T00:00:00+07:00","discount_amount":0,"total_amount":800,"payment_status":"paid","paid_amount":800,"remaining_amount":0,"status":"active","user_name":"Administrator","notes":""},{"id":6,"purchase_code":"PO-20260726-004","invoice_number":"INV-QA-BACK-MANUAL","supplier_id":1,"supplier_name":"Supplier Test Fase14","purchase_date":"2026-07-26T00:00:00+07:00","discount_amount":500,"total_amount":2500,"payment_status":"unpaid","paid_amount":0,"remaining_amount":2500,"status":"void","user_name":"Administrator","notes":""},{"id":5,"purchase_code":"PO-20260726-003","invoice_number":"INV-QA-DISKON-PAS","supplier_id":1,"supplier_name":"Supplier Test Fase14","purchase_date":"2026-07-26T00:00:00+07:00","discount_amount":2000,"total_amount":0,"payment_status":"unpaid","paid_amount":0,"remaining_amount":0,"status":"active","user_name":"Administrator","notes":""}],"pagination":{"page":1,"per_page":10,"total":14,"total_pages":2}}', 2, 8, '::1', NULL, '2026-07-26 10:35:45.345')
2026/07/26 10:40:51 Shutdown Server ...
2026/07/26 10:40:51 All connections closed successfully
2026/07/26 10:40:51 Server Exiting
