
2026/07/26 08:38:27 [32mD:/Develop/Project_pos_mahenz/BE/database/migrate.go:99
[0m[33m[1.706ms] [34;1m[rows:0][0m CREATE TABLE IF NOT EXISTS migrations_history (
		id          INT AUTO_INCREMENT PRIMARY KEY,
		filename    VARCHAR(255) UNIQUE NOT NULL,
		executed_at DATETIME DEFAULT CURRENT_TIMESTAMP
	) DEFAULT CHARSET=utf8

2026/07/26 08:38:27 [32mD:/Develop/Project_pos_mahenz/BE/database/migrate.go:27
[0m[33m[0.548ms] [34;1m[rows:1][0m SELECT COUNT(*) FROM migrations_history

2026/07/26 08:38:27 [32mD:/Develop/Project_pos_mahenz/BE/database/migrate.go:28
[0m[33m[2.854ms] [34;1m[rows:1][0m SELECT COUNT(*) FROM information_schema.tables WHERE table_schema = DATABASE() AND table_name != 'migrations_history'

2026/07/26 08:38:27 [32mD:/Develop/Project_pos_mahenz/BE/database/migrate.go:104
[0m[33m[1.122ms] [34;1m[rows:1][0m SELECT COUNT(*) FROM migrations_history WHERE filename = '001_init_schema.sql'

2026/07/26 08:38:27 [32mD:/Develop/Project_pos_mahenz/BE/database/migrate.go:104
[0m[33m[0.556ms] [34;1m[rows:1][0m SELECT COUNT(*) FROM migrations_history WHERE filename = '002_seed_data.sql'
2026/07/26 08:38:27 [37mServer running on port[0m :8080
2026/07/26 08:38:27 [37mRoutes:[0m
2026/07/26 08:38:27 [32mPOST[0m   [34m/api/supplier-purchases/detail/:id           [0m   [37mpos_api/domain/supplier_purchase/handler.(*PurchaseHandler).GetByID-fm[0m
2026/07/26 08:38:27 [32mPOST[0m   [34m/api/supplier-purchases/delete/:id           [0m   [37mpos_api/domain/supplier_purchase/handler.(*PurchaseHandler).Delete-fm[0m
2026/07/26 08:38:27 [32mPOST[0m   [34m/api/supplier-purchases/generate-code        [0m   [37mpos_api/domain/supplier_purchase/handler.(*PurchaseHandler).GenerateCode-fm[0m
2026/07/26 08:38:27 [32mPOST[0m   [34m/api/supplier-purchases/list                 [0m   [37mpos_api/domain/supplier_purchase/handler.(*PurchaseHandler).GetAll-fm[0m
2026/07/26 08:38:27 [32mPOST[0m   [34m/api/supplier-purchases/create               [0m   [37mpos_api/domain/supplier_purchase/handler.(*PurchaseHandler).Create-fm[0m
2026/07/26 08:38:27 [32mPOST[0m   [34m/api/supplier-purchases/update/:id           [0m   [37mpos_api/domain/supplier_purchase/handler.(*PurchaseHandler).Update-fm[0m
2026/07/26 08:38:27 [32mPOST[0m   [34m/api/supplier-purchases/pay/:id              [0m   [37mpos_api/domain/supplier_purchase/handler.(*PurchaseHandler).Pay-fm[0m
2026/07/26 08:38:27 [32mPOST[0m   [34m/api/supplier-purchases/void/:id             [0m   [37mpos_api/domain/supplier_purchase/handler.(*PurchaseHandler).Void-fm[0m
2026/07/26 08:38:27 [32mPOST[0m   [34m/api/supplier-purchases/:id/payments         [0m   [37mpos_api/domain/supplier_purchase/handler.(*PurchaseHandler).GetPayments-fm[0m
2026/07/26 08:38:27 [32mPOST[0m   [34m/api/supplier-purchases/:id/add-items        [0m   [37mpos_api/domain/supplier_purchase/handler.(*PurchaseHandler).AddItems-fm[0m
2026/07/26 08:38:27 [32mPOST[0m   [34m/api/supplier-returns/detail/:id             [0m   [37mpos_api/domain/supplier_return/handler.(*SupplierReturnHandler).GetByID-fm[0m
2026/07/26 08:38:27 [32mPOST[0m   [34m/api/supplier-returns/delete/:id             [0m   [37mpos_api/domain/supplier_return/handler.(*SupplierReturnHandler).Delete-fm[0m
2026/07/26 08:38:27 [32mPOST[0m   [34m/api/supplier-returns/list                   [0m   [37mpos_api/domain/supplier_return/handler.(*SupplierReturnHandler).GetAll-fm[0m
2026/07/26 08:38:27 [32mPOST[0m   [34m/api/supplier-returns/create                 [0m   [37mpos_api/domain/supplier_return/handler.(*SupplierReturnHandler).Create-fm[0m
2026/07/26 08:38:27 [32mPOST[0m   [34m/api/supplier-returns/update-status/:id      [0m   [37mpos_api/domain/supplier_return/handler.(*SupplierReturnHandler).UpdateStatus-fm[0m
2026/07/26 08:38:27 [32mPOST[0m   [34m/api/suppliers/detail/:id                    [0m   [37mpos_api/domain/supplier/handler.(*SupplierHandler).GetDetail-fm[0m
2026/07/26 08:38:27 [32mPOST[0m   [34m/api/suppliers/delete/:id                    [0m   [37mpos_api/domain/supplier/handler.(*SupplierHandler).Delete-fm[0m
2026/07/26 08:38:27 [32mPOST[0m   [34m/api/suppliers/list                          [0m   [37mpos_api/domain/supplier/handler.(*SupplierHandler).GetAll-fm[0m
2026/07/26 08:38:27 [32mPOST[0m   [34m/api/suppliers/options                       [0m   [37mpos_api/domain/supplier/handler.(*SupplierHandler).GetOptions-fm[0m
2026/07/26 08:38:27 [32mPOST[0m   [34m/api/suppliers/create                        [0m   [37mpos_api/domain/supplier/handler.(*SupplierHandler).Create-fm[0m
2026/07/26 08:38:27 [32mPOST[0m   [34m/api/suppliers/update/:id                    [0m   [37mpos_api/domain/supplier/handler.(*SupplierHandler).Update-fm[0m
2026/07/26 08:38:27 [32mPOST[0m   [34m/api/suppliers/toggle-status/:id             [0m   [37mpos_api/domain/supplier/handler.(*SupplierHandler).ToggleStatus-fm[0m
2026/07/26 08:38:27 [32mPOST[0m   [34m/api/shifts/detail/:id                       [0m   [37mpos_api/domain/shift/handler.(*ShiftHandler).GetByID-fm[0m
2026/07/26 08:38:27 [32mPOST[0m   [34m/api/shifts/delete/:id                       [0m   [37mpos_api/domain/shift/handler.(*ShiftHandler).Delete-fm[0m
2026/07/26 08:38:27 [32mPOST[0m   [34m/api/shifts/list                             [0m   [37mpos_api/domain/shift/handler.(*ShiftHandler).GetAll-fm[0m
2026/07/26 08:38:27 [32mPOST[0m   [34m/api/shifts/active                           [0m   [37mpos_api/domain/shift/handler.(*ShiftHandler).GetOptions-fm[0m
2026/07/26 08:38:27 [32mPOST[0m   [34m/api/shifts/summary                          [0m   [37mpos_api/domain/shift/handler.(*ShiftHandler).GetSummary-fm[0m
2026/07/26 08:38:27 [32mPOST[0m   [34m/api/shifts/create                           [0m   [37mpos_api/domain/shift/handler.(*ShiftHandler).Create-fm[0m
2026/07/26 08:38:27 [32mPOST[0m   [34m/api/shifts/update/:id                       [0m   [37mpos_api/domain/shift/handler.(*ShiftHandler).Update-fm[0m
2026/07/26 08:38:27 [32mPOST[0m   [34m/api/shifts/toggle-status/:id                [0m   [37mpos_api/domain/shift/handler.(*ShiftHandler).ToggleStatus-fm[0m
2026/07/26 08:38:27 [32mPOST[0m   [34m/api/settings                                [0m   [37mpos_api/domain/setting/handler.(*SettingHandler).Save-fm[0m
2026/07/26 08:38:27 [32mPOST[0m   [34m/api/settings/reset                          [0m   [37mpos_api/domain/setting/handler.(*SettingHandler).Reset-fm[0m
2026/07/26 08:38:27 [32mPOST[0m   [34m/api/settings/store                          [0m   [37mpos_api/domain/setting/handler.(*SettingHandler).UpdateStoreProfile-fm[0m
2026/07/26 08:38:27 [32mPOST[0m   [34m/api/settings/printer                        [0m   [37mpos_api/domain/setting/handler.(*SettingHandler).UpdatePrinterSettings-fm[0m
2026/07/26 08:38:27 [32mPOST[0m   [34m/api/stock-mutations/list                    [0m   [37mpos_api/domain/stock_mutation/handler.(*StockMutationHandler).GetAll-fm[0m
2026/07/26 08:38:27 [32mPOST[0m   [34m/api/stock-mutations/product/:product_id     [0m   [37mpos_api/domain/stock_mutation/handler.(*StockMutationHandler).GetByProduct-fm[0m
2026/07/26 08:38:27 [32mPOST[0m   [34m/api/sync/conflicts/:id/resolve              [0m   [37mpos_api/domain/sync/handler.(*SyncHandler).ResolveConflict-fm[0m
2026/07/26 08:38:27 [32mPOST[0m   [34m/api/sync/push                               [0m   [37mpos_api/domain/sync/handler.(*SyncHandler).PushSync-fm[0m
2026/07/26 08:38:27 [32mPOST[0m   [34m/api/products/import-preview                 [0m   [37mpos_api/domain/product/handler.(*ProductImportHandler).ImportPreview-fm[0m
2026/07/26 08:38:27 [32mPOST[0m   [34m/api/products/import-bulk                    [0m   [37mpos_api/domain/product/handler.(*ProductImportHandler).ImportBulk-fm[0m
2026/07/26 08:38:27 [32mPOST[0m   [34m/api/products/import-template                [0m   [37mpos_api/domain/product/handler.(*ProductImportHandler).DownloadImportTemplate-fm[0m
2026/07/26 08:38:27 [32mPOST[0m   [34m/api/products/detail/:id                     [0m   [37mpos_api/domain/product/handler.(*ProductHandler).GetByID-fm[0m
2026/07/26 08:38:27 [32mPOST[0m   [34m/api/products/delete/:id                     [0m   [37mpos_api/domain/product/handler.(*ProductHandler).Delete-fm[0m
2026/07/26 08:38:27 [32mPOST[0m   [34m/api/products/generate-barcode               [0m   [37mpos_api/domain/product/handler.(*ProductGenerateHandler).GenerateBarcode-fm[0m
2026/07/26 08:38:27 [32mPOST[0m   [34m/api/products/generate-sku                   [0m   [37mpos_api/domain/product/handler.(*ProductGenerateHandler).GenerateSku-fm[0m
2026/07/26 08:38:27 [32mPOST[0m   [34m/api/products/list                           [0m   [37mpos_api/domain/product/handler.(*ProductHandler).GetAll-fm[0m
2026/07/26 08:38:27 [32mPOST[0m   [34m/api/products/options                        [0m   [37mpos_api/domain/product/handler.(*ProductHandler).GetOptions-fm[0m
2026/07/26 08:38:27 [32mPOST[0m   [34m/api/products/search                         [0m   [37mpos_api/domain/product/handler.(*ProductHandler).Search-fm[0m
2026/07/26 08:38:27 [32mPOST[0m   [34m/api/products/by-barcode/:barcode            [0m   [37mpos_api/domain/product/handler.(*ProductHandler).GetByBarcode-fm[0m
2026/07/26 08:38:27 [32mPOST[0m   [34m/api/products/create                         [0m   [37mpos_api/domain/product/handler.(*ProductHandler).Create-fm[0m
2026/07/26 08:38:27 [32mPOST[0m   [34m/api/products/update/:id                     [0m   [37mpos_api/domain/product/handler.(*ProductHandler).Update-fm[0m
2026/07/26 08:38:27 [32mPOST[0m   [34m/api/products/toggle-status/:id              [0m   [37mpos_api/domain/product/handler.(*ProductHandler).ToggleStatus-fm[0m
2026/07/26 08:38:27 [32mPOST[0m   [34m/api/products/:id/packages/list              [0m   [37mpos_api/domain/product/handler.(*ProductPackageHandler).GetPackagesByProduct-fm[0m
2026/07/26 08:38:27 [32mPOST[0m   [34m/api/products/:id/packages/create            [0m   [37mpos_api/domain/product/handler.(*ProductPackageHandler).CreatePackage-fm[0m
2026/07/26 08:38:27 [32mPOST[0m   [34m/api/products/:id/packages/update/:package_id[0m   [37mpos_api/domain/product/handler.(*ProductPackageHandler).UpdatePackage-fm[0m
2026/07/26 08:38:27 [32mPOST[0m   [34m/api/products/:id/packages/delete/:package_id[0m   [37mpos_api/domain/product/handler.(*ProductPackageHandler).DeletePackage-fm[0m
2026/07/26 08:38:27 [32mPOST[0m   [34m/api/products/:id/prices/list                [0m   [37mpos_api/domain/product/handler.(*ProductPriceHandler).GetPricesByProduct-fm[0m
2026/07/26 08:38:27 [32mPOST[0m   [34m/api/pin/set                                 [0m   [37mpos_api/domain/pin/handler.(*PinHandler).SetPin-fm[0m
2026/07/26 08:38:27 [32mPOST[0m   [34m/api/pin/verify                              [0m   [37mpos_api/domain/pin/handler.(*PinHandler).VerifyPin-fm[0m
2026/07/26 08:38:27 [32mPOST[0m   [34m/api/pin/change                              [0m   [37mpos_api/domain/pin/handler.(*PinHandler).ChangePin-fm[0m
2026/07/26 08:38:27 [32mPOST[0m   [34m/api/payment-statuses/list                   [0m   [37mpos_api/domain/payment_status/handler.(*PaymentStatusHandler).GetAll-fm[0m
2026/07/26 08:38:27 [32mPOST[0m   [34m/api/payment-methods/list                    [0m   [37mpos_api/domain/payment_method/handler.(*PaymentMethodHandler).GetAll-fm[0m
2026/07/26 08:38:27 [32mPOST[0m   [34m/api/cash-drawer/current                     [0m   [37mpos_api/domain/cash_drawer/handler.(*CashDrawerHandler).GetCurrent-fm[0m
2026/07/26 08:38:27 [32mPOST[0m   [34m/api/cash-drawer/close/:id                   [0m   [37mpos_api/domain/cash_drawer/handler.(*CashDrawerHandler).Close-fm[0m
2026/07/26 08:38:27 [32mPOST[0m   [34m/api/cash-drawer/update-sales/:id            [0m   [37mpos_api/domain/cash_drawer/handler.(*CashDrawerHandler).UpdateSales-fm[0m
2026/07/26 08:38:27 [32mPOST[0m   [34m/api/cash-drawer/update-expenses/:id         [0m   [37mpos_api/domain/cash_drawer/handler.(*CashDrawerHandler).UpdateExpenses-fm[0m
2026/07/26 08:38:27 [32mPOST[0m   [34m/api/cash-drawer/my-cash                     [0m   [37mpos_api/domain/cash_drawer/handler.(*CashDrawerHandler).GetMyCash-fm[0m
2026/07/26 08:38:27 [32mPOST[0m   [34m/api/cash-drawer/list                        [0m   [37mpos_api/domain/cash_drawer/handler.(*CashDrawerHandler).GetHistory-fm[0m
2026/07/26 08:38:27 [32mPOST[0m   [34m/api/cash-drawer/summary                     [0m   [37mpos_api/domain/cash_drawer/handler.(*CashDrawerHandler).GetSummary-fm[0m
2026/07/26 08:38:27 [32mPOST[0m   [34m/api/cash-drawer/kasir-options               [0m   [37mpos_api/domain/cash_drawer/handler.(*CashDrawerHandler).GetKasirOptions-fm[0m
2026/07/26 08:38:27 [32mPOST[0m   [34m/api/cash-drawer/detail/:id                  [0m   [37mpos_api/domain/cash_drawer/handler.(*CashDrawerHandler).GetByID-fm[0m
2026/07/26 08:38:27 [32mPOST[0m   [34m/api/cash-drawer/open                        [0m   [37mpos_api/domain/cash_drawer/handler.(*CashDrawerHandler).Open-fm[0m
2026/07/26 08:38:27 [32mPOST[0m   [34m/api/categories/detail/:id                   [0m   [37mpos_api/domain/product_category/handler.(*CategoryHandler).GetByID-fm[0m
2026/07/26 08:38:27 [32mPOST[0m   [34m/api/categories/delete/:id                   [0m   [37mpos_api/domain/product_category/handler.(*CategoryHandler).Delete-fm[0m
2026/07/26 08:38:27 [32mPOST[0m   [34m/api/categories/list                         [0m   [37mpos_api/domain/product_category/handler.(*CategoryHandler).GetAll-fm[0m
2026/07/26 08:38:27 [32mPOST[0m   [34m/api/categories/options                      [0m   [37mpos_api/domain/product_category/handler.(*CategoryHandler).GetOptions-fm[0m
2026/07/26 08:38:27 [32mPOST[0m   [34m/api/categories/create                       [0m   [37mpos_api/domain/product_category/handler.(*CategoryHandler).Create-fm[0m
2026/07/26 08:38:27 [32mPOST[0m   [34m/api/categories/update/:id                   [0m   [37mpos_api/domain/product_category/handler.(*CategoryHandler).Update-fm[0m
2026/07/26 08:38:27 [32mPOST[0m   [34m/api/categories/toggle-status/:id            [0m   [37mpos_api/domain/product_category/handler.(*CategoryHandler).ToggleStatus-fm[0m
2026/07/26 08:38:27 [32mPOST[0m   [34m/api/customers/detail/:id                    [0m   [37mpos_api/domain/customer/handler.(*CustomerHandler).GetByID-fm[0m
2026/07/26 08:38:27 [32mPOST[0m   [34m/api/customers/delete/:id                    [0m   [37mpos_api/domain/customer/handler.(*CustomerHandler).Delete-fm[0m
2026/07/26 08:38:27 [32mPOST[0m   [34m/api/customers/list                          [0m   [37mpos_api/domain/customer/handler.(*CustomerHandler).GetAll-fm[0m
2026/07/26 08:38:27 [32mPOST[0m   [34m/api/customers/active                        [0m   [37mpos_api/domain/customer/handler.(*CustomerHandler).GetOptions-fm[0m
2026/07/26 08:38:27 [32mPOST[0m   [34m/api/customers/create                        [0m   [37mpos_api/domain/customer/handler.(*CustomerHandler).Create-fm[0m
2026/07/26 08:38:27 [32mPOST[0m   [34m/api/customers/update/:id                    [0m   [37mpos_api/domain/customer/handler.(*CustomerHandler).Update-fm[0m
2026/07/26 08:38:27 [32mPOST[0m   [34m/api/customers/toggle-status/:id             [0m   [37mpos_api/domain/customer/handler.(*CustomerHandler).ToggleStatus-fm[0m
2026/07/26 08:38:27 [32mPOST[0m   [34m/api/reports/sales/list                      [0m   [37mpos_api/domain/report/handler.(*ReportHandler).GetSalesList-fm[0m
2026/07/26 08:38:27 [32mPOST[0m   [34m/api/reports/sales/summary                   [0m   [37mpos_api/domain/report/handler.(*ReportHandler).GetSalesSummaryData-fm[0m
2026/07/26 08:38:27 [32mPOST[0m   [34m/api/reports/stock/list                      [0m   [37mpos_api/domain/report/handler.(*ReportHandler).GetStockList-fm[0m
2026/07/26 08:38:27 [32mPOST[0m   [34m/api/reports/stock/summary                   [0m   [37mpos_api/domain/report/handler.(*ReportHandler).GetStockSummaryData-fm[0m
2026/07/26 08:38:27 [32mPOST[0m   [34m/api/reports/profit-loss/data                [0m   [37mpos_api/domain/report/handler.(*ReportHandler).GetProfitLossData-fm[0m
2026/07/26 08:38:27 [32mPOST[0m   [34m/api/reports/cashier/list                    [0m   [37mpos_api/domain/report/handler.(*ReportHandler).GetCashierList-fm[0m
2026/07/26 08:38:27 [32mPOST[0m   [34m/api/receivables/payments/:id                [0m   [37mpos_api/domain/receivable/handler.(*ReceivableHandler).GetPayments-fm[0m
2026/07/26 08:38:27 [32mPOST[0m   [34m/api/receivables/pay/:id                     [0m   [37mpos_api/domain/receivable/handler.(*ReceivableHandler).Pay-fm[0m
2026/07/26 08:38:27 [32mPOST[0m   [34m/api/receivables/list                        [0m   [37mpos_api/domain/receivable/handler.(*ReceivableHandler).GetAll-fm[0m
2026/07/26 08:38:27 [32mPOST[0m   [34m/api/receivables/summary                     [0m   [37mpos_api/domain/receivable/handler.(*ReceivableHandler).GetSummary-fm[0m
2026/07/26 08:38:27 [32mPOST[0m   [34m/api/receivables/detail/:id                  [0m   [37mpos_api/domain/receivable/handler.(*ReceivableHandler).GetByID-fm[0m
2026/07/26 08:38:27 [32mPOST[0m   [34m/api/restore                                 [0m   [37mpos_api/domain/backup/handler.(*BackupHandler).Restore-fm[0m
2026/07/26 08:38:27 [32mPOST[0m   [34m/api/roles/detail/:id                        [0m   [37mpos_api/domain/role/handler.(*RoleHandler).GetByID-fm[0m
2026/07/26 08:38:27 [32mPOST[0m   [34m/api/roles/delete/:id                        [0m   [37mpos_api/domain/role/handler.(*RoleHandler).Delete-fm[0m
2026/07/26 08:38:27 [32mPOST[0m   [34m/api/roles/list                              [0m   [37mpos_api/domain/role/handler.(*RoleHandler).GetAll-fm[0m
2026/07/26 08:38:27 [32mPOST[0m   [34m/api/roles/options                           [0m   [37mpos_api/domain/role/handler.(*RoleHandler).GetOptions-fm[0m
2026/07/26 08:38:27 [32mPOST[0m   [34m/api/roles/create                            [0m   [37mpos_api/domain/role/handler.(*RoleHandler).Create-fm[0m
2026/07/26 08:38:27 [32mPOST[0m   [34m/api/roles/update/:id                        [0m   [37mpos_api/domain/role/handler.(*RoleHandler).Update-fm[0m
2026/07/26 08:38:27 [32mPOST[0m   [34m/api/roles/toggle-status/:id                 [0m   [37mpos_api/domain/role/handler.(*RoleHandler).ToggleStatus-fm[0m
2026/07/26 08:38:27 [32mPOST[0m   [34m/api/roles/:id/menus/list                    [0m   [37mpos_api/domain/access/handler.(*AccessHandler).GetByRoleID-fm[0m
2026/07/26 08:38:27 [32mPOST[0m   [34m/api/roles/:id/menus/set                     [0m   [37mpos_api/domain/access/handler.(*AccessHandler).SetRoleAccess-fm[0m
2026/07/26 08:38:27 [32mPOST[0m   [34m/api/route-registry/options                  [0m   [37mpos_api/domain/route_registry/handler.(*RouteRegistryHandler).GetOptions-fm[0m
2026/07/26 08:38:27 [32mPOST[0m   [34m/api/users/create                            [0m   [37mpos_api/domain/user/handler.(*UserHandler).Create-fm[0m
2026/07/26 08:38:27 [32mPOST[0m   [34m/api/users/change-password/:id               [0m   [37mpos_api/domain/user/handler.(*UserHandler).ChangePassword-fm[0m
2026/07/26 08:38:27 [32mPOST[0m   [34m/api/users/detail/:id                        [0m   [37mpos_api/domain/user/handler.(*UserHandler).GetByID-fm[0m
2026/07/26 08:38:27 [32mPOST[0m   [34m/api/users/delete/:id                        [0m   [37mpos_api/domain/user/handler.(*UserHandler).Delete-fm[0m
2026/07/26 08:38:27 [32mPOST[0m   [34m/api/users/list                              [0m   [37mpos_api/domain/user/handler.(*UserHandler).GetAll-fm[0m
2026/07/26 08:38:27 [32mPOST[0m   [34m/api/users/update/:id                        [0m   [37mpos_api/domain/user/handler.(*UserHandler).Update-fm[0m
2026/07/26 08:38:27 [32mPOST[0m   [34m/api/users/toggle-status/:id                 [0m   [37mpos_api/domain/user/handler.(*UserHandler).ToggleStatus-fm[0m
2026/07/26 08:38:27 [32mPOST[0m   [34m/api/units/detail/:id                        [0m   [37mpos_api/domain/product_unit/handler.(*UnitHandler).GetByID-fm[0m
2026/07/26 08:38:27 [32mPOST[0m   [34m/api/units/delete/:id                        [0m   [37mpos_api/domain/product_unit/handler.(*UnitHandler).Delete-fm[0m
2026/07/26 08:38:27 [32mPOST[0m   [34m/api/units/list                              [0m   [37mpos_api/domain/product_unit/handler.(*UnitHandler).GetAll-fm[0m
2026/07/26 08:38:27 [32mPOST[0m   [34m/api/units/options                           [0m   [37mpos_api/domain/product_unit/handler.(*UnitHandler).GetOptions-fm[0m
2026/07/26 08:38:27 [32mPOST[0m   [34m/api/units/create                            [0m   [37mpos_api/domain/product_unit/handler.(*UnitHandler).Create-fm[0m
2026/07/26 08:38:27 [32mPOST[0m   [34m/api/units/update/:id                        [0m   [37mpos_api/domain/product_unit/handler.(*UnitHandler).Update-fm[0m
2026/07/26 08:38:27 [32mPOST[0m   [34m/api/units/toggle-status/:id                 [0m   [37mpos_api/domain/product_unit/handler.(*UnitHandler).ToggleStatus-fm[0m
2026/07/26 08:38:27 [32mPOST[0m   [34m/api/expenses/detail/:id                     [0m   [37mpos_api/domain/expense/handler.(*ExpenseHandler).GetByID-fm[0m
2026/07/26 08:38:27 [32mPOST[0m   [34m/api/expenses/delete/:id                     [0m   [37mpos_api/domain/expense/handler.(*ExpenseHandler).Delete-fm[0m
2026/07/26 08:38:27 [32mPOST[0m   [34m/api/expenses/list                           [0m   [37mpos_api/domain/expense/handler.(*ExpenseHandler).GetAll-fm[0m
2026/07/26 08:38:27 [32mPOST[0m   [34m/api/expenses/create                         [0m   [37mpos_api/domain/expense/handler.(*ExpenseHandler).Create-fm[0m
2026/07/26 08:38:27 [32mPOST[0m   [34m/api/expenses/update/:id                     [0m   [37mpos_api/domain/expense/handler.(*ExpenseHandler).Update-fm[0m
2026/07/26 08:38:27 [32mPOST[0m   [34m/api/expiry-batches/warnings                 [0m   [37mpos_api/domain/expiry_batch/handler.(*ExpiryBatchHandler).GetWarnings-fm[0m
2026/07/26 08:38:27 [32mPOST[0m   [34m/api/expiry-batches/write-off/:id            [0m   [37mpos_api/domain/expiry_batch/handler.(*ExpiryBatchHandler).WriteOff-fm[0m
2026/07/26 08:38:27 [32mPOST[0m   [34m/api/expiry-batches/product/:id              [0m   [37mpos_api/domain/expiry_batch/handler.(*ExpiryBatchHandler).GetByProduct-fm[0m
2026/07/26 08:38:27 [32mPOST[0m   [34m/api/expiry-batches/confirm/:id              [0m   [37mpos_api/domain/expiry_batch/handler.(*ExpiryBatchHandler).Confirm-fm[0m
2026/07/26 08:38:27 [32mPOST[0m   [34m/api/menus/detail/:id                        [0m   [37mpos_api/domain/menu/handler.(*MenuHandler).GetByID-fm[0m
2026/07/26 08:38:27 [32mPOST[0m   [34m/api/menus/delete/:id                        [0m   [37mpos_api/domain/menu/handler.(*MenuHandler).Delete-fm[0m
2026/07/26 08:38:27 [32mPOST[0m   [34m/api/menus/my                                [0m   [37mpos_api/domain/menu/handler.(*MenuHandler).GetMyMenus-fm[0m
2026/07/26 08:38:27 [32mPOST[0m   [34m/api/menus/options                           [0m   [37mpos_api/domain/menu/handler.(*MenuHandler).GetOptions-fm[0m
2026/07/26 08:38:27 [32mPOST[0m   [34m/api/menus/list                              [0m   [37mpos_api/domain/menu/handler.(*MenuHandler).GetAll-fm[0m
2026/07/26 08:38:27 [32mPOST[0m   [34m/api/menus/create                            [0m   [37mpos_api/domain/menu/handler.(*MenuHandler).Create-fm[0m
2026/07/26 08:38:27 [32mPOST[0m   [34m/api/menus/update/:id                        [0m   [37mpos_api/domain/menu/handler.(*MenuHandler).Update-fm[0m
2026/07/26 08:38:27 [32mPOST[0m   [34m/api/menus/reorder                           [0m   [37mpos_api/domain/menu/handler.(*MenuHandler).Reorder-fm[0m
2026/07/26 08:38:27 [32mPOST[0m   [34m/api/auth/login                              [0m   [37mpos_api/domain/auth/handler.(*AuthHandler).Login-fm[0m
2026/07/26 08:38:27 [32mPOST[0m   [34m/api/auth/logout                             [0m   [37mpos_api/domain/auth/handler.(*AuthHandler).Logout-fm[0m
2026/07/26 08:38:27 [32mPOST[0m   [34m/api/auth/refresh                            [0m   [37mpos_api/domain/auth/handler.(*AuthHandler).RefreshToken-fm[0m
2026/07/26 08:38:27 [32mPOST[0m   [34m/api/auth/verify-token                       [0m   [37mpos_api/domain/auth/handler.(*AuthHandler).VerifyToken-fm[0m
2026/07/26 08:38:27 [32mPOST[0m   [34m/api/auth/me                                 [0m   [37mpos_api/domain/auth/handler.(*AuthHandler).GetMe-fm[0m
2026/07/26 08:38:27 [32mPOST[0m   [34m/api/transactions/list                       [0m   [37mpos_api/domain/transaction/handler.(*TransactionHandler).GetAll-fm[0m
2026/07/26 08:38:27 [32mPOST[0m   [34m/api/transactions/detail/:id                 [0m   [37mpos_api/domain/transaction/handler.(*TransactionHandler).GetByID-fm[0m
2026/07/26 08:38:27 [32mPOST[0m   [34m/api/transactions/create                     [0m   [37mpos_api/domain/transaction/handler.(*TransactionHandler).Create-fm[0m
2026/07/26 08:38:27 [32mPOST[0m   [34m/api/transactions/void/:id                   [0m   [37mpos_api/domain/transaction/handler.(*TransactionHandler).Void-fm[0m
2026/07/26 08:38:27 [32mPOST[0m   [34m/api/finance/summary                         [0m   [37mpos_api/domain/finance/handler.(*FinanceHandler).GetSummary-fm[0m
2026/07/26 08:38:27 [32mPOST[0m   [34m/api/finance/cashflow                        [0m   [37mpos_api/domain/finance/handler.(*FinanceHandler).GetCashflow-fm[0m
2026/07/26 08:38:27 [32mPOST[0m   [34m/api/version/list                            [0m   [37mpos_api/domain/version/handler.(*VersionHandler).GetAll-fm[0m
2026/07/26 08:38:27 [32mPOST[0m   [34m/api/version/android                         [0m   [37mpos_api/domain/version/handler.(*VersionHandler).UpdateAndroidVersion-fm[0m
2026/07/26 08:38:27 [32mPOST[0m   [34m/api/backup                                  [0m   [37mpos_api/domain/backup/handler.(*BackupHandler).Create-fm[0m
2026/07/26 08:38:27 [32mGET [0m   [34m/api/reports/business-summary/stats          [0m   [37mpos_api/domain/business_summary/handler.(*BusinessSummaryHandler).GetStats-fm[0m
2026/07/26 08:38:27 [32mGET [0m   [34m/api/reports/business-summary/sales-trend    [0m   [37mpos_api/domain/business_summary/handler.(*BusinessSummaryHandler).GetSalesTrend-fm[0m
2026/07/26 08:38:27 [32mGET [0m   [34m/api/reports/business-summary/summary-extra  [0m   [37mpos_api/domain/business_summary/handler.(*BusinessSummaryHandler).GetSummaryExtra-fm[0m
2026/07/26 08:38:27 [32mGET [0m   [34m/api/reports/business-summary/top-products   [0m   [37mpos_api/domain/business_summary/handler.(*BusinessSummaryHandler).GetTopProducts-fm[0m
2026/07/26 08:38:27 [32mGET [0m   [34m/api/reports/business-summary/top-categories [0m   [37mpos_api/domain/business_summary/handler.(*BusinessSummaryHandler).GetTopCategories-fm[0m
2026/07/26 08:38:27 [32mGET [0m   [34m/api/reports/business-summary/payment-methods[0m   [37mpos_api/domain/business_summary/handler.(*BusinessSummaryHandler).GetPaymentMethods-fm[0m
2026/07/26 08:38:27 [32mGET [0m   [34m/api/reports/sales                           [0m   [37mpos_api/domain/report/handler.(*ReportHandler).GetSalesReport-fm[0m
2026/07/26 08:38:27 [32mGET [0m   [34m/api/reports/sales/chart                     [0m   [37mpos_api/domain/report/handler.(*ReportHandler).GetSalesChart-fm[0m
2026/07/26 08:38:27 [32mGET [0m   [34m/api/reports/sales/export                    [0m   [37mpos_api/domain/report/handler.(*ReportHandler).ExportSalesReport-fm[0m
2026/07/26 08:38:27 [32mGET [0m   [34m/api/reports/stock                           [0m   [37mpos_api/domain/report/handler.(*ReportHandler).GetStockReport-fm[0m
2026/07/26 08:38:27 [32mGET [0m   [34m/api/reports/stock/export                    [0m   [37mpos_api/domain/report/handler.(*ReportHandler).ExportStockReport-fm[0m
2026/07/26 08:38:27 [32mGET [0m   [34m/api/reports/profit-loss                     [0m   [37mpos_api/domain/report/handler.(*ReportHandler).GetProfitLoss-fm[0m
2026/07/26 08:38:27 [32mGET [0m   [34m/api/reports/profit-loss/export              [0m   [37mpos_api/domain/report/handler.(*ReportHandler).ExportProfitLoss-fm[0m
2026/07/26 08:38:27 [32mGET [0m   [34m/api/reports/cashier                         [0m   [37mpos_api/domain/report/handler.(*ReportHandler).GetCashierReport-fm[0m
2026/07/26 08:38:27 [32mGET [0m   [34m/api/reports/cashier/export                  [0m   [37mpos_api/domain/report/handler.(*ReportHandler).ExportCashierReport-fm[0m
2026/07/26 08:38:27 [32mGET [0m   [34m/api/settings                                [0m   [37mpos_api/domain/setting/handler.(*SettingHandler).GetAll-fm[0m
2026/07/26 08:38:27 [32mGET [0m   [34m/api/settings/store                          [0m   [37mpos_api/domain/setting/handler.(*SettingHandler).GetStoreProfile-fm[0m
2026/07/26 08:38:27 [32mGET [0m   [34m/api/settings/printer                        [0m   [37mpos_api/domain/setting/handler.(*SettingHandler).GetPrinterSettings-fm[0m
2026/07/26 08:38:27 [32mGET [0m   [34m/api/settings/:key                           [0m   [37mpos_api/domain/setting/handler.(*SettingHandler).GetByKey-fm[0m
2026/07/26 08:38:27 [32mGET [0m   [34m/api/sync/conflicts                          [0m   [37mpos_api/domain/sync/handler.(*SyncHandler).GetConflicts-fm[0m
2026/07/26 08:38:27 [32mGET [0m   [34m/api/sync/conflicts/count                    [0m   [37mpos_api/domain/sync/handler.(*SyncHandler).GetConflictCount-fm[0m
2026/07/26 08:38:27 [32mGET [0m   [34m/api/sync/queue                              [0m   [37mpos_api/domain/sync/handler.(*SyncHandler).GetQueue-fm[0m
2026/07/26 08:38:27 [32mGET [0m   [34m/api/sync/history                            [0m   [37mpos_api/domain/sync/handler.(*SyncHandler).GetHistory-fm[0m
2026/07/26 08:38:27 [32mGET [0m   [34m/api/dashboard/recent-transactions           [0m   [37mpos_api/domain/dashboard/handler.(*DashboardHandler).GetRecentTransactions-fm[0m
2026/07/26 08:38:27 [32mGET [0m   [34m/api/dashboard/today-summary                 [0m   [37mpos_api/domain/dashboard/handler.(*DashboardHandler).GetTodaySummary-fm[0m
2026/07/26 08:38:27 [32mGET [0m   [34m/api/backup/list                             [0m   [37mpos_api/domain/backup/handler.(*BackupHandler).GetList-fm[0m
2026/07/26 08:38:27 [32mGET [0m   [34m/api/backup/download/:filename               [0m   [37mpos_api/domain/backup/handler.(*BackupHandler).Download-fm[0m
2026/07/26 08:38:27 [32mGET [0m   [34m/api/version/android                         [0m   [37mpos_api/domain/version/handler.(*VersionHandler).CheckAndroid-fm[0m
2026/07/26 08:38:27 [32mGET [0m   [34m/api/health                                  [0m   [37mpos_api/routes.publicRoutes.func1[0m
2026/07/26 08:38:27 [32mGET [0m   [34m/api/pin/check                               [0m   [37mpos_api/domain/pin/handler.(*PinHandler).CheckPin-fm[0m
[GIN] 2026/07/26 - 08:38:32 | 200 |         505µs |             ::1 | GET      "/api/health"

2026/07/26 08:38:32 [32mD:/Develop/Project_pos_mahenz/BE/repository/log_request_repository.go:32
[0m[33m[2.965ms] [34;1m[rows:1][0m INSERT INTO log_requests (id, method, endpoint, status_code, request_body, response_body, user_id, duration_ms, ip_address, error_message, created_at) VALUES ('1d464070-13e5-48e5-b4fa-2be5e650de99', 'GET', '/api/health', 200, '', '{"code":"00","data":null,"message":"OK","status":true}', NULL, 0, '::1', NULL, '2026-07-26 08:38:32.167')

2026/07/26 08:41:50 [32mD:/Develop/Project_pos_mahenz/BE/domain/auth/repo/auth_repo.go:17
[0m[33m[16.099ms] [34;1m[rows:1][0m SELECT u.id, u.username, u.password, u.full_name, u.role_id, r.name AS role_name, u.is_active FROM users u INNER JOIN roles r ON r.id = u.role_id WHERE u.username = 'admin' LIMIT 1

2026/07/26 08:41:51 [32mD:/Develop/Project_pos_mahenz/BE/domain/auth/repo/auth_repo.go:67
[0m[33m[0.000ms] [34;1m[rows:1][0m DELETE FROM sessions WHERE user_id = 2

2026/07/26 08:41:51 [32mD:/Develop/Project_pos_mahenz/BE/domain/auth/repo/auth_repo.go:38
[0m[33m[10.011ms] [34;1m[rows:1][0m INSERT INTO sessions (user_id, user_role, token, refresh_token, device_info, ip_address, expires_at) VALUES (2, 'admin', 'eyJhbGciOiJIUzI1NiIsInR5cCI6IkpXVCJ9.eyJhcHBzIjoiIiwiZXhwIjoxNzg1MDU4OTExLCJmdWxsX25hbWUiOiJBZG1pbmlzdHJhdG9yIiwicm9sZSI6ImFkbWluIiwidXNlcl9pZCI6MiwidXNlcm5hbWUiOiJhZG1pbiJ9.5CdilVioy0_CBaSXWv2da2m7UT_51HyelCc2MAOUzQs', '41c8cfc5be529fbe934cbb22cbfc1d2bd6dd0a7c1f551144836fb44cfe0b8328', '', '::1', '2026-08-02 08:41:51.051') ON DUPLICATE KEY UPDATE user_role=VALUES(user_role), token=VALUES(token), refresh_token=VALUES(refresh_token), device_info=VALUES(device_info), ip_address=VALUES(ip_address), expires_at=VALUES(expires_at), created_at=NOW()
[GIN] 2026/07/26 - 08:41:51 | 200 |    350.5888ms |             ::1 | POST     "/api/auth/login"

2026/07/26 08:41:51 [32mD:/Develop/Project_pos_mahenz/BE/repository/log_request_repository.go:32
[0m[33m[2.175ms] [34;1m[rows:1][0m INSERT INTO log_requests (id, method, endpoint, status_code, request_body, response_body, user_id, duration_ms, ip_address, error_message, created_at) VALUES ('23ce66b9-990c-4df7-94d9-d652e7ebe181', 'POST', '/api/auth/login', 200, '{"username":"admin","password":"admin123"}', '{"code":"00","status":true,"message":"Login berhasil","data":{"token":"eyJhbGciOiJIUzI1NiIsInR5cCI6IkpXVCJ9.eyJhcHBzIjoiIiwiZXhwIjoxNzg1MDU4OTExLCJmdWxsX25hbWUiOiJBZG1pbmlzdHJhdG9yIiwicm9sZSI6ImFkbWluIiwidXNlcl9pZCI6MiwidXNlcm5hbWUiOiJhZG1pbiJ9.5CdilVioy0_CBaSXWv2da2m7UT_51HyelCc2MAOUzQs","refresh_token":"41c8cfc5be529fbe934cbb22cbfc1d2bd6dd0a7c1f551144836fb44cfe0b8328","expires_at":"2026-08-02T08:41:51.0512716+07:00","user":{"id":2,"username":"admin","full_name":"Administrator","role_id":2,"role_name":"admin"}}}', NULL, 350, '::1', NULL, '2026-07-26 08:41:51.061')

2026/07/26 08:41:51 [32mD:/Develop/Project_pos_mahenz/BE/domain/auth/repo/auth_repo.go:46
[0m[33m[0.507ms] [34;1m[rows:1][0m SELECT id, user_id, user_role, token, device_info, expires_at FROM sessions WHERE token = 'eyJhbGciOiJIUzI1NiIsInR5cCI6IkpXVCJ9.eyJhcHBzIjoiIiwiZXhwIjoxNzg1MDU4OTExLCJmdWxsX25hbWUiOiJBZG1pbmlzdHJhdG9yIiwicm9sZSI6ImFkbWluIiwidXNlcl9pZCI6MiwidXNlcm5hbWUiOiJhZG1pbiJ9.5CdilVioy0_CBaSXWv2da2m7UT_51HyelCc2MAOUzQs' LIMIT 1

2026/07/26 08:41:51 [32mD:/Develop/Project_pos_mahenz/BE/domain/access/repo/access_repo.go:55
[0m[33m[1.001ms] [34;1m[rows:38][0m 
SELECT
    m.key_name,
    COALESCE(rma.can_view,   0) AS can_view,
    COALESCE(rma.can_create, 0) AS can_create,
    COALESCE(rma.can_edit,   0) AS can_edit,
    COALESCE(rma.can_delete, 0) AS can_delete
FROM menus m
LEFT JOIN role_menu_access rma ON rma.menu_id = m.id
    AND rma.role_id = (SELECT id FROM roles WHERE name = 'admin' AND is_active = 1 LIMIT 1)
WHERE m.is_active = 1
ORDER BY m.id ASC

2026/07/26 08:41:51 [32mD:/Develop/Project_pos_mahenz/BE/domain/supplier_purchase/repo/purchase_repo.go:312
[0m[33m[0.392ms] [34;1m[rows:1][0m SELECT COUNT(*) FROM purchases WHERE DATE(purchase_date) = '2026-07-26'

2026/07/26 08:41:51 [32mD:/Develop/Project_pos_mahenz/BE/domain/supplier_purchase/repo/purchase_repo.go:332
[0m[33m[0.987ms] [34;1m[rows:1][0m INSERT INTO purchases (purchase_code, invoice_number, supplier_id, purchase_date, discount_amount, total_amount, payment_status, paid_amount, remaining_amount, user_id, notes) VALUES ('PO-20260726-012', 'INV-QA-VOIDDEL-1', 1, '2026-07-26', 0, 3000, 'unpaid', 0, 3000, 2, '')

2026/07/26 08:41:51 [32mD:/Develop/Project_pos_mahenz/BE/domain/supplier_purchase/repo/purchase_repo.go:339
[0m[33m[0.000ms] [34;1m[rows:1][0m SELECT LAST_INSERT_ID()

2026/07/26 08:41:51 [32mD:/Develop/Project_pos_mahenz/BE/domain/supplier_purchase/repo/purchase_repo.go:360
[0m[33m[0.535ms] [34;1m[rows:1][0m INSERT INTO purchase_items (purchase_id, product_id, quantity, unit, conversion_qty, purchase_price, subtotal) VALUES (16, 12, 3, 'Batang', 1, 1000, 3000)

2026/07/26 08:41:51 [32mD:/Develop/Project_pos_mahenz/BE/domain/supplier_purchase/repo/purchase_repo.go:378
[0m[33m[0.549ms] [34;1m[rows:1][0m SELECT stock FROM products WHERE id = 12 LIMIT 1

2026/07/26 08:41:51 [32mD:/Develop/Project_pos_mahenz/BE/domain/supplier_purchase/repo/purchase_repo.go:382
[0m[33m[0.000ms] [34;1m[rows:1][0m UPDATE products SET stock = stock + 3, updated_at = NOW() WHERE id = 12

2026/07/26 08:41:51 [32mD:/Develop/Project_pos_mahenz/BE/domain/supplier_purchase/repo/purchase_repo.go:388
[0m[33m[0.000ms] [34;1m[rows:1][0m INSERT INTO stock_mutations (product_id, mutation_type, quantity, stock_before, stock_after, reference_type, reference_id, notes, user_id) VALUES (12, 'in', 3, 3034, 3037, 'purchase', 16, 'Purchase Order PO-20260726-012', 2)

2026/07/26 08:41:51 [32mD:/Develop/Project_pos_mahenz/BE/domain/supplier_purchase/repo/purchase_repo.go:168
[0m[33m[1.018ms] [34;1m[rows:-][0m SELECT p.id, p.purchase_code, p.invoice_number, p.supplier_id, COALESCE(s.name, '') as supplier_name, p.purchase_date, p.discount_amount, p.total_amount, p.payment_status, p.paid_amount, p.remaining_amount, p.status, COALESCE(u.full_name, '') as user_name, p.notes FROM purchases p LEFT JOIN users u ON p.user_id = u.id LEFT JOIN suppliers s ON p.supplier_id = s.id WHERE p.id = 16

2026/07/26 08:41:51 [32mD:/Develop/Project_pos_mahenz/BE/domain/supplier_purchase/repo/purchase_repo.go:210
[0m[33m[0.000ms] [34;1m[rows:-][0m SELECT pi.id, pi.product_id, COALESCE(p.name, '') as product_name, pi.quantity, pi.unit, COALESCE(pi.conversion_qty, 1) as conversion_qty, pi.purchase_price, pi.subtotal FROM purchase_items pi LEFT JOIN products p ON pi.product_id = p.id WHERE pi.purchase_id = 16

2026/07/26 08:41:51 [32mD:/Develop/Project_pos_mahenz/BE/domain/supplier_purchase/repo/purchase_repo.go:244
[0m[33m[0.000ms] [34;1m[rows:0][0m SELECT qty, expired_date FROM product_expiry_batches WHERE purchase_item_id = 24 ORDER BY expired_date ASC
[GIN] 2026/07/26 - 08:41:51 | 201 |      9.8752ms |             ::1 | POST     "/api/supplier-purchases/create"

2026/07/26 08:41:51 [32mD:/Develop/Project_pos_mahenz/BE/repository/log_request_repository.go:32
[0m[33m[1.691ms] [34;1m[rows:1][0m INSERT INTO log_requests (id, method, endpoint, status_code, request_body, response_body, user_id, duration_ms, ip_address, error_message, created_at) VALUES ('c4e72db2-c3ca-419c-9e42-0ed604104eb8', 'POST', '/api/supplier-purchases/create', 201, '{
  "invoice_number":"INV-QA-VOIDDEL-1",
  "supplier_id":1,
  "purchase_date":"2026-07-26",
  "discount_amount":0,
  "payment_status":"unpaid",
  "items":[{"product_id":12,"quantity":3,"unit":"Batang","conversion_qty":1,"purchase_price":1000}]
}', '{"code":"21","status":true,"message":"Purchase order berhasil dibuat","data":{"id":16,"purchase_code":"PO-20260726-012","invoice_number":"INV-QA-VOIDDEL-1","supplier_id":1,"supplier_name":"Supplier Test Fase14","purchase_date":"2026-07-26T00:00:00+07:00","discount_amount":0,"total_amount":3000,"payment_status":"unpaid","paid_amount":0,"remaining_amount":3000,"status":"active","user_name":"Administrator","notes":"","items":[{"id":24,"product_id":12,"product_name":"Rokok Test Berantai","quantity":3,"unit":"Batang","conversion_qty":1,"purchase_price":1000,"subtotal":3000}]}}', 2, 9, '::1', NULL, '2026-07-26 08:41:51.188')

2026/07/26 08:42:07 [32mD:/Develop/Project_pos_mahenz/BE/domain/auth/repo/auth_repo.go:17
[0m[33m[0.827ms] [34;1m[rows:1][0m SELECT u.id, u.username, u.password, u.full_name, u.role_id, r.name AS role_name, u.is_active FROM users u INNER JOIN roles r ON r.id = u.role_id WHERE u.username = 'admin' LIMIT 1

2026/07/26 08:42:07 [32mD:/Develop/Project_pos_mahenz/BE/domain/auth/repo/auth_repo.go:67
[0m[33m[0.000ms] [34;1m[rows:1][0m DELETE FROM sessions WHERE user_id = 2

2026/07/26 08:42:07 [32mD:/Develop/Project_pos_mahenz/BE/domain/auth/repo/auth_repo.go:38
[0m[33m[0.000ms] [34;1m[rows:1][0m INSERT INTO sessions (user_id, user_role, token, refresh_token, device_info, ip_address, expires_at) VALUES (2, 'admin', 'eyJhbGciOiJIUzI1NiIsInR5cCI6IkpXVCJ9.eyJhcHBzIjoiIiwiZXhwIjoxNzg1MDU4OTI3LCJmdWxsX25hbWUiOiJBZG1pbmlzdHJhdG9yIiwicm9sZSI6ImFkbWluIiwidXNlcl9pZCI6MiwidXNlcm5hbWUiOiJhZG1pbiJ9.Yzr2vZg0RiG6LBvRq5Zh4YPjhMHJ5IqWaHTU5phk6Qk', '4f476ab398da488c3268bf5313a2b53aebd27e802003648be33f6f63e07c67d2', '', '::1', '2026-08-02 08:42:07.491') ON DUPLICATE KEY UPDATE user_role=VALUES(user_role), token=VALUES(token), refresh_token=VALUES(refresh_token), device_info=VALUES(device_info), ip_address=VALUES(ip_address), expires_at=VALUES(expires_at), created_at=NOW()
[GIN] 2026/07/26 - 08:42:07 | 200 |    297.6697ms |             ::1 | POST     "/api/auth/login"

2026/07/26 08:42:07 [32mD:/Develop/Project_pos_mahenz/BE/repository/log_request_repository.go:32
[0m[33m[3.546ms] [34;1m[rows:1][0m INSERT INTO log_requests (id, method, endpoint, status_code, request_body, response_body, user_id, duration_ms, ip_address, error_message, created_at) VALUES ('43c51ce0-40df-431f-b54f-17c0a25a633e', 'POST', '/api/auth/login', 200, '{"username":"admin","password":"admin123"}', '{"code":"00","status":true,"message":"Login berhasil","data":{"token":"eyJhbGciOiJIUzI1NiIsInR5cCI6IkpXVCJ9.eyJhcHBzIjoiIiwiZXhwIjoxNzg1MDU4OTI3LCJmdWxsX25hbWUiOiJBZG1pbmlzdHJhdG9yIiwicm9sZSI6ImFkbWluIiwidXNlcl9pZCI6MiwidXNlcm5hbWUiOiJhZG1pbiJ9.Yzr2vZg0RiG6LBvRq5Zh4YPjhMHJ5IqWaHTU5phk6Qk","refresh_token":"4f476ab398da488c3268bf5313a2b53aebd27e802003648be33f6f63e07c67d2","expires_at":"2026-08-02T08:42:07.4910116+07:00","user":{"id":2,"username":"admin","full_name":"Administrator","role_id":2,"role_name":"admin"}}}', NULL, 297, '::1', NULL, '2026-07-26 08:42:07.498')

2026/07/26 08:42:07 [32mD:/Develop/Project_pos_mahenz/BE/domain/auth/repo/auth_repo.go:46
[0m[33m[0.509ms] [34;1m[rows:1][0m SELECT id, user_id, user_role, token, device_info, expires_at FROM sessions WHERE token = 'eyJhbGciOiJIUzI1NiIsInR5cCI6IkpXVCJ9.eyJhcHBzIjoiIiwiZXhwIjoxNzg1MDU4OTI3LCJmdWxsX25hbWUiOiJBZG1pbmlzdHJhdG9yIiwicm9sZSI6ImFkbWluIiwidXNlcl9pZCI6MiwidXNlcm5hbWUiOiJhZG1pbiJ9.Yzr2vZg0RiG6LBvRq5Zh4YPjhMHJ5IqWaHTU5phk6Qk' LIMIT 1

2026/07/26 08:42:07 [32mD:/Develop/Project_pos_mahenz/BE/domain/product/repo/product_repo.go:100
[0m[33m[0.518ms] [34;1m[rows:1][0m SELECT COUNT(*) FROM products p WHERE 1=1 AND (p.name LIKE '%Rokok Test Berantai%' OR p.barcode LIKE '%Rokok Test Berantai%')

2026/07/26 08:42:07 [32mD:/Develop/Project_pos_mahenz/BE/domain/product/repo/product_repo.go:119
[0m[33m[1.224ms] [34;1m[rows:1][0m 
		SELECT p.id, p.barcode, COALESCE(p.sku, '') as sku, p.name, p.category_id, COALESCE(c.name, '') as category_name,
		       p.purchase_price, p.selling_price, p.stock, p.reserved_qty, p.min_stock,
		       COALESCE(p.unit_id, 0) as unit_id, COALESCE(u.name, '') as unit_name, COALESCE(u.abbreviation, '') as unit_abbreviation,
		       p.is_active,
		       (SELECT COUNT(*) FROM product_packages pp WHERE pp.product_id = p.id AND pp.is_default = 0) AS extra_packages,
		       (SELECT COUNT(*) FROM product_prices pr WHERE pr.product_id = p.id) AS price_tiers_count
		FROM products p
		LEFT JOIN categories c ON p.category_id = c.id
		LEFT JOIN units u ON u.id = p.unit_id
		WHERE 1=1 AND (p.name LIKE '%Rokok Test Berantai%' OR p.barcode LIKE '%Rokok Test Berantai%') ORDER BY p.name ASC LIMIT 1 OFFSET 0
[GIN] 2026/07/26 - 08:42:07 | 200 |       3.657ms |             ::1 | POST     "/api/products/list"

2026/07/26 08:42:07 [32mD:/Develop/Project_pos_mahenz/BE/repository/log_request_repository.go:32
[0m[33m[3.585ms] [34;1m[rows:1][0m INSERT INTO log_requests (id, method, endpoint, status_code, request_body, response_body, user_id, duration_ms, ip_address, error_message, created_at) VALUES ('75a692b2-4b2a-42a1-920c-f6b7f3886afc', 'POST', '/api/products/list', 200, '{"page":1,"limit":1,"search":"Rokok Test Berantai"}', '{"code":"00","status":true,"message":"Daftar produk","data":[{"id":12,"barcode":"8997789608850","sku":"SEM-0008","name":"Rokok Test Berantai","category_id":1,"category_name":"Sembako Test","purchase_price":800,"selling_price":1000,"stock":3037,"reserved_qty":0,"min_stock":5,"unit_id":2,"unit_name":"Batang","unit_abbreviation":"Btg","is_active":true,"extra_packages":3,"price_tiers_count":2}],"pagination":{"page":1,"per_page":1,"total":1,"total_pages":1}}', 2, 3, '::1', NULL, '2026-07-26 08:42:07.633')

2026/07/26 08:42:07 [32mD:/Develop/Project_pos_mahenz/BE/domain/auth/repo/auth_repo.go:46
[0m[33m[0.506ms] [34;1m[rows:1][0m SELECT id, user_id, user_role, token, device_info, expires_at FROM sessions WHERE token = 'eyJhbGciOiJIUzI1NiIsInR5cCI6IkpXVCJ9.eyJhcHBzIjoiIiwiZXhwIjoxNzg1MDU4OTI3LCJmdWxsX25hbWUiOiJBZG1pbmlzdHJhdG9yIiwicm9sZSI6ImFkbWluIiwidXNlcl9pZCI6MiwidXNlcm5hbWUiOiJhZG1pbiJ9.Yzr2vZg0RiG6LBvRq5Zh4YPjhMHJ5IqWaHTU5phk6Qk' LIMIT 1

2026/07/26 08:42:07 [32mD:/Develop/Project_pos_mahenz/BE/domain/supplier_purchase/repo/purchase_repo.go:199
[0m[33m[0.000ms] [34;1m[rows:1][0m SELECT id, purchase_code, invoice_number, supplier_id, purchase_date, discount_amount, total_amount, payment_status, paid_amount, remaining_amount, status, user_id, notes FROM purchases WHERE id = 16
[GIN] 2026/07/26 - 08:42:07 | 400 |      1.5807ms |             ::1 | POST     "/api/supplier-purchases/delete/16"
Error #01: PO harus di-void terlebih dahulu sebelum bisa dihapus

2026/07/26 08:42:07 [32mD:/Develop/Project_pos_mahenz/BE/repository/log_request_repository.go:32
[0m[33m[1.990ms] [34;1m[rows:1][0m INSERT INTO log_requests (id, method, endpoint, status_code, request_body, response_body, user_id, duration_ms, ip_address, error_message, created_at) VALUES ('5b7a0d24-1a31-42dd-9658-d2c2165ed6d5', 'POST', '/api/supplier-purchases/delete/16', 400, '', '{"code":"40","status":false,"message":"PO harus di-void terlebih dahulu sebelum bisa dihapus","data":null}', 2, 1, '::1', 'PO harus di-void terlebih dahulu sebelum bisa dihapus', '2026-07-26 08:42:07.793')

2026/07/26 08:42:07 [32mD:/Develop/Project_pos_mahenz/BE/domain/auth/repo/auth_repo.go:46
[0m[33m[1.510ms] [34;1m[rows:1][0m SELECT id, user_id, user_role, token, device_info, expires_at FROM sessions WHERE token = 'eyJhbGciOiJIUzI1NiIsInR5cCI6IkpXVCJ9.eyJhcHBzIjoiIiwiZXhwIjoxNzg1MDU4OTI3LCJmdWxsX25hbWUiOiJBZG1pbmlzdHJhdG9yIiwicm9sZSI6ImFkbWluIiwidXNlcl9pZCI6MiwidXNlcm5hbWUiOiJhZG1pbiJ9.Yzr2vZg0RiG6LBvRq5Zh4YPjhMHJ5IqWaHTU5phk6Qk' LIMIT 1

2026/07/26 08:42:07 [32mD:/Develop/Project_pos_mahenz/BE/domain/supplier_purchase/repo/purchase_repo.go:199
[0m[33m[0.000ms] [34;1m[rows:1][0m SELECT id, purchase_code, invoice_number, supplier_id, purchase_date, discount_amount, total_amount, payment_status, paid_amount, remaining_amount, status, user_id, notes FROM purchases WHERE id = 16

2026/07/26 08:42:07 [32mD:/Develop/Project_pos_mahenz/BE/domain/supplier_purchase/repo/purchase_repo.go:529
[0m[33m[0.519ms] [34;1m[rows:1][0m SELECT COUNT(*) FROM supplier_returns WHERE purchase_id = 16

2026/07/26 08:42:07 [32mD:/Develop/Project_pos_mahenz/BE/domain/supplier_purchase/repo/purchase_repo.go:543
[0m[33m[0.582ms] [34;1m[rows:1][0m SELECT status, paid_amount FROM purchases WHERE id = 16 LIMIT 1 FOR UPDATE

2026/07/26 08:42:07 [32mD:/Develop/Project_pos_mahenz/BE/domain/supplier_purchase/repo/purchase_repo.go:557
[0m[33m[0.551ms] [34;1m[rows:1][0m UPDATE purchases SET status = 'void', updated_at = NOW() WHERE id = 16

2026/07/26 08:42:07 [32mD:/Develop/Project_pos_mahenz/BE/domain/supplier_purchase/repo/purchase_repo.go:210
[0m[33m[0.000ms] [34;1m[rows:-][0m SELECT pi.id, pi.product_id, COALESCE(p.name, '') as product_name, pi.quantity, pi.unit, COALESCE(pi.conversion_qty, 1) as conversion_qty, pi.purchase_price, pi.subtotal FROM purchase_items pi LEFT JOIN products p ON pi.product_id = p.id WHERE pi.purchase_id = 16

2026/07/26 08:42:07 [32mD:/Develop/Project_pos_mahenz/BE/domain/supplier_purchase/repo/purchase_repo.go:244
[0m[33m[0.000ms] [34;1m[rows:0][0m SELECT qty, expired_date FROM product_expiry_batches WHERE purchase_item_id = 24 ORDER BY expired_date ASC

2026/07/26 08:42:07 [32mD:/Develop/Project_pos_mahenz/BE/domain/supplier_purchase/repo/purchase_repo.go:574
[0m[33m[0.520ms] [34;1m[rows:1][0m SELECT stock FROM products WHERE id = 12 LIMIT 1

2026/07/26 08:42:07 [32mD:/Develop/Project_pos_mahenz/BE/domain/supplier_purchase/repo/purchase_repo.go:578
[0m[33m[0.585ms] [34;1m[rows:1][0m UPDATE products SET stock = stock - 3, updated_at = NOW() WHERE id = 12

2026/07/26 08:42:07 [32mD:/Develop/Project_pos_mahenz/BE/domain/supplier_purchase/repo/purchase_repo.go:584
[0m[33m[0.000ms] [34;1m[rows:1][0m INSERT INTO stock_mutations (product_id, mutation_type, quantity, stock_before, stock_after, reference_type, reference_id, notes, user_id) VALUES (12, 'void_purchase', 3, 3037, 3034, 'purchase', 16, 'Void purchase order ID 16', 2)
[GIN] 2026/07/26 - 08:42:07 | 200 |      7.8463ms |             ::1 | POST     "/api/supplier-purchases/void/16"

2026/07/26 08:42:07 [32mD:/Develop/Project_pos_mahenz/BE/repository/log_request_repository.go:32
[0m[33m[1.757ms] [34;1m[rows:1][0m INSERT INTO log_requests (id, method, endpoint, status_code, request_body, response_body, user_id, duration_ms, ip_address, error_message, created_at) VALUES ('e046e966-dbbf-4d77-a487-f97e841502ce', 'POST', '/api/supplier-purchases/void/16', 200, '', '{"code":"00","status":true,"message":"Purchase order berhasil di-void","data":null}', 2, 7, '::1', NULL, '2026-07-26 08:42:07.975')

2026/07/26 08:42:08 [32mD:/Develop/Project_pos_mahenz/BE/domain/auth/repo/auth_repo.go:46
[0m[33m[0.506ms] [34;1m[rows:1][0m SELECT id, user_id, user_role, token, device_info, expires_at FROM sessions WHERE token = 'eyJhbGciOiJIUzI1NiIsInR5cCI6IkpXVCJ9.eyJhcHBzIjoiIiwiZXhwIjoxNzg1MDU4OTI3LCJmdWxsX25hbWUiOiJBZG1pbmlzdHJhdG9yIiwicm9sZSI6ImFkbWluIiwidXNlcl9pZCI6MiwidXNlcm5hbWUiOiJhZG1pbiJ9.Yzr2vZg0RiG6LBvRq5Zh4YPjhMHJ5IqWaHTU5phk6Qk' LIMIT 1

2026/07/26 08:42:08 [32mD:/Develop/Project_pos_mahenz/BE/domain/product/repo/product_repo.go:100
[0m[33m[0.589ms] [34;1m[rows:1][0m SELECT COUNT(*) FROM products p WHERE 1=1 AND (p.name LIKE '%Rokok Test Berantai%' OR p.barcode LIKE '%Rokok Test Berantai%')

2026/07/26 08:42:08 [32mD:/Develop/Project_pos_mahenz/BE/domain/product/repo/product_repo.go:119
[0m[33m[1.105ms] [34;1m[rows:1][0m 
		SELECT p.id, p.barcode, COALESCE(p.sku, '') as sku, p.name, p.category_id, COALESCE(c.name, '') as category_name,
		       p.purchase_price, p.selling_price, p.stock, p.reserved_qty, p.min_stock,
		       COALESCE(p.unit_id, 0) as unit_id, COALESCE(u.name, '') as unit_name, COALESCE(u.abbreviation, '') as unit_abbreviation,
		       p.is_active,
		       (SELECT COUNT(*) FROM product_packages pp WHERE pp.product_id = p.id AND pp.is_default = 0) AS extra_packages,
		       (SELECT COUNT(*) FROM product_prices pr WHERE pr.product_id = p.id) AS price_tiers_count
		FROM products p
		LEFT JOIN categories c ON p.category_id = c.id
		LEFT JOIN units u ON u.id = p.unit_id
		WHERE 1=1 AND (p.name LIKE '%Rokok Test Berantai%' OR p.barcode LIKE '%Rokok Test Berantai%') ORDER BY p.name ASC LIMIT 1 OFFSET 0
[GIN] 2026/07/26 - 08:42:08 | 200 |      2.2009ms |             ::1 | POST     "/api/products/list"

2026/07/26 08:42:08 [32mD:/Develop/Project_pos_mahenz/BE/repository/log_request_repository.go:32
[0m[33m[2.362ms] [34;1m[rows:1][0m INSERT INTO log_requests (id, method, endpoint, status_code, request_body, response_body, user_id, duration_ms, ip_address, error_message, created_at) VALUES ('8b86ce3b-d90e-4bba-b456-f763e6fe2117', 'POST', '/api/products/list', 200, '{"page":1,"limit":1,"search":"Rokok Test Berantai"}', '{"code":"00","status":true,"message":"Daftar produk","data":[{"id":12,"barcode":"8997789608850","sku":"SEM-0008","name":"Rokok Test Berantai","category_id":1,"category_name":"Sembako Test","purchase_price":800,"selling_price":1000,"stock":3034,"reserved_qty":0,"min_stock":5,"unit_id":2,"unit_name":"Batang","unit_abbreviation":"Btg","is_active":true,"extra_packages":3,"price_tiers_count":2}],"pagination":{"page":1,"per_page":1,"total":1,"total_pages":1}}', 2, 2, '::1', NULL, '2026-07-26 08:42:08.081')

2026/07/26 08:42:08 [32mD:/Develop/Project_pos_mahenz/BE/domain/auth/repo/auth_repo.go:46
[0m[33m[0.593ms] [34;1m[rows:1][0m SELECT id, user_id, user_role, token, device_info, expires_at FROM sessions WHERE token = 'eyJhbGciOiJIUzI1NiIsInR5cCI6IkpXVCJ9.eyJhcHBzIjoiIiwiZXhwIjoxNzg1MDU4OTI3LCJmdWxsX25hbWUiOiJBZG1pbmlzdHJhdG9yIiwicm9sZSI6ImFkbWluIiwidXNlcl9pZCI6MiwidXNlcm5hbWUiOiJhZG1pbiJ9.Yzr2vZg0RiG6LBvRq5Zh4YPjhMHJ5IqWaHTU5phk6Qk' LIMIT 1

2026/07/26 08:42:08 [32mD:/Develop/Project_pos_mahenz/BE/domain/supplier_purchase/repo/purchase_repo.go:199
[0m[33m[0.730ms] [34;1m[rows:1][0m SELECT id, purchase_code, invoice_number, supplier_id, purchase_date, discount_amount, total_amount, payment_status, paid_amount, remaining_amount, status, user_id, notes FROM purchases WHERE id = 16

2026/07/26 08:42:08 [32mD:/Develop/Project_pos_mahenz/BE/domain/supplier_purchase/repo/purchase_repo.go:493
[0m[33m[0.622ms] [34;1m[rows:2][0m DELETE FROM stock_mutations WHERE reference_type = 'purchase' AND reference_id = 16

2026/07/26 08:42:08 [32mD:/Develop/Project_pos_mahenz/BE/domain/supplier_purchase/repo/purchase_repo.go:497
[0m[33m[0.000ms] [34;1m[rows:1][0m DELETE FROM purchase_items WHERE purchase_id = 16

2026/07/26 08:42:08 [32mD:/Develop/Project_pos_mahenz/BE/domain/supplier_purchase/repo/purchase_repo.go:501
[0m[33m[0.681ms] [34;1m[rows:1][0m DELETE FROM purchases WHERE id = 16
[GIN] 2026/07/26 - 08:42:08 | 200 |      3.4676ms |             ::1 | POST     "/api/supplier-purchases/delete/16"

2026/07/26 08:42:08 [32mD:/Develop/Project_pos_mahenz/BE/repository/log_request_repository.go:32
[0m[33m[3.218ms] [34;1m[rows:1][0m INSERT INTO log_requests (id, method, endpoint, status_code, request_body, response_body, user_id, duration_ms, ip_address, error_message, created_at) VALUES ('b697b400-68bb-4e6d-8589-cc3dd4ccca76', 'POST', '/api/supplier-purchases/delete/16', 200, '', '{"code":"00","status":true,"message":"Purchase order berhasil dihapus","data":null}', 2, 3, '::1', NULL, '2026-07-26 08:42:08.194')

2026/07/26 08:42:08 [32mD:/Develop/Project_pos_mahenz/BE/domain/auth/repo/auth_repo.go:46
[0m[33m[0.506ms] [34;1m[rows:1][0m SELECT id, user_id, user_role, token, device_info, expires_at FROM sessions WHERE token = 'eyJhbGciOiJIUzI1NiIsInR5cCI6IkpXVCJ9.eyJhcHBzIjoiIiwiZXhwIjoxNzg1MDU4OTI3LCJmdWxsX25hbWUiOiJBZG1pbmlzdHJhdG9yIiwicm9sZSI6ImFkbWluIiwidXNlcl9pZCI6MiwidXNlcm5hbWUiOiJhZG1pbiJ9.Yzr2vZg0RiG6LBvRq5Zh4YPjhMHJ5IqWaHTU5phk6Qk' LIMIT 1

2026/07/26 08:42:08 [32mD:/Develop/Project_pos_mahenz/BE/domain/product/repo/product_repo.go:100
[0m[33m[0.000ms] [34;1m[rows:1][0m SELECT COUNT(*) FROM products p WHERE 1=1 AND (p.name LIKE '%Rokok Test Berantai%' OR p.barcode LIKE '%Rokok Test Berantai%')

2026/07/26 08:42:08 [32mD:/Develop/Project_pos_mahenz/BE/domain/product/repo/product_repo.go:119
[0m[33m[0.528ms] [34;1m[rows:1][0m 
		SELECT p.id, p.barcode, COALESCE(p.sku, '') as sku, p.name, p.category_id, COALESCE(c.name, '') as category_name,
		       p.purchase_price, p.selling_price, p.stock, p.reserved_qty, p.min_stock,
		       COALESCE(p.unit_id, 0) as unit_id, COALESCE(u.name, '') as unit_name, COALESCE(u.abbreviation, '') as unit_abbreviation,
		       p.is_active,
		       (SELECT COUNT(*) FROM product_packages pp WHERE pp.product_id = p.id AND pp.is_default = 0) AS extra_packages,
		       (SELECT COUNT(*) FROM product_prices pr WHERE pr.product_id = p.id) AS price_tiers_count
		FROM products p
		LEFT JOIN categories c ON p.category_id = c.id
		LEFT JOIN units u ON u.id = p.unit_id
		WHERE 1=1 AND (p.name LIKE '%Rokok Test Berantai%' OR p.barcode LIKE '%Rokok Test Berantai%') ORDER BY p.name ASC LIMIT 1 OFFSET 0
[GIN] 2026/07/26 - 08:42:08 | 200 |      2.2558ms |             ::1 | POST     "/api/products/list"

2026/07/26 08:42:08 [32mD:/Develop/Project_pos_mahenz/BE/repository/log_request_repository.go:32
[0m[33m[2.290ms] [34;1m[rows:1][0m INSERT INTO log_requests (id, method, endpoint, status_code, request_body, response_body, user_id, duration_ms, ip_address, error_message, created_at) VALUES ('e8c3400e-513d-4ff6-a192-a0c2d5958a4d', 'POST', '/api/products/list', 200, '{"page":1,"limit":1,"search":"Rokok Test Berantai"}', '{"code":"00","status":true,"message":"Daftar produk","data":[{"id":12,"barcode":"8997789608850","sku":"SEM-0008","name":"Rokok Test Berantai","category_id":1,"category_name":"Sembako Test","purchase_price":800,"selling_price":1000,"stock":3034,"reserved_qty":0,"min_stock":5,"unit_id":2,"unit_name":"Batang","unit_abbreviation":"Btg","is_active":true,"extra_packages":3,"price_tiers_count":2}],"pagination":{"page":1,"per_page":1,"total":1,"total_pages":1}}', 2, 2, '::1', NULL, '2026-07-26 08:42:08.297')

2026/07/26 08:42:08 [32mD:/Develop/Project_pos_mahenz/BE/domain/auth/repo/auth_repo.go:46
[0m[33m[0.507ms] [34;1m[rows:1][0m SELECT id, user_id, user_role, token, device_info, expires_at FROM sessions WHERE token = 'eyJhbGciOiJIUzI1NiIsInR5cCI6IkpXVCJ9.eyJhcHBzIjoiIiwiZXhwIjoxNzg1MDU4OTI3LCJmdWxsX25hbWUiOiJBZG1pbmlzdHJhdG9yIiwicm9sZSI6ImFkbWluIiwidXNlcl9pZCI6MiwidXNlcm5hbWUiOiJhZG1pbiJ9.Yzr2vZg0RiG6LBvRq5Zh4YPjhMHJ5IqWaHTU5phk6Qk' LIMIT 1

2026/07/26 08:42:08 [32mD:/Develop/Project_pos_mahenz/BE/domain/supplier_purchase/repo/purchase_repo.go:168
[0m[33m[0.536ms] [34;1m[rows:-][0m SELECT p.id, p.purchase_code, p.invoice_number, p.supplier_id, COALESCE(s.name, '') as supplier_name, p.purchase_date, p.discount_amount, p.total_amount, p.payment_status, p.paid_amount, p.remaining_amount, p.status, COALESCE(u.full_name, '') as user_name, p.notes FROM purchases p LEFT JOIN users u ON p.user_id = u.id LEFT JOIN suppliers s ON p.supplier_id = s.id WHERE p.id = 16
[GIN] 2026/07/26 - 08:42:08 | 404 |      1.0432ms |             ::1 | POST     "/api/supplier-purchases/detail/16"
Error #01: Purchase order tidak ditemukan

2026/07/26 08:42:08 [32mD:/Develop/Project_pos_mahenz/BE/repository/log_request_repository.go:32
[0m[33m[2.344ms] [34;1m[rows:1][0m INSERT INTO log_requests (id, method, endpoint, status_code, request_body, response_body, user_id, duration_ms, ip_address, error_message, created_at) VALUES ('64252d6a-059a-429f-9aca-3f4b05da0e5d', 'POST', '/api/supplier-purchases/detail/16', 404, '', '{"code":"44","status":false,"message":"Purchase order tidak ditemukan","data":null}', 2, 1, '::1', 'Purchase order tidak ditemukan', '2026-07-26 08:42:08.505')

2026/07/26 08:42:32 [32mD:/Develop/Project_pos_mahenz/BE/domain/auth/repo/auth_repo.go:17
[0m[33m[2.555ms] [34;1m[rows:1][0m SELECT u.id, u.username, u.password, u.full_name, u.role_id, r.name AS role_name, u.is_active FROM users u INNER JOIN roles r ON r.id = u.role_id WHERE u.username = 'admin' LIMIT 1

2026/07/26 08:42:33 [32mD:/Develop/Project_pos_mahenz/BE/domain/auth/repo/auth_repo.go:67
[0m[33m[10.494ms] [34;1m[rows:1][0m DELETE FROM sessions WHERE user_id = 2

2026/07/26 08:42:33 [32mD:/Develop/Project_pos_mahenz/BE/domain/auth/repo/auth_repo.go:38
[0m[33m[3.482ms] [34;1m[rows:1][0m INSERT INTO sessions (user_id, user_role, token, refresh_token, device_info, ip_address, expires_at) VALUES (2, 'admin', 'eyJhbGciOiJIUzI1NiIsInR5cCI6IkpXVCJ9.eyJhcHBzIjoiIiwiZXhwIjoxNzg1MDU4OTUzLCJmdWxsX25hbWUiOiJBZG1pbmlzdHJhdG9yIiwicm9sZSI6ImFkbWluIiwidXNlcl9pZCI6MiwidXNlcm5hbWUiOiJhZG1pbiJ9.3sbfYMkNDcRFPwHA1KrXdydWo9b44mIhBQ72aPTq_84', 'f86fc08bf0e092e733a61ab0c2373f881524a4a8c1446117a89b80db58ad8c38', '', '::1', '2026-08-02 08:42:33.172') ON DUPLICATE KEY UPDATE user_role=VALUES(user_role), token=VALUES(token), refresh_token=VALUES(refresh_token), device_info=VALUES(device_info), ip_address=VALUES(ip_address), expires_at=VALUES(expires_at), created_at=NOW()
[GIN] 2026/07/26 - 08:42:33 | 200 |    249.4068ms |             ::1 | POST     "/api/auth/login"

2026/07/26 08:42:33 [32mD:/Develop/Project_pos_mahenz/BE/repository/log_request_repository.go:32
[0m[33m[2.503ms] [34;1m[rows:1][0m INSERT INTO log_requests (id, method, endpoint, status_code, request_body, response_body, user_id, duration_ms, ip_address, error_message, created_at) VALUES ('379988dd-00aa-47ff-b57c-13dec35297fd', 'POST', '/api/auth/login', 200, '{"username":"admin","password":"admin123"}', '{"code":"00","status":true,"message":"Login berhasil","data":{"token":"eyJhbGciOiJIUzI1NiIsInR5cCI6IkpXVCJ9.eyJhcHBzIjoiIiwiZXhwIjoxNzg1MDU4OTUzLCJmdWxsX25hbWUiOiJBZG1pbmlzdHJhdG9yIiwicm9sZSI6ImFkbWluIiwidXNlcl9pZCI6MiwidXNlcm5hbWUiOiJhZG1pbiJ9.3sbfYMkNDcRFPwHA1KrXdydWo9b44mIhBQ72aPTq_84","refresh_token":"f86fc08bf0e092e733a61ab0c2373f881524a4a8c1446117a89b80db58ad8c38","expires_at":"2026-08-02T08:42:33.1720457+07:00","user":{"id":2,"username":"admin","full_name":"Administrator","role_id":2,"role_name":"admin"}}}', NULL, 248, '::1', NULL, '2026-07-26 08:42:33.186')

2026/07/26 08:42:33 [32mD:/Develop/Project_pos_mahenz/BE/domain/auth/repo/auth_repo.go:46
[0m[33m[0.508ms] [34;1m[rows:1][0m SELECT id, user_id, user_role, token, device_info, expires_at FROM sessions WHERE token = 'eyJhbGciOiJIUzI1NiIsInR5cCI6IkpXVCJ9.eyJhcHBzIjoiIiwiZXhwIjoxNzg1MDU4OTUzLCJmdWxsX25hbWUiOiJBZG1pbmlzdHJhdG9yIiwicm9sZSI6ImFkbWluIiwidXNlcl9pZCI6MiwidXNlcm5hbWUiOiJhZG1pbiJ9.3sbfYMkNDcRFPwHA1KrXdydWo9b44mIhBQ72aPTq_84' LIMIT 1

2026/07/26 08:42:33 [32mD:/Develop/Project_pos_mahenz/BE/domain/supplier_purchase/repo/purchase_repo.go:312
[0m[33m[0.564ms] [34;1m[rows:1][0m SELECT COUNT(*) FROM purchases WHERE DATE(purchase_date) = '2026-07-26'

2026/07/26 08:42:33 [32mD:/Develop/Project_pos_mahenz/BE/domain/supplier_purchase/repo/purchase_repo.go:332
[0m[33m[0.522ms] [34;1m[rows:1][0m INSERT INTO purchases (purchase_code, invoice_number, supplier_id, purchase_date, discount_amount, total_amount, payment_status, paid_amount, remaining_amount, user_id, notes) VALUES ('PO-20260726-012', 'INV-QA-VOIDDEL-2', 1, '2026-07-26', 0, 2000, 'unpaid', 0, 2000, 2, '')

2026/07/26 08:42:33 [32mD:/Develop/Project_pos_mahenz/BE/domain/supplier_purchase/repo/purchase_repo.go:339
[0m[33m[0.000ms] [34;1m[rows:1][0m SELECT LAST_INSERT_ID()

2026/07/26 08:42:33 [32mD:/Develop/Project_pos_mahenz/BE/domain/supplier_purchase/repo/purchase_repo.go:360
[0m[33m[0.786ms] [34;1m[rows:1][0m INSERT INTO purchase_items (purchase_id, product_id, quantity, unit, conversion_qty, purchase_price, subtotal) VALUES (17, 12, 2, 'Batang', 1, 1000, 2000)

2026/07/26 08:42:33 [32mD:/Develop/Project_pos_mahenz/BE/domain/supplier_purchase/repo/purchase_repo.go:378
[0m[33m[2.052ms] [34;1m[rows:1][0m SELECT stock FROM products WHERE id = 12 LIMIT 1

2026/07/26 08:42:33 [32mD:/Develop/Project_pos_mahenz/BE/domain/supplier_purchase/repo/purchase_repo.go:382
[0m[33m[1.259ms] [34;1m[rows:1][0m UPDATE products SET stock = stock + 2, updated_at = NOW() WHERE id = 12

2026/07/26 08:42:33 [32mD:/Develop/Project_pos_mahenz/BE/domain/supplier_purchase/repo/purchase_repo.go:388
[0m[33m[8.607ms] [34;1m[rows:1][0m INSERT INTO stock_mutations (product_id, mutation_type, quantity, stock_before, stock_after, reference_type, reference_id, notes, user_id) VALUES (12, 'in', 2, 3034, 3036, 'purchase', 17, 'Purchase Order PO-20260726-012', 2)

2026/07/26 08:42:33 [32mD:/Develop/Project_pos_mahenz/BE/domain/supplier_purchase/repo/purchase_repo.go:168
[0m[33m[8.228ms] [34;1m[rows:-][0m SELECT p.id, p.purchase_code, p.invoice_number, p.supplier_id, COALESCE(s.name, '') as supplier_name, p.purchase_date, p.discount_amount, p.total_amount, p.payment_status, p.paid_amount, p.remaining_amount, p.status, COALESCE(u.full_name, '') as user_name, p.notes FROM purchases p LEFT JOIN users u ON p.user_id = u.id LEFT JOIN suppliers s ON p.supplier_id = s.id WHERE p.id = 17

2026/07/26 08:42:33 [32mD:/Develop/Project_pos_mahenz/BE/domain/supplier_purchase/repo/purchase_repo.go:210
[0m[33m[9.070ms] [34;1m[rows:-][0m SELECT pi.id, pi.product_id, COALESCE(p.name, '') as product_name, pi.quantity, pi.unit, COALESCE(pi.conversion_qty, 1) as conversion_qty, pi.purchase_price, pi.subtotal FROM purchase_items pi LEFT JOIN products p ON pi.product_id = p.id WHERE pi.purchase_id = 17

2026/07/26 08:42:33 [32mD:/Develop/Project_pos_mahenz/BE/domain/supplier_purchase/repo/purchase_repo.go:244
[0m[33m[16.355ms] [34;1m[rows:0][0m SELECT qty, expired_date FROM product_expiry_batches WHERE purchase_item_id = 25 ORDER BY expired_date ASC
[GIN] 2026/07/26 - 08:42:33 | 201 |     67.7621ms |             ::1 | POST     "/api/supplier-purchases/create"

2026/07/26 08:42:33 [32mD:/Develop/Project_pos_mahenz/BE/repository/log_request_repository.go:32
[0m[33m[25.355ms] [34;1m[rows:1][0m INSERT INTO log_requests (id, method, endpoint, status_code, request_body, response_body, user_id, duration_ms, ip_address, error_message, created_at) VALUES ('057f2dee-5af0-4bff-8fd6-abf85708a874', 'POST', '/api/supplier-purchases/create', 201, '{
  "invoice_number":"INV-QA-VOIDDEL-2",
  "supplier_id":1,
  "purchase_date":"2026-07-26",
  "discount_amount":0,
  "payment_status":"unpaid",
  "items":[{"product_id":12,"quantity":2,"unit":"Batang","conversion_qty":1,"purchase_price":1000}]
}', '{"code":"21","status":true,"message":"Purchase order berhasil dibuat","data":{"id":17,"purchase_code":"PO-20260726-012","invoice_number":"INV-QA-VOIDDEL-2","supplier_id":1,"supplier_name":"Supplier Test Fase14","purchase_date":"2026-07-26T00:00:00+07:00","discount_amount":0,"total_amount":2000,"payment_status":"unpaid","paid_amount":0,"remaining_amount":2000,"status":"active","user_name":"Administrator","notes":"","items":[{"id":25,"product_id":12,"product_name":"Rokok Test Berantai","quantity":2,"unit":"Batang","conversion_qty":1,"purchase_price":1000,"subtotal":2000}]}}', 2, 67, '::1', NULL, '2026-07-26 08:42:33.445')
[GIN] 2026/07/26 - 08:46:00 | 204 |            0s |             ::1 | OPTIONS  "/api/auth/login"

2026/07/26 08:46:00 [32mD:/Develop/Project_pos_mahenz/BE/domain/auth/repo/auth_repo.go:17
[0m[33m[3.667ms] [34;1m[rows:1][0m SELECT u.id, u.username, u.password, u.full_name, u.role_id, r.name AS role_name, u.is_active FROM users u INNER JOIN roles r ON r.id = u.role_id WHERE u.username = 'admin' LIMIT 1

2026/07/26 08:46:00 [32mD:/Develop/Project_pos_mahenz/BE/domain/auth/repo/auth_repo.go:67
[0m[33m[6.399ms] [34;1m[rows:1][0m DELETE FROM sessions WHERE user_id = 2

2026/07/26 08:46:00 [32mD:/Develop/Project_pos_mahenz/BE/domain/auth/repo/auth_repo.go:38
[0m[33m[2.539ms] [34;1m[rows:1][0m INSERT INTO sessions (user_id, user_role, token, refresh_token, device_info, ip_address, expires_at) VALUES (2, 'admin', 'eyJhbGciOiJIUzI1NiIsInR5cCI6IkpXVCJ9.eyJhcHBzIjoid2ViIiwiZXhwIjoxNzg1MDU5MTYwLCJmdWxsX25hbWUiOiJBZG1pbmlzdHJhdG9yIiwicm9sZSI6ImFkbWluIiwidXNlcl9pZCI6MiwidXNlcm5hbWUiOiJhZG1pbiJ9.XGlggfe4yfgdt6F94OZptCXAJV7iqhEU5rCK5NC74vs', 'bbcd73d8482ff5061fe4395cd9dc4fd7a2a9e595bd2cdf9dadd955eb3dbb1571', 'web', '::1', '2026-08-02 08:46:00.224') ON DUPLICATE KEY UPDATE user_role=VALUES(user_role), token=VALUES(token), refresh_token=VALUES(refresh_token), device_info=VALUES(device_info), ip_address=VALUES(ip_address), expires_at=VALUES(expires_at), created_at=NOW()
[GIN] 2026/07/26 - 08:46:00 | 200 |    105.1404ms |             ::1 | POST     "/api/auth/login"

2026/07/26 08:46:00 [32mD:/Develop/Project_pos_mahenz/BE/repository/log_request_repository.go:32
[0m[33m[2.001ms] [34;1m[rows:1][0m INSERT INTO log_requests (id, method, endpoint, status_code, request_body, response_body, user_id, duration_ms, ip_address, error_message, created_at) VALUES ('0f3914ab-195f-42a3-b557-4642b8a31dd5', 'POST', '/api/auth/login', 200, '{"username":"admin","password":"admin123","device_info":"web"}', '{"code":"00","status":true,"message":"Login berhasil","data":{"token":"eyJhbGciOiJIUzI1NiIsInR5cCI6IkpXVCJ9.eyJhcHBzIjoid2ViIiwiZXhwIjoxNzg1MDU5MTYwLCJmdWxsX25hbWUiOiJBZG1pbmlzdHJhdG9yIiwicm9sZSI6ImFkbWluIiwidXNlcl9pZCI6MiwidXNlcm5hbWUiOiJhZG1pbiJ9.XGlggfe4yfgdt6F94OZptCXAJV7iqhEU5rCK5NC74vs","refresh_token":"bbcd73d8482ff5061fe4395cd9dc4fd7a2a9e595bd2cdf9dadd955eb3dbb1571","expires_at":"2026-08-02T08:46:00.2243413+07:00","user":{"id":2,"username":"admin","full_name":"Administrator","role_id":2,"role_name":"admin"}}}', NULL, 104, '::1', NULL, '2026-07-26 08:46:00.235')
[GIN] 2026/07/26 - 08:46:00 | 204 |            0s |             ::1 | OPTIONS  "/api/menus/my"
[GIN] 2026/07/26 - 08:46:00 | 204 |            0s |             ::1 | OPTIONS  "/api/menus/my"

2026/07/26 08:46:00 [32mD:/Develop/Project_pos_mahenz/BE/domain/auth/repo/auth_repo.go:46
[0m[33m[0.515ms] [34;1m[rows:1][0m SELECT id, user_id, user_role, token, device_info, expires_at FROM sessions WHERE token = 'eyJhbGciOiJIUzI1NiIsInR5cCI6IkpXVCJ9.eyJhcHBzIjoid2ViIiwiZXhwIjoxNzg1MDU5MTYwLCJmdWxsX25hbWUiOiJBZG1pbmlzdHJhdG9yIiwicm9sZSI6ImFkbWluIiwidXNlcl9pZCI6MiwidXNlcm5hbWUiOiJhZG1pbiJ9.XGlggfe4yfgdt6F94OZptCXAJV7iqhEU5rCK5NC74vs' LIMIT 1

2026/07/26 08:46:00 [32mD:/Develop/Project_pos_mahenz/BE/domain/menu/repo/menu_repo.go:121
[0m[33m[1.044ms] [34;1m[rows:-][0m 
		SELECT
			m.id,
			m.parent_id,
			m.key_name,
			m.label,
			m.icon,
			m.path,
			m.order_index,
			COALESCE(rma.can_view,   0),
			COALESCE(rma.can_create, 0),
			COALESCE(rma.can_edit,   0),
			COALESCE(rma.can_delete, 0)
		FROM menus m
		LEFT JOIN role_menu_access rma ON rma.menu_id = m.id
			AND rma.role_id = (SELECT id FROM roles WHERE name = 'admin' AND is_active = 1 LIMIT 1)
		WHERE m.is_active = 1
		ORDER BY m.order_index ASC, m.id ASC
		
[GIN] 2026/07/26 - 08:46:00 | 200 |      3.1595ms |             ::1 | POST     "/api/menus/my"

2026/07/26 08:46:00 [32mD:/Develop/Project_pos_mahenz/BE/domain/auth/repo/auth_repo.go:46
[0m[33m[2.098ms] [34;1m[rows:1][0m SELECT id, user_id, user_role, token, device_info, expires_at FROM sessions WHERE token = 'eyJhbGciOiJIUzI1NiIsInR5cCI6IkpXVCJ9.eyJhcHBzIjoid2ViIiwiZXhwIjoxNzg1MDU5MTYwLCJmdWxsX25hbWUiOiJBZG1pbmlzdHJhdG9yIiwicm9sZSI6ImFkbWluIiwidXNlcl9pZCI6MiwidXNlcm5hbWUiOiJhZG1pbiJ9.XGlggfe4yfgdt6F94OZptCXAJV7iqhEU5rCK5NC74vs' LIMIT 1

2026/07/26 08:46:00 [32mD:/Develop/Project_pos_mahenz/BE/domain/menu/repo/menu_repo.go:121
[0m[33m[1.441ms] [34;1m[rows:-][0m 
		SELECT
			m.id,
			m.parent_id,
			m.key_name,
			m.label,
			m.icon,
			m.path,
			m.order_index,
			COALESCE(rma.can_view,   0),
			COALESCE(rma.can_create, 0),
			COALESCE(rma.can_edit,   0),
			COALESCE(rma.can_delete, 0)
		FROM menus m
		LEFT JOIN role_menu_access rma ON rma.menu_id = m.id
			AND rma.role_id = (SELECT id FROM roles WHERE name = 'admin' AND is_active = 1 LIMIT 1)
		WHERE m.is_active = 1
		ORDER BY m.order_index ASC, m.id ASC
		
[GIN] 2026/07/26 - 08:46:00 | 200 |      3.5392ms |             ::1 | POST     "/api/menus/my"

2026/07/26 08:46:00 [32mD:/Develop/Project_pos_mahenz/BE/repository/log_request_repository.go:32
[0m[33m[2.108ms] [34;1m[rows:1][0m INSERT INTO log_requests (id, method, endpoint, status_code, request_body, response_body, user_id, duration_ms, ip_address, error_message, created_at) VALUES ('275c5649-16dd-47ac-8be1-c579afd743b7', 'POST', '/api/menus/my', 200, '{}', '{"code":"00","status":true,"message":"Menu akses","data":[{"key_name":"beranda","label":"Beranda","icon":"Home","path":null,"order_index":1,"permission":{"can_view":true,"can_create":true,"can_edit":true,"can_delete":true},"children":[{"key_name":"beranda.dashboard","label":"Dashboard","icon":"LayoutDashboard","path":"/dashboard","order_index":1,"permission":{"can_view":true,"can_create":true,"can_edit":true,"can_delete":true},"children":[]}]},{"key_name":"penjualan","label":"Penjualan","icon":"ShoppingCart","path":null,"order_index":2,"permission":{"can_view":true,"can_create":true,"can_edit":true,"can_delete":true},"children":[{"key_name":"penjualan.kasir","label":"Kasir","icon":"ShoppingCart","path":"/kasir","order_index":1,"permission":{"can_view":true,"can_create":true,"can_edit":true,"can_delete":true},"children":[]},{"key_name":"penjualan.transaksi","label":"Transaksi","icon":"Receipt","path":"/transactions","order_index":2,"permission":{"can_view":true,"can_create":true,"can_edit":true,"can_delete":true},"children":[]}]},{"key_name":"produk","label":"Produk","icon":"Package","path":null,"order_index":3,"permission":{"can_view":true,"can_create":true,"can_edit":true,"can_delete":true},"children":[{"key_name":"produk.produk","label":"Produk","icon":"Package","path":"/products","order_index":1,"permission":{"can_view":true,"can_create":true,"can_edit":true,"can_delete":true},"children":[]},{"key_name":"produk.kategori","label":"Kategori","icon":"Tag","path":"/products/categories","order_index":2,"permission":{"can_view":true,"can_create":true,"can_edit":true,"can_delete":true},"children":[]},{"key_name":"produk.unit","label":"Unit","icon":"PackageSearch","path":"/products/units","order_index":3,"permission":{"can_view":true,"can_create":true,"can_edit":true,"can_delete":true},"children":[]}]},{"key_name":"pengadaan","label":"Pengadaan","icon":"Truck","path":null,"order_index":4,"permission":{"can_view":true,"can_create":true,"can_edit":true,"can_delete":true},"children":[{"key_name":"pengadaan.supplier","label":"Supplier","icon":"Truck","path":"/suppliers","order_index":1,"permission":{"can_view":true,"can_create":true,"can_edit":true,"can_delete":true},"children":[]},{"key_name":"pengadaan.pembelian","label":"Pembelian","icon":"ShoppingBag","path":"/suppliers/purchases","order_index":2,"permission":{"can_view":true,"can_create":true,"can_edit":true,"can_delete":true},"children":[]},{"key_name":"pengadaan.retur","label":"Retur","icon":"RotateCcw","path":"/suppliers/returns","order_index":3,"permission":{"can_view":true,"can_create":true,"can_edit":true,"can_delete":true},"children":[]}]},{"key_name":"pelanggan","label":"Pelanggan","icon":"Users","path":null,"order_index":5,"permission":{"can_view":true,"can_create":true,"can_edit":true,"can_delete":true},"children":[{"key_name":"pelanggan.pelanggan","label":"Pelanggan","icon":"Users","path":"/customers","order_index":1,"permission":{"can_view":true,"can_create":true,"can_edit":true,"can_delete":true},"children":[]},{"key_name":"pelanggan.piutang","label":"Piutang","icon":"CreditCard","path":"/receivables","order_index":2,"permission":{"can_view":true,"can_create":true,"can_edit":true,"can_delete":true},"children":[]}]},{"key_name":"keuangan","label":"Keuangan","icon":"Wallet","path":null,"order_index":6,"permission":{"can_view":true,"can_create":true,"can_edit":true,"can_delete":true},"children":[{"key_name":"keuangan.dashboard","label":"Dashboard Keuangan","icon":"Wallet","path":"/finance","order_index":1,"permission":{"can_view":true,"can_create":true,"can_edit":true,"can_delete":true},"children":[]},{"key_name":"keuangan.kas_harian","label":"Kas Harian","icon":"Landmark","path":"/finance/cash-drawer","order_index":2,"permission":{"can_view":true,"can_create":true,"can_edit":true,"can_delete":true},"children":[]},{"key_name":"keuangan.pengeluaran","label":"Pengeluaran","icon":"TrendingDown","path":"/finance/expenses","order_index":3,"permission":{"can_view":true,"can_create":true,"can_edit":true,"can_delete":true},"children":[]},{"key_name":"keuangan.kas_saya","label":"Kas Saya","icon":"Wallet","path":"/finance/my-cash","order_index":4,"permission":{"can_view":true,"can_create":true,"can_edit":true,"can_delete":true},"children":[]}]},{"key_name":"pelaporan","label":"Pelaporan","icon":"BarChart2","path":null,"order_index":7,"permission":{"can_view":true,"can_create":true,"can_edit":true,"can_delete":true},"children":[{"key_name":"pelaporan.penjualan","label":"Penjualan","icon":"TrendingUp","path":"/reports/sales","order_index":1,"permission":{"can_view":true,"can_create":true,"can_edit":true,"can_delete":true},"children":[]},{"key_name":"pelaporan.laba_rugi","label":"Laba Rugi","icon":"LineChart","path":"/reports/profit-loss","order_index":2,"permission":{"can_view":true,"can_create":true,"can_edit":true,"can_delete":true},"children":[]},{"key_name":"pelaporan.stok","label":"Stok","icon":"PackageSearch","path":"/reports/stock","order_index":3,"permission":{"can_view":true,"can_create":true,"can_edit":true,"can_delete":true},"children":[]},{"key_name":"pelaporan.kinerja_kasir","label":"Kinerja Kasir","icon":"BarChart2","path":"/reports/cashier","order_index":4,"permission":{"can_view":true,"can_create":true,"can_edit":true,"can_delete":true},"children":[]},{"key_name":"pelaporan.ringkasan_bisnis","label":"Ringkasan Bisnis","icon":"BarChart3","path":"/reports/business-summary","order_index":5,"permission":{"can_view":true,"can_create":true,"can_edit":true,"can_delete":true},"children":[]}]},{"key_name":"operasional","label":"Operasional","icon":"Clock","path":null,"order_index":8,"permission":{"can_view":true,"can_create":true,"can_edit":true,"can_delete":true},"children":[{"key_name":"operasional.shift","label":"Shift","icon":"Clock","path":"/shifts","order_index":1,"permission":{"can_view":true,"can_create":true,"can_edit":true,"can_delete":true},"children":[]},{"key_name":"operasional.sync","label":"Sync Center","icon":"RefreshCw","path":"/sync","order_index":2,"permission":{"can_view":true,"can_create":true,"can_edit":true,"can_delete":true},"children":[]}]},{"key_name":"sistem","label":"Sistem","icon":"Settings","path":null,"order_index":9,"permission":{"can_view":true,"can_create":true,"can_edit":true,"can_delete":true},"children":[{"key_name":"sistem.profil_toko","label":"Profil Toko","icon":"Settings","path":"/settings/store","order_index":1,"permission":{"can_view":true,"can_create":true,"can_edit":true,"can_delete":true},"children":[]},{"key_name":"sistem.users","label":"Manajemen User","icon":"Users","path":"/settings/users","order_index":2,"permission":{"can_view":true,"can_create":true,"can_edit":true,"can_delete":true},"children":[]},{"key_name":"sistem.roles","label":"Manajemen Role","icon":"Shield","path":"/settings/roles","order_index":3,"permission":{"can_view":true,"can_create":true,"can_edit":true,"can_delete":true},"children":[]},{"key_name":"sistem.menus","label":"Manajemen Menu","icon":"LayoutList","path":"/settings/menus","order_index":4,"permission":{"can_view":true,"can_create":true,"can_edit":true,"can_delete":true},"children":[]},{"key_name":"sistem.printer","label":"Printer","icon":"Printer","path":"/settings/printer","order_index":5,"permission":{"can_view":true,"can_create":true,"can_edit":true,"can_delete":true},"children":[]},{"key_name":"sistem.versi","label":"Versi Aplikasi","icon":"RefreshCw","path":"/settings/versions","order_index":6,"permission":{"can_view":true,"can_create":true,"can_edit":true,"can_delete":true},"children":[]},{"key_name":"sistem.backup","label":"Backup \u0026 Restore","icon":"DatabaseBackup","path":"/settings/backup","order_index":7,"permission":{"can_view":true,"can_create":true,"can_edit":true,"can_delete":true},"children":[]}]}]}', 2, 3, '::1', NULL, '2026-07-26 08:46:00.249')

2026/07/26 08:46:00 [32mD:/Develop/Project_pos_mahenz/BE/repository/log_request_repository.go:32
[0m[33m[18.904ms] [34;1m[rows:1][0m INSERT INTO log_requests (id, method, endpoint, status_code, request_body, response_body, user_id, duration_ms, ip_address, error_message, created_at) VALUES ('f4fe1648-cf66-4c65-8d71-8dd9e627cd82', 'POST', '/api/menus/my', 200, '{}', '{"code":"00","status":true,"message":"Menu akses","data":[{"key_name":"beranda","label":"Beranda","icon":"Home","path":null,"order_index":1,"permission":{"can_view":true,"can_create":true,"can_edit":true,"can_delete":true},"children":[{"key_name":"beranda.dashboard","label":"Dashboard","icon":"LayoutDashboard","path":"/dashboard","order_index":1,"permission":{"can_view":true,"can_create":true,"can_edit":true,"can_delete":true},"children":[]}]},{"key_name":"penjualan","label":"Penjualan","icon":"ShoppingCart","path":null,"order_index":2,"permission":{"can_view":true,"can_create":true,"can_edit":true,"can_delete":true},"children":[{"key_name":"penjualan.kasir","label":"Kasir","icon":"ShoppingCart","path":"/kasir","order_index":1,"permission":{"can_view":true,"can_create":true,"can_edit":true,"can_delete":true},"children":[]},{"key_name":"penjualan.transaksi","label":"Transaksi","icon":"Receipt","path":"/transactions","order_index":2,"permission":{"can_view":true,"can_create":true,"can_edit":true,"can_delete":true},"children":[]}]},{"key_name":"produk","label":"Produk","icon":"Package","path":null,"order_index":3,"permission":{"can_view":true,"can_create":true,"can_edit":true,"can_delete":true},"children":[{"key_name":"produk.produk","label":"Produk","icon":"Package","path":"/products","order_index":1,"permission":{"can_view":true,"can_create":true,"can_edit":true,"can_delete":true},"children":[]},{"key_name":"produk.kategori","label":"Kategori","icon":"Tag","path":"/products/categories","order_index":2,"permission":{"can_view":true,"can_create":true,"can_edit":true,"can_delete":true},"children":[]},{"key_name":"produk.unit","label":"Unit","icon":"PackageSearch","path":"/products/units","order_index":3,"permission":{"can_view":true,"can_create":true,"can_edit":true,"can_delete":true},"children":[]}]},{"key_name":"pengadaan","label":"Pengadaan","icon":"Truck","path":null,"order_index":4,"permission":{"can_view":true,"can_create":true,"can_edit":true,"can_delete":true},"children":[{"key_name":"pengadaan.supplier","label":"Supplier","icon":"Truck","path":"/suppliers","order_index":1,"permission":{"can_view":true,"can_create":true,"can_edit":true,"can_delete":true},"children":[]},{"key_name":"pengadaan.pembelian","label":"Pembelian","icon":"ShoppingBag","path":"/suppliers/purchases","order_index":2,"permission":{"can_view":true,"can_create":true,"can_edit":true,"can_delete":true},"children":[]},{"key_name":"pengadaan.retur","label":"Retur","icon":"RotateCcw","path":"/suppliers/returns","order_index":3,"permission":{"can_view":true,"can_create":true,"can_edit":true,"can_delete":true},"children":[]}]},{"key_name":"pelanggan","label":"Pelanggan","icon":"Users","path":null,"order_index":5,"permission":{"can_view":true,"can_create":true,"can_edit":true,"can_delete":true},"children":[{"key_name":"pelanggan.pelanggan","label":"Pelanggan","icon":"Users","path":"/customers","order_index":1,"permission":{"can_view":true,"can_create":true,"can_edit":true,"can_delete":true},"children":[]},{"key_name":"pelanggan.piutang","label":"Piutang","icon":"CreditCard","path":"/receivables","order_index":2,"permission":{"can_view":true,"can_create":true,"can_edit":true,"can_delete":true},"children":[]}]},{"key_name":"keuangan","label":"Keuangan","icon":"Wallet","path":null,"order_index":6,"permission":{"can_view":true,"can_create":true,"can_edit":true,"can_delete":true},"children":[{"key_name":"keuangan.dashboard","label":"Dashboard Keuangan","icon":"Wallet","path":"/finance","order_index":1,"permission":{"can_view":true,"can_create":true,"can_edit":true,"can_delete":true},"children":[]},{"key_name":"keuangan.kas_harian","label":"Kas Harian","icon":"Landmark","path":"/finance/cash-drawer","order_index":2,"permission":{"can_view":true,"can_create":true,"can_edit":true,"can_delete":true},"children":[]},{"key_name":"keuangan.pengeluaran","label":"Pengeluaran","icon":"TrendingDown","path":"/finance/expenses","order_index":3,"permission":{"can_view":true,"can_create":true,"can_edit":true,"can_delete":true},"children":[]},{"key_name":"keuangan.kas_saya","label":"Kas Saya","icon":"Wallet","path":"/finance/my-cash","order_index":4,"permission":{"can_view":true,"can_create":true,"can_edit":true,"can_delete":true},"children":[]}]},{"key_name":"pelaporan","label":"Pelaporan","icon":"BarChart2","path":null,"order_index":7,"permission":{"can_view":true,"can_create":true,"can_edit":true,"can_delete":true},"children":[{"key_name":"pelaporan.penjualan","label":"Penjualan","icon":"TrendingUp","path":"/reports/sales","order_index":1,"permission":{"can_view":true,"can_create":true,"can_edit":true,"can_delete":true},"children":[]},{"key_name":"pelaporan.laba_rugi","label":"Laba Rugi","icon":"LineChart","path":"/reports/profit-loss","order_index":2,"permission":{"can_view":true,"can_create":true,"can_edit":true,"can_delete":true},"children":[]},{"key_name":"pelaporan.stok","label":"Stok","icon":"PackageSearch","path":"/reports/stock","order_index":3,"permission":{"can_view":true,"can_create":true,"can_edit":true,"can_delete":true},"children":[]},{"key_name":"pelaporan.kinerja_kasir","label":"Kinerja Kasir","icon":"BarChart2","path":"/reports/cashier","order_index":4,"permission":{"can_view":true,"can_create":true,"can_edit":true,"can_delete":true},"children":[]},{"key_name":"pelaporan.ringkasan_bisnis","label":"Ringkasan Bisnis","icon":"BarChart3","path":"/reports/business-summary","order_index":5,"permission":{"can_view":true,"can_create":true,"can_edit":true,"can_delete":true},"children":[]}]},{"key_name":"operasional","label":"Operasional","icon":"Clock","path":null,"order_index":8,"permission":{"can_view":true,"can_create":true,"can_edit":true,"can_delete":true},"children":[{"key_name":"operasional.shift","label":"Shift","icon":"Clock","path":"/shifts","order_index":1,"permission":{"can_view":true,"can_create":true,"can_edit":true,"can_delete":true},"children":[]},{"key_name":"operasional.sync","label":"Sync Center","icon":"RefreshCw","path":"/sync","order_index":2,"permission":{"can_view":true,"can_create":true,"can_edit":true,"can_delete":true},"children":[]}]},{"key_name":"sistem","label":"Sistem","icon":"Settings","path":null,"order_index":9,"permission":{"can_view":true,"can_create":true,"can_edit":true,"can_delete":true},"children":[{"key_name":"sistem.profil_toko","label":"Profil Toko","icon":"Settings","path":"/settings/store","order_index":1,"permission":{"can_view":true,"can_create":true,"can_edit":true,"can_delete":true},"children":[]},{"key_name":"sistem.users","label":"Manajemen User","icon":"Users","path":"/settings/users","order_index":2,"permission":{"can_view":true,"can_create":true,"can_edit":true,"can_delete":true},"children":[]},{"key_name":"sistem.roles","label":"Manajemen Role","icon":"Shield","path":"/settings/roles","order_index":3,"permission":{"can_view":true,"can_create":true,"can_edit":true,"can_delete":true},"children":[]},{"key_name":"sistem.menus","label":"Manajemen Menu","icon":"LayoutList","path":"/settings/menus","order_index":4,"permission":{"can_view":true,"can_create":true,"can_edit":true,"can_delete":true},"children":[]},{"key_name":"sistem.printer","label":"Printer","icon":"Printer","path":"/settings/printer","order_index":5,"permission":{"can_view":true,"can_create":true,"can_edit":true,"can_delete":true},"children":[]},{"key_name":"sistem.versi","label":"Versi Aplikasi","icon":"RefreshCw","path":"/settings/versions","order_index":6,"permission":{"can_view":true,"can_create":true,"can_edit":true,"can_delete":true},"children":[]},{"key_name":"sistem.backup","label":"Backup \u0026 Restore","icon":"DatabaseBackup","path":"/settings/backup","order_index":7,"permission":{"can_view":true,"can_create":true,"can_edit":true,"can_delete":true},"children":[]}]}]}', 2, 3, '::1', NULL, '2026-07-26 08:46:00.25')

2026/07/26 08:46:01 [32mD:/Develop/Project_pos_mahenz/BE/domain/auth/repo/auth_repo.go:46
[0m[33m[0.522ms] [34;1m[rows:1][0m SELECT id, user_id, user_role, token, device_info, expires_at FROM sessions WHERE token = 'eyJhbGciOiJIUzI1NiIsInR5cCI6IkpXVCJ9.eyJhcHBzIjoid2ViIiwiZXhwIjoxNzg1MDU5MTYwLCJmdWxsX25hbWUiOiJBZG1pbmlzdHJhdG9yIiwicm9sZSI6ImFkbWluIiwidXNlcl9pZCI6MiwidXNlcm5hbWUiOiJhZG1pbiJ9.XGlggfe4yfgdt6F94OZptCXAJV7iqhEU5rCK5NC74vs' LIMIT 1

2026/07/26 08:46:01 [32mD:/Develop/Project_pos_mahenz/BE/domain/menu/repo/menu_repo.go:121
[0m[33m[0.522ms] [34;1m[rows:-][0m 
		SELECT
			m.id,
			m.parent_id,
			m.key_name,
			m.label,
			m.icon,
			m.path,
			m.order_index,
			COALESCE(rma.can_view,   0),
			COALESCE(rma.can_create, 0),
			COALESCE(rma.can_edit,   0),
			COALESCE(rma.can_delete, 0)
		FROM menus m
		LEFT JOIN role_menu_access rma ON rma.menu_id = m.id
			AND rma.role_id = (SELECT id FROM roles WHERE name = 'admin' AND is_active = 1 LIMIT 1)
		WHERE m.is_active = 1
		ORDER BY m.order_index ASC, m.id ASC
		
[GIN] 2026/07/26 - 08:46:01 | 200 |      1.5757ms |             ::1 | POST     "/api/menus/my"

2026/07/26 08:46:01 [32mD:/Develop/Project_pos_mahenz/BE/repository/log_request_repository.go:32
[0m[33m[2.116ms] [34;1m[rows:1][0m INSERT INTO log_requests (id, method, endpoint, status_code, request_body, response_body, user_id, duration_ms, ip_address, error_message, created_at) VALUES ('69efc9ad-7b6e-4cf9-906d-48746c06cd8a', 'POST', '/api/menus/my', 200, '{}', '{"code":"00","status":true,"message":"Menu akses","data":[{"key_name":"beranda","label":"Beranda","icon":"Home","path":null,"order_index":1,"permission":{"can_view":true,"can_create":true,"can_edit":true,"can_delete":true},"children":[{"key_name":"beranda.dashboard","label":"Dashboard","icon":"LayoutDashboard","path":"/dashboard","order_index":1,"permission":{"can_view":true,"can_create":true,"can_edit":true,"can_delete":true},"children":[]}]},{"key_name":"penjualan","label":"Penjualan","icon":"ShoppingCart","path":null,"order_index":2,"permission":{"can_view":true,"can_create":true,"can_edit":true,"can_delete":true},"children":[{"key_name":"penjualan.kasir","label":"Kasir","icon":"ShoppingCart","path":"/kasir","order_index":1,"permission":{"can_view":true,"can_create":true,"can_edit":true,"can_delete":true},"children":[]},{"key_name":"penjualan.transaksi","label":"Transaksi","icon":"Receipt","path":"/transactions","order_index":2,"permission":{"can_view":true,"can_create":true,"can_edit":true,"can_delete":true},"children":[]}]},{"key_name":"produk","label":"Produk","icon":"Package","path":null,"order_index":3,"permission":{"can_view":true,"can_create":true,"can_edit":true,"can_delete":true},"children":[{"key_name":"produk.produk","label":"Produk","icon":"Package","path":"/products","order_index":1,"permission":{"can_view":true,"can_create":true,"can_edit":true,"can_delete":true},"children":[]},{"key_name":"produk.kategori","label":"Kategori","icon":"Tag","path":"/products/categories","order_index":2,"permission":{"can_view":true,"can_create":true,"can_edit":true,"can_delete":true},"children":[]},{"key_name":"produk.unit","label":"Unit","icon":"PackageSearch","path":"/products/units","order_index":3,"permission":{"can_view":true,"can_create":true,"can_edit":true,"can_delete":true},"children":[]}]},{"key_name":"pengadaan","label":"Pengadaan","icon":"Truck","path":null,"order_index":4,"permission":{"can_view":true,"can_create":true,"can_edit":true,"can_delete":true},"children":[{"key_name":"pengadaan.supplier","label":"Supplier","icon":"Truck","path":"/suppliers","order_index":1,"permission":{"can_view":true,"can_create":true,"can_edit":true,"can_delete":true},"children":[]},{"key_name":"pengadaan.pembelian","label":"Pembelian","icon":"ShoppingBag","path":"/suppliers/purchases","order_index":2,"permission":{"can_view":true,"can_create":true,"can_edit":true,"can_delete":true},"children":[]},{"key_name":"pengadaan.retur","label":"Retur","icon":"RotateCcw","path":"/suppliers/returns","order_index":3,"permission":{"can_view":true,"can_create":true,"can_edit":true,"can_delete":true},"children":[]}]},{"key_name":"pelanggan","label":"Pelanggan","icon":"Users","path":null,"order_index":5,"permission":{"can_view":true,"can_create":true,"can_edit":true,"can_delete":true},"children":[{"key_name":"pelanggan.pelanggan","label":"Pelanggan","icon":"Users","path":"/customers","order_index":1,"permission":{"can_view":true,"can_create":true,"can_edit":true,"can_delete":true},"children":[]},{"key_name":"pelanggan.piutang","label":"Piutang","icon":"CreditCard","path":"/receivables","order_index":2,"permission":{"can_view":true,"can_create":true,"can_edit":true,"can_delete":true},"children":[]}]},{"key_name":"keuangan","label":"Keuangan","icon":"Wallet","path":null,"order_index":6,"permission":{"can_view":true,"can_create":true,"can_edit":true,"can_delete":true},"children":[{"key_name":"keuangan.dashboard","label":"Dashboard Keuangan","icon":"Wallet","path":"/finance","order_index":1,"permission":{"can_view":true,"can_create":true,"can_edit":true,"can_delete":true},"children":[]},{"key_name":"keuangan.kas_harian","label":"Kas Harian","icon":"Landmark","path":"/finance/cash-drawer","order_index":2,"permission":{"can_view":true,"can_create":true,"can_edit":true,"can_delete":true},"children":[]},{"key_name":"keuangan.pengeluaran","label":"Pengeluaran","icon":"TrendingDown","path":"/finance/expenses","order_index":3,"permission":{"can_view":true,"can_create":true,"can_edit":true,"can_delete":true},"children":[]},{"key_name":"keuangan.kas_saya","label":"Kas Saya","icon":"Wallet","path":"/finance/my-cash","order_index":4,"permission":{"can_view":true,"can_create":true,"can_edit":true,"can_delete":true},"children":[]}]},{"key_name":"pelaporan","label":"Pelaporan","icon":"BarChart2","path":null,"order_index":7,"permission":{"can_view":true,"can_create":true,"can_edit":true,"can_delete":true},"children":[{"key_name":"pelaporan.penjualan","label":"Penjualan","icon":"TrendingUp","path":"/reports/sales","order_index":1,"permission":{"can_view":true,"can_create":true,"can_edit":true,"can_delete":true},"children":[]},{"key_name":"pelaporan.laba_rugi","label":"Laba Rugi","icon":"LineChart","path":"/reports/profit-loss","order_index":2,"permission":{"can_view":true,"can_create":true,"can_edit":true,"can_delete":true},"children":[]},{"key_name":"pelaporan.stok","label":"Stok","icon":"PackageSearch","path":"/reports/stock","order_index":3,"permission":{"can_view":true,"can_create":true,"can_edit":true,"can_delete":true},"children":[]},{"key_name":"pelaporan.kinerja_kasir","label":"Kinerja Kasir","icon":"BarChart2","path":"/reports/cashier","order_index":4,"permission":{"can_view":true,"can_create":true,"can_edit":true,"can_delete":true},"children":[]},{"key_name":"pelaporan.ringkasan_bisnis","label":"Ringkasan Bisnis","icon":"BarChart3","path":"/reports/business-summary","order_index":5,"permission":{"can_view":true,"can_create":true,"can_edit":true,"can_delete":true},"children":[]}]},{"key_name":"operasional","label":"Operasional","icon":"Clock","path":null,"order_index":8,"permission":{"can_view":true,"can_create":true,"can_edit":true,"can_delete":true},"children":[{"key_name":"operasional.shift","label":"Shift","icon":"Clock","path":"/shifts","order_index":1,"permission":{"can_view":true,"can_create":true,"can_edit":true,"can_delete":true},"children":[]},{"key_name":"operasional.sync","label":"Sync Center","icon":"RefreshCw","path":"/sync","order_index":2,"permission":{"can_view":true,"can_create":true,"can_edit":true,"can_delete":true},"children":[]}]},{"key_name":"sistem","label":"Sistem","icon":"Settings","path":null,"order_index":9,"permission":{"can_view":true,"can_create":true,"can_edit":true,"can_delete":true},"children":[{"key_name":"sistem.profil_toko","label":"Profil Toko","icon":"Settings","path":"/settings/store","order_index":1,"permission":{"can_view":true,"can_create":true,"can_edit":true,"can_delete":true},"children":[]},{"key_name":"sistem.users","label":"Manajemen User","icon":"Users","path":"/settings/users","order_index":2,"permission":{"can_view":true,"can_create":true,"can_edit":true,"can_delete":true},"children":[]},{"key_name":"sistem.roles","label":"Manajemen Role","icon":"Shield","path":"/settings/roles","order_index":3,"permission":{"can_view":true,"can_create":true,"can_edit":true,"can_delete":true},"children":[]},{"key_name":"sistem.menus","label":"Manajemen Menu","icon":"LayoutList","path":"/settings/menus","order_index":4,"permission":{"can_view":true,"can_create":true,"can_edit":true,"can_delete":true},"children":[]},{"key_name":"sistem.printer","label":"Printer","icon":"Printer","path":"/settings/printer","order_index":5,"permission":{"can_view":true,"can_create":true,"can_edit":true,"can_delete":true},"children":[]},{"key_name":"sistem.versi","label":"Versi Aplikasi","icon":"RefreshCw","path":"/settings/versions","order_index":6,"permission":{"can_view":true,"can_create":true,"can_edit":true,"can_delete":true},"children":[]},{"key_name":"sistem.backup","label":"Backup \u0026 Restore","icon":"DatabaseBackup","path":"/settings/backup","order_index":7,"permission":{"can_view":true,"can_create":true,"can_edit":true,"can_delete":true},"children":[]}]}]}', 2, 1, '::1', NULL, '2026-07-26 08:46:01.62')
[GIN] 2026/07/26 - 08:46:01 | 204 |            0s |             ::1 | OPTIONS  "/api/sync/conflicts/count"

2026/07/26 08:46:01 [32mD:/Develop/Project_pos_mahenz/BE/domain/auth/repo/auth_repo.go:46
[0m[33m[0.505ms] [34;1m[rows:1][0m SELECT id, user_id, user_role, token, device_info, expires_at FROM sessions WHERE token = 'eyJhbGciOiJIUzI1NiIsInR5cCI6IkpXVCJ9.eyJhcHBzIjoid2ViIiwiZXhwIjoxNzg1MDU5MTYwLCJmdWxsX25hbWUiOiJBZG1pbmlzdHJhdG9yIiwicm9sZSI6ImFkbWluIiwidXNlcl9pZCI6MiwidXNlcm5hbWUiOiJhZG1pbiJ9.XGlggfe4yfgdt6F94OZptCXAJV7iqhEU5rCK5NC74vs' LIMIT 1

2026/07/26 08:46:01 [32mD:/Develop/Project_pos_mahenz/BE/domain/sync/repo/sync_repo.go:84
[0m[33m[0.889ms] [34;1m[rows:1][0m SELECT COUNT(*) FROM sync_conflicts WHERE status = 'pending'
[GIN] 2026/07/26 - 08:46:01 | 200 |      2.0018ms |             ::1 | GET      "/api/sync/conflicts/count"

2026/07/26 08:46:01 [32mD:/Develop/Project_pos_mahenz/BE/repository/log_request_repository.go:32
[0m[33m[3.037ms] [34;1m[rows:1][0m INSERT INTO log_requests (id, method, endpoint, status_code, request_body, response_body, user_id, duration_ms, ip_address, error_message, created_at) VALUES ('d1eff1c5-5d40-487f-820d-c84262bb264b', 'GET', '/api/sync/conflicts/count', 200, '', '{"code":"00","status":true,"message":"Jumlah konflik pending","data":{"count":0}}', 2, 2, '::1', NULL, '2026-07-26 08:46:01.691')
[GIN] 2026/07/26 - 08:46:02 | 204 |      9.9816ms |             ::1 | OPTIONS  "/api/products/list"
[GIN] 2026/07/26 - 08:46:02 | 204 |            0s |             ::1 | OPTIONS  "/api/suppliers/list"

2026/07/26 08:46:02 [32mD:/Develop/Project_pos_mahenz/BE/domain/auth/repo/auth_repo.go:46
[0m[33m[7.113ms] [34;1m[rows:1][0m SELECT id, user_id, user_role, token, device_info, expires_at FROM sessions WHERE token = 'eyJhbGciOiJIUzI1NiIsInR5cCI6IkpXVCJ9.eyJhcHBzIjoid2ViIiwiZXhwIjoxNzg1MDU5MTYwLCJmdWxsX25hbWUiOiJBZG1pbmlzdHJhdG9yIiwicm9sZSI6ImFkbWluIiwidXNlcl9pZCI6MiwidXNlcm5hbWUiOiJhZG1pbiJ9.XGlggfe4yfgdt6F94OZptCXAJV7iqhEU5rCK5NC74vs' LIMIT 1

2026/07/26 08:46:02 [32mD:/Develop/Project_pos_mahenz/BE/domain/supplier/repo/supplier_repo.go:44
[0m[33m[41.209ms] [34;1m[rows:1][0m SELECT COUNT(*) FROM suppliers WHERE 1=1

2026/07/26 08:46:02 [32mD:/Develop/Project_pos_mahenz/BE/domain/auth/repo/auth_repo.go:46
[0m[33m[47.148ms] [34;1m[rows:1][0m SELECT id, user_id, user_role, token, device_info, expires_at FROM sessions WHERE token = 'eyJhbGciOiJIUzI1NiIsInR5cCI6IkpXVCJ9.eyJhcHBzIjoid2ViIiwiZXhwIjoxNzg1MDU5MTYwLCJmdWxsX25hbWUiOiJBZG1pbmlzdHJhdG9yIiwicm9sZSI6ImFkbWluIiwidXNlcl9pZCI6MiwidXNlcm5hbWUiOiJhZG1pbiJ9.XGlggfe4yfgdt6F94OZptCXAJV7iqhEU5rCK5NC74vs' LIMIT 1

2026/07/26 08:46:02 [32mD:/Develop/Project_pos_mahenz/BE/domain/product/repo/product_repo.go:100
[0m[33m[4.106ms] [34;1m[rows:1][0m SELECT COUNT(*) FROM products p WHERE 1=1

2026/07/26 08:46:02 [32mD:/Develop/Project_pos_mahenz/BE/domain/supplier/repo/supplier_repo.go:67
[0m[33m[23.430ms] [34;1m[rows:1][0m SELECT id, supplier_code, name, address, phone, email, contact_person, notes, is_active, created_at FROM suppliers WHERE 1=1 ORDER BY name ASC LIMIT 1 OFFSET 0
[GIN] 2026/07/26 - 08:46:02 | 200 |     82.6787ms |             ::1 | POST     "/api/suppliers/list"

2026/07/26 08:46:02 [32mD:/Develop/Project_pos_mahenz/BE/domain/product/repo/product_repo.go:119
[0m[33m[20.321ms] [34;1m[rows:1][0m 
		SELECT p.id, p.barcode, COALESCE(p.sku, '') as sku, p.name, p.category_id, COALESCE(c.name, '') as category_name,
		       p.purchase_price, p.selling_price, p.stock, p.reserved_qty, p.min_stock,
		       COALESCE(p.unit_id, 0) as unit_id, COALESCE(u.name, '') as unit_name, COALESCE(u.abbreviation, '') as unit_abbreviation,
		       p.is_active,
		       (SELECT COUNT(*) FROM product_packages pp WHERE pp.product_id = p.id AND pp.is_default = 0) AS extra_packages,
		       (SELECT COUNT(*) FROM product_prices pr WHERE pr.product_id = p.id) AS price_tiers_count
		FROM products p
		LEFT JOIN categories c ON p.category_id = c.id
		LEFT JOIN units u ON u.id = p.unit_id
		WHERE 1=1 ORDER BY p.name ASC LIMIT 1 OFFSET 0
[GIN] 2026/07/26 - 08:46:02 | 200 |     72.9371ms |             ::1 | POST     "/api/products/list"

2026/07/26 08:46:02 [32mD:/Develop/Project_pos_mahenz/BE/repository/log_request_repository.go:32
[0m[33m[15.601ms] [34;1m[rows:1][0m INSERT INTO log_requests (id, method, endpoint, status_code, request_body, response_body, user_id, duration_ms, ip_address, error_message, created_at) VALUES ('0def3711-708d-4546-9d3a-9fb518d906f7', 'POST', '/api/suppliers/list', 200, '{"page":1,"limit":1,"search":""}', '{"code":"00","status":true,"message":"Daftar supplier","data":[{"id":1,"supplier_code":"SUP-001","name":"Supplier Test Fase14","address":"Jl. Test","phone":"08123456789","email":"","contact_person":"","notes":"","is_active":true,"created_at":"2026-07-25T13:19:10+07:00"}],"pagination":{"page":1,"per_page":1,"total":1,"total_pages":1}}', 2, 82, '::1', NULL, '2026-07-26 08:46:02.276')

2026/07/26 08:46:02 [32mD:/Develop/Project_pos_mahenz/BE/repository/log_request_repository.go:32
[0m[33m[17.597ms] [34;1m[rows:1][0m INSERT INTO log_requests (id, method, endpoint, status_code, request_body, response_body, user_id, duration_ms, ip_address, error_message, created_at) VALUES ('12b053c7-aef8-44ed-b66d-0ad534289370', 'POST', '/api/products/list', 200, '{"page":1,"limit":1,"search":""}', '{"code":"00","status":true,"message":"Daftar produk","data":[{"id":4,"barcode":"8992260464338","sku":"SEM-0003","name":"Gula Pasir 1kg","category_id":1,"category_name":"Sembako Test","purchase_price":0,"selling_price":15000,"stock":50,"reserved_qty":0,"min_stock":5,"unit_id":1,"unit_name":"Pieces","unit_abbreviation":"Pcs","is_active":false,"extra_packages":0,"price_tiers_count":0}],"pagination":{"page":1,"per_page":1,"total":11,"total_pages":11}}', 2, 72, '::1', NULL, '2026-07-26 08:46:02.277')
[GIN] 2026/07/26 - 08:46:02 | 204 |            0s |             ::1 | OPTIONS  "/api/suppliers/options"
[GIN] 2026/07/26 - 08:46:02 | 204 |            0s |             ::1 | OPTIONS  "/api/payment-statuses/list"
[GIN] 2026/07/26 - 08:46:02 | 204 |            0s |             ::1 | OPTIONS  "/api/settings/pagination_sizes"
[GIN] 2026/07/26 - 08:46:02 | 204 |            0s |             ::1 | OPTIONS  "/api/supplier-purchases/list"
[GIN] 2026/07/26 - 08:46:02 | 204 |            0s |             ::1 | OPTIONS  "/api/payment-methods/list"

2026/07/26 08:46:02 [32mD:/Develop/Project_pos_mahenz/BE/domain/auth/repo/auth_repo.go:46
[0m[33m[1.157ms] [34;1m[rows:1][0m SELECT id, user_id, user_role, token, device_info, expires_at FROM sessions WHERE token = 'eyJhbGciOiJIUzI1NiIsInR5cCI6IkpXVCJ9.eyJhcHBzIjoid2ViIiwiZXhwIjoxNzg1MDU5MTYwLCJmdWxsX25hbWUiOiJBZG1pbmlzdHJhdG9yIiwicm9sZSI6ImFkbWluIiwidXNlcl9pZCI6MiwidXNlcm5hbWUiOiJhZG1pbiJ9.XGlggfe4yfgdt6F94OZptCXAJV7iqhEU5rCK5NC74vs' LIMIT 1

2026/07/26 08:46:02 [32mD:/Develop/Project_pos_mahenz/BE/domain/auth/repo/auth_repo.go:46
[0m[33m[0.543ms] [34;1m[rows:1][0m SELECT id, user_id, user_role, token, device_info, expires_at FROM sessions WHERE token = 'eyJhbGciOiJIUzI1NiIsInR5cCI6IkpXVCJ9.eyJhcHBzIjoid2ViIiwiZXhwIjoxNzg1MDU5MTYwLCJmdWxsX25hbWUiOiJBZG1pbmlzdHJhdG9yIiwicm9sZSI6ImFkbWluIiwidXNlcl9pZCI6MiwidXNlcm5hbWUiOiJhZG1pbiJ9.XGlggfe4yfgdt6F94OZptCXAJV7iqhEU5rCK5NC74vs' LIMIT 1

2026/07/26 08:46:02 [32mD:/Develop/Project_pos_mahenz/BE/domain/supplier/repo/supplier_repo.go:44
[0m[33m[2.371ms] [34;1m[rows:1][0m SELECT COUNT(*) FROM suppliers WHERE 1=1

2026/07/26 08:46:02 [32mD:/Develop/Project_pos_mahenz/BE/domain/supplier/repo/supplier_repo.go:81
[0m[33m[1.836ms] [34;1m[rows:1][0m SELECT id, supplier_code, name FROM suppliers WHERE is_active = 1 ORDER BY name
[GIN] 2026/07/26 - 08:46:02 | 200 |      2.9139ms |             ::1 | POST     "/api/suppliers/options"

2026/07/26 08:46:02 [32mD:/Develop/Project_pos_mahenz/BE/domain/supplier/repo/supplier_repo.go:67
[0m[33m[3.200ms] [34;1m[rows:1][0m SELECT id, supplier_code, name, address, phone, email, contact_person, notes, is_active, created_at FROM suppliers WHERE 1=1 ORDER BY name ASC LIMIT 10 OFFSET 0

2026/07/26 08:46:02 [32mD:/Develop/Project_pos_mahenz/BE/domain/auth/repo/auth_repo.go:46
[0m[33m[6.114ms] [34;1m[rows:1][0m SELECT id, user_id, user_role, token, device_info, expires_at FROM sessions WHERE token = 'eyJhbGciOiJIUzI1NiIsInR5cCI6IkpXVCJ9.eyJhcHBzIjoid2ViIiwiZXhwIjoxNzg1MDU5MTYwLCJmdWxsX25hbWUiOiJBZG1pbmlzdHJhdG9yIiwicm9sZSI6ImFkbWluIiwidXNlcl9pZCI6MiwidXNlcm5hbWUiOiJhZG1pbiJ9.XGlggfe4yfgdt6F94OZptCXAJV7iqhEU5rCK5NC74vs' LIMIT 1

2026/07/26 08:46:02 [32mD:/Develop/Project_pos_mahenz/BE/domain/auth/repo/auth_repo.go:46
[0m[33m[2.193ms] [34;1m[rows:1][0m SELECT id, user_id, user_role, token, device_info, expires_at FROM sessions WHERE token = 'eyJhbGciOiJIUzI1NiIsInR5cCI6IkpXVCJ9.eyJhcHBzIjoid2ViIiwiZXhwIjoxNzg1MDU5MTYwLCJmdWxsX25hbWUiOiJBZG1pbmlzdHJhdG9yIiwicm9sZSI6ImFkbWluIiwidXNlcl9pZCI6MiwidXNlcm5hbWUiOiJhZG1pbiJ9.XGlggfe4yfgdt6F94OZptCXAJV7iqhEU5rCK5NC74vs' LIMIT 1
[GIN] 2026/07/26 - 08:46:02 | 200 |      6.7285ms |             ::1 | POST     "/api/suppliers/list"

2026/07/26 08:46:02 [32mD:/Develop/Project_pos_mahenz/BE/domain/payment_status/repo/payment_status_repo.go:9
[0m[33m[6.691ms] [34;1m[rows:3][0m SELECT id, code, label, is_active, sort_order FROM payment_statuses WHERE is_active = 1 ORDER BY sort_order ASC
[GIN] 2026/07/26 - 08:46:02 | 200 |      12.805ms |             ::1 | POST     "/api/payment-statuses/list"

2026/07/26 08:46:02 [32mD:/Develop/Project_pos_mahenz/BE/domain/auth/repo/auth_repo.go:46
[0m[33m[7.984ms] [34;1m[rows:1][0m SELECT id, user_id, user_role, token, device_info, expires_at FROM sessions WHERE token = 'eyJhbGciOiJIUzI1NiIsInR5cCI6IkpXVCJ9.eyJhcHBzIjoid2ViIiwiZXhwIjoxNzg1MDU5MTYwLCJmdWxsX25hbWUiOiJBZG1pbmlzdHJhdG9yIiwicm9sZSI6ImFkbWluIiwidXNlcl9pZCI6MiwidXNlcm5hbWUiOiJhZG1pbiJ9.XGlggfe4yfgdt6F94OZptCXAJV7iqhEU5rCK5NC74vs' LIMIT 1

2026/07/26 08:46:02 [32mD:/Develop/Project_pos_mahenz/BE/domain/auth/repo/auth_repo.go:46
[0m[33m[11.186ms] [34;1m[rows:1][0m SELECT id, user_id, user_role, token, device_info, expires_at FROM sessions WHERE token = 'eyJhbGciOiJIUzI1NiIsInR5cCI6IkpXVCJ9.eyJhcHBzIjoid2ViIiwiZXhwIjoxNzg1MDU5MTYwLCJmdWxsX25hbWUiOiJBZG1pbmlzdHJhdG9yIiwicm9sZSI6ImFkbWluIiwidXNlcl9pZCI6MiwidXNlcm5hbWUiOiJhZG1pbiJ9.XGlggfe4yfgdt6F94OZptCXAJV7iqhEU5rCK5NC74vs' LIMIT 1

2026/07/26 08:46:02 [32mD:/Develop/Project_pos_mahenz/BE/domain/payment_method/repo/payment_method_repo.go:9
[0m[33m[3.398ms] [34;1m[rows:5][0m SELECT id, code, label, is_active, sort_order FROM payment_methods WHERE is_active = 1 ORDER BY sort_order ASC
[GIN] 2026/07/26 - 08:46:02 | 200 |     12.7545ms |             ::1 | POST     "/api/payment-methods/list"

2026/07/26 08:46:02 [32mD:/Develop/Project_pos_mahenz/BE/domain/supplier_purchase/repo/purchase_repo.go:126
[0m[33m[14.704ms] [34;1m[rows:1][0m SELECT COUNT(*) FROM purchases p WHERE 1=1 AND DATE(p.purchase_date) >= '2026-07-01' AND DATE(p.purchase_date) <= '2026-07-26'

2026/07/26 08:46:02 [32mD:/Develop/Project_pos_mahenz/BE/domain/setting/repo/setting_repo.go:32
[0m[33m[2.308ms] [34;1m[rows:-][0m SELECT setting_key, setting_value FROM settings WHERE setting_key = 'pagination_sizes'

2026/07/26 08:46:02 [32mD:/Develop/Project_pos_mahenz/BE/repository/log_request_repository.go:32
[0m[33m[7.262ms] [34;1m[rows:1][0m INSERT INTO log_requests (id, method, endpoint, status_code, request_body, response_body, user_id, duration_ms, ip_address, error_message, created_at) VALUES ('ed5ce4e5-e585-4289-b934-8e930b9b517a', 'POST', '/api/payment-statuses/list', 200, '{}', '{"code":"00","status":true,"message":"Daftar status pembayaran","data":[{"id":1,"code":"unpaid","label":"Hutang","is_active":1,"sort_order":1},{"id":2,"code":"partial","label":"Bayar Sebagian","is_active":1,"sort_order":2},{"id":3,"code":"paid","label":"Lunas","is_active":1,"sort_order":3}]}', 2, 12, '::1', NULL, '2026-07-26 08:46:02.486')

2026/07/26 08:46:02 [32mD:/Develop/Project_pos_mahenz/BE/repository/log_request_repository.go:32
[0m[33m[11.746ms] [34;1m[rows:1][0m INSERT INTO log_requests (id, method, endpoint, status_code, request_body, response_body, user_id, duration_ms, ip_address, error_message, created_at) VALUES ('d2a49c88-c681-40a7-98fa-4ad05a96aa89', 'POST', '/api/suppliers/list', 200, '{"page":1,"limit":200,"search":""}', '{"code":"00","status":true,"message":"Daftar supplier","data":[{"id":1,"supplier_code":"SUP-001","name":"Supplier Test Fase14","address":"Jl. Test","phone":"08123456789","email":"","contact_person":"","notes":"","is_active":true,"created_at":"2026-07-25T13:19:10+07:00"}],"pagination":{"page":1,"per_page":200,"total":1,"total_pages":1}}', 2, 6, '::1', NULL, '2026-07-26 08:46:02.478')
[GIN] 2026/07/26 - 08:46:02 | 200 |      17.439ms |             ::1 | GET      "/api/settings/pagination_sizes"

2026/07/26 08:46:02 [32mD:/Develop/Project_pos_mahenz/BE/domain/supplier_purchase/repo/purchase_repo.go:143
[0m[33m[2.905ms] [34;1m[rows:-][0m SELECT p.id, p.purchase_code, p.invoice_number, p.supplier_id, COALESCE(s.name, '') as supplier_name, p.purchase_date, p.discount_amount, p.total_amount, p.payment_status, p.paid_amount, p.remaining_amount, p.status, COALESCE(u.full_name, '') as user_name, p.notes FROM purchases p LEFT JOIN users u ON p.user_id = u.id LEFT JOIN suppliers s ON p.supplier_id = s.id WHERE 1=1 AND DATE(p.purchase_date) >= '2026-07-01' AND DATE(p.purchase_date) <= '2026-07-26' ORDER BY p.purchase_date DESC, p.id DESC LIMIT 10 OFFSET 0
[GIN] 2026/07/26 - 08:46:02 | 200 |     21.5023ms |             ::1 | POST     "/api/supplier-purchases/list"

2026/07/26 08:46:02 [32mD:/Develop/Project_pos_mahenz/BE/repository/log_request_repository.go:32
[0m[33m[27.876ms] [34;1m[rows:1][0m INSERT INTO log_requests (id, method, endpoint, status_code, request_body, response_body, user_id, duration_ms, ip_address, error_message, created_at) VALUES ('08a8a25b-5aed-4b37-996b-8f5a2e32e4c8', 'POST', '/api/suppliers/options', 200, '{"search":""}', '{"code":"00","status":true,"message":"Opsi supplier","data":[{"id":1,"supplier_code":"SUP-001","name":"Supplier Test Fase14"}]}', 2, 2, '::1', NULL, '2026-07-26 08:46:02.476')

2026/07/26 08:46:02 [32mD:/Develop/Project_pos_mahenz/BE/repository/log_request_repository.go:32
[0m[33m[11.434ms] [34;1m[rows:1][0m INSERT INTO log_requests (id, method, endpoint, status_code, request_body, response_body, user_id, duration_ms, ip_address, error_message, created_at) VALUES ('e6422158-5484-40f0-a6fe-46bc7faae724', 'GET', '/api/settings/pagination_sizes', 200, '', '{"code":"00","status":true,"message":"Detail pengaturan","data":{"key":"pagination_sizes","value":"[10,20,50]"}}', 2, 17, '::1', NULL, '2026-07-26 08:46:02.494')

2026/07/26 08:46:02 [32mD:/Develop/Project_pos_mahenz/BE/repository/log_request_repository.go:32
[0m[33m[11.434ms] [34;1m[rows:1][0m INSERT INTO log_requests (id, method, endpoint, status_code, request_body, response_body, user_id, duration_ms, ip_address, error_message, created_at) VALUES ('ae3681b3-7207-475b-9e4b-aefd37846879', 'POST', '/api/payment-methods/list', 200, '{}', '{"code":"00","status":true,"message":"Daftar metode pembayaran","data":[{"id":1,"code":"cash","label":"Tunai","is_active":1,"sort_order":1},{"id":2,"code":"transfer","label":"Transfer Bank","is_active":1,"sort_order":2},{"id":3,"code":"card","label":"Kartu","is_active":1,"sort_order":3},{"id":4,"code":"qris","label":"QRIS","is_active":1,"sort_order":4},{"id":5,"code":"kredit","label":"Kredit","is_active":1,"sort_order":5}]}', 2, 11, '::1', NULL, '2026-07-26 08:46:02.494')

2026/07/26 08:46:02 [32mD:/Develop/Project_pos_mahenz/BE/repository/log_request_repository.go:32
[0m[33m[8.433ms] [34;1m[rows:1][0m INSERT INTO log_requests (id, method, endpoint, status_code, request_body, response_body, user_id, duration_ms, ip_address, error_message, created_at) VALUES ('10e52baa-c686-4bae-a959-86992586f3ab', 'POST', '/api/supplier-purchases/list', 200, '{"page":1,"limit":10,"start_date":"2026-07-01","end_date":"2026-07-26"}', '{"code":"00","status":true,"message":"Daftar purchase order","data":[{"id":17,"purchase_code":"PO-20260726-012","invoice_number":"INV-QA-VOIDDEL-2","supplier_id":1,"supplier_name":"Supplier Test Fase14","purchase_date":"2026-07-26T00:00:00+07:00","discount_amount":0,"total_amount":2000,"payment_status":"unpaid","paid_amount":0,"remaining_amount":2000,"status":"active","user_name":"Administrator","notes":""},{"id":15,"purchase_code":"PO-20260726-011","invoice_number":"AUTO-PO-20260726-011","supplier_id":1,"supplier_name":"Supplier Test Fase14","purchase_date":"2026-07-26T00:00:00+07:00","discount_amount":0,"total_amount":1420000,"payment_status":"partial","paid_amount":400000,"remaining_amount":1020000,"status":"active","user_name":"Owner","notes":""},{"id":14,"purchase_code":"PO-20260726-010","invoice_number":"AUTO-PO-20260726-010","supplier_id":1,"supplier_name":"Supplier Test Fase14","purchase_date":"2026-07-26T00:00:00+07:00","discount_amount":0,"total_amount":800,"payment_status":"paid","paid_amount":800,"remaining_amount":0,"status":"active","user_name":"Administrator","notes":""},{"id":13,"purchase_code":"PO-20260726-009","invoice_number":"INV-QA-STOCKCHECK","supplier_id":1,"supplier_name":"Supplier Test Fase14","purchase_date":"2026-07-26T00:00:00+07:00","discount_amount":0,"total_amount":6300,"payment_status":"unpaid","paid_amount":0,"remaining_amount":6300,"status":"active","user_name":"Administrator","notes":""},{"id":12,"purchase_code":"PO-20260726-008","invoice_number":"INV-QA-RACE-3","supplier_id":1,"supplier_name":"Supplier Test Fase14","purchase_date":"2026-07-26T00:00:00+07:00","discount_amount":0,"total_amount":1000,"payment_status":"unpaid","paid_amount":0,"remaining_amount":1000,"status":"active","user_name":"Administrator","notes":""},{"id":11,"purchase_code":"PO-20260726-007","invoice_number":"INV-QA-RACE-2","supplier_id":1,"supplier_name":"Supplier Test Fase14","purchase_date":"2026-07-26T00:00:00+07:00","discount_amount":0,"total_amount":1000,"payment_status":"partial","paid_amount":200,"remaining_amount":800,"status":"active","user_name":"Administrator","notes":""},{"id":10,"purchase_code":"PO-20260726-006","invoice_number":"INV-QA-RACE-1","supplier_id":1,"supplier_name":"Supplier Test Fase14","purchase_date":"2026-07-26T00:00:00+07:00","discount_amount":0,"total_amount":1000,"payment_status":"unpaid","paid_amount":0,"remaining_amount":1000,"status":"active","user_name":"Administrator","notes":""},{"id":8,"purchase_code":"PO-20260726-005","invoice_number":"INV-QA-DBLCLICK","supplier_id":1,"supplier_name":"Supplier Test Fase14","purchase_date":"2026-07-26T00:00:00+07:00","discount_amount":0,"total_amount":800,"payment_status":"paid","paid_amount":800,"remaining_amount":0,"status":"active","user_name":"Administrator","notes":""},{"id":6,"purchase_code":"PO-20260726-004","invoice_number":"INV-QA-BACK-MANUAL","supplier_id":1,"supplier_name":"Supplier Test Fase14","purchase_date":"2026-07-26T00:00:00+07:00","discount_amount":500,"total_amount":2500,"payment_status":"unpaid","paid_amount":0,"remaining_amount":2500,"status":"void","user_name":"Administrator","notes":""},{"id":5,"purchase_code":"PO-20260726-003","invoice_number":"INV-QA-DISKON-PAS","supplier_id":1,"supplier_name":"Supplier Test Fase14","purchase_date":"2026-07-26T00:00:00+07:00","discount_amount":2000,"total_amount":0,"payment_status":"unpaid","paid_amount":0,"remaining_amount":0,"status":"active","user_name":"Administrator","notes":""}],"pagination":{"page":1,"per_page":10,"total":14,"total_pages":2}}', 2, 21, '::1', NULL, '2026-07-26 08:46:02.498')
[GIN] 2026/07/26 - 08:47:12 | 204 |            0s |             ::1 | OPTIONS  "/api/auth/login"

2026/07/26 08:47:12 [32mD:/Develop/Project_pos_mahenz/BE/domain/auth/repo/auth_repo.go:17
[0m[33m[12.558ms] [34;1m[rows:1][0m SELECT u.id, u.username, u.password, u.full_name, u.role_id, r.name AS role_name, u.is_active FROM users u INNER JOIN roles r ON r.id = u.role_id WHERE u.username = 'admin' LIMIT 1

2026/07/26 08:47:12 [32mD:/Develop/Project_pos_mahenz/BE/domain/auth/repo/auth_repo.go:67
[0m[33m[9.616ms] [34;1m[rows:1][0m DELETE FROM sessions WHERE user_id = 2

2026/07/26 08:47:12 [32mD:/Develop/Project_pos_mahenz/BE/domain/auth/repo/auth_repo.go:38
[0m[33m[1.919ms] [34;1m[rows:1][0m INSERT INTO sessions (user_id, user_role, token, refresh_token, device_info, ip_address, expires_at) VALUES (2, 'admin', 'eyJhbGciOiJIUzI1NiIsInR5cCI6IkpXVCJ9.eyJhcHBzIjoid2ViIiwiZXhwIjoxNzg1MDU5MjMyLCJmdWxsX25hbWUiOiJBZG1pbmlzdHJhdG9yIiwicm9sZSI6ImFkbWluIiwidXNlcl9pZCI6MiwidXNlcm5hbWUiOiJhZG1pbiJ9.pR28GswFp9T7qmZ88Yleo52ULy69ZamPooFRZW4pGSs', '99f895d8c19889cb80c8bff733f914ff961b72a8c46acb6e3a677e49054bc328', 'web', '::1', '2026-08-02 08:47:12.327') ON DUPLICATE KEY UPDATE user_role=VALUES(user_role), token=VALUES(token), refresh_token=VALUES(refresh_token), device_info=VALUES(device_info), ip_address=VALUES(ip_address), expires_at=VALUES(expires_at), created_at=NOW()
[GIN] 2026/07/26 - 08:47:12 | 200 |    126.3159ms |             ::1 | POST     "/api/auth/login"

2026/07/26 08:47:12 [32mD:/Develop/Project_pos_mahenz/BE/repository/log_request_repository.go:32
[0m[33m[2.340ms] [34;1m[rows:1][0m INSERT INTO log_requests (id, method, endpoint, status_code, request_body, response_body, user_id, duration_ms, ip_address, error_message, created_at) VALUES ('a5df013a-d749-477f-b786-373e23265f76', 'POST', '/api/auth/login', 200, '{"username":"admin","password":"admin123","device_info":"web"}', '{"code":"00","status":true,"message":"Login berhasil","data":{"token":"eyJhbGciOiJIUzI1NiIsInR5cCI6IkpXVCJ9.eyJhcHBzIjoid2ViIiwiZXhwIjoxNzg1MDU5MjMyLCJmdWxsX25hbWUiOiJBZG1pbmlzdHJhdG9yIiwicm9sZSI6ImFkbWluIiwidXNlcl9pZCI6MiwidXNlcm5hbWUiOiJhZG1pbiJ9.pR28GswFp9T7qmZ88Yleo52ULy69ZamPooFRZW4pGSs","refresh_token":"99f895d8c19889cb80c8bff733f914ff961b72a8c46acb6e3a677e49054bc328","expires_at":"2026-08-02T08:47:12.32715+07:00","user":{"id":2,"username":"admin","full_name":"Administrator","role_id":2,"role_name":"admin"}}}', NULL, 125, '::1', NULL, '2026-07-26 08:47:12.338')
[GIN] 2026/07/26 - 08:47:12 | 204 |            0s |             ::1 | OPTIONS  "/api/menus/my"
[GIN] 2026/07/26 - 08:47:12 | 204 |            0s |             ::1 | OPTIONS  "/api/menus/my"

2026/07/26 08:47:12 [32mD:/Develop/Project_pos_mahenz/BE/domain/auth/repo/auth_repo.go:46
[0m[33m[0.504ms] [34;1m[rows:1][0m SELECT id, user_id, user_role, token, device_info, expires_at FROM sessions WHERE token = 'eyJhbGciOiJIUzI1NiIsInR5cCI6IkpXVCJ9.eyJhcHBzIjoid2ViIiwiZXhwIjoxNzg1MDU5MjMyLCJmdWxsX25hbWUiOiJBZG1pbmlzdHJhdG9yIiwicm9sZSI6ImFkbWluIiwidXNlcl9pZCI6MiwidXNlcm5hbWUiOiJhZG1pbiJ9.pR28GswFp9T7qmZ88Yleo52ULy69ZamPooFRZW4pGSs' LIMIT 1

2026/07/26 08:47:12 [32mD:/Develop/Project_pos_mahenz/BE/domain/auth/repo/auth_repo.go:46
[0m[33m[0.000ms] [34;1m[rows:1][0m SELECT id, user_id, user_role, token, device_info, expires_at FROM sessions WHERE token = 'eyJhbGciOiJIUzI1NiIsInR5cCI6IkpXVCJ9.eyJhcHBzIjoid2ViIiwiZXhwIjoxNzg1MDU5MjMyLCJmdWxsX25hbWUiOiJBZG1pbmlzdHJhdG9yIiwicm9sZSI6ImFkbWluIiwidXNlcl9pZCI6MiwidXNlcm5hbWUiOiJhZG1pbiJ9.pR28GswFp9T7qmZ88Yleo52ULy69ZamPooFRZW4pGSs' LIMIT 1

2026/07/26 08:47:12 [32mD:/Develop/Project_pos_mahenz/BE/domain/menu/repo/menu_repo.go:121
[0m[33m[1.452ms] [34;1m[rows:-][0m 
		SELECT
			m.id,
			m.parent_id,
			m.key_name,
			m.label,
			m.icon,
			m.path,
			m.order_index,
			COALESCE(rma.can_view,   0),
			COALESCE(rma.can_create, 0),
			COALESCE(rma.can_edit,   0),
			COALESCE(rma.can_delete, 0)
		FROM menus m
		LEFT JOIN role_menu_access rma ON rma.menu_id = m.id
			AND rma.role_id = (SELECT id FROM roles WHERE name = 'admin' AND is_active = 1 LIMIT 1)
		WHERE m.is_active = 1
		ORDER BY m.order_index ASC, m.id ASC
		
[GIN] 2026/07/26 - 08:47:12 | 200 |       1.956ms |             ::1 | POST     "/api/menus/my"

2026/07/26 08:47:12 [32mD:/Develop/Project_pos_mahenz/BE/domain/menu/repo/menu_repo.go:121
[0m[33m[0.523ms] [34;1m[rows:-][0m 
		SELECT
			m.id,
			m.parent_id,
			m.key_name,
			m.label,
			m.icon,
			m.path,
			m.order_index,
			COALESCE(rma.can_view,   0),
			COALESCE(rma.can_create, 0),
			COALESCE(rma.can_edit,   0),
			COALESCE(rma.can_delete, 0)
		FROM menus m
		LEFT JOIN role_menu_access rma ON rma.menu_id = m.id
			AND rma.role_id = (SELECT id FROM roles WHERE name = 'admin' AND is_active = 1 LIMIT 1)
		WHERE m.is_active = 1
		ORDER BY m.order_index ASC, m.id ASC
		
[GIN] 2026/07/26 - 08:47:12 | 200 |      1.5534ms |             ::1 | POST     "/api/menus/my"

2026/07/26 08:47:12 [32mD:/Develop/Project_pos_mahenz/BE/repository/log_request_repository.go:32
[0m[33m[3.505ms] [34;1m[rows:1][0m INSERT INTO log_requests (id, method, endpoint, status_code, request_body, response_body, user_id, duration_ms, ip_address, error_message, created_at) VALUES ('47691555-0498-4843-8cb0-297cee2560c9', 'POST', '/api/menus/my', 200, '{}', '{"code":"00","status":true,"message":"Menu akses","data":[{"key_name":"beranda","label":"Beranda","icon":"Home","path":null,"order_index":1,"permission":{"can_view":true,"can_create":true,"can_edit":true,"can_delete":true},"children":[{"key_name":"beranda.dashboard","label":"Dashboard","icon":"LayoutDashboard","path":"/dashboard","order_index":1,"permission":{"can_view":true,"can_create":true,"can_edit":true,"can_delete":true},"children":[]}]},{"key_name":"penjualan","label":"Penjualan","icon":"ShoppingCart","path":null,"order_index":2,"permission":{"can_view":true,"can_create":true,"can_edit":true,"can_delete":true},"children":[{"key_name":"penjualan.kasir","label":"Kasir","icon":"ShoppingCart","path":"/kasir","order_index":1,"permission":{"can_view":true,"can_create":true,"can_edit":true,"can_delete":true},"children":[]},{"key_name":"penjualan.transaksi","label":"Transaksi","icon":"Receipt","path":"/transactions","order_index":2,"permission":{"can_view":true,"can_create":true,"can_edit":true,"can_delete":true},"children":[]}]},{"key_name":"produk","label":"Produk","icon":"Package","path":null,"order_index":3,"permission":{"can_view":true,"can_create":true,"can_edit":true,"can_delete":true},"children":[{"key_name":"produk.produk","label":"Produk","icon":"Package","path":"/products","order_index":1,"permission":{"can_view":true,"can_create":true,"can_edit":true,"can_delete":true},"children":[]},{"key_name":"produk.kategori","label":"Kategori","icon":"Tag","path":"/products/categories","order_index":2,"permission":{"can_view":true,"can_create":true,"can_edit":true,"can_delete":true},"children":[]},{"key_name":"produk.unit","label":"Unit","icon":"PackageSearch","path":"/products/units","order_index":3,"permission":{"can_view":true,"can_create":true,"can_edit":true,"can_delete":true},"children":[]}]},{"key_name":"pengadaan","label":"Pengadaan","icon":"Truck","path":null,"order_index":4,"permission":{"can_view":true,"can_create":true,"can_edit":true,"can_delete":true},"children":[{"key_name":"pengadaan.supplier","label":"Supplier","icon":"Truck","path":"/suppliers","order_index":1,"permission":{"can_view":true,"can_create":true,"can_edit":true,"can_delete":true},"children":[]},{"key_name":"pengadaan.pembelian","label":"Pembelian","icon":"ShoppingBag","path":"/suppliers/purchases","order_index":2,"permission":{"can_view":true,"can_create":true,"can_edit":true,"can_delete":true},"children":[]},{"key_name":"pengadaan.retur","label":"Retur","icon":"RotateCcw","path":"/suppliers/returns","order_index":3,"permission":{"can_view":true,"can_create":true,"can_edit":true,"can_delete":true},"children":[]}]},{"key_name":"pelanggan","label":"Pelanggan","icon":"Users","path":null,"order_index":5,"permission":{"can_view":true,"can_create":true,"can_edit":true,"can_delete":true},"children":[{"key_name":"pelanggan.pelanggan","label":"Pelanggan","icon":"Users","path":"/customers","order_index":1,"permission":{"can_view":true,"can_create":true,"can_edit":true,"can_delete":true},"children":[]},{"key_name":"pelanggan.piutang","label":"Piutang","icon":"CreditCard","path":"/receivables","order_index":2,"permission":{"can_view":true,"can_create":true,"can_edit":true,"can_delete":true},"children":[]}]},{"key_name":"keuangan","label":"Keuangan","icon":"Wallet","path":null,"order_index":6,"permission":{"can_view":true,"can_create":true,"can_edit":true,"can_delete":true},"children":[{"key_name":"keuangan.dashboard","label":"Dashboard Keuangan","icon":"Wallet","path":"/finance","order_index":1,"permission":{"can_view":true,"can_create":true,"can_edit":true,"can_delete":true},"children":[]},{"key_name":"keuangan.kas_harian","label":"Kas Harian","icon":"Landmark","path":"/finance/cash-drawer","order_index":2,"permission":{"can_view":true,"can_create":true,"can_edit":true,"can_delete":true},"children":[]},{"key_name":"keuangan.pengeluaran","label":"Pengeluaran","icon":"TrendingDown","path":"/finance/expenses","order_index":3,"permission":{"can_view":true,"can_create":true,"can_edit":true,"can_delete":true},"children":[]},{"key_name":"keuangan.kas_saya","label":"Kas Saya","icon":"Wallet","path":"/finance/my-cash","order_index":4,"permission":{"can_view":true,"can_create":true,"can_edit":true,"can_delete":true},"children":[]}]},{"key_name":"pelaporan","label":"Pelaporan","icon":"BarChart2","path":null,"order_index":7,"permission":{"can_view":true,"can_create":true,"can_edit":true,"can_delete":true},"children":[{"key_name":"pelaporan.penjualan","label":"Penjualan","icon":"TrendingUp","path":"/reports/sales","order_index":1,"permission":{"can_view":true,"can_create":true,"can_edit":true,"can_delete":true},"children":[]},{"key_name":"pelaporan.laba_rugi","label":"Laba Rugi","icon":"LineChart","path":"/reports/profit-loss","order_index":2,"permission":{"can_view":true,"can_create":true,"can_edit":true,"can_delete":true},"children":[]},{"key_name":"pelaporan.stok","label":"Stok","icon":"PackageSearch","path":"/reports/stock","order_index":3,"permission":{"can_view":true,"can_create":true,"can_edit":true,"can_delete":true},"children":[]},{"key_name":"pelaporan.kinerja_kasir","label":"Kinerja Kasir","icon":"BarChart2","path":"/reports/cashier","order_index":4,"permission":{"can_view":true,"can_create":true,"can_edit":true,"can_delete":true},"children":[]},{"key_name":"pelaporan.ringkasan_bisnis","label":"Ringkasan Bisnis","icon":"BarChart3","path":"/reports/business-summary","order_index":5,"permission":{"can_view":true,"can_create":true,"can_edit":true,"can_delete":true},"children":[]}]},{"key_name":"operasional","label":"Operasional","icon":"Clock","path":null,"order_index":8,"permission":{"can_view":true,"can_create":true,"can_edit":true,"can_delete":true},"children":[{"key_name":"operasional.shift","label":"Shift","icon":"Clock","path":"/shifts","order_index":1,"permission":{"can_view":true,"can_create":true,"can_edit":true,"can_delete":true},"children":[]},{"key_name":"operasional.sync","label":"Sync Center","icon":"RefreshCw","path":"/sync","order_index":2,"permission":{"can_view":true,"can_create":true,"can_edit":true,"can_delete":true},"children":[]}]},{"key_name":"sistem","label":"Sistem","icon":"Settings","path":null,"order_index":9,"permission":{"can_view":true,"can_create":true,"can_edit":true,"can_delete":true},"children":[{"key_name":"sistem.profil_toko","label":"Profil Toko","icon":"Settings","path":"/settings/store","order_index":1,"permission":{"can_view":true,"can_create":true,"can_edit":true,"can_delete":true},"children":[]},{"key_name":"sistem.users","label":"Manajemen User","icon":"Users","path":"/settings/users","order_index":2,"permission":{"can_view":true,"can_create":true,"can_edit":true,"can_delete":true},"children":[]},{"key_name":"sistem.roles","label":"Manajemen Role","icon":"Shield","path":"/settings/roles","order_index":3,"permission":{"can_view":true,"can_create":true,"can_edit":true,"can_delete":true},"children":[]},{"key_name":"sistem.menus","label":"Manajemen Menu","icon":"LayoutList","path":"/settings/menus","order_index":4,"permission":{"can_view":true,"can_create":true,"can_edit":true,"can_delete":true},"children":[]},{"key_name":"sistem.printer","label":"Printer","icon":"Printer","path":"/settings/printer","order_index":5,"permission":{"can_view":true,"can_create":true,"can_edit":true,"can_delete":true},"children":[]},{"key_name":"sistem.versi","label":"Versi Aplikasi","icon":"RefreshCw","path":"/settings/versions","order_index":6,"permission":{"can_view":true,"can_create":true,"can_edit":true,"can_delete":true},"children":[]},{"key_name":"sistem.backup","label":"Backup \u0026 Restore","icon":"DatabaseBackup","path":"/settings/backup","order_index":7,"permission":{"can_view":true,"can_create":true,"can_edit":true,"can_delete":true},"children":[]}]}]}', 2, 1, '::1', NULL, '2026-07-26 08:47:12.347')

2026/07/26 08:47:12 [32mD:/Develop/Project_pos_mahenz/BE/repository/log_request_repository.go:32
[0m[33m[2.455ms] [34;1m[rows:1][0m INSERT INTO log_requests (id, method, endpoint, status_code, request_body, response_body, user_id, duration_ms, ip_address, error_message, created_at) VALUES ('64ed71e7-f895-47be-a146-9495284a3681', 'POST', '/api/menus/my', 200, '{}', '{"code":"00","status":true,"message":"Menu akses","data":[{"key_name":"beranda","label":"Beranda","icon":"Home","path":null,"order_index":1,"permission":{"can_view":true,"can_create":true,"can_edit":true,"can_delete":true},"children":[{"key_name":"beranda.dashboard","label":"Dashboard","icon":"LayoutDashboard","path":"/dashboard","order_index":1,"permission":{"can_view":true,"can_create":true,"can_edit":true,"can_delete":true},"children":[]}]},{"key_name":"penjualan","label":"Penjualan","icon":"ShoppingCart","path":null,"order_index":2,"permission":{"can_view":true,"can_create":true,"can_edit":true,"can_delete":true},"children":[{"key_name":"penjualan.kasir","label":"Kasir","icon":"ShoppingCart","path":"/kasir","order_index":1,"permission":{"can_view":true,"can_create":true,"can_edit":true,"can_delete":true},"children":[]},{"key_name":"penjualan.transaksi","label":"Transaksi","icon":"Receipt","path":"/transactions","order_index":2,"permission":{"can_view":true,"can_create":true,"can_edit":true,"can_delete":true},"children":[]}]},{"key_name":"produk","label":"Produk","icon":"Package","path":null,"order_index":3,"permission":{"can_view":true,"can_create":true,"can_edit":true,"can_delete":true},"children":[{"key_name":"produk.produk","label":"Produk","icon":"Package","path":"/products","order_index":1,"permission":{"can_view":true,"can_create":true,"can_edit":true,"can_delete":true},"children":[]},{"key_name":"produk.kategori","label":"Kategori","icon":"Tag","path":"/products/categories","order_index":2,"permission":{"can_view":true,"can_create":true,"can_edit":true,"can_delete":true},"children":[]},{"key_name":"produk.unit","label":"Unit","icon":"PackageSearch","path":"/products/units","order_index":3,"permission":{"can_view":true,"can_create":true,"can_edit":true,"can_delete":true},"children":[]}]},{"key_name":"pengadaan","label":"Pengadaan","icon":"Truck","path":null,"order_index":4,"permission":{"can_view":true,"can_create":true,"can_edit":true,"can_delete":true},"children":[{"key_name":"pengadaan.supplier","label":"Supplier","icon":"Truck","path":"/suppliers","order_index":1,"permission":{"can_view":true,"can_create":true,"can_edit":true,"can_delete":true},"children":[]},{"key_name":"pengadaan.pembelian","label":"Pembelian","icon":"ShoppingBag","path":"/suppliers/purchases","order_index":2,"permission":{"can_view":true,"can_create":true,"can_edit":true,"can_delete":true},"children":[]},{"key_name":"pengadaan.retur","label":"Retur","icon":"RotateCcw","path":"/suppliers/returns","order_index":3,"permission":{"can_view":true,"can_create":true,"can_edit":true,"can_delete":true},"children":[]}]},{"key_name":"pelanggan","label":"Pelanggan","icon":"Users","path":null,"order_index":5,"permission":{"can_view":true,"can_create":true,"can_edit":true,"can_delete":true},"children":[{"key_name":"pelanggan.pelanggan","label":"Pelanggan","icon":"Users","path":"/customers","order_index":1,"permission":{"can_view":true,"can_create":true,"can_edit":true,"can_delete":true},"children":[]},{"key_name":"pelanggan.piutang","label":"Piutang","icon":"CreditCard","path":"/receivables","order_index":2,"permission":{"can_view":true,"can_create":true,"can_edit":true,"can_delete":true},"children":[]}]},{"key_name":"keuangan","label":"Keuangan","icon":"Wallet","path":null,"order_index":6,"permission":{"can_view":true,"can_create":true,"can_edit":true,"can_delete":true},"children":[{"key_name":"keuangan.dashboard","label":"Dashboard Keuangan","icon":"Wallet","path":"/finance","order_index":1,"permission":{"can_view":true,"can_create":true,"can_edit":true,"can_delete":true},"children":[]},{"key_name":"keuangan.kas_harian","label":"Kas Harian","icon":"Landmark","path":"/finance/cash-drawer","order_index":2,"permission":{"can_view":true,"can_create":true,"can_edit":true,"can_delete":true},"children":[]},{"key_name":"keuangan.pengeluaran","label":"Pengeluaran","icon":"TrendingDown","path":"/finance/expenses","order_index":3,"permission":{"can_view":true,"can_create":true,"can_edit":true,"can_delete":true},"children":[]},{"key_name":"keuangan.kas_saya","label":"Kas Saya","icon":"Wallet","path":"/finance/my-cash","order_index":4,"permission":{"can_view":true,"can_create":true,"can_edit":true,"can_delete":true},"children":[]}]},{"key_name":"pelaporan","label":"Pelaporan","icon":"BarChart2","path":null,"order_index":7,"permission":{"can_view":true,"can_create":true,"can_edit":true,"can_delete":true},"children":[{"key_name":"pelaporan.penjualan","label":"Penjualan","icon":"TrendingUp","path":"/reports/sales","order_index":1,"permission":{"can_view":true,"can_create":true,"can_edit":true,"can_delete":true},"children":[]},{"key_name":"pelaporan.laba_rugi","label":"Laba Rugi","icon":"LineChart","path":"/reports/profit-loss","order_index":2,"permission":{"can_view":true,"can_create":true,"can_edit":true,"can_delete":true},"children":[]},{"key_name":"pelaporan.stok","label":"Stok","icon":"PackageSearch","path":"/reports/stock","order_index":3,"permission":{"can_view":true,"can_create":true,"can_edit":true,"can_delete":true},"children":[]},{"key_name":"pelaporan.kinerja_kasir","label":"Kinerja Kasir","icon":"BarChart2","path":"/reports/cashier","order_index":4,"permission":{"can_view":true,"can_create":true,"can_edit":true,"can_delete":true},"children":[]},{"key_name":"pelaporan.ringkasan_bisnis","label":"Ringkasan Bisnis","icon":"BarChart3","path":"/reports/business-summary","order_index":5,"permission":{"can_view":true,"can_create":true,"can_edit":true,"can_delete":true},"children":[]}]},{"key_name":"operasional","label":"Operasional","icon":"Clock","path":null,"order_index":8,"permission":{"can_view":true,"can_create":true,"can_edit":true,"can_delete":true},"children":[{"key_name":"operasional.shift","label":"Shift","icon":"Clock","path":"/shifts","order_index":1,"permission":{"can_view":true,"can_create":true,"can_edit":true,"can_delete":true},"children":[]},{"key_name":"operasional.sync","label":"Sync Center","icon":"RefreshCw","path":"/sync","order_index":2,"permission":{"can_view":true,"can_create":true,"can_edit":true,"can_delete":true},"children":[]}]},{"key_name":"sistem","label":"Sistem","icon":"Settings","path":null,"order_index":9,"permission":{"can_view":true,"can_create":true,"can_edit":true,"can_delete":true},"children":[{"key_name":"sistem.profil_toko","label":"Profil Toko","icon":"Settings","path":"/settings/store","order_index":1,"permission":{"can_view":true,"can_create":true,"can_edit":true,"can_delete":true},"children":[]},{"key_name":"sistem.users","label":"Manajemen User","icon":"Users","path":"/settings/users","order_index":2,"permission":{"can_view":true,"can_create":true,"can_edit":true,"can_delete":true},"children":[]},{"key_name":"sistem.roles","label":"Manajemen Role","icon":"Shield","path":"/settings/roles","order_index":3,"permission":{"can_view":true,"can_create":true,"can_edit":true,"can_delete":true},"children":[]},{"key_name":"sistem.menus","label":"Manajemen Menu","icon":"LayoutList","path":"/settings/menus","order_index":4,"permission":{"can_view":true,"can_create":true,"can_edit":true,"can_delete":true},"children":[]},{"key_name":"sistem.printer","label":"Printer","icon":"Printer","path":"/settings/printer","order_index":5,"permission":{"can_view":true,"can_create":true,"can_edit":true,"can_delete":true},"children":[]},{"key_name":"sistem.versi","label":"Versi Aplikasi","icon":"RefreshCw","path":"/settings/versions","order_index":6,"permission":{"can_view":true,"can_create":true,"can_edit":true,"can_delete":true},"children":[]},{"key_name":"sistem.backup","label":"Backup \u0026 Restore","icon":"DatabaseBackup","path":"/settings/backup","order_index":7,"permission":{"can_view":true,"can_create":true,"can_edit":true,"can_delete":true},"children":[]}]}]}', 2, 1, '::1', NULL, '2026-07-26 08:47:12.348')

2026/07/26 08:47:13 [32mD:/Develop/Project_pos_mahenz/BE/domain/auth/repo/auth_repo.go:46
[0m[33m[0.643ms] [34;1m[rows:1][0m SELECT id, user_id, user_role, token, device_info, expires_at FROM sessions WHERE token = 'eyJhbGciOiJIUzI1NiIsInR5cCI6IkpXVCJ9.eyJhcHBzIjoid2ViIiwiZXhwIjoxNzg1MDU5MjMyLCJmdWxsX25hbWUiOiJBZG1pbmlzdHJhdG9yIiwicm9sZSI6ImFkbWluIiwidXNlcl9pZCI6MiwidXNlcm5hbWUiOiJhZG1pbiJ9.pR28GswFp9T7qmZ88Yleo52ULy69ZamPooFRZW4pGSs' LIMIT 1

2026/07/26 08:47:13 [32mD:/Develop/Project_pos_mahenz/BE/domain/menu/repo/menu_repo.go:121
[0m[33m[0.546ms] [34;1m[rows:-][0m 
		SELECT
			m.id,
			m.parent_id,
			m.key_name,
			m.label,
			m.icon,
			m.path,
			m.order_index,
			COALESCE(rma.can_view,   0),
			COALESCE(rma.can_create, 0),
			COALESCE(rma.can_edit,   0),
			COALESCE(rma.can_delete, 0)
		FROM menus m
		LEFT JOIN role_menu_access rma ON rma.menu_id = m.id
			AND rma.role_id = (SELECT id FROM roles WHERE name = 'admin' AND is_active = 1 LIMIT 1)
		WHERE m.is_active = 1
		ORDER BY m.order_index ASC, m.id ASC
		
[GIN] 2026/07/26 - 08:47:13 | 200 |      1.1886ms |             ::1 | POST     "/api/menus/my"

2026/07/26 08:47:13 [32mD:/Develop/Project_pos_mahenz/BE/repository/log_request_repository.go:32
[0m[33m[2.509ms] [34;1m[rows:1][0m INSERT INTO log_requests (id, method, endpoint, status_code, request_body, response_body, user_id, duration_ms, ip_address, error_message, created_at) VALUES ('16c72186-accc-4387-b6dd-f4f3ecd0d529', 'POST', '/api/menus/my', 200, '{}', '{"code":"00","status":true,"message":"Menu akses","data":[{"key_name":"beranda","label":"Beranda","icon":"Home","path":null,"order_index":1,"permission":{"can_view":true,"can_create":true,"can_edit":true,"can_delete":true},"children":[{"key_name":"beranda.dashboard","label":"Dashboard","icon":"LayoutDashboard","path":"/dashboard","order_index":1,"permission":{"can_view":true,"can_create":true,"can_edit":true,"can_delete":true},"children":[]}]},{"key_name":"penjualan","label":"Penjualan","icon":"ShoppingCart","path":null,"order_index":2,"permission":{"can_view":true,"can_create":true,"can_edit":true,"can_delete":true},"children":[{"key_name":"penjualan.kasir","label":"Kasir","icon":"ShoppingCart","path":"/kasir","order_index":1,"permission":{"can_view":true,"can_create":true,"can_edit":true,"can_delete":true},"children":[]},{"key_name":"penjualan.transaksi","label":"Transaksi","icon":"Receipt","path":"/transactions","order_index":2,"permission":{"can_view":true,"can_create":true,"can_edit":true,"can_delete":true},"children":[]}]},{"key_name":"produk","label":"Produk","icon":"Package","path":null,"order_index":3,"permission":{"can_view":true,"can_create":true,"can_edit":true,"can_delete":true},"children":[{"key_name":"produk.produk","label":"Produk","icon":"Package","path":"/products","order_index":1,"permission":{"can_view":true,"can_create":true,"can_edit":true,"can_delete":true},"children":[]},{"key_name":"produk.kategori","label":"Kategori","icon":"Tag","path":"/products/categories","order_index":2,"permission":{"can_view":true,"can_create":true,"can_edit":true,"can_delete":true},"children":[]},{"key_name":"produk.unit","label":"Unit","icon":"PackageSearch","path":"/products/units","order_index":3,"permission":{"can_view":true,"can_create":true,"can_edit":true,"can_delete":true},"children":[]}]},{"key_name":"pengadaan","label":"Pengadaan","icon":"Truck","path":null,"order_index":4,"permission":{"can_view":true,"can_create":true,"can_edit":true,"can_delete":true},"children":[{"key_name":"pengadaan.supplier","label":"Supplier","icon":"Truck","path":"/suppliers","order_index":1,"permission":{"can_view":true,"can_create":true,"can_edit":true,"can_delete":true},"children":[]},{"key_name":"pengadaan.pembelian","label":"Pembelian","icon":"ShoppingBag","path":"/suppliers/purchases","order_index":2,"permission":{"can_view":true,"can_create":true,"can_edit":true,"can_delete":true},"children":[]},{"key_name":"pengadaan.retur","label":"Retur","icon":"RotateCcw","path":"/suppliers/returns","order_index":3,"permission":{"can_view":true,"can_create":true,"can_edit":true,"can_delete":true},"children":[]}]},{"key_name":"pelanggan","label":"Pelanggan","icon":"Users","path":null,"order_index":5,"permission":{"can_view":true,"can_create":true,"can_edit":true,"can_delete":true},"children":[{"key_name":"pelanggan.pelanggan","label":"Pelanggan","icon":"Users","path":"/customers","order_index":1,"permission":{"can_view":true,"can_create":true,"can_edit":true,"can_delete":true},"children":[]},{"key_name":"pelanggan.piutang","label":"Piutang","icon":"CreditCard","path":"/receivables","order_index":2,"permission":{"can_view":true,"can_create":true,"can_edit":true,"can_delete":true},"children":[]}]},{"key_name":"keuangan","label":"Keuangan","icon":"Wallet","path":null,"order_index":6,"permission":{"can_view":true,"can_create":true,"can_edit":true,"can_delete":true},"children":[{"key_name":"keuangan.dashboard","label":"Dashboard Keuangan","icon":"Wallet","path":"/finance","order_index":1,"permission":{"can_view":true,"can_create":true,"can_edit":true,"can_delete":true},"children":[]},{"key_name":"keuangan.kas_harian","label":"Kas Harian","icon":"Landmark","path":"/finance/cash-drawer","order_index":2,"permission":{"can_view":true,"can_create":true,"can_edit":true,"can_delete":true},"children":[]},{"key_name":"keuangan.pengeluaran","label":"Pengeluaran","icon":"TrendingDown","path":"/finance/expenses","order_index":3,"permission":{"can_view":true,"can_create":true,"can_edit":true,"can_delete":true},"children":[]},{"key_name":"keuangan.kas_saya","label":"Kas Saya","icon":"Wallet","path":"/finance/my-cash","order_index":4,"permission":{"can_view":true,"can_create":true,"can_edit":true,"can_delete":true},"children":[]}]},{"key_name":"pelaporan","label":"Pelaporan","icon":"BarChart2","path":null,"order_index":7,"permission":{"can_view":true,"can_create":true,"can_edit":true,"can_delete":true},"children":[{"key_name":"pelaporan.penjualan","label":"Penjualan","icon":"TrendingUp","path":"/reports/sales","order_index":1,"permission":{"can_view":true,"can_create":true,"can_edit":true,"can_delete":true},"children":[]},{"key_name":"pelaporan.laba_rugi","label":"Laba Rugi","icon":"LineChart","path":"/reports/profit-loss","order_index":2,"permission":{"can_view":true,"can_create":true,"can_edit":true,"can_delete":true},"children":[]},{"key_name":"pelaporan.stok","label":"Stok","icon":"PackageSearch","path":"/reports/stock","order_index":3,"permission":{"can_view":true,"can_create":true,"can_edit":true,"can_delete":true},"children":[]},{"key_name":"pelaporan.kinerja_kasir","label":"Kinerja Kasir","icon":"BarChart2","path":"/reports/cashier","order_index":4,"permission":{"can_view":true,"can_create":true,"can_edit":true,"can_delete":true},"children":[]},{"key_name":"pelaporan.ringkasan_bisnis","label":"Ringkasan Bisnis","icon":"BarChart3","path":"/reports/business-summary","order_index":5,"permission":{"can_view":true,"can_create":true,"can_edit":true,"can_delete":true},"children":[]}]},{"key_name":"operasional","label":"Operasional","icon":"Clock","path":null,"order_index":8,"permission":{"can_view":true,"can_create":true,"can_edit":true,"can_delete":true},"children":[{"key_name":"operasional.shift","label":"Shift","icon":"Clock","path":"/shifts","order_index":1,"permission":{"can_view":true,"can_create":true,"can_edit":true,"can_delete":true},"children":[]},{"key_name":"operasional.sync","label":"Sync Center","icon":"RefreshCw","path":"/sync","order_index":2,"permission":{"can_view":true,"can_create":true,"can_edit":true,"can_delete":true},"children":[]}]},{"key_name":"sistem","label":"Sistem","icon":"Settings","path":null,"order_index":9,"permission":{"can_view":true,"can_create":true,"can_edit":true,"can_delete":true},"children":[{"key_name":"sistem.profil_toko","label":"Profil Toko","icon":"Settings","path":"/settings/store","order_index":1,"permission":{"can_view":true,"can_create":true,"can_edit":true,"can_delete":true},"children":[]},{"key_name":"sistem.users","label":"Manajemen User","icon":"Users","path":"/settings/users","order_index":2,"permission":{"can_view":true,"can_create":true,"can_edit":true,"can_delete":true},"children":[]},{"key_name":"sistem.roles","label":"Manajemen Role","icon":"Shield","path":"/settings/roles","order_index":3,"permission":{"can_view":true,"can_create":true,"can_edit":true,"can_delete":true},"children":[]},{"key_name":"sistem.menus","label":"Manajemen Menu","icon":"LayoutList","path":"/settings/menus","order_index":4,"permission":{"can_view":true,"can_create":true,"can_edit":true,"can_delete":true},"children":[]},{"key_name":"sistem.printer","label":"Printer","icon":"Printer","path":"/settings/printer","order_index":5,"permission":{"can_view":true,"can_create":true,"can_edit":true,"can_delete":true},"children":[]},{"key_name":"sistem.versi","label":"Versi Aplikasi","icon":"RefreshCw","path":"/settings/versions","order_index":6,"permission":{"can_view":true,"can_create":true,"can_edit":true,"can_delete":true},"children":[]},{"key_name":"sistem.backup","label":"Backup \u0026 Restore","icon":"DatabaseBackup","path":"/settings/backup","order_index":7,"permission":{"can_view":true,"can_create":true,"can_edit":true,"can_delete":true},"children":[]}]}]}', 2, 1, '::1', NULL, '2026-07-26 08:47:13.175')
[GIN] 2026/07/26 - 08:47:13 | 204 |            0s |             ::1 | OPTIONS  "/api/sync/conflicts/count"

2026/07/26 08:47:13 [32mD:/Develop/Project_pos_mahenz/BE/domain/auth/repo/auth_repo.go:46
[0m[33m[0.548ms] [34;1m[rows:1][0m SELECT id, user_id, user_role, token, device_info, expires_at FROM sessions WHERE token = 'eyJhbGciOiJIUzI1NiIsInR5cCI6IkpXVCJ9.eyJhcHBzIjoid2ViIiwiZXhwIjoxNzg1MDU5MjMyLCJmdWxsX25hbWUiOiJBZG1pbmlzdHJhdG9yIiwicm9sZSI6ImFkbWluIiwidXNlcl9pZCI6MiwidXNlcm5hbWUiOiJhZG1pbiJ9.pR28GswFp9T7qmZ88Yleo52ULy69ZamPooFRZW4pGSs' LIMIT 1

2026/07/26 08:47:13 [32mD:/Develop/Project_pos_mahenz/BE/domain/sync/repo/sync_repo.go:84
[0m[33m[0.671ms] [34;1m[rows:1][0m SELECT COUNT(*) FROM sync_conflicts WHERE status = 'pending'
[GIN] 2026/07/26 - 08:47:13 | 200 |      1.2195ms |             ::1 | GET      "/api/sync/conflicts/count"

2026/07/26 08:47:13 [32mD:/Develop/Project_pos_mahenz/BE/repository/log_request_repository.go:32
[0m[33m[2.666ms] [34;1m[rows:1][0m INSERT INTO log_requests (id, method, endpoint, status_code, request_body, response_body, user_id, duration_ms, ip_address, error_message, created_at) VALUES ('ffe66904-3d8d-4165-a3a3-b17830b7ca7a', 'GET', '/api/sync/conflicts/count', 200, '', '{"code":"00","status":true,"message":"Jumlah konflik pending","data":{"count":0}}', 2, 1, '::1', NULL, '2026-07-26 08:47:13.245')
[GIN] 2026/07/26 - 08:47:13 | 204 |            0s |             ::1 | OPTIONS  "/api/suppliers/list"
[GIN] 2026/07/26 - 08:47:13 | 204 |       935.3µs |             ::1 | OPTIONS  "/api/products/list"

2026/07/26 08:47:13 [32mD:/Develop/Project_pos_mahenz/BE/domain/auth/repo/auth_repo.go:46
[0m[33m[0.509ms] [34;1m[rows:1][0m SELECT id, user_id, user_role, token, device_info, expires_at FROM sessions WHERE token = 'eyJhbGciOiJIUzI1NiIsInR5cCI6IkpXVCJ9.eyJhcHBzIjoid2ViIiwiZXhwIjoxNzg1MDU5MjMyLCJmdWxsX25hbWUiOiJBZG1pbmlzdHJhdG9yIiwicm9sZSI6ImFkbWluIiwidXNlcl9pZCI6MiwidXNlcm5hbWUiOiJhZG1pbiJ9.pR28GswFp9T7qmZ88Yleo52ULy69ZamPooFRZW4pGSs' LIMIT 1

2026/07/26 08:47:13 [32mD:/Develop/Project_pos_mahenz/BE/domain/auth/repo/auth_repo.go:46
[0m[33m[0.509ms] [34;1m[rows:1][0m SELECT id, user_id, user_role, token, device_info, expires_at FROM sessions WHERE token = 'eyJhbGciOiJIUzI1NiIsInR5cCI6IkpXVCJ9.eyJhcHBzIjoid2ViIiwiZXhwIjoxNzg1MDU5MjMyLCJmdWxsX25hbWUiOiJBZG1pbmlzdHJhdG9yIiwicm9sZSI6ImFkbWluIiwidXNlcl9pZCI6MiwidXNlcm5hbWUiOiJhZG1pbiJ9.pR28GswFp9T7qmZ88Yleo52ULy69ZamPooFRZW4pGSs' LIMIT 1

2026/07/26 08:47:13 [32mD:/Develop/Project_pos_mahenz/BE/domain/supplier/repo/supplier_repo.go:44
[0m[33m[0.594ms] [34;1m[rows:1][0m SELECT COUNT(*) FROM suppliers WHERE 1=1

2026/07/26 08:47:13 [32mD:/Develop/Project_pos_mahenz/BE/domain/product/repo/product_repo.go:100
[0m[33m[0.594ms] [34;1m[rows:1][0m SELECT COUNT(*) FROM products p WHERE 1=1

2026/07/26 08:47:13 [32mD:/Develop/Project_pos_mahenz/BE/domain/supplier/repo/supplier_repo.go:67
[0m[33m[0.000ms] [34;1m[rows:1][0m SELECT id, supplier_code, name, address, phone, email, contact_person, notes, is_active, created_at FROM suppliers WHERE 1=1 ORDER BY name ASC LIMIT 1 OFFSET 0
[GIN] 2026/07/26 - 08:47:13 | 200 |      1.1027ms |             ::1 | POST     "/api/suppliers/list"

2026/07/26 08:47:13 [32mD:/Develop/Project_pos_mahenz/BE/domain/product/repo/product_repo.go:119
[0m[33m[1.063ms] [34;1m[rows:1][0m 
		SELECT p.id, p.barcode, COALESCE(p.sku, '') as sku, p.name, p.category_id, COALESCE(c.name, '') as category_name,
		       p.purchase_price, p.selling_price, p.stock, p.reserved_qty, p.min_stock,
		       COALESCE(p.unit_id, 0) as unit_id, COALESCE(u.name, '') as unit_name, COALESCE(u.abbreviation, '') as unit_abbreviation,
		       p.is_active,
		       (SELECT COUNT(*) FROM product_packages pp WHERE pp.product_id = p.id AND pp.is_default = 0) AS extra_packages,
		       (SELECT COUNT(*) FROM product_prices pr WHERE pr.product_id = p.id) AS price_tiers_count
		FROM products p
		LEFT JOIN categories c ON p.category_id = c.id
		LEFT JOIN units u ON u.id = p.unit_id
		WHERE 1=1 ORDER BY p.name ASC LIMIT 1 OFFSET 0
[GIN] 2026/07/26 - 08:47:13 | 200 |       2.166ms |             ::1 | POST     "/api/products/list"

2026/07/26 08:47:13 [32mD:/Develop/Project_pos_mahenz/BE/repository/log_request_repository.go:32
[0m[33m[7.632ms] [34;1m[rows:1][0m INSERT INTO log_requests (id, method, endpoint, status_code, request_body, response_body, user_id, duration_ms, ip_address, error_message, created_at) VALUES ('e6181fb6-a819-4720-863c-6726ee0970da', 'POST', '/api/products/list', 200, '{"page":1,"limit":1,"search":""}', '{"code":"00","status":true,"message":"Daftar produk","data":[{"id":4,"barcode":"8992260464338","sku":"SEM-0003","name":"Gula Pasir 1kg","category_id":1,"category_name":"Sembako Test","purchase_price":0,"selling_price":15000,"stock":50,"reserved_qty":0,"min_stock":5,"unit_id":1,"unit_name":"Pieces","unit_abbreviation":"Pcs","is_active":false,"extra_packages":0,"price_tiers_count":0}],"pagination":{"page":1,"per_page":1,"total":11,"total_pages":11}}', 2, 2, '::1', NULL, '2026-07-26 08:47:13.679')

2026/07/26 08:47:13 [32mD:/Develop/Project_pos_mahenz/BE/repository/log_request_repository.go:32
[0m[33m[8.167ms] [34;1m[rows:1][0m INSERT INTO log_requests (id, method, endpoint, status_code, request_body, response_body, user_id, duration_ms, ip_address, error_message, created_at) VALUES ('3cb6f3bc-2753-4ba7-8e8a-54c9afc45350', 'POST', '/api/suppliers/list', 200, '{"page":1,"limit":1,"search":""}', '{"code":"00","status":true,"message":"Daftar supplier","data":[{"id":1,"supplier_code":"SUP-001","name":"Supplier Test Fase14","address":"Jl. Test","phone":"08123456789","email":"","contact_person":"","notes":"","is_active":true,"created_at":"2026-07-25T13:19:10+07:00"}],"pagination":{"page":1,"per_page":1,"total":1,"total_pages":1}}', 2, 1, '::1', NULL, '2026-07-26 08:47:13.678')
[GIN] 2026/07/26 - 08:47:13 | 204 |            0s |             ::1 | OPTIONS  "/api/suppliers/options"
[GIN] 2026/07/26 - 08:47:13 | 204 |            0s |             ::1 | OPTIONS  "/api/payment-statuses/list"
[GIN] 2026/07/26 - 08:47:13 | 204 |            0s |             ::1 | OPTIONS  "/api/settings/pagination_sizes"
[GIN] 2026/07/26 - 08:47:13 | 204 |            0s |             ::1 | OPTIONS  "/api/payment-methods/list"

2026/07/26 08:47:13 [32mD:/Develop/Project_pos_mahenz/BE/domain/auth/repo/auth_repo.go:46
[0m[33m[1.163ms] [34;1m[rows:1][0m SELECT id, user_id, user_role, token, device_info, expires_at FROM sessions WHERE token = 'eyJhbGciOiJIUzI1NiIsInR5cCI6IkpXVCJ9.eyJhcHBzIjoid2ViIiwiZXhwIjoxNzg1MDU5MjMyLCJmdWxsX25hbWUiOiJBZG1pbmlzdHJhdG9yIiwicm9sZSI6ImFkbWluIiwidXNlcl9pZCI6MiwidXNlcm5hbWUiOiJhZG1pbiJ9.pR28GswFp9T7qmZ88Yleo52ULy69ZamPooFRZW4pGSs' LIMIT 1
[GIN] 2026/07/26 - 08:47:13 | 204 |            0s |             ::1 | OPTIONS  "/api/supplier-purchases/list"

2026/07/26 08:47:13 [32mD:/Develop/Project_pos_mahenz/BE/domain/supplier/repo/supplier_repo.go:44
[0m[33m[0.542ms] [34;1m[rows:1][0m SELECT COUNT(*) FROM suppliers WHERE 1=1

2026/07/26 08:47:13 [32mD:/Develop/Project_pos_mahenz/BE/domain/auth/repo/auth_repo.go:46
[0m[33m[0.542ms] [34;1m[rows:1][0m SELECT id, user_id, user_role, token, device_info, expires_at FROM sessions WHERE token = 'eyJhbGciOiJIUzI1NiIsInR5cCI6IkpXVCJ9.eyJhcHBzIjoid2ViIiwiZXhwIjoxNzg1MDU5MjMyLCJmdWxsX25hbWUiOiJBZG1pbmlzdHJhdG9yIiwicm9sZSI6ImFkbWluIiwidXNlcl9pZCI6MiwidXNlcm5hbWUiOiJhZG1pbiJ9.pR28GswFp9T7qmZ88Yleo52ULy69ZamPooFRZW4pGSs' LIMIT 1

2026/07/26 08:47:13 [32mD:/Develop/Project_pos_mahenz/BE/domain/supplier/repo/supplier_repo.go:81
[0m[33m[0.529ms] [34;1m[rows:1][0m SELECT id, supplier_code, name FROM suppliers WHERE is_active = 1 ORDER BY name

2026/07/26 08:47:13 [32mD:/Develop/Project_pos_mahenz/BE/domain/supplier/repo/supplier_repo.go:67
[0m[33m[0.529ms] [34;1m[rows:1][0m SELECT id, supplier_code, name, address, phone, email, contact_person, notes, is_active, created_at FROM suppliers WHERE 1=1 ORDER BY name ASC LIMIT 10 OFFSET 0
[GIN] 2026/07/26 - 08:47:13 | 200 |      1.0705ms |             ::1 | POST     "/api/suppliers/options"
[GIN] 2026/07/26 - 08:47:13 | 200 |      2.2336ms |             ::1 | POST     "/api/suppliers/list"

2026/07/26 08:47:13 [32mD:/Develop/Project_pos_mahenz/BE/domain/auth/repo/auth_repo.go:46
[0m[33m[0.519ms] [34;1m[rows:1][0m SELECT id, user_id, user_role, token, device_info, expires_at FROM sessions WHERE token = 'eyJhbGciOiJIUzI1NiIsInR5cCI6IkpXVCJ9.eyJhcHBzIjoid2ViIiwiZXhwIjoxNzg1MDU5MjMyLCJmdWxsX25hbWUiOiJBZG1pbmlzdHJhdG9yIiwicm9sZSI6ImFkbWluIiwidXNlcl9pZCI6MiwidXNlcm5hbWUiOiJhZG1pbiJ9.pR28GswFp9T7qmZ88Yleo52ULy69ZamPooFRZW4pGSs' LIMIT 1

2026/07/26 08:47:13 [32mD:/Develop/Project_pos_mahenz/BE/domain/payment_status/repo/payment_status_repo.go:9
[0m[33m[0.000ms] [34;1m[rows:3][0m SELECT id, code, label, is_active, sort_order FROM payment_statuses WHERE is_active = 1 ORDER BY sort_order ASC
[GIN] 2026/07/26 - 08:47:13 | 200 |      1.0393ms |             ::1 | POST     "/api/payment-statuses/list"

2026/07/26 08:47:13 [32mD:/Develop/Project_pos_mahenz/BE/domain/auth/repo/auth_repo.go:46
[0m[33m[0.000ms] [34;1m[rows:1][0m SELECT id, user_id, user_role, token, device_info, expires_at FROM sessions WHERE token = 'eyJhbGciOiJIUzI1NiIsInR5cCI6IkpXVCJ9.eyJhcHBzIjoid2ViIiwiZXhwIjoxNzg1MDU5MjMyLCJmdWxsX25hbWUiOiJBZG1pbmlzdHJhdG9yIiwicm9sZSI6ImFkbWluIiwidXNlcl9pZCI6MiwidXNlcm5hbWUiOiJhZG1pbiJ9.pR28GswFp9T7qmZ88Yleo52ULy69ZamPooFRZW4pGSs' LIMIT 1

2026/07/26 08:47:13 [32mD:/Develop/Project_pos_mahenz/BE/domain/auth/repo/auth_repo.go:46
[0m[33m[1.040ms] [34;1m[rows:1][0m SELECT id, user_id, user_role, token, device_info, expires_at FROM sessions WHERE token = 'eyJhbGciOiJIUzI1NiIsInR5cCI6IkpXVCJ9.eyJhcHBzIjoid2ViIiwiZXhwIjoxNzg1MDU5MjMyLCJmdWxsX25hbWUiOiJBZG1pbmlzdHJhdG9yIiwicm9sZSI6ImFkbWluIiwidXNlcl9pZCI6MiwidXNlcm5hbWUiOiJhZG1pbiJ9.pR28GswFp9T7qmZ88Yleo52ULy69ZamPooFRZW4pGSs' LIMIT 1

2026/07/26 08:47:13 [32mD:/Develop/Project_pos_mahenz/BE/domain/payment_method/repo/payment_method_repo.go:9
[0m[33m[0.000ms] [34;1m[rows:5][0m SELECT id, code, label, is_active, sort_order FROM payment_methods WHERE is_active = 1 ORDER BY sort_order ASC
[GIN] 2026/07/26 - 08:47:13 | 200 |      1.5896ms |             ::1 | POST     "/api/payment-methods/list"

2026/07/26 08:47:13 [32mD:/Develop/Project_pos_mahenz/BE/domain/setting/repo/setting_repo.go:32
[0m[33m[0.549ms] [34;1m[rows:-][0m SELECT setting_key, setting_value FROM settings WHERE setting_key = 'pagination_sizes'

2026/07/26 08:47:13 [32mD:/Develop/Project_pos_mahenz/BE/repository/log_request_repository.go:32
[0m[33m[2.109ms] [34;1m[rows:1][0m INSERT INTO log_requests (id, method, endpoint, status_code, request_body, response_body, user_id, duration_ms, ip_address, error_message, created_at) VALUES ('e3d18619-9253-46a0-9499-66a735f33b17', 'POST', '/api/suppliers/list', 200, '{"page":1,"limit":200,"search":""}', '{"code":"00","status":true,"message":"Daftar supplier","data":[{"id":1,"supplier_code":"SUP-001","name":"Supplier Test Fase14","address":"Jl. Test","phone":"08123456789","email":"","contact_person":"","notes":"","is_active":true,"created_at":"2026-07-25T13:19:10+07:00"}],"pagination":{"page":1,"per_page":200,"total":1,"total_pages":1}}', 2, 2, '::1', NULL, '2026-07-26 08:47:13.755')
[GIN] 2026/07/26 - 08:47:13 | 200 |      1.5896ms |             ::1 | GET      "/api/settings/pagination_sizes"

2026/07/26 08:47:13 [32mD:/Develop/Project_pos_mahenz/BE/repository/log_request_repository.go:32
[0m[33m[2.632ms] [34;1m[rows:1][0m INSERT INTO log_requests (id, method, endpoint, status_code, request_body, response_body, user_id, duration_ms, ip_address, error_message, created_at) VALUES ('debf7a4d-4682-4c3c-a808-f13dfd8fe0ad', 'POST', '/api/suppliers/options', 200, '{"search":""}', '{"code":"00","status":true,"message":"Opsi supplier","data":[{"id":1,"supplier_code":"SUP-001","name":"Supplier Test Fase14"}]}', 2, 1, '::1', NULL, '2026-07-26 08:47:13.755')

2026/07/26 08:47:13 [32mD:/Develop/Project_pos_mahenz/BE/repository/log_request_repository.go:32
[0m[33m[6.542ms] [34;1m[rows:1][0m INSERT INTO log_requests (id, method, endpoint, status_code, request_body, response_body, user_id, duration_ms, ip_address, error_message, created_at) VALUES ('a1fd45cc-465d-4864-892e-5413fadac5d5', 'POST', '/api/payment-statuses/list', 200, '{}', '{"code":"00","status":true,"message":"Daftar status pembayaran","data":[{"id":1,"code":"unpaid","label":"Hutang","is_active":1,"sort_order":1},{"id":2,"code":"partial","label":"Bayar Sebagian","is_active":1,"sort_order":2},{"id":3,"code":"paid","label":"Lunas","is_active":1,"sort_order":3}]}', 2, 1, '::1', NULL, '2026-07-26 08:47:13.756')

2026/07/26 08:47:13 [32mD:/Develop/Project_pos_mahenz/BE/domain/auth/repo/auth_repo.go:46
[0m[33m[16.820ms] [34;1m[rows:1][0m SELECT id, user_id, user_role, token, device_info, expires_at FROM sessions WHERE token = 'eyJhbGciOiJIUzI1NiIsInR5cCI6IkpXVCJ9.eyJhcHBzIjoid2ViIiwiZXhwIjoxNzg1MDU5MjMyLCJmdWxsX25hbWUiOiJBZG1pbmlzdHJhdG9yIiwicm9sZSI6ImFkbWluIiwidXNlcl9pZCI6MiwidXNlcm5hbWUiOiJhZG1pbiJ9.pR28GswFp9T7qmZ88Yleo52ULy69ZamPooFRZW4pGSs' LIMIT 1

2026/07/26 08:47:13 [32mD:/Develop/Project_pos_mahenz/BE/repository/log_request_repository.go:32
[0m[33m[26.285ms] [34;1m[rows:1][0m INSERT INTO log_requests (id, method, endpoint, status_code, request_body, response_body, user_id, duration_ms, ip_address, error_message, created_at) VALUES ('e2f68286-9310-4926-b048-b323ec705130', 'POST', '/api/payment-methods/list', 200, '{}', '{"code":"00","status":true,"message":"Daftar metode pembayaran","data":[{"id":1,"code":"cash","label":"Tunai","is_active":1,"sort_order":1},{"id":2,"code":"transfer","label":"Transfer Bank","is_active":1,"sort_order":2},{"id":3,"code":"card","label":"Kartu","is_active":1,"sort_order":3},{"id":4,"code":"qris","label":"QRIS","is_active":1,"sort_order":4},{"id":5,"code":"kredit","label":"Kredit","is_active":1,"sort_order":5}]}', 2, 1, '::1', NULL, '2026-07-26 08:47:13.757')

2026/07/26 08:47:13 [32mD:/Develop/Project_pos_mahenz/BE/repository/log_request_repository.go:32
[0m[33m[32.968ms] [34;1m[rows:1][0m INSERT INTO log_requests (id, method, endpoint, status_code, request_body, response_body, user_id, duration_ms, ip_address, error_message, created_at) VALUES ('cbc95240-bfcb-4d7d-a45c-ffc446d3ccaf', 'GET', '/api/settings/pagination_sizes', 200, '', '{"code":"00","status":true,"message":"Detail pengaturan","data":{"key":"pagination_sizes","value":"[10,20,50]"}}', 2, 1, '::1', NULL, '2026-07-26 08:47:13.757')

2026/07/26 08:47:13 [32mD:/Develop/Project_pos_mahenz/BE/domain/supplier_purchase/repo/purchase_repo.go:126
[0m[33m[15.837ms] [34;1m[rows:1][0m SELECT COUNT(*) FROM purchases p WHERE 1=1 AND DATE(p.purchase_date) >= '2026-07-01' AND DATE(p.purchase_date) <= '2026-07-26'

2026/07/26 08:47:13 [32mD:/Develop/Project_pos_mahenz/BE/domain/supplier_purchase/repo/purchase_repo.go:143
[0m[33m[1.702ms] [34;1m[rows:-][0m SELECT p.id, p.purchase_code, p.invoice_number, p.supplier_id, COALESCE(s.name, '') as supplier_name, p.purchase_date, p.discount_amount, p.total_amount, p.payment_status, p.paid_amount, p.remaining_amount, p.status, COALESCE(u.full_name, '') as user_name, p.notes FROM purchases p LEFT JOIN users u ON p.user_id = u.id LEFT JOIN suppliers s ON p.supplier_id = s.id WHERE 1=1 AND DATE(p.purchase_date) >= '2026-07-01' AND DATE(p.purchase_date) <= '2026-07-26' ORDER BY p.purchase_date DESC, p.id DESC LIMIT 10 OFFSET 0
[GIN] 2026/07/26 - 08:47:13 | 200 |     35.5402ms |             ::1 | POST     "/api/supplier-purchases/list"

2026/07/26 08:47:13 [32mD:/Develop/Project_pos_mahenz/BE/repository/log_request_repository.go:32
[0m[33m[14.514ms] [34;1m[rows:1][0m INSERT INTO log_requests (id, method, endpoint, status_code, request_body, response_body, user_id, duration_ms, ip_address, error_message, created_at) VALUES ('4d4f5995-9a4a-4429-be3e-b05dd86ea84a', 'POST', '/api/supplier-purchases/list', 200, '{"page":1,"limit":10,"start_date":"2026-07-01","end_date":"2026-07-26"}', '{"code":"00","status":true,"message":"Daftar purchase order","data":[{"id":17,"purchase_code":"PO-20260726-012","invoice_number":"INV-QA-VOIDDEL-2","supplier_id":1,"supplier_name":"Supplier Test Fase14","purchase_date":"2026-07-26T00:00:00+07:00","discount_amount":0,"total_amount":2000,"payment_status":"unpaid","paid_amount":0,"remaining_amount":2000,"status":"active","user_name":"Administrator","notes":""},{"id":15,"purchase_code":"PO-20260726-011","invoice_number":"AUTO-PO-20260726-011","supplier_id":1,"supplier_name":"Supplier Test Fase14","purchase_date":"2026-07-26T00:00:00+07:00","discount_amount":0,"total_amount":1420000,"payment_status":"partial","paid_amount":400000,"remaining_amount":1020000,"status":"active","user_name":"Owner","notes":""},{"id":14,"purchase_code":"PO-20260726-010","invoice_number":"AUTO-PO-20260726-010","supplier_id":1,"supplier_name":"Supplier Test Fase14","purchase_date":"2026-07-26T00:00:00+07:00","discount_amount":0,"total_amount":800,"payment_status":"paid","paid_amount":800,"remaining_amount":0,"status":"active","user_name":"Administrator","notes":""},{"id":13,"purchase_code":"PO-20260726-009","invoice_number":"INV-QA-STOCKCHECK","supplier_id":1,"supplier_name":"Supplier Test Fase14","purchase_date":"2026-07-26T00:00:00+07:00","discount_amount":0,"total_amount":6300,"payment_status":"unpaid","paid_amount":0,"remaining_amount":6300,"status":"active","user_name":"Administrator","notes":""},{"id":12,"purchase_code":"PO-20260726-008","invoice_number":"INV-QA-RACE-3","supplier_id":1,"supplier_name":"Supplier Test Fase14","purchase_date":"2026-07-26T00:00:00+07:00","discount_amount":0,"total_amount":1000,"payment_status":"unpaid","paid_amount":0,"remaining_amount":1000,"status":"active","user_name":"Administrator","notes":""},{"id":11,"purchase_code":"PO-20260726-007","invoice_number":"INV-QA-RACE-2","supplier_id":1,"supplier_name":"Supplier Test Fase14","purchase_date":"2026-07-26T00:00:00+07:00","discount_amount":0,"total_amount":1000,"payment_status":"partial","paid_amount":200,"remaining_amount":800,"status":"active","user_name":"Administrator","notes":""},{"id":10,"purchase_code":"PO-20260726-006","invoice_number":"INV-QA-RACE-1","supplier_id":1,"supplier_name":"Supplier Test Fase14","purchase_date":"2026-07-26T00:00:00+07:00","discount_amount":0,"total_amount":1000,"payment_status":"unpaid","paid_amount":0,"remaining_amount":1000,"status":"active","user_name":"Administrator","notes":""},{"id":8,"purchase_code":"PO-20260726-005","invoice_number":"INV-QA-DBLCLICK","supplier_id":1,"supplier_name":"Supplier Test Fase14","purchase_date":"2026-07-26T00:00:00+07:00","discount_amount":0,"total_amount":800,"payment_status":"paid","paid_amount":800,"remaining_amount":0,"status":"active","user_name":"Administrator","notes":""},{"id":6,"purchase_code":"PO-20260726-004","invoice_number":"INV-QA-BACK-MANUAL","supplier_id":1,"supplier_name":"Supplier Test Fase14","purchase_date":"2026-07-26T00:00:00+07:00","discount_amount":500,"total_amount":2500,"payment_status":"unpaid","paid_amount":0,"remaining_amount":2500,"status":"void","user_name":"Administrator","notes":""},{"id":5,"purchase_code":"PO-20260726-003","invoice_number":"INV-QA-DISKON-PAS","supplier_id":1,"supplier_name":"Supplier Test Fase14","purchase_date":"2026-07-26T00:00:00+07:00","discount_amount":2000,"total_amount":0,"payment_status":"unpaid","paid_amount":0,"remaining_amount":0,"status":"active","user_name":"Administrator","notes":""}],"pagination":{"page":1,"per_page":10,"total":14,"total_pages":2}}', 2, 35, '::1', NULL, '2026-07-26 08:47:13.792')
[GIN] 2026/07/26 - 08:47:15 | 204 |            0s |             ::1 | OPTIONS  "/api/supplier-purchases/void/17"

2026/07/26 08:47:15 [32mD:/Develop/Project_pos_mahenz/BE/domain/auth/repo/auth_repo.go:46
[0m[33m[0.507ms] [34;1m[rows:1][0m SELECT id, user_id, user_role, token, device_info, expires_at FROM sessions WHERE token = 'eyJhbGciOiJIUzI1NiIsInR5cCI6IkpXVCJ9.eyJhcHBzIjoid2ViIiwiZXhwIjoxNzg1MDU5MjMyLCJmdWxsX25hbWUiOiJBZG1pbmlzdHJhdG9yIiwicm9sZSI6ImFkbWluIiwidXNlcl9pZCI6MiwidXNlcm5hbWUiOiJhZG1pbiJ9.pR28GswFp9T7qmZ88Yleo52ULy69ZamPooFRZW4pGSs' LIMIT 1

2026/07/26 08:47:15 [32mD:/Develop/Project_pos_mahenz/BE/domain/supplier_purchase/repo/purchase_repo.go:199
[0m[33m[0.582ms] [34;1m[rows:1][0m SELECT id, purchase_code, invoice_number, supplier_id, purchase_date, discount_amount, total_amount, payment_status, paid_amount, remaining_amount, status, user_id, notes FROM purchases WHERE id = 17

2026/07/26 08:47:15 [32mD:/Develop/Project_pos_mahenz/BE/domain/supplier_purchase/repo/purchase_repo.go:529
[0m[33m[0.598ms] [34;1m[rows:1][0m SELECT COUNT(*) FROM supplier_returns WHERE purchase_id = 17

2026/07/26 08:47:15 [32mD:/Develop/Project_pos_mahenz/BE/domain/supplier_purchase/repo/purchase_repo.go:543
[0m[33m[0.947ms] [34;1m[rows:1][0m SELECT status, paid_amount FROM purchases WHERE id = 17 LIMIT 1 FOR UPDATE

2026/07/26 08:47:15 [32mD:/Develop/Project_pos_mahenz/BE/domain/supplier_purchase/repo/purchase_repo.go:557
[0m[33m[0.539ms] [34;1m[rows:1][0m UPDATE purchases SET status = 'void', updated_at = NOW() WHERE id = 17

2026/07/26 08:47:15 [32mD:/Develop/Project_pos_mahenz/BE/domain/supplier_purchase/repo/purchase_repo.go:210
[0m[33m[0.767ms] [34;1m[rows:-][0m SELECT pi.id, pi.product_id, COALESCE(p.name, '') as product_name, pi.quantity, pi.unit, COALESCE(pi.conversion_qty, 1) as conversion_qty, pi.purchase_price, pi.subtotal FROM purchase_items pi LEFT JOIN products p ON pi.product_id = p.id WHERE pi.purchase_id = 17

2026/07/26 08:47:15 [32mD:/Develop/Project_pos_mahenz/BE/domain/supplier_purchase/repo/purchase_repo.go:244
[0m[33m[0.728ms] [34;1m[rows:0][0m SELECT qty, expired_date FROM product_expiry_batches WHERE purchase_item_id = 25 ORDER BY expired_date ASC

2026/07/26 08:47:15 [32mD:/Develop/Project_pos_mahenz/BE/domain/supplier_purchase/repo/purchase_repo.go:574
[0m[33m[0.000ms] [34;1m[rows:1][0m SELECT stock FROM products WHERE id = 12 LIMIT 1

2026/07/26 08:47:15 [32mD:/Develop/Project_pos_mahenz/BE/domain/supplier_purchase/repo/purchase_repo.go:578
[0m[33m[0.518ms] [34;1m[rows:1][0m UPDATE products SET stock = stock - 2, updated_at = NOW() WHERE id = 12

2026/07/26 08:47:15 [32mD:/Develop/Project_pos_mahenz/BE/domain/supplier_purchase/repo/purchase_repo.go:584
[0m[33m[0.642ms] [34;1m[rows:1][0m INSERT INTO stock_mutations (product_id, mutation_type, quantity, stock_before, stock_after, reference_type, reference_id, notes, user_id) VALUES (12, 'void_purchase', 2, 3036, 3034, 'purchase', 17, 'Void purchase order ID 17', 2)
[GIN] 2026/07/26 - 08:47:15 | 200 |      9.0504ms |             ::1 | POST     "/api/supplier-purchases/void/17"

2026/07/26 08:47:15 [32mD:/Develop/Project_pos_mahenz/BE/repository/log_request_repository.go:32
[0m[33m[1.925ms] [34;1m[rows:1][0m INSERT INTO log_requests (id, method, endpoint, status_code, request_body, response_body, user_id, duration_ms, ip_address, error_message, created_at) VALUES ('2aedfb1b-197c-471c-b89a-46c3ed3cc5b5', 'POST', '/api/supplier-purchases/void/17', 200, '{}', '{"code":"00","status":true,"message":"Purchase order berhasil di-void","data":null}', 2, 9, '::1', NULL, '2026-07-26 08:47:15.703')

2026/07/26 08:47:15 [32mD:/Develop/Project_pos_mahenz/BE/domain/auth/repo/auth_repo.go:46
[0m[33m[0.737ms] [34;1m[rows:1][0m SELECT id, user_id, user_role, token, device_info, expires_at FROM sessions WHERE token = 'eyJhbGciOiJIUzI1NiIsInR5cCI6IkpXVCJ9.eyJhcHBzIjoid2ViIiwiZXhwIjoxNzg1MDU5MjMyLCJmdWxsX25hbWUiOiJBZG1pbmlzdHJhdG9yIiwicm9sZSI6ImFkbWluIiwidXNlcl9pZCI6MiwidXNlcm5hbWUiOiJhZG1pbiJ9.pR28GswFp9T7qmZ88Yleo52ULy69ZamPooFRZW4pGSs' LIMIT 1

2026/07/26 08:47:15 [32mD:/Develop/Project_pos_mahenz/BE/domain/supplier_purchase/repo/purchase_repo.go:126
[0m[33m[0.000ms] [34;1m[rows:1][0m SELECT COUNT(*) FROM purchases p WHERE 1=1 AND DATE(p.purchase_date) >= '2026-07-01' AND DATE(p.purchase_date) <= '2026-07-26'

2026/07/26 08:47:15 [32mD:/Develop/Project_pos_mahenz/BE/domain/supplier_purchase/repo/purchase_repo.go:143
[0m[33m[0.798ms] [34;1m[rows:-][0m SELECT p.id, p.purchase_code, p.invoice_number, p.supplier_id, COALESCE(s.name, '') as supplier_name, p.purchase_date, p.discount_amount, p.total_amount, p.payment_status, p.paid_amount, p.remaining_amount, p.status, COALESCE(u.full_name, '') as user_name, p.notes FROM purchases p LEFT JOIN users u ON p.user_id = u.id LEFT JOIN suppliers s ON p.supplier_id = s.id WHERE 1=1 AND DATE(p.purchase_date) >= '2026-07-01' AND DATE(p.purchase_date) <= '2026-07-26' ORDER BY p.purchase_date DESC, p.id DESC LIMIT 10 OFFSET 0
[GIN] 2026/07/26 - 08:47:15 | 200 |      2.7356ms |             ::1 | POST     "/api/supplier-purchases/list"

2026/07/26 08:47:15 [32mD:/Develop/Project_pos_mahenz/BE/repository/log_request_repository.go:32
[0m[33m[3.556ms] [34;1m[rows:1][0m INSERT INTO log_requests (id, method, endpoint, status_code, request_body, response_body, user_id, duration_ms, ip_address, error_message, created_at) VALUES ('406296b2-fc84-477f-b4e0-cf388902b3d0', 'POST', '/api/supplier-purchases/list', 200, '{"page":1,"limit":10,"start_date":"2026-07-01","end_date":"2026-07-26"}', '{"code":"00","status":true,"message":"Daftar purchase order","data":[{"id":17,"purchase_code":"PO-20260726-012","invoice_number":"INV-QA-VOIDDEL-2","supplier_id":1,"supplier_name":"Supplier Test Fase14","purchase_date":"2026-07-26T00:00:00+07:00","discount_amount":0,"total_amount":2000,"payment_status":"unpaid","paid_amount":0,"remaining_amount":2000,"status":"void","user_name":"Administrator","notes":""},{"id":15,"purchase_code":"PO-20260726-011","invoice_number":"AUTO-PO-20260726-011","supplier_id":1,"supplier_name":"Supplier Test Fase14","purchase_date":"2026-07-26T00:00:00+07:00","discount_amount":0,"total_amount":1420000,"payment_status":"partial","paid_amount":400000,"remaining_amount":1020000,"status":"active","user_name":"Owner","notes":""},{"id":14,"purchase_code":"PO-20260726-010","invoice_number":"AUTO-PO-20260726-010","supplier_id":1,"supplier_name":"Supplier Test Fase14","purchase_date":"2026-07-26T00:00:00+07:00","discount_amount":0,"total_amount":800,"payment_status":"paid","paid_amount":800,"remaining_amount":0,"status":"active","user_name":"Administrator","notes":""},{"id":13,"purchase_code":"PO-20260726-009","invoice_number":"INV-QA-STOCKCHECK","supplier_id":1,"supplier_name":"Supplier Test Fase14","purchase_date":"2026-07-26T00:00:00+07:00","discount_amount":0,"total_amount":6300,"payment_status":"unpaid","paid_amount":0,"remaining_amount":6300,"status":"active","user_name":"Administrator","notes":""},{"id":12,"purchase_code":"PO-20260726-008","invoice_number":"INV-QA-RACE-3","supplier_id":1,"supplier_name":"Supplier Test Fase14","purchase_date":"2026-07-26T00:00:00+07:00","discount_amount":0,"total_amount":1000,"payment_status":"unpaid","paid_amount":0,"remaining_amount":1000,"status":"active","user_name":"Administrator","notes":""},{"id":11,"purchase_code":"PO-20260726-007","invoice_number":"INV-QA-RACE-2","supplier_id":1,"supplier_name":"Supplier Test Fase14","purchase_date":"2026-07-26T00:00:00+07:00","discount_amount":0,"total_amount":1000,"payment_status":"partial","paid_amount":200,"remaining_amount":800,"status":"active","user_name":"Administrator","notes":""},{"id":10,"purchase_code":"PO-20260726-006","invoice_number":"INV-QA-RACE-1","supplier_id":1,"supplier_name":"Supplier Test Fase14","purchase_date":"2026-07-26T00:00:00+07:00","discount_amount":0,"total_amount":1000,"payment_status":"unpaid","paid_amount":0,"remaining_amount":1000,"status":"active","user_name":"Administrator","notes":""},{"id":8,"purchase_code":"PO-20260726-005","invoice_number":"INV-QA-DBLCLICK","supplier_id":1,"supplier_name":"Supplier Test Fase14","purchase_date":"2026-07-26T00:00:00+07:00","discount_amount":0,"total_amount":800,"payment_status":"paid","paid_amount":800,"remaining_amount":0,"status":"active","user_name":"Administrator","notes":""},{"id":6,"purchase_code":"PO-20260726-004","invoice_number":"INV-QA-BACK-MANUAL","supplier_id":1,"supplier_name":"Supplier Test Fase14","purchase_date":"2026-07-26T00:00:00+07:00","discount_amount":500,"total_amount":2500,"payment_status":"unpaid","paid_amount":0,"remaining_amount":2500,"status":"void","user_name":"Administrator","notes":""},{"id":5,"purchase_code":"PO-20260726-003","invoice_number":"INV-QA-DISKON-PAS","supplier_id":1,"supplier_name":"Supplier Test Fase14","purchase_date":"2026-07-26T00:00:00+07:00","discount_amount":2000,"total_amount":0,"payment_status":"unpaid","paid_amount":0,"remaining_amount":0,"status":"active","user_name":"Administrator","notes":""}],"pagination":{"page":1,"per_page":10,"total":14,"total_pages":2}}', 2, 2, '::1', NULL, '2026-07-26 08:47:15.779')
[GIN] 2026/07/26 - 08:47:37 | 204 |            0s |             ::1 | OPTIONS  "/api/auth/login"

2026/07/26 08:47:37 [32mD:/Develop/Project_pos_mahenz/BE/domain/auth/repo/auth_repo.go:17
[0m[33m[0.555ms] [34;1m[rows:1][0m SELECT u.id, u.username, u.password, u.full_name, u.role_id, r.name AS role_name, u.is_active FROM users u INNER JOIN roles r ON r.id = u.role_id WHERE u.username = 'admin' LIMIT 1

2026/07/26 08:47:37 [32mD:/Develop/Project_pos_mahenz/BE/domain/auth/repo/auth_repo.go:67
[0m[33m[9.004ms] [34;1m[rows:1][0m DELETE FROM sessions WHERE user_id = 2

2026/07/26 08:47:37 [32mD:/Develop/Project_pos_mahenz/BE/domain/auth/repo/auth_repo.go:38
[0m[33m[3.773ms] [34;1m[rows:1][0m INSERT INTO sessions (user_id, user_role, token, refresh_token, device_info, ip_address, expires_at) VALUES (2, 'admin', 'eyJhbGciOiJIUzI1NiIsInR5cCI6IkpXVCJ9.eyJhcHBzIjoid2ViIiwiZXhwIjoxNzg1MDU5MjU3LCJmdWxsX25hbWUiOiJBZG1pbmlzdHJhdG9yIiwicm9sZSI6ImFkbWluIiwidXNlcl9pZCI6MiwidXNlcm5hbWUiOiJhZG1pbiJ9.L4cbRdAvw1Y5g-8hZF2DSeqbygbnwOcSiOASpWNJURc', '69dc4cbcd984c63527c40c7f8b381469dd385030a346a3023c5225b6a5fe367a', 'web', '::1', '2026-08-02 08:47:37.9') ON DUPLICATE KEY UPDATE user_role=VALUES(user_role), token=VALUES(token), refresh_token=VALUES(refresh_token), device_info=VALUES(device_info), ip_address=VALUES(ip_address), expires_at=VALUES(expires_at), created_at=NOW()
[GIN] 2026/07/26 - 08:47:37 | 200 |     70.7863ms |             ::1 | POST     "/api/auth/login"

2026/07/26 08:47:37 [32mD:/Develop/Project_pos_mahenz/BE/repository/log_request_repository.go:32
[0m[33m[2.970ms] [34;1m[rows:1][0m INSERT INTO log_requests (id, method, endpoint, status_code, request_body, response_body, user_id, duration_ms, ip_address, error_message, created_at) VALUES ('f7ca5693-3dde-4728-806f-f2ccd20a038c', 'POST', '/api/auth/login', 200, '{"username":"admin","password":"admin123","device_info":"web"}', '{"code":"00","status":true,"message":"Login berhasil","data":{"token":"eyJhbGciOiJIUzI1NiIsInR5cCI6IkpXVCJ9.eyJhcHBzIjoid2ViIiwiZXhwIjoxNzg1MDU5MjU3LCJmdWxsX25hbWUiOiJBZG1pbmlzdHJhdG9yIiwicm9sZSI6ImFkbWluIiwidXNlcl9pZCI6MiwidXNlcm5hbWUiOiJhZG1pbiJ9.L4cbRdAvw1Y5g-8hZF2DSeqbygbnwOcSiOASpWNJURc","refresh_token":"69dc4cbcd984c63527c40c7f8b381469dd385030a346a3023c5225b6a5fe367a","expires_at":"2026-08-02T08:47:37.9002694+07:00","user":{"id":2,"username":"admin","full_name":"Administrator","role_id":2,"role_name":"admin"}}}', NULL, 70, '::1', NULL, '2026-07-26 08:47:37.913')
[GIN] 2026/07/26 - 08:47:37 | 204 |            0s |             ::1 | OPTIONS  "/api/menus/my"
[GIN] 2026/07/26 - 08:47:37 | 204 |            0s |             ::1 | OPTIONS  "/api/menus/my"

2026/07/26 08:47:37 [32mD:/Develop/Project_pos_mahenz/BE/domain/auth/repo/auth_repo.go:46
[0m[33m[0.512ms] [34;1m[rows:1][0m SELECT id, user_id, user_role, token, device_info, expires_at FROM sessions WHERE token = 'eyJhbGciOiJIUzI1NiIsInR5cCI6IkpXVCJ9.eyJhcHBzIjoid2ViIiwiZXhwIjoxNzg1MDU5MjU3LCJmdWxsX25hbWUiOiJBZG1pbmlzdHJhdG9yIiwicm9sZSI6ImFkbWluIiwidXNlcl9pZCI6MiwidXNlcm5hbWUiOiJhZG1pbiJ9.L4cbRdAvw1Y5g-8hZF2DSeqbygbnwOcSiOASpWNJURc' LIMIT 1

2026/07/26 08:47:37 [32mD:/Develop/Project_pos_mahenz/BE/domain/menu/repo/menu_repo.go:121
[0m[33m[0.395ms] [34;1m[rows:-][0m 
		SELECT
			m.id,
			m.parent_id,
			m.key_name,
			m.label,
			m.icon,
			m.path,
			m.order_index,
			COALESCE(rma.can_view,   0),
			COALESCE(rma.can_create, 0),
			COALESCE(rma.can_edit,   0),
			COALESCE(rma.can_delete, 0)
		FROM menus m
		LEFT JOIN role_menu_access rma ON rma.menu_id = m.id
			AND rma.role_id = (SELECT id FROM roles WHERE name = 'admin' AND is_active = 1 LIMIT 1)
		WHERE m.is_active = 1
		ORDER BY m.order_index ASC, m.id ASC
		

2026/07/26 08:47:37 [32mD:/Develop/Project_pos_mahenz/BE/domain/auth/repo/auth_repo.go:46
[0m[33m[0.525ms] [34;1m[rows:1][0m SELECT id, user_id, user_role, token, device_info, expires_at FROM sessions WHERE token = 'eyJhbGciOiJIUzI1NiIsInR5cCI6IkpXVCJ9.eyJhcHBzIjoid2ViIiwiZXhwIjoxNzg1MDU5MjU3LCJmdWxsX25hbWUiOiJBZG1pbmlzdHJhdG9yIiwicm9sZSI6ImFkbWluIiwidXNlcl9pZCI6MiwidXNlcm5hbWUiOiJhZG1pbiJ9.L4cbRdAvw1Y5g-8hZF2DSeqbygbnwOcSiOASpWNJURc' LIMIT 1
[GIN] 2026/07/26 - 08:47:37 | 200 |      1.9549ms |             ::1 | POST     "/api/menus/my"

2026/07/26 08:47:37 [32mD:/Develop/Project_pos_mahenz/BE/domain/menu/repo/menu_repo.go:121
[0m[33m[1.054ms] [34;1m[rows:-][0m 
		SELECT
			m.id,
			m.parent_id,
			m.key_name,
			m.label,
			m.icon,
			m.path,
			m.order_index,
			COALESCE(rma.can_view,   0),
			COALESCE(rma.can_create, 0),
			COALESCE(rma.can_edit,   0),
			COALESCE(rma.can_delete, 0)
		FROM menus m
		LEFT JOIN role_menu_access rma ON rma.menu_id = m.id
			AND rma.role_id = (SELECT id FROM roles WHERE name = 'admin' AND is_active = 1 LIMIT 1)
		WHERE m.is_active = 1
		ORDER BY m.order_index ASC, m.id ASC
		
[GIN] 2026/07/26 - 08:47:37 | 200 |      1.5785ms |             ::1 | POST     "/api/menus/my"

2026/07/26 08:47:37 [32mD:/Develop/Project_pos_mahenz/BE/repository/log_request_repository.go:32
[0m[33m[3.155ms] [34;1m[rows:1][0m INSERT INTO log_requests (id, method, endpoint, status_code, request_body, response_body, user_id, duration_ms, ip_address, error_message, created_at) VALUES ('c5fb1f67-6c1b-401b-9fd7-1550ce0c9366', 'POST', '/api/menus/my', 200, '{}', '{"code":"00","status":true,"message":"Menu akses","data":[{"key_name":"beranda","label":"Beranda","icon":"Home","path":null,"order_index":1,"permission":{"can_view":true,"can_create":true,"can_edit":true,"can_delete":true},"children":[{"key_name":"beranda.dashboard","label":"Dashboard","icon":"LayoutDashboard","path":"/dashboard","order_index":1,"permission":{"can_view":true,"can_create":true,"can_edit":true,"can_delete":true},"children":[]}]},{"key_name":"penjualan","label":"Penjualan","icon":"ShoppingCart","path":null,"order_index":2,"permission":{"can_view":true,"can_create":true,"can_edit":true,"can_delete":true},"children":[{"key_name":"penjualan.kasir","label":"Kasir","icon":"ShoppingCart","path":"/kasir","order_index":1,"permission":{"can_view":true,"can_create":true,"can_edit":true,"can_delete":true},"children":[]},{"key_name":"penjualan.transaksi","label":"Transaksi","icon":"Receipt","path":"/transactions","order_index":2,"permission":{"can_view":true,"can_create":true,"can_edit":true,"can_delete":true},"children":[]}]},{"key_name":"produk","label":"Produk","icon":"Package","path":null,"order_index":3,"permission":{"can_view":true,"can_create":true,"can_edit":true,"can_delete":true},"children":[{"key_name":"produk.produk","label":"Produk","icon":"Package","path":"/products","order_index":1,"permission":{"can_view":true,"can_create":true,"can_edit":true,"can_delete":true},"children":[]},{"key_name":"produk.kategori","label":"Kategori","icon":"Tag","path":"/products/categories","order_index":2,"permission":{"can_view":true,"can_create":true,"can_edit":true,"can_delete":true},"children":[]},{"key_name":"produk.unit","label":"Unit","icon":"PackageSearch","path":"/products/units","order_index":3,"permission":{"can_view":true,"can_create":true,"can_edit":true,"can_delete":true},"children":[]}]},{"key_name":"pengadaan","label":"Pengadaan","icon":"Truck","path":null,"order_index":4,"permission":{"can_view":true,"can_create":true,"can_edit":true,"can_delete":true},"children":[{"key_name":"pengadaan.supplier","label":"Supplier","icon":"Truck","path":"/suppliers","order_index":1,"permission":{"can_view":true,"can_create":true,"can_edit":true,"can_delete":true},"children":[]},{"key_name":"pengadaan.pembelian","label":"Pembelian","icon":"ShoppingBag","path":"/suppliers/purchases","order_index":2,"permission":{"can_view":true,"can_create":true,"can_edit":true,"can_delete":true},"children":[]},{"key_name":"pengadaan.retur","label":"Retur","icon":"RotateCcw","path":"/suppliers/returns","order_index":3,"permission":{"can_view":true,"can_create":true,"can_edit":true,"can_delete":true},"children":[]}]},{"key_name":"pelanggan","label":"Pelanggan","icon":"Users","path":null,"order_index":5,"permission":{"can_view":true,"can_create":true,"can_edit":true,"can_delete":true},"children":[{"key_name":"pelanggan.pelanggan","label":"Pelanggan","icon":"Users","path":"/customers","order_index":1,"permission":{"can_view":true,"can_create":true,"can_edit":true,"can_delete":true},"children":[]},{"key_name":"pelanggan.piutang","label":"Piutang","icon":"CreditCard","path":"/receivables","order_index":2,"permission":{"can_view":true,"can_create":true,"can_edit":true,"can_delete":true},"children":[]}]},{"key_name":"keuangan","label":"Keuangan","icon":"Wallet","path":null,"order_index":6,"permission":{"can_view":true,"can_create":true,"can_edit":true,"can_delete":true},"children":[{"key_name":"keuangan.dashboard","label":"Dashboard Keuangan","icon":"Wallet","path":"/finance","order_index":1,"permission":{"can_view":true,"can_create":true,"can_edit":true,"can_delete":true},"children":[]},{"key_name":"keuangan.kas_harian","label":"Kas Harian","icon":"Landmark","path":"/finance/cash-drawer","order_index":2,"permission":{"can_view":true,"can_create":true,"can_edit":true,"can_delete":true},"children":[]},{"key_name":"keuangan.pengeluaran","label":"Pengeluaran","icon":"TrendingDown","path":"/finance/expenses","order_index":3,"permission":{"can_view":true,"can_create":true,"can_edit":true,"can_delete":true},"children":[]},{"key_name":"keuangan.kas_saya","label":"Kas Saya","icon":"Wallet","path":"/finance/my-cash","order_index":4,"permission":{"can_view":true,"can_create":true,"can_edit":true,"can_delete":true},"children":[]}]},{"key_name":"pelaporan","label":"Pelaporan","icon":"BarChart2","path":null,"order_index":7,"permission":{"can_view":true,"can_create":true,"can_edit":true,"can_delete":true},"children":[{"key_name":"pelaporan.penjualan","label":"Penjualan","icon":"TrendingUp","path":"/reports/sales","order_index":1,"permission":{"can_view":true,"can_create":true,"can_edit":true,"can_delete":true},"children":[]},{"key_name":"pelaporan.laba_rugi","label":"Laba Rugi","icon":"LineChart","path":"/reports/profit-loss","order_index":2,"permission":{"can_view":true,"can_create":true,"can_edit":true,"can_delete":true},"children":[]},{"key_name":"pelaporan.stok","label":"Stok","icon":"PackageSearch","path":"/reports/stock","order_index":3,"permission":{"can_view":true,"can_create":true,"can_edit":true,"can_delete":true},"children":[]},{"key_name":"pelaporan.kinerja_kasir","label":"Kinerja Kasir","icon":"BarChart2","path":"/reports/cashier","order_index":4,"permission":{"can_view":true,"can_create":true,"can_edit":true,"can_delete":true},"children":[]},{"key_name":"pelaporan.ringkasan_bisnis","label":"Ringkasan Bisnis","icon":"BarChart3","path":"/reports/business-summary","order_index":5,"permission":{"can_view":true,"can_create":true,"can_edit":true,"can_delete":true},"children":[]}]},{"key_name":"operasional","label":"Operasional","icon":"Clock","path":null,"order_index":8,"permission":{"can_view":true,"can_create":true,"can_edit":true,"can_delete":true},"children":[{"key_name":"operasional.shift","label":"Shift","icon":"Clock","path":"/shifts","order_index":1,"permission":{"can_view":true,"can_create":true,"can_edit":true,"can_delete":true},"children":[]},{"key_name":"operasional.sync","label":"Sync Center","icon":"RefreshCw","path":"/sync","order_index":2,"permission":{"can_view":true,"can_create":true,"can_edit":true,"can_delete":true},"children":[]}]},{"key_name":"sistem","label":"Sistem","icon":"Settings","path":null,"order_index":9,"permission":{"can_view":true,"can_create":true,"can_edit":true,"can_delete":true},"children":[{"key_name":"sistem.profil_toko","label":"Profil Toko","icon":"Settings","path":"/settings/store","order_index":1,"permission":{"can_view":true,"can_create":true,"can_edit":true,"can_delete":true},"children":[]},{"key_name":"sistem.users","label":"Manajemen User","icon":"Users","path":"/settings/users","order_index":2,"permission":{"can_view":true,"can_create":true,"can_edit":true,"can_delete":true},"children":[]},{"key_name":"sistem.roles","label":"Manajemen Role","icon":"Shield","path":"/settings/roles","order_index":3,"permission":{"can_view":true,"can_create":true,"can_edit":true,"can_delete":true},"children":[]},{"key_name":"sistem.menus","label":"Manajemen Menu","icon":"LayoutList","path":"/settings/menus","order_index":4,"permission":{"can_view":true,"can_create":true,"can_edit":true,"can_delete":true},"children":[]},{"key_name":"sistem.printer","label":"Printer","icon":"Printer","path":"/settings/printer","order_index":5,"permission":{"can_view":true,"can_create":true,"can_edit":true,"can_delete":true},"children":[]},{"key_name":"sistem.versi","label":"Versi Aplikasi","icon":"RefreshCw","path":"/settings/versions","order_index":6,"permission":{"can_view":true,"can_create":true,"can_edit":true,"can_delete":true},"children":[]},{"key_name":"sistem.backup","label":"Backup \u0026 Restore","icon":"DatabaseBackup","path":"/settings/backup","order_index":7,"permission":{"can_view":true,"can_create":true,"can_edit":true,"can_delete":true},"children":[]}]}]}', 2, 1, '::1', NULL, '2026-07-26 08:47:37.926')

2026/07/26 08:47:37 [32mD:/Develop/Project_pos_mahenz/BE/repository/log_request_repository.go:32
[0m[33m[4.209ms] [34;1m[rows:1][0m INSERT INTO log_requests (id, method, endpoint, status_code, request_body, response_body, user_id, duration_ms, ip_address, error_message, created_at) VALUES ('6d338241-1054-4453-8d13-71b8292f59ef', 'POST', '/api/menus/my', 200, '{}', '{"code":"00","status":true,"message":"Menu akses","data":[{"key_name":"beranda","label":"Beranda","icon":"Home","path":null,"order_index":1,"permission":{"can_view":true,"can_create":true,"can_edit":true,"can_delete":true},"children":[{"key_name":"beranda.dashboard","label":"Dashboard","icon":"LayoutDashboard","path":"/dashboard","order_index":1,"permission":{"can_view":true,"can_create":true,"can_edit":true,"can_delete":true},"children":[]}]},{"key_name":"penjualan","label":"Penjualan","icon":"ShoppingCart","path":null,"order_index":2,"permission":{"can_view":true,"can_create":true,"can_edit":true,"can_delete":true},"children":[{"key_name":"penjualan.kasir","label":"Kasir","icon":"ShoppingCart","path":"/kasir","order_index":1,"permission":{"can_view":true,"can_create":true,"can_edit":true,"can_delete":true},"children":[]},{"key_name":"penjualan.transaksi","label":"Transaksi","icon":"Receipt","path":"/transactions","order_index":2,"permission":{"can_view":true,"can_create":true,"can_edit":true,"can_delete":true},"children":[]}]},{"key_name":"produk","label":"Produk","icon":"Package","path":null,"order_index":3,"permission":{"can_view":true,"can_create":true,"can_edit":true,"can_delete":true},"children":[{"key_name":"produk.produk","label":"Produk","icon":"Package","path":"/products","order_index":1,"permission":{"can_view":true,"can_create":true,"can_edit":true,"can_delete":true},"children":[]},{"key_name":"produk.kategori","label":"Kategori","icon":"Tag","path":"/products/categories","order_index":2,"permission":{"can_view":true,"can_create":true,"can_edit":true,"can_delete":true},"children":[]},{"key_name":"produk.unit","label":"Unit","icon":"PackageSearch","path":"/products/units","order_index":3,"permission":{"can_view":true,"can_create":true,"can_edit":true,"can_delete":true},"children":[]}]},{"key_name":"pengadaan","label":"Pengadaan","icon":"Truck","path":null,"order_index":4,"permission":{"can_view":true,"can_create":true,"can_edit":true,"can_delete":true},"children":[{"key_name":"pengadaan.supplier","label":"Supplier","icon":"Truck","path":"/suppliers","order_index":1,"permission":{"can_view":true,"can_create":true,"can_edit":true,"can_delete":true},"children":[]},{"key_name":"pengadaan.pembelian","label":"Pembelian","icon":"ShoppingBag","path":"/suppliers/purchases","order_index":2,"permission":{"can_view":true,"can_create":true,"can_edit":true,"can_delete":true},"children":[]},{"key_name":"pengadaan.retur","label":"Retur","icon":"RotateCcw","path":"/suppliers/returns","order_index":3,"permission":{"can_view":true,"can_create":true,"can_edit":true,"can_delete":true},"children":[]}]},{"key_name":"pelanggan","label":"Pelanggan","icon":"Users","path":null,"order_index":5,"permission":{"can_view":true,"can_create":true,"can_edit":true,"can_delete":true},"children":[{"key_name":"pelanggan.pelanggan","label":"Pelanggan","icon":"Users","path":"/customers","order_index":1,"permission":{"can_view":true,"can_create":true,"can_edit":true,"can_delete":true},"children":[]},{"key_name":"pelanggan.piutang","label":"Piutang","icon":"CreditCard","path":"/receivables","order_index":2,"permission":{"can_view":true,"can_create":true,"can_edit":true,"can_delete":true},"children":[]}]},{"key_name":"keuangan","label":"Keuangan","icon":"Wallet","path":null,"order_index":6,"permission":{"can_view":true,"can_create":true,"can_edit":true,"can_delete":true},"children":[{"key_name":"keuangan.dashboard","label":"Dashboard Keuangan","icon":"Wallet","path":"/finance","order_index":1,"permission":{"can_view":true,"can_create":true,"can_edit":true,"can_delete":true},"children":[]},{"key_name":"keuangan.kas_harian","label":"Kas Harian","icon":"Landmark","path":"/finance/cash-drawer","order_index":2,"permission":{"can_view":true,"can_create":true,"can_edit":true,"can_delete":true},"children":[]},{"key_name":"keuangan.pengeluaran","label":"Pengeluaran","icon":"TrendingDown","path":"/finance/expenses","order_index":3,"permission":{"can_view":true,"can_create":true,"can_edit":true,"can_delete":true},"children":[]},{"key_name":"keuangan.kas_saya","label":"Kas Saya","icon":"Wallet","path":"/finance/my-cash","order_index":4,"permission":{"can_view":true,"can_create":true,"can_edit":true,"can_delete":true},"children":[]}]},{"key_name":"pelaporan","label":"Pelaporan","icon":"BarChart2","path":null,"order_index":7,"permission":{"can_view":true,"can_create":true,"can_edit":true,"can_delete":true},"children":[{"key_name":"pelaporan.penjualan","label":"Penjualan","icon":"TrendingUp","path":"/reports/sales","order_index":1,"permission":{"can_view":true,"can_create":true,"can_edit":true,"can_delete":true},"children":[]},{"key_name":"pelaporan.laba_rugi","label":"Laba Rugi","icon":"LineChart","path":"/reports/profit-loss","order_index":2,"permission":{"can_view":true,"can_create":true,"can_edit":true,"can_delete":true},"children":[]},{"key_name":"pelaporan.stok","label":"Stok","icon":"PackageSearch","path":"/reports/stock","order_index":3,"permission":{"can_view":true,"can_create":true,"can_edit":true,"can_delete":true},"children":[]},{"key_name":"pelaporan.kinerja_kasir","label":"Kinerja Kasir","icon":"BarChart2","path":"/reports/cashier","order_index":4,"permission":{"can_view":true,"can_create":true,"can_edit":true,"can_delete":true},"children":[]},{"key_name":"pelaporan.ringkasan_bisnis","label":"Ringkasan Bisnis","icon":"BarChart3","path":"/reports/business-summary","order_index":5,"permission":{"can_view":true,"can_create":true,"can_edit":true,"can_delete":true},"children":[]}]},{"key_name":"operasional","label":"Operasional","icon":"Clock","path":null,"order_index":8,"permission":{"can_view":true,"can_create":true,"can_edit":true,"can_delete":true},"children":[{"key_name":"operasional.shift","label":"Shift","icon":"Clock","path":"/shifts","order_index":1,"permission":{"can_view":true,"can_create":true,"can_edit":true,"can_delete":true},"children":[]},{"key_name":"operasional.sync","label":"Sync Center","icon":"RefreshCw","path":"/sync","order_index":2,"permission":{"can_view":true,"can_create":true,"can_edit":true,"can_delete":true},"children":[]}]},{"key_name":"sistem","label":"Sistem","icon":"Settings","path":null,"order_index":9,"permission":{"can_view":true,"can_create":true,"can_edit":true,"can_delete":true},"children":[{"key_name":"sistem.profil_toko","label":"Profil Toko","icon":"Settings","path":"/settings/store","order_index":1,"permission":{"can_view":true,"can_create":true,"can_edit":true,"can_delete":true},"children":[]},{"key_name":"sistem.users","label":"Manajemen User","icon":"Users","path":"/settings/users","order_index":2,"permission":{"can_view":true,"can_create":true,"can_edit":true,"can_delete":true},"children":[]},{"key_name":"sistem.roles","label":"Manajemen Role","icon":"Shield","path":"/settings/roles","order_index":3,"permission":{"can_view":true,"can_create":true,"can_edit":true,"can_delete":true},"children":[]},{"key_name":"sistem.menus","label":"Manajemen Menu","icon":"LayoutList","path":"/settings/menus","order_index":4,"permission":{"can_view":true,"can_create":true,"can_edit":true,"can_delete":true},"children":[]},{"key_name":"sistem.printer","label":"Printer","icon":"Printer","path":"/settings/printer","order_index":5,"permission":{"can_view":true,"can_create":true,"can_edit":true,"can_delete":true},"children":[]},{"key_name":"sistem.versi","label":"Versi Aplikasi","icon":"RefreshCw","path":"/settings/versions","order_index":6,"permission":{"can_view":true,"can_create":true,"can_edit":true,"can_delete":true},"children":[]},{"key_name":"sistem.backup","label":"Backup \u0026 Restore","icon":"DatabaseBackup","path":"/settings/backup","order_index":7,"permission":{"can_view":true,"can_create":true,"can_edit":true,"can_delete":true},"children":[]}]}]}', 2, 1, '::1', NULL, '2026-07-26 08:47:37.925')

2026/07/26 08:47:38 [32mD:/Develop/Project_pos_mahenz/BE/domain/auth/repo/auth_repo.go:46
[0m[33m[0.927ms] [34;1m[rows:1][0m SELECT id, user_id, user_role, token, device_info, expires_at FROM sessions WHERE token = 'eyJhbGciOiJIUzI1NiIsInR5cCI6IkpXVCJ9.eyJhcHBzIjoid2ViIiwiZXhwIjoxNzg1MDU5MjU3LCJmdWxsX25hbWUiOiJBZG1pbmlzdHJhdG9yIiwicm9sZSI6ImFkbWluIiwidXNlcl9pZCI6MiwidXNlcm5hbWUiOiJhZG1pbiJ9.L4cbRdAvw1Y5g-8hZF2DSeqbygbnwOcSiOASpWNJURc' LIMIT 1

2026/07/26 08:47:38 [32mD:/Develop/Project_pos_mahenz/BE/domain/menu/repo/menu_repo.go:121
[0m[33m[1.730ms] [34;1m[rows:-][0m 
		SELECT
			m.id,
			m.parent_id,
			m.key_name,
			m.label,
			m.icon,
			m.path,
			m.order_index,
			COALESCE(rma.can_view,   0),
			COALESCE(rma.can_create, 0),
			COALESCE(rma.can_edit,   0),
			COALESCE(rma.can_delete, 0)
		FROM menus m
		LEFT JOIN role_menu_access rma ON rma.menu_id = m.id
			AND rma.role_id = (SELECT id FROM roles WHERE name = 'admin' AND is_active = 1 LIMIT 1)
		WHERE m.is_active = 1
		ORDER BY m.order_index ASC, m.id ASC
		
[GIN] 2026/07/26 - 08:47:38 | 200 |      3.5768ms |             ::1 | POST     "/api/menus/my"

2026/07/26 08:47:38 [32mD:/Develop/Project_pos_mahenz/BE/repository/log_request_repository.go:32
[0m[33m[3.318ms] [34;1m[rows:1][0m INSERT INTO log_requests (id, method, endpoint, status_code, request_body, response_body, user_id, duration_ms, ip_address, error_message, created_at) VALUES ('79f8abd8-43dc-44f4-b87e-6ee95698cb0c', 'POST', '/api/menus/my', 200, '{}', '{"code":"00","status":true,"message":"Menu akses","data":[{"key_name":"beranda","label":"Beranda","icon":"Home","path":null,"order_index":1,"permission":{"can_view":true,"can_create":true,"can_edit":true,"can_delete":true},"children":[{"key_name":"beranda.dashboard","label":"Dashboard","icon":"LayoutDashboard","path":"/dashboard","order_index":1,"permission":{"can_view":true,"can_create":true,"can_edit":true,"can_delete":true},"children":[]}]},{"key_name":"penjualan","label":"Penjualan","icon":"ShoppingCart","path":null,"order_index":2,"permission":{"can_view":true,"can_create":true,"can_edit":true,"can_delete":true},"children":[{"key_name":"penjualan.kasir","label":"Kasir","icon":"ShoppingCart","path":"/kasir","order_index":1,"permission":{"can_view":true,"can_create":true,"can_edit":true,"can_delete":true},"children":[]},{"key_name":"penjualan.transaksi","label":"Transaksi","icon":"Receipt","path":"/transactions","order_index":2,"permission":{"can_view":true,"can_create":true,"can_edit":true,"can_delete":true},"children":[]}]},{"key_name":"produk","label":"Produk","icon":"Package","path":null,"order_index":3,"permission":{"can_view":true,"can_create":true,"can_edit":true,"can_delete":true},"children":[{"key_name":"produk.produk","label":"Produk","icon":"Package","path":"/products","order_index":1,"permission":{"can_view":true,"can_create":true,"can_edit":true,"can_delete":true},"children":[]},{"key_name":"produk.kategori","label":"Kategori","icon":"Tag","path":"/products/categories","order_index":2,"permission":{"can_view":true,"can_create":true,"can_edit":true,"can_delete":true},"children":[]},{"key_name":"produk.unit","label":"Unit","icon":"PackageSearch","path":"/products/units","order_index":3,"permission":{"can_view":true,"can_create":true,"can_edit":true,"can_delete":true},"children":[]}]},{"key_name":"pengadaan","label":"Pengadaan","icon":"Truck","path":null,"order_index":4,"permission":{"can_view":true,"can_create":true,"can_edit":true,"can_delete":true},"children":[{"key_name":"pengadaan.supplier","label":"Supplier","icon":"Truck","path":"/suppliers","order_index":1,"permission":{"can_view":true,"can_create":true,"can_edit":true,"can_delete":true},"children":[]},{"key_name":"pengadaan.pembelian","label":"Pembelian","icon":"ShoppingBag","path":"/suppliers/purchases","order_index":2,"permission":{"can_view":true,"can_create":true,"can_edit":true,"can_delete":true},"children":[]},{"key_name":"pengadaan.retur","label":"Retur","icon":"RotateCcw","path":"/suppliers/returns","order_index":3,"permission":{"can_view":true,"can_create":true,"can_edit":true,"can_delete":true},"children":[]}]},{"key_name":"pelanggan","label":"Pelanggan","icon":"Users","path":null,"order_index":5,"permission":{"can_view":true,"can_create":true,"can_edit":true,"can_delete":true},"children":[{"key_name":"pelanggan.pelanggan","label":"Pelanggan","icon":"Users","path":"/customers","order_index":1,"permission":{"can_view":true,"can_create":true,"can_edit":true,"can_delete":true},"children":[]},{"key_name":"pelanggan.piutang","label":"Piutang","icon":"CreditCard","path":"/receivables","order_index":2,"permission":{"can_view":true,"can_create":true,"can_edit":true,"can_delete":true},"children":[]}]},{"key_name":"keuangan","label":"Keuangan","icon":"Wallet","path":null,"order_index":6,"permission":{"can_view":true,"can_create":true,"can_edit":true,"can_delete":true},"children":[{"key_name":"keuangan.dashboard","label":"Dashboard Keuangan","icon":"Wallet","path":"/finance","order_index":1,"permission":{"can_view":true,"can_create":true,"can_edit":true,"can_delete":true},"children":[]},{"key_name":"keuangan.kas_harian","label":"Kas Harian","icon":"Landmark","path":"/finance/cash-drawer","order_index":2,"permission":{"can_view":true,"can_create":true,"can_edit":true,"can_delete":true},"children":[]},{"key_name":"keuangan.pengeluaran","label":"Pengeluaran","icon":"TrendingDown","path":"/finance/expenses","order_index":3,"permission":{"can_view":true,"can_create":true,"can_edit":true,"can_delete":true},"children":[]},{"key_name":"keuangan.kas_saya","label":"Kas Saya","icon":"Wallet","path":"/finance/my-cash","order_index":4,"permission":{"can_view":true,"can_create":true,"can_edit":true,"can_delete":true},"children":[]}]},{"key_name":"pelaporan","label":"Pelaporan","icon":"BarChart2","path":null,"order_index":7,"permission":{"can_view":true,"can_create":true,"can_edit":true,"can_delete":true},"children":[{"key_name":"pelaporan.penjualan","label":"Penjualan","icon":"TrendingUp","path":"/reports/sales","order_index":1,"permission":{"can_view":true,"can_create":true,"can_edit":true,"can_delete":true},"children":[]},{"key_name":"pelaporan.laba_rugi","label":"Laba Rugi","icon":"LineChart","path":"/reports/profit-loss","order_index":2,"permission":{"can_view":true,"can_create":true,"can_edit":true,"can_delete":true},"children":[]},{"key_name":"pelaporan.stok","label":"Stok","icon":"PackageSearch","path":"/reports/stock","order_index":3,"permission":{"can_view":true,"can_create":true,"can_edit":true,"can_delete":true},"children":[]},{"key_name":"pelaporan.kinerja_kasir","label":"Kinerja Kasir","icon":"BarChart2","path":"/reports/cashier","order_index":4,"permission":{"can_view":true,"can_create":true,"can_edit":true,"can_delete":true},"children":[]},{"key_name":"pelaporan.ringkasan_bisnis","label":"Ringkasan Bisnis","icon":"BarChart3","path":"/reports/business-summary","order_index":5,"permission":{"can_view":true,"can_create":true,"can_edit":true,"can_delete":true},"children":[]}]},{"key_name":"operasional","label":"Operasional","icon":"Clock","path":null,"order_index":8,"permission":{"can_view":true,"can_create":true,"can_edit":true,"can_delete":true},"children":[{"key_name":"operasional.shift","label":"Shift","icon":"Clock","path":"/shifts","order_index":1,"permission":{"can_view":true,"can_create":true,"can_edit":true,"can_delete":true},"children":[]},{"key_name":"operasional.sync","label":"Sync Center","icon":"RefreshCw","path":"/sync","order_index":2,"permission":{"can_view":true,"can_create":true,"can_edit":true,"can_delete":true},"children":[]}]},{"key_name":"sistem","label":"Sistem","icon":"Settings","path":null,"order_index":9,"permission":{"can_view":true,"can_create":true,"can_edit":true,"can_delete":true},"children":[{"key_name":"sistem.profil_toko","label":"Profil Toko","icon":"Settings","path":"/settings/store","order_index":1,"permission":{"can_view":true,"can_create":true,"can_edit":true,"can_delete":true},"children":[]},{"key_name":"sistem.users","label":"Manajemen User","icon":"Users","path":"/settings/users","order_index":2,"permission":{"can_view":true,"can_create":true,"can_edit":true,"can_delete":true},"children":[]},{"key_name":"sistem.roles","label":"Manajemen Role","icon":"Shield","path":"/settings/roles","order_index":3,"permission":{"can_view":true,"can_create":true,"can_edit":true,"can_delete":true},"children":[]},{"key_name":"sistem.menus","label":"Manajemen Menu","icon":"LayoutList","path":"/settings/menus","order_index":4,"permission":{"can_view":true,"can_create":true,"can_edit":true,"can_delete":true},"children":[]},{"key_name":"sistem.printer","label":"Printer","icon":"Printer","path":"/settings/printer","order_index":5,"permission":{"can_view":true,"can_create":true,"can_edit":true,"can_delete":true},"children":[]},{"key_name":"sistem.versi","label":"Versi Aplikasi","icon":"RefreshCw","path":"/settings/versions","order_index":6,"permission":{"can_view":true,"can_create":true,"can_edit":true,"can_delete":true},"children":[]},{"key_name":"sistem.backup","label":"Backup \u0026 Restore","icon":"DatabaseBackup","path":"/settings/backup","order_index":7,"permission":{"can_view":true,"can_create":true,"can_edit":true,"can_delete":true},"children":[]}]}]}', 2, 3, '::1', NULL, '2026-07-26 08:47:38.288')
[GIN] 2026/07/26 - 08:47:38 | 204 |            0s |             ::1 | OPTIONS  "/api/sync/conflicts/count"

2026/07/26 08:47:38 [32mD:/Develop/Project_pos_mahenz/BE/domain/auth/repo/auth_repo.go:46
[0m[33m[0.515ms] [34;1m[rows:1][0m SELECT id, user_id, user_role, token, device_info, expires_at FROM sessions WHERE token = 'eyJhbGciOiJIUzI1NiIsInR5cCI6IkpXVCJ9.eyJhcHBzIjoid2ViIiwiZXhwIjoxNzg1MDU5MjU3LCJmdWxsX25hbWUiOiJBZG1pbmlzdHJhdG9yIiwicm9sZSI6ImFkbWluIiwidXNlcl9pZCI6MiwidXNlcm5hbWUiOiJhZG1pbiJ9.L4cbRdAvw1Y5g-8hZF2DSeqbygbnwOcSiOASpWNJURc' LIMIT 1

2026/07/26 08:47:38 [32mD:/Develop/Project_pos_mahenz/BE/domain/sync/repo/sync_repo.go:84
[0m[33m[0.537ms] [34;1m[rows:1][0m SELECT COUNT(*) FROM sync_conflicts WHERE status = 'pending'
[GIN] 2026/07/26 - 08:47:38 | 200 |      1.5947ms |             ::1 | GET      "/api/sync/conflicts/count"

2026/07/26 08:47:38 [32mD:/Develop/Project_pos_mahenz/BE/repository/log_request_repository.go:32
[0m[33m[3.195ms] [34;1m[rows:1][0m INSERT INTO log_requests (id, method, endpoint, status_code, request_body, response_body, user_id, duration_ms, ip_address, error_message, created_at) VALUES ('dd18a6ef-a790-425b-b044-acd217f02f33', 'GET', '/api/sync/conflicts/count', 200, '', '{"code":"00","status":true,"message":"Jumlah konflik pending","data":{"count":0}}', 2, 1, '::1', NULL, '2026-07-26 08:47:38.346')
[GIN] 2026/07/26 - 08:47:38 | 204 |            0s |             ::1 | OPTIONS  "/api/suppliers/list"
[GIN] 2026/07/26 - 08:47:38 | 204 |            0s |             ::1 | OPTIONS  "/api/products/list"

2026/07/26 08:47:38 [32mD:/Develop/Project_pos_mahenz/BE/domain/auth/repo/auth_repo.go:46
[0m[33m[2.541ms] [34;1m[rows:1][0m SELECT id, user_id, user_role, token, device_info, expires_at FROM sessions WHERE token = 'eyJhbGciOiJIUzI1NiIsInR5cCI6IkpXVCJ9.eyJhcHBzIjoid2ViIiwiZXhwIjoxNzg1MDU5MjU3LCJmdWxsX25hbWUiOiJBZG1pbmlzdHJhdG9yIiwicm9sZSI6ImFkbWluIiwidXNlcl9pZCI6MiwidXNlcm5hbWUiOiJhZG1pbiJ9.L4cbRdAvw1Y5g-8hZF2DSeqbygbnwOcSiOASpWNJURc' LIMIT 1

2026/07/26 08:47:38 [32mD:/Develop/Project_pos_mahenz/BE/domain/auth/repo/auth_repo.go:46
[0m[33m[1.466ms] [34;1m[rows:1][0m SELECT id, user_id, user_role, token, device_info, expires_at FROM sessions WHERE token = 'eyJhbGciOiJIUzI1NiIsInR5cCI6IkpXVCJ9.eyJhcHBzIjoid2ViIiwiZXhwIjoxNzg1MDU5MjU3LCJmdWxsX25hbWUiOiJBZG1pbmlzdHJhdG9yIiwicm9sZSI6ImFkbWluIiwidXNlcl9pZCI6MiwidXNlcm5hbWUiOiJhZG1pbiJ9.L4cbRdAvw1Y5g-8hZF2DSeqbygbnwOcSiOASpWNJURc' LIMIT 1

2026/07/26 08:47:38 [32mD:/Develop/Project_pos_mahenz/BE/domain/supplier/repo/supplier_repo.go:44
[0m[33m[0.507ms] [34;1m[rows:1][0m SELECT COUNT(*) FROM suppliers WHERE 1=1

2026/07/26 08:47:38 [32mD:/Develop/Project_pos_mahenz/BE/domain/product/repo/product_repo.go:100
[0m[33m[1.762ms] [34;1m[rows:1][0m SELECT COUNT(*) FROM products p WHERE 1=1

2026/07/26 08:47:38 [32mD:/Develop/Project_pos_mahenz/BE/domain/supplier/repo/supplier_repo.go:67
[0m[33m[1.710ms] [34;1m[rows:1][0m SELECT id, supplier_code, name, address, phone, email, contact_person, notes, is_active, created_at FROM suppliers WHERE 1=1 ORDER BY name ASC LIMIT 1 OFFSET 0
[GIN] 2026/07/26 - 08:47:38 | 200 |      6.3397ms |             ::1 | POST     "/api/suppliers/list"

2026/07/26 08:47:38 [32mD:/Develop/Project_pos_mahenz/BE/domain/product/repo/product_repo.go:119
[0m[33m[4.634ms] [34;1m[rows:1][0m 
		SELECT p.id, p.barcode, COALESCE(p.sku, '') as sku, p.name, p.category_id, COALESCE(c.name, '') as category_name,
		       p.purchase_price, p.selling_price, p.stock, p.reserved_qty, p.min_stock,
		       COALESCE(p.unit_id, 0) as unit_id, COALESCE(u.name, '') as unit_name, COALESCE(u.abbreviation, '') as unit_abbreviation,
		       p.is_active,
		       (SELECT COUNT(*) FROM product_packages pp WHERE pp.product_id = p.id AND pp.is_default = 0) AS extra_packages,
		       (SELECT COUNT(*) FROM product_prices pr WHERE pr.product_id = p.id) AS price_tiers_count
		FROM products p
		LEFT JOIN categories c ON p.category_id = c.id
		LEFT JOIN units u ON u.id = p.unit_id
		WHERE 1=1 ORDER BY p.name ASC LIMIT 1 OFFSET 0
[GIN] 2026/07/26 - 08:47:38 | 200 |      9.6541ms |             ::1 | POST     "/api/products/list"

2026/07/26 08:47:38 [32mD:/Develop/Project_pos_mahenz/BE/repository/log_request_repository.go:32
[0m[33m[15.097ms] [34;1m[rows:1][0m INSERT INTO log_requests (id, method, endpoint, status_code, request_body, response_body, user_id, duration_ms, ip_address, error_message, created_at) VALUES ('2ba25040-352d-4960-a52b-bbe6dd216bc9', 'POST', '/api/suppliers/list', 200, '{"page":1,"limit":1,"search":""}', '{"code":"00","status":true,"message":"Daftar supplier","data":[{"id":1,"supplier_code":"SUP-001","name":"Supplier Test Fase14","address":"Jl. Test","phone":"08123456789","email":"","contact_person":"","notes":"","is_active":true,"created_at":"2026-07-25T13:19:10+07:00"}],"pagination":{"page":1,"per_page":1,"total":1,"total_pages":1}}', 2, 6, '::1', NULL, '2026-07-26 08:47:38.663')

2026/07/26 08:47:38 [32mD:/Develop/Project_pos_mahenz/BE/repository/log_request_repository.go:32
[0m[33m[10.255ms] [34;1m[rows:1][0m INSERT INTO log_requests (id, method, endpoint, status_code, request_body, response_body, user_id, duration_ms, ip_address, error_message, created_at) VALUES ('f61cb3b9-e9a4-4b7c-bee0-5fabbddec595', 'POST', '/api/products/list', 200, '{"page":1,"limit":1,"search":""}', '{"code":"00","status":true,"message":"Daftar produk","data":[{"id":4,"barcode":"8992260464338","sku":"SEM-0003","name":"Gula Pasir 1kg","category_id":1,"category_name":"Sembako Test","purchase_price":0,"selling_price":15000,"stock":50,"reserved_qty":0,"min_stock":5,"unit_id":1,"unit_name":"Pieces","unit_abbreviation":"Pcs","is_active":false,"extra_packages":0,"price_tiers_count":0}],"pagination":{"page":1,"per_page":1,"total":11,"total_pages":11}}', 2, 9, '::1', NULL, '2026-07-26 08:47:38.668')
[GIN] 2026/07/26 - 08:47:38 | 204 |            0s |             ::1 | OPTIONS  "/api/suppliers/options"
[GIN] 2026/07/26 - 08:47:38 | 204 |            0s |             ::1 | OPTIONS  "/api/payment-statuses/list"
[GIN] 2026/07/26 - 08:47:38 | 204 |            0s |             ::1 | OPTIONS  "/api/settings/pagination_sizes"
[GIN] 2026/07/26 - 08:47:38 | 204 |            0s |             ::1 | OPTIONS  "/api/payment-methods/list"

2026/07/26 08:47:38 [32mD:/Develop/Project_pos_mahenz/BE/domain/auth/repo/auth_repo.go:46
[0m[33m[0.560ms] [34;1m[rows:1][0m SELECT id, user_id, user_role, token, device_info, expires_at FROM sessions WHERE token = 'eyJhbGciOiJIUzI1NiIsInR5cCI6IkpXVCJ9.eyJhcHBzIjoid2ViIiwiZXhwIjoxNzg1MDU5MjU3LCJmdWxsX25hbWUiOiJBZG1pbmlzdHJhdG9yIiwicm9sZSI6ImFkbWluIiwidXNlcl9pZCI6MiwidXNlcm5hbWUiOiJhZG1pbiJ9.L4cbRdAvw1Y5g-8hZF2DSeqbygbnwOcSiOASpWNJURc' LIMIT 1
[GIN] 2026/07/26 - 08:47:38 | 204 |            0s |             ::1 | OPTIONS  "/api/supplier-purchases/list"

2026/07/26 08:47:38 [32mD:/Develop/Project_pos_mahenz/BE/domain/supplier/repo/supplier_repo.go:44
[0m[33m[0.674ms] [34;1m[rows:1][0m SELECT COUNT(*) FROM suppliers WHERE 1=1

2026/07/26 08:47:38 [32mD:/Develop/Project_pos_mahenz/BE/domain/supplier/repo/supplier_repo.go:67
[0m[33m[0.524ms] [34;1m[rows:1][0m SELECT id, supplier_code, name, address, phone, email, contact_person, notes, is_active, created_at FROM suppliers WHERE 1=1 ORDER BY name ASC LIMIT 10 OFFSET 0
[GIN] 2026/07/26 - 08:47:38 | 200 |      2.4097ms |             ::1 | POST     "/api/suppliers/list"

2026/07/26 08:47:38 [32mD:/Develop/Project_pos_mahenz/BE/domain/auth/repo/auth_repo.go:46
[0m[33m[0.000ms] [34;1m[rows:1][0m SELECT id, user_id, user_role, token, device_info, expires_at FROM sessions WHERE token = 'eyJhbGciOiJIUzI1NiIsInR5cCI6IkpXVCJ9.eyJhcHBzIjoid2ViIiwiZXhwIjoxNzg1MDU5MjU3LCJmdWxsX25hbWUiOiJBZG1pbmlzdHJhdG9yIiwicm9sZSI6ImFkbWluIiwidXNlcl9pZCI6MiwidXNlcm5hbWUiOiJhZG1pbiJ9.L4cbRdAvw1Y5g-8hZF2DSeqbygbnwOcSiOASpWNJURc' LIMIT 1

2026/07/26 08:47:38 [32mD:/Develop/Project_pos_mahenz/BE/domain/auth/repo/auth_repo.go:46
[0m[33m[0.651ms] [34;1m[rows:1][0m SELECT id, user_id, user_role, token, device_info, expires_at FROM sessions WHERE token = 'eyJhbGciOiJIUzI1NiIsInR5cCI6IkpXVCJ9.eyJhcHBzIjoid2ViIiwiZXhwIjoxNzg1MDU5MjU3LCJmdWxsX25hbWUiOiJBZG1pbmlzdHJhdG9yIiwicm9sZSI6ImFkbWluIiwidXNlcl9pZCI6MiwidXNlcm5hbWUiOiJhZG1pbiJ9.L4cbRdAvw1Y5g-8hZF2DSeqbygbnwOcSiOASpWNJURc' LIMIT 1

2026/07/26 08:47:38 [32mD:/Develop/Project_pos_mahenz/BE/domain/supplier/repo/supplier_repo.go:81
[0m[33m[0.598ms] [34;1m[rows:1][0m SELECT id, supplier_code, name FROM suppliers WHERE is_active = 1 ORDER BY name

2026/07/26 08:47:38 [32mD:/Develop/Project_pos_mahenz/BE/domain/payment_status/repo/payment_status_repo.go:9
[0m[33m[5.295ms] [34;1m[rows:3][0m SELECT id, code, label, is_active, sort_order FROM payment_statuses WHERE is_active = 1 ORDER BY sort_order ASC
[GIN] 2026/07/26 - 08:47:38 | 200 |      8.9183ms |             ::1 | POST     "/api/payment-statuses/list"

2026/07/26 08:47:38 [32mD:/Develop/Project_pos_mahenz/BE/domain/auth/repo/auth_repo.go:46
[0m[33m[7.293ms] [34;1m[rows:1][0m SELECT id, user_id, user_role, token, device_info, expires_at FROM sessions WHERE token = 'eyJhbGciOiJIUzI1NiIsInR5cCI6IkpXVCJ9.eyJhcHBzIjoid2ViIiwiZXhwIjoxNzg1MDU5MjU3LCJmdWxsX25hbWUiOiJBZG1pbmlzdHJhdG9yIiwicm9sZSI6ImFkbWluIiwidXNlcl9pZCI6MiwidXNlcm5hbWUiOiJhZG1pbiJ9.L4cbRdAvw1Y5g-8hZF2DSeqbygbnwOcSiOASpWNJURc' LIMIT 1

2026/07/26 08:47:38 [32mD:/Develop/Project_pos_mahenz/BE/domain/auth/repo/auth_repo.go:46
[0m[33m[16.399ms] [34;1m[rows:1][0m SELECT id, user_id, user_role, token, device_info, expires_at FROM sessions WHERE token = 'eyJhbGciOiJIUzI1NiIsInR5cCI6IkpXVCJ9.eyJhcHBzIjoid2ViIiwiZXhwIjoxNzg1MDU5MjU3LCJmdWxsX25hbWUiOiJBZG1pbmlzdHJhdG9yIiwicm9sZSI6ImFkbWluIiwidXNlcl9pZCI6MiwidXNlcm5hbWUiOiJhZG1pbiJ9.L4cbRdAvw1Y5g-8hZF2DSeqbygbnwOcSiOASpWNJURc' LIMIT 1
[GIN] 2026/07/26 - 08:47:38 | 200 |        2.94ms |             ::1 | POST     "/api/suppliers/options"

2026/07/26 08:47:38 [32mD:/Develop/Project_pos_mahenz/BE/domain/auth/repo/auth_repo.go:46
[0m[33m[18.904ms] [34;1m[rows:1][0m SELECT id, user_id, user_role, token, device_info, expires_at FROM sessions WHERE token = 'eyJhbGciOiJIUzI1NiIsInR5cCI6IkpXVCJ9.eyJhcHBzIjoid2ViIiwiZXhwIjoxNzg1MDU5MjU3LCJmdWxsX25hbWUiOiJBZG1pbmlzdHJhdG9yIiwicm9sZSI6ImFkbWluIiwidXNlcl9pZCI6MiwidXNlcm5hbWUiOiJhZG1pbiJ9.L4cbRdAvw1Y5g-8hZF2DSeqbygbnwOcSiOASpWNJURc' LIMIT 1

2026/07/26 08:47:38 [32mD:/Develop/Project_pos_mahenz/BE/repository/log_request_repository.go:32
[0m[33m[19.785ms] [34;1m[rows:1][0m INSERT INTO log_requests (id, method, endpoint, status_code, request_body, response_body, user_id, duration_ms, ip_address, error_message, created_at) VALUES ('46ee23e0-f8f5-49d7-9623-b754eb581719', 'POST', '/api/suppliers/list', 200, '{"page":1,"limit":200,"search":""}', '{"code":"00","status":true,"message":"Daftar supplier","data":[{"id":1,"supplier_code":"SUP-001","name":"Supplier Test Fase14","address":"Jl. Test","phone":"08123456789","email":"","contact_person":"","notes":"","is_active":true,"created_at":"2026-07-25T13:19:10+07:00"}],"pagination":{"page":1,"per_page":200,"total":1,"total_pages":1}}', 2, 2, '::1', NULL, '2026-07-26 08:47:38.758')

2026/07/26 08:47:38 [32mD:/Develop/Project_pos_mahenz/BE/domain/payment_method/repo/payment_method_repo.go:9
[0m[33m[2.339ms] [34;1m[rows:5][0m SELECT id, code, label, is_active, sort_order FROM payment_methods WHERE is_active = 1 ORDER BY sort_order ASC
[GIN] 2026/07/26 - 08:47:38 | 200 |     20.0069ms |             ::1 | POST     "/api/payment-methods/list"

2026/07/26 08:47:38 [32mD:/Develop/Project_pos_mahenz/BE/domain/setting/repo/setting_repo.go:32
[0m[33m[0.960ms] [34;1m[rows:-][0m SELECT setting_key, setting_value FROM settings WHERE setting_key = 'pagination_sizes'

2026/07/26 08:47:38 [32mD:/Develop/Project_pos_mahenz/BE/domain/supplier_purchase/repo/purchase_repo.go:126
[0m[33m[1.465ms] [34;1m[rows:1][0m SELECT COUNT(*) FROM purchases p WHERE 1=1 AND DATE(p.purchase_date) >= '2026-07-01' AND DATE(p.purchase_date) <= '2026-07-26'
[GIN] 2026/07/26 - 08:47:38 | 200 |     20.8741ms |             ::1 | GET      "/api/settings/pagination_sizes"

2026/07/26 08:47:38 [32mD:/Develop/Project_pos_mahenz/BE/domain/supplier_purchase/repo/purchase_repo.go:143
[0m[33m[1.289ms] [34;1m[rows:-][0m SELECT p.id, p.purchase_code, p.invoice_number, p.supplier_id, COALESCE(s.name, '') as supplier_name, p.purchase_date, p.discount_amount, p.total_amount, p.payment_status, p.paid_amount, p.remaining_amount, p.status, COALESCE(u.full_name, '') as user_name, p.notes FROM purchases p LEFT JOIN users u ON p.user_id = u.id LEFT JOIN suppliers s ON p.supplier_id = s.id WHERE 1=1 AND DATE(p.purchase_date) >= '2026-07-01' AND DATE(p.purchase_date) <= '2026-07-26' ORDER BY p.purchase_date DESC, p.id DESC LIMIT 10 OFFSET 0
[GIN] 2026/07/26 - 08:47:38 | 200 |      22.889ms |             ::1 | POST     "/api/supplier-purchases/list"

2026/07/26 08:47:38 [32mD:/Develop/Project_pos_mahenz/BE/repository/log_request_repository.go:32
[0m[33m[10.665ms] [34;1m[rows:1][0m INSERT INTO log_requests (id, method, endpoint, status_code, request_body, response_body, user_id, duration_ms, ip_address, error_message, created_at) VALUES ('595b747d-f41f-4970-b538-cd33a43ff60d', 'POST', '/api/payment-statuses/list', 200, '{}', '{"code":"00","status":true,"message":"Daftar status pembayaran","data":[{"id":1,"code":"unpaid","label":"Hutang","is_active":1,"sort_order":1},{"id":2,"code":"partial","label":"Bayar Sebagian","is_active":1,"sort_order":2},{"id":3,"code":"paid","label":"Lunas","is_active":1,"sort_order":3}]}', 2, 8, '::1', NULL, '2026-07-26 08:47:38.77')

2026/07/26 08:47:38 [32mD:/Develop/Project_pos_mahenz/BE/repository/log_request_repository.go:32
[0m[33m[2.884ms] [34;1m[rows:1][0m INSERT INTO log_requests (id, method, endpoint, status_code, request_body, response_body, user_id, duration_ms, ip_address, error_message, created_at) VALUES ('3a7634c5-89e1-4984-b0a0-00856077ead1', 'POST', '/api/payment-methods/list', 200, '{}', '{"code":"00","status":true,"message":"Daftar metode pembayaran","data":[{"id":1,"code":"cash","label":"Tunai","is_active":1,"sort_order":1},{"id":2,"code":"transfer","label":"Transfer Bank","is_active":1,"sort_order":2},{"id":3,"code":"card","label":"Kartu","is_active":1,"sort_order":3},{"id":4,"code":"qris","label":"QRIS","is_active":1,"sort_order":4},{"id":5,"code":"kredit","label":"Kredit","is_active":1,"sort_order":5}]}', 2, 20, '::1', NULL, '2026-07-26 08:47:38.779')

2026/07/26 08:47:38 [32mD:/Develop/Project_pos_mahenz/BE/repository/log_request_repository.go:32
[0m[33m[6.664ms] [34;1m[rows:1][0m INSERT INTO log_requests (id, method, endpoint, status_code, request_body, response_body, user_id, duration_ms, ip_address, error_message, created_at) VALUES ('452b89fd-5f19-404d-844d-9b068f2c574b', 'POST', '/api/suppliers/options', 200, '{"search":""}', '{"code":"00","status":true,"message":"Opsi supplier","data":[{"id":1,"supplier_code":"SUP-001","name":"Supplier Test Fase14"}]}', 2, 2, '::1', NULL, '2026-07-26 08:47:38.776')

2026/07/26 08:47:38 [32mD:/Develop/Project_pos_mahenz/BE/repository/log_request_repository.go:32
[0m[33m[2.539ms] [34;1m[rows:1][0m INSERT INTO log_requests (id, method, endpoint, status_code, request_body, response_body, user_id, duration_ms, ip_address, error_message, created_at) VALUES ('c8313c0c-609a-467b-86cd-2450670ed2f4', 'GET', '/api/settings/pagination_sizes', 200, '', '{"code":"00","status":true,"message":"Detail pengaturan","data":{"key":"pagination_sizes","value":"[10,20,50]"}}', 2, 20, '::1', NULL, '2026-07-26 08:47:38.78')

2026/07/26 08:47:38 [32mD:/Develop/Project_pos_mahenz/BE/repository/log_request_repository.go:32
[0m[33m[2.105ms] [34;1m[rows:1][0m INSERT INTO log_requests (id, method, endpoint, status_code, request_body, response_body, user_id, duration_ms, ip_address, error_message, created_at) VALUES ('a44dd854-80a8-4e5a-997e-c5d62ff92bd0', 'POST', '/api/supplier-purchases/list', 200, '{"page":1,"limit":10,"start_date":"2026-07-01","end_date":"2026-07-26"}', '{"code":"00","status":true,"message":"Daftar purchase order","data":[{"id":17,"purchase_code":"PO-20260726-012","invoice_number":"INV-QA-VOIDDEL-2","supplier_id":1,"supplier_name":"Supplier Test Fase14","purchase_date":"2026-07-26T00:00:00+07:00","discount_amount":0,"total_amount":2000,"payment_status":"unpaid","paid_amount":0,"remaining_amount":2000,"status":"void","user_name":"Administrator","notes":""},{"id":15,"purchase_code":"PO-20260726-011","invoice_number":"AUTO-PO-20260726-011","supplier_id":1,"supplier_name":"Supplier Test Fase14","purchase_date":"2026-07-26T00:00:00+07:00","discount_amount":0,"total_amount":1420000,"payment_status":"partial","paid_amount":400000,"remaining_amount":1020000,"status":"active","user_name":"Owner","notes":""},{"id":14,"purchase_code":"PO-20260726-010","invoice_number":"AUTO-PO-20260726-010","supplier_id":1,"supplier_name":"Supplier Test Fase14","purchase_date":"2026-07-26T00:00:00+07:00","discount_amount":0,"total_amount":800,"payment_status":"paid","paid_amount":800,"remaining_amount":0,"status":"active","user_name":"Administrator","notes":""},{"id":13,"purchase_code":"PO-20260726-009","invoice_number":"INV-QA-STOCKCHECK","supplier_id":1,"supplier_name":"Supplier Test Fase14","purchase_date":"2026-07-26T00:00:00+07:00","discount_amount":0,"total_amount":6300,"payment_status":"unpaid","paid_amount":0,"remaining_amount":6300,"status":"active","user_name":"Administrator","notes":""},{"id":12,"purchase_code":"PO-20260726-008","invoice_number":"INV-QA-RACE-3","supplier_id":1,"supplier_name":"Supplier Test Fase14","purchase_date":"2026-07-26T00:00:00+07:00","discount_amount":0,"total_amount":1000,"payment_status":"unpaid","paid_amount":0,"remaining_amount":1000,"status":"active","user_name":"Administrator","notes":""},{"id":11,"purchase_code":"PO-20260726-007","invoice_number":"INV-QA-RACE-2","supplier_id":1,"supplier_name":"Supplier Test Fase14","purchase_date":"2026-07-26T00:00:00+07:00","discount_amount":0,"total_amount":1000,"payment_status":"partial","paid_amount":200,"remaining_amount":800,"status":"active","user_name":"Administrator","notes":""},{"id":10,"purchase_code":"PO-20260726-006","invoice_number":"INV-QA-RACE-1","supplier_id":1,"supplier_name":"Supplier Test Fase14","purchase_date":"2026-07-26T00:00:00+07:00","discount_amount":0,"total_amount":1000,"payment_status":"unpaid","paid_amount":0,"remaining_amount":1000,"status":"active","user_name":"Administrator","notes":""},{"id":8,"purchase_code":"PO-20260726-005","invoice_number":"INV-QA-DBLCLICK","supplier_id":1,"supplier_name":"Supplier Test Fase14","purchase_date":"2026-07-26T00:00:00+07:00","discount_amount":0,"total_amount":800,"payment_status":"paid","paid_amount":800,"remaining_amount":0,"status":"active","user_name":"Administrator","notes":""},{"id":6,"purchase_code":"PO-20260726-004","invoice_number":"INV-QA-BACK-MANUAL","supplier_id":1,"supplier_name":"Supplier Test Fase14","purchase_date":"2026-07-26T00:00:00+07:00","discount_amount":500,"total_amount":2500,"payment_status":"unpaid","paid_amount":0,"remaining_amount":2500,"status":"void","user_name":"Administrator","notes":""},{"id":5,"purchase_code":"PO-20260726-003","invoice_number":"INV-QA-DISKON-PAS","supplier_id":1,"supplier_name":"Supplier Test Fase14","purchase_date":"2026-07-26T00:00:00+07:00","discount_amount":2000,"total_amount":0,"payment_status":"unpaid","paid_amount":0,"remaining_amount":0,"status":"active","user_name":"Administrator","notes":""}],"pagination":{"page":1,"per_page":10,"total":14,"total_pages":2}}', 2, 21, '::1', NULL, '2026-07-26 08:47:38.782')
[GIN] 2026/07/26 - 08:47:40 | 204 |            0s |             ::1 | OPTIONS  "/api/supplier-purchases/delete/17"

2026/07/26 08:47:40 [32mD:/Develop/Project_pos_mahenz/BE/domain/auth/repo/auth_repo.go:46
[0m[33m[0.682ms] [34;1m[rows:1][0m SELECT id, user_id, user_role, token, device_info, expires_at FROM sessions WHERE token = 'eyJhbGciOiJIUzI1NiIsInR5cCI6IkpXVCJ9.eyJhcHBzIjoid2ViIiwiZXhwIjoxNzg1MDU5MjU3LCJmdWxsX25hbWUiOiJBZG1pbmlzdHJhdG9yIiwicm9sZSI6ImFkbWluIiwidXNlcl9pZCI6MiwidXNlcm5hbWUiOiJhZG1pbiJ9.L4cbRdAvw1Y5g-8hZF2DSeqbygbnwOcSiOASpWNJURc' LIMIT 1

2026/07/26 08:47:40 [32mD:/Develop/Project_pos_mahenz/BE/domain/supplier_purchase/repo/purchase_repo.go:199
[0m[33m[0.576ms] [34;1m[rows:1][0m SELECT id, purchase_code, invoice_number, supplier_id, purchase_date, discount_amount, total_amount, payment_status, paid_amount, remaining_amount, status, user_id, notes FROM purchases WHERE id = 17

2026/07/26 08:47:40 [32mD:/Develop/Project_pos_mahenz/BE/domain/supplier_purchase/repo/purchase_repo.go:493
[0m[33m[0.664ms] [34;1m[rows:2][0m DELETE FROM stock_mutations WHERE reference_type = 'purchase' AND reference_id = 17

2026/07/26 08:47:40 [32mD:/Develop/Project_pos_mahenz/BE/domain/supplier_purchase/repo/purchase_repo.go:497
[0m[33m[0.530ms] [34;1m[rows:1][0m DELETE FROM purchase_items WHERE purchase_id = 17

2026/07/26 08:47:40 [32mD:/Develop/Project_pos_mahenz/BE/domain/supplier_purchase/repo/purchase_repo.go:501
[0m[33m[0.000ms] [34;1m[rows:1][0m DELETE FROM purchases WHERE id = 17
[GIN] 2026/07/26 - 08:47:40 | 200 |     37.0807ms |             ::1 | POST     "/api/supplier-purchases/delete/17"

2026/07/26 08:47:40 [32mD:/Develop/Project_pos_mahenz/BE/repository/log_request_repository.go:32
[0m[33m[20.882ms] [34;1m[rows:1][0m INSERT INTO log_requests (id, method, endpoint, status_code, request_body, response_body, user_id, duration_ms, ip_address, error_message, created_at) VALUES ('01c077c5-2fd5-4cb4-bba9-bdd1ac9608a1', 'POST', '/api/supplier-purchases/delete/17', 200, '{}', '{"code":"00","status":true,"message":"Purchase order berhasil dihapus","data":null}', 2, 36, '::1', NULL, '2026-07-26 08:47:40.75')

2026/07/26 08:47:40 [32mD:/Develop/Project_pos_mahenz/BE/domain/auth/repo/auth_repo.go:46
[0m[33m[0.557ms] [34;1m[rows:1][0m SELECT id, user_id, user_role, token, device_info, expires_at FROM sessions WHERE token = 'eyJhbGciOiJIUzI1NiIsInR5cCI6IkpXVCJ9.eyJhcHBzIjoid2ViIiwiZXhwIjoxNzg1MDU5MjU3LCJmdWxsX25hbWUiOiJBZG1pbmlzdHJhdG9yIiwicm9sZSI6ImFkbWluIiwidXNlcl9pZCI6MiwidXNlcm5hbWUiOiJhZG1pbiJ9.L4cbRdAvw1Y5g-8hZF2DSeqbygbnwOcSiOASpWNJURc' LIMIT 1

2026/07/26 08:47:40 [32mD:/Develop/Project_pos_mahenz/BE/domain/supplier_purchase/repo/purchase_repo.go:126
[0m[33m[0.546ms] [34;1m[rows:1][0m SELECT COUNT(*) FROM purchases p WHERE 1=1 AND DATE(p.purchase_date) >= '2026-07-01' AND DATE(p.purchase_date) <= '2026-07-26'

2026/07/26 08:47:40 [32mD:/Develop/Project_pos_mahenz/BE/domain/supplier_purchase/repo/purchase_repo.go:143
[0m[33m[1.183ms] [34;1m[rows:-][0m SELECT p.id, p.purchase_code, p.invoice_number, p.supplier_id, COALESCE(s.name, '') as supplier_name, p.purchase_date, p.discount_amount, p.total_amount, p.payment_status, p.paid_amount, p.remaining_amount, p.status, COALESCE(u.full_name, '') as user_name, p.notes FROM purchases p LEFT JOIN users u ON p.user_id = u.id LEFT JOIN suppliers s ON p.supplier_id = s.id WHERE 1=1 AND DATE(p.purchase_date) >= '2026-07-01' AND DATE(p.purchase_date) <= '2026-07-26' ORDER BY p.purchase_date DESC, p.id DESC LIMIT 10 OFFSET 0
[GIN] 2026/07/26 - 08:47:40 | 200 |      2.2865ms |             ::1 | POST     "/api/supplier-purchases/list"

2026/07/26 08:47:40 [32mD:/Develop/Project_pos_mahenz/BE/repository/log_request_repository.go:32
[0m[33m[2.549ms] [34;1m[rows:1][0m INSERT INTO log_requests (id, method, endpoint, status_code, request_body, response_body, user_id, duration_ms, ip_address, error_message, created_at) VALUES ('239a09ec-45ca-4d8f-90eb-8f201311275a', 'POST', '/api/supplier-purchases/list', 200, '{"page":1,"limit":10,"start_date":"2026-07-01","end_date":"2026-07-26"}', '{"code":"00","status":true,"message":"Daftar purchase order","data":[{"id":15,"purchase_code":"PO-20260726-011","invoice_number":"AUTO-PO-20260726-011","supplier_id":1,"supplier_name":"Supplier Test Fase14","purchase_date":"2026-07-26T00:00:00+07:00","discount_amount":0,"total_amount":1420000,"payment_status":"partial","paid_amount":400000,"remaining_amount":1020000,"status":"active","user_name":"Owner","notes":""},{"id":14,"purchase_code":"PO-20260726-010","invoice_number":"AUTO-PO-20260726-010","supplier_id":1,"supplier_name":"Supplier Test Fase14","purchase_date":"2026-07-26T00:00:00+07:00","discount_amount":0,"total_amount":800,"payment_status":"paid","paid_amount":800,"remaining_amount":0,"status":"active","user_name":"Administrator","notes":""},{"id":13,"purchase_code":"PO-20260726-009","invoice_number":"INV-QA-STOCKCHECK","supplier_id":1,"supplier_name":"Supplier Test Fase14","purchase_date":"2026-07-26T00:00:00+07:00","discount_amount":0,"total_amount":6300,"payment_status":"unpaid","paid_amount":0,"remaining_amount":6300,"status":"active","user_name":"Administrator","notes":""},{"id":12,"purchase_code":"PO-20260726-008","invoice_number":"INV-QA-RACE-3","supplier_id":1,"supplier_name":"Supplier Test Fase14","purchase_date":"2026-07-26T00:00:00+07:00","discount_amount":0,"total_amount":1000,"payment_status":"unpaid","paid_amount":0,"remaining_amount":1000,"status":"active","user_name":"Administrator","notes":""},{"id":11,"purchase_code":"PO-20260726-007","invoice_number":"INV-QA-RACE-2","supplier_id":1,"supplier_name":"Supplier Test Fase14","purchase_date":"2026-07-26T00:00:00+07:00","discount_amount":0,"total_amount":1000,"payment_status":"partial","paid_amount":200,"remaining_amount":800,"status":"active","user_name":"Administrator","notes":""},{"id":10,"purchase_code":"PO-20260726-006","invoice_number":"INV-QA-RACE-1","supplier_id":1,"supplier_name":"Supplier Test Fase14","purchase_date":"2026-07-26T00:00:00+07:00","discount_amount":0,"total_amount":1000,"payment_status":"unpaid","paid_amount":0,"remaining_amount":1000,"status":"active","user_name":"Administrator","notes":""},{"id":8,"purchase_code":"PO-20260726-005","invoice_number":"INV-QA-DBLCLICK","supplier_id":1,"supplier_name":"Supplier Test Fase14","purchase_date":"2026-07-26T00:00:00+07:00","discount_amount":0,"total_amount":800,"payment_status":"paid","paid_amount":800,"remaining_amount":0,"status":"active","user_name":"Administrator","notes":""},{"id":6,"purchase_code":"PO-20260726-004","invoice_number":"INV-QA-BACK-MANUAL","supplier_id":1,"supplier_name":"Supplier Test Fase14","purchase_date":"2026-07-26T00:00:00+07:00","discount_amount":500,"total_amount":2500,"payment_status":"unpaid","paid_amount":0,"remaining_amount":2500,"status":"void","user_name":"Administrator","notes":""},{"id":5,"purchase_code":"PO-20260726-003","invoice_number":"INV-QA-DISKON-PAS","supplier_id":1,"supplier_name":"Supplier Test Fase14","purchase_date":"2026-07-26T00:00:00+07:00","discount_amount":2000,"total_amount":0,"payment_status":"unpaid","paid_amount":0,"remaining_amount":0,"status":"active","user_name":"Administrator","notes":""},{"id":4,"purchase_code":"PO-20260726-002","invoice_number":"INV-QA-DUP-PRODUCT","supplier_id":1,"supplier_name":"Supplier Test Fase14","purchase_date":"2026-07-26T00:00:00+07:00","discount_amount":0,"total_amount":8000,"payment_status":"unpaid","paid_amount":0,"remaining_amount":8000,"status":"active","user_name":"Administrator","notes":""}],"pagination":{"page":1,"per_page":10,"total":13,"total_pages":2}}', 2, 2, '::1', NULL, '2026-07-26 08:47:40.855')
[GIN] 2026/07/26 - 10:18:38 | 204 |            0s |             ::1 | OPTIONS  "/api/suppliers/list"
[GIN] 2026/07/26 - 10:18:38 | 204 |            0s |             ::1 | OPTIONS  "/api/supplier-purchases/list"

2026/07/26 10:18:38 [32mD:/Develop/Project_pos_mahenz/BE/domain/auth/repo/auth_repo.go:46
[0m[33m[4.588ms] [34;1m[rows:1][0m SELECT id, user_id, user_role, token, device_info, expires_at FROM sessions WHERE token = 'eyJhbGciOiJIUzI1NiIsInR5cCI6IkpXVCJ9.eyJhcHBzIjoiIiwiZXhwIjoxNzg1MDU2MjIxLCJmdWxsX25hbWUiOiJPd25lciIsInJvbGUiOiJvd25lciIsInVzZXJfaWQiOjEsInVzZXJuYW1lIjoib3duZXIifQ.45A9wOqMEOHLlI1jU4hIhRH_HCqYEe76XMp0-8aRLK0' LIMIT 1

2026/07/26 10:18:38 [32mD:/Develop/Project_pos_mahenz/BE/domain/auth/repo/auth_repo.go:46
[0m[33m[5.129ms] [34;1m[rows:1][0m SELECT id, user_id, user_role, token, device_info, expires_at FROM sessions WHERE token = 'eyJhbGciOiJIUzI1NiIsInR5cCI6IkpXVCJ9.eyJhcHBzIjoiIiwiZXhwIjoxNzg1MDU2MjIxLCJmdWxsX25hbWUiOiJPd25lciIsInJvbGUiOiJvd25lciIsInVzZXJfaWQiOjEsInVzZXJuYW1lIjoib3duZXIifQ.45A9wOqMEOHLlI1jU4hIhRH_HCqYEe76XMp0-8aRLK0' LIMIT 1

2026/07/26 10:18:38 [32mD:/Develop/Project_pos_mahenz/BE/domain/supplier/repo/supplier_repo.go:44
[0m[33m[0.521ms] [34;1m[rows:1][0m SELECT COUNT(*) FROM suppliers WHERE 1=1

2026/07/26 10:18:38 [32mD:/Develop/Project_pos_mahenz/BE/domain/supplier_purchase/repo/purchase_repo.go:126
[0m[33m[1.043ms] [34;1m[rows:1][0m SELECT COUNT(*) FROM purchases p WHERE 1=1 AND DATE(p.purchase_date) >= '2026-07-01' AND DATE(p.purchase_date) <= '2026-07-26'

2026/07/26 10:18:38 [32mD:/Develop/Project_pos_mahenz/BE/domain/supplier/repo/supplier_repo.go:67
[0m[33m[0.721ms] [34;1m[rows:1][0m SELECT id, supplier_code, name, address, phone, email, contact_person, notes, is_active, created_at FROM suppliers WHERE 1=1 ORDER BY name ASC LIMIT 10 OFFSET 0
[GIN] 2026/07/26 - 10:18:38 | 200 |      8.4229ms |             ::1 | POST     "/api/suppliers/list"

2026/07/26 10:18:38 [32mD:/Develop/Project_pos_mahenz/BE/domain/supplier_purchase/repo/purchase_repo.go:143
[0m[33m[2.507ms] [34;1m[rows:-][0m SELECT p.id, p.purchase_code, p.invoice_number, p.supplier_id, COALESCE(s.name, '') as supplier_name, p.purchase_date, p.discount_amount, p.total_amount, p.payment_status, p.paid_amount, p.remaining_amount, p.status, COALESCE(u.full_name, '') as user_name, p.notes FROM purchases p LEFT JOIN users u ON p.user_id = u.id LEFT JOIN suppliers s ON p.supplier_id = s.id WHERE 1=1 AND DATE(p.purchase_date) >= '2026-07-01' AND DATE(p.purchase_date) <= '2026-07-26' ORDER BY p.purchase_date DESC, p.id DESC LIMIT 10 OFFSET 0
[GIN] 2026/07/26 - 10:18:38 | 200 |     10.1926ms |             ::1 | POST     "/api/supplier-purchases/list"

2026/07/26 10:18:38 [32mD:/Develop/Project_pos_mahenz/BE/repository/log_request_repository.go:32
[0m[33m[6.871ms] [34;1m[rows:1][0m INSERT INTO log_requests (id, method, endpoint, status_code, request_body, response_body, user_id, duration_ms, ip_address, error_message, created_at) VALUES ('39366787-a126-43c5-ad91-6704e2549e60', 'POST', '/api/supplier-purchases/list', 200, '{"page":1,"limit":10,"start_date":"2026-07-01","end_date":"2026-07-26"}', '{"code":"00","status":true,"message":"Daftar purchase order","data":[{"id":15,"purchase_code":"PO-20260726-011","invoice_number":"AUTO-PO-20260726-011","supplier_id":1,"supplier_name":"Supplier Test Fase14","purchase_date":"2026-07-26T00:00:00+07:00","discount_amount":0,"total_amount":1420000,"payment_status":"partial","paid_amount":400000,"remaining_amount":1020000,"status":"active","user_name":"Owner","notes":""},{"id":14,"purchase_code":"PO-20260726-010","invoice_number":"AUTO-PO-20260726-010","supplier_id":1,"supplier_name":"Supplier Test Fase14","purchase_date":"2026-07-26T00:00:00+07:00","discount_amount":0,"total_amount":800,"payment_status":"paid","paid_amount":800,"remaining_amount":0,"status":"active","user_name":"Administrator","notes":""},{"id":13,"purchase_code":"PO-20260726-009","invoice_number":"INV-QA-STOCKCHECK","supplier_id":1,"supplier_name":"Supplier Test Fase14","purchase_date":"2026-07-26T00:00:00+07:00","discount_amount":0,"total_amount":6300,"payment_status":"unpaid","paid_amount":0,"remaining_amount":6300,"status":"active","user_name":"Administrator","notes":""},{"id":12,"purchase_code":"PO-20260726-008","invoice_number":"INV-QA-RACE-3","supplier_id":1,"supplier_name":"Supplier Test Fase14","purchase_date":"2026-07-26T00:00:00+07:00","discount_amount":0,"total_amount":1000,"payment_status":"unpaid","paid_amount":0,"remaining_amount":1000,"status":"active","user_name":"Administrator","notes":""},{"id":11,"purchase_code":"PO-20260726-007","invoice_number":"INV-QA-RACE-2","supplier_id":1,"supplier_name":"Supplier Test Fase14","purchase_date":"2026-07-26T00:00:00+07:00","discount_amount":0,"total_amount":1000,"payment_status":"partial","paid_amount":200,"remaining_amount":800,"status":"active","user_name":"Administrator","notes":""},{"id":10,"purchase_code":"PO-20260726-006","invoice_number":"INV-QA-RACE-1","supplier_id":1,"supplier_name":"Supplier Test Fase14","purchase_date":"2026-07-26T00:00:00+07:00","discount_amount":0,"total_amount":1000,"payment_status":"unpaid","paid_amount":0,"remaining_amount":1000,"status":"active","user_name":"Administrator","notes":""},{"id":8,"purchase_code":"PO-20260726-005","invoice_number":"INV-QA-DBLCLICK","supplier_id":1,"supplier_name":"Supplier Test Fase14","purchase_date":"2026-07-26T00:00:00+07:00","discount_amount":0,"total_amount":800,"payment_status":"paid","paid_amount":800,"remaining_amount":0,"status":"active","user_name":"Administrator","notes":""},{"id":6,"purchase_code":"PO-20260726-004","invoice_number":"INV-QA-BACK-MANUAL","supplier_id":1,"supplier_name":"Supplier Test Fase14","purchase_date":"2026-07-26T00:00:00+07:00","discount_amount":500,"total_amount":2500,"payment_status":"unpaid","paid_amount":0,"remaining_amount":2500,"status":"void","user_name":"Administrator","notes":""},{"id":5,"purchase_code":"PO-20260726-003","invoice_number":"INV-QA-DISKON-PAS","supplier_id":1,"supplier_name":"Supplier Test Fase14","purchase_date":"2026-07-26T00:00:00+07:00","discount_amount":2000,"total_amount":0,"payment_status":"unpaid","paid_amount":0,"remaining_amount":0,"status":"active","user_name":"Administrator","notes":""},{"id":4,"purchase_code":"PO-20260726-002","invoice_number":"INV-QA-DUP-PRODUCT","supplier_id":1,"supplier_name":"Supplier Test Fase14","purchase_date":"2026-07-26T00:00:00+07:00","discount_amount":0,"total_amount":8000,"payment_status":"unpaid","paid_amount":0,"remaining_amount":8000,"status":"active","user_name":"Administrator","notes":""}],"pagination":{"page":1,"per_page":10,"total":13,"total_pages":2}}', 1, 10, '::1', NULL, '2026-07-26 10:18:38.194')

2026/07/26 10:18:38 [32mD:/Develop/Project_pos_mahenz/BE/repository/log_request_repository.go:32
[0m[33m[9.645ms] [34;1m[rows:1][0m INSERT INTO log_requests (id, method, endpoint, status_code, request_body, response_body, user_id, duration_ms, ip_address, error_message, created_at) VALUES ('66c6f4a8-4933-4fc4-80cb-a6a38793655d', 'POST', '/api/suppliers/list', 200, '{"page":1,"limit":200,"search":""}', '{"code":"00","status":true,"message":"Daftar supplier","data":[{"id":1,"supplier_code":"SUP-001","name":"Supplier Test Fase14","address":"Jl. Test","phone":"08123456789","email":"","contact_person":"","notes":"","is_active":true,"created_at":"2026-07-25T13:19:10+07:00"}],"pagination":{"page":1,"per_page":200,"total":1,"total_pages":1}}', 1, 8, '::1', NULL, '2026-07-26 10:18:38.191')
exit status 1
