
2026/07/26 21:56:11 [32mD:/Develop/Project_pos_mahenz/BE/database/migrate.go:99
[0m[33m[5.963ms] [34;1m[rows:0][0m CREATE TABLE IF NOT EXISTS migrations_history (
		id          INT AUTO_INCREMENT PRIMARY KEY,
		filename    VARCHAR(255) UNIQUE NOT NULL,
		executed_at DATETIME DEFAULT CURRENT_TIMESTAMP
	) DEFAULT CHARSET=utf8

2026/07/26 21:56:11 [32mD:/Develop/Project_pos_mahenz/BE/database/migrate.go:27
[0m[33m[0.000ms] [34;1m[rows:1][0m SELECT COUNT(*) FROM migrations_history

2026/07/26 21:56:11 [32mD:/Develop/Project_pos_mahenz/BE/database/migrate.go:28
[0m[33m[4.542ms] [34;1m[rows:1][0m SELECT COUNT(*) FROM information_schema.tables WHERE table_schema = DATABASE() AND table_name != 'migrations_history'

2026/07/26 21:56:11 [32mD:/Develop/Project_pos_mahenz/BE/database/migrate.go:104
[0m[33m[1.297ms] [34;1m[rows:1][0m SELECT COUNT(*) FROM migrations_history WHERE filename = '001_init_schema.sql'

2026/07/26 21:56:11 [32mD:/Develop/Project_pos_mahenz/BE/database/migrate.go:104
[0m[33m[0.850ms] [34;1m[rows:1][0m SELECT COUNT(*) FROM migrations_history WHERE filename = '002_seed_data.sql'
2026/07/26 21:56:11 [37mServer running on port[0m :8080
2026/07/26 21:56:11 [37mRoutes:[0m
2026/07/26 21:56:11 [32mPOST[0m   [34m/api/supplier-purchases/detail/:id           [0m   [37mpos_api/domain/supplier_purchase/handler.(*PurchaseHandler).GetByID-fm[0m
2026/07/26 21:56:11 [32mPOST[0m   [34m/api/supplier-purchases/delete/:id           [0m   [37mpos_api/domain/supplier_purchase/handler.(*PurchaseHandler).Delete-fm[0m
2026/07/26 21:56:11 [32mPOST[0m   [34m/api/supplier-purchases/generate-code        [0m   [37mpos_api/domain/supplier_purchase/handler.(*PurchaseHandler).GenerateCode-fm[0m
2026/07/26 21:56:11 [32mPOST[0m   [34m/api/supplier-purchases/list                 [0m   [37mpos_api/domain/supplier_purchase/handler.(*PurchaseHandler).GetAll-fm[0m
2026/07/26 21:56:11 [32mPOST[0m   [34m/api/supplier-purchases/create               [0m   [37mpos_api/domain/supplier_purchase/handler.(*PurchaseHandler).Create-fm[0m
2026/07/26 21:56:11 [32mPOST[0m   [34m/api/supplier-purchases/update/:id           [0m   [37mpos_api/domain/supplier_purchase/handler.(*PurchaseHandler).Update-fm[0m
2026/07/26 21:56:11 [32mPOST[0m   [34m/api/supplier-purchases/pay/:id              [0m   [37mpos_api/domain/supplier_purchase/handler.(*PurchaseHandler).Pay-fm[0m
2026/07/26 21:56:11 [32mPOST[0m   [34m/api/supplier-purchases/void/:id             [0m   [37mpos_api/domain/supplier_purchase/handler.(*PurchaseHandler).Void-fm[0m
2026/07/26 21:56:11 [32mPOST[0m   [34m/api/supplier-purchases/:id/payments         [0m   [37mpos_api/domain/supplier_purchase/handler.(*PurchaseHandler).GetPayments-fm[0m
2026/07/26 21:56:11 [32mPOST[0m   [34m/api/supplier-purchases/:id/add-items        [0m   [37mpos_api/domain/supplier_purchase/handler.(*PurchaseHandler).AddItems-fm[0m
2026/07/26 21:56:11 [32mPOST[0m   [34m/api/supplier-returns/detail/:id             [0m   [37mpos_api/domain/supplier_return/handler.(*SupplierReturnHandler).GetByID-fm[0m
2026/07/26 21:56:11 [32mPOST[0m   [34m/api/supplier-returns/delete/:id             [0m   [37mpos_api/domain/supplier_return/handler.(*SupplierReturnHandler).Delete-fm[0m
2026/07/26 21:56:11 [32mPOST[0m   [34m/api/supplier-returns/list                   [0m   [37mpos_api/domain/supplier_return/handler.(*SupplierReturnHandler).GetAll-fm[0m
2026/07/26 21:56:11 [32mPOST[0m   [34m/api/supplier-returns/create                 [0m   [37mpos_api/domain/supplier_return/handler.(*SupplierReturnHandler).Create-fm[0m
2026/07/26 21:56:11 [32mPOST[0m   [34m/api/supplier-returns/update-status/:id      [0m   [37mpos_api/domain/supplier_return/handler.(*SupplierReturnHandler).UpdateStatus-fm[0m
2026/07/26 21:56:11 [32mPOST[0m   [34m/api/suppliers/detail/:id                    [0m   [37mpos_api/domain/supplier/handler.(*SupplierHandler).GetDetail-fm[0m
2026/07/26 21:56:11 [32mPOST[0m   [34m/api/suppliers/delete/:id                    [0m   [37mpos_api/domain/supplier/handler.(*SupplierHandler).Delete-fm[0m
2026/07/26 21:56:11 [32mPOST[0m   [34m/api/suppliers/list                          [0m   [37mpos_api/domain/supplier/handler.(*SupplierHandler).GetAll-fm[0m
2026/07/26 21:56:11 [32mPOST[0m   [34m/api/suppliers/options                       [0m   [37mpos_api/domain/supplier/handler.(*SupplierHandler).GetOptions-fm[0m
2026/07/26 21:56:11 [32mPOST[0m   [34m/api/suppliers/create                        [0m   [37mpos_api/domain/supplier/handler.(*SupplierHandler).Create-fm[0m
2026/07/26 21:56:11 [32mPOST[0m   [34m/api/suppliers/update/:id                    [0m   [37mpos_api/domain/supplier/handler.(*SupplierHandler).Update-fm[0m
2026/07/26 21:56:11 [32mPOST[0m   [34m/api/suppliers/toggle-status/:id             [0m   [37mpos_api/domain/supplier/handler.(*SupplierHandler).ToggleStatus-fm[0m
2026/07/26 21:56:11 [32mPOST[0m   [34m/api/shifts/detail/:id                       [0m   [37mpos_api/domain/shift/handler.(*ShiftHandler).GetByID-fm[0m
2026/07/26 21:56:11 [32mPOST[0m   [34m/api/shifts/delete/:id                       [0m   [37mpos_api/domain/shift/handler.(*ShiftHandler).Delete-fm[0m
2026/07/26 21:56:11 [32mPOST[0m   [34m/api/shifts/list                             [0m   [37mpos_api/domain/shift/handler.(*ShiftHandler).GetAll-fm[0m
2026/07/26 21:56:11 [32mPOST[0m   [34m/api/shifts/active                           [0m   [37mpos_api/domain/shift/handler.(*ShiftHandler).GetOptions-fm[0m
2026/07/26 21:56:11 [32mPOST[0m   [34m/api/shifts/summary                          [0m   [37mpos_api/domain/shift/handler.(*ShiftHandler).GetSummary-fm[0m
2026/07/26 21:56:11 [32mPOST[0m   [34m/api/shifts/create                           [0m   [37mpos_api/domain/shift/handler.(*ShiftHandler).Create-fm[0m
2026/07/26 21:56:11 [32mPOST[0m   [34m/api/shifts/update/:id                       [0m   [37mpos_api/domain/shift/handler.(*ShiftHandler).Update-fm[0m
2026/07/26 21:56:11 [32mPOST[0m   [34m/api/shifts/toggle-status/:id                [0m   [37mpos_api/domain/shift/handler.(*ShiftHandler).ToggleStatus-fm[0m
2026/07/26 21:56:11 [32mPOST[0m   [34m/api/settings                                [0m   [37mpos_api/domain/setting/handler.(*SettingHandler).Save-fm[0m
2026/07/26 21:56:11 [32mPOST[0m   [34m/api/settings/reset                          [0m   [37mpos_api/domain/setting/handler.(*SettingHandler).Reset-fm[0m
2026/07/26 21:56:11 [32mPOST[0m   [34m/api/settings/store                          [0m   [37mpos_api/domain/setting/handler.(*SettingHandler).UpdateStoreProfile-fm[0m
2026/07/26 21:56:11 [32mPOST[0m   [34m/api/settings/printer                        [0m   [37mpos_api/domain/setting/handler.(*SettingHandler).UpdatePrinterSettings-fm[0m
2026/07/26 21:56:11 [32mPOST[0m   [34m/api/stock-mutations/list                    [0m   [37mpos_api/domain/stock_mutation/handler.(*StockMutationHandler).GetAll-fm[0m
2026/07/26 21:56:11 [32mPOST[0m   [34m/api/stock-mutations/product/:product_id     [0m   [37mpos_api/domain/stock_mutation/handler.(*StockMutationHandler).GetByProduct-fm[0m
2026/07/26 21:56:11 [32mPOST[0m   [34m/api/sync/conflicts/:id/resolve              [0m   [37mpos_api/domain/sync/handler.(*SyncHandler).ResolveConflict-fm[0m
2026/07/26 21:56:11 [32mPOST[0m   [34m/api/sync/push                               [0m   [37mpos_api/domain/sync/handler.(*SyncHandler).PushSync-fm[0m
2026/07/26 21:56:11 [32mPOST[0m   [34m/api/products/import-preview                 [0m   [37mpos_api/domain/product/handler.(*ProductImportHandler).ImportPreview-fm[0m
2026/07/26 21:56:11 [32mPOST[0m   [34m/api/products/import-bulk                    [0m   [37mpos_api/domain/product/handler.(*ProductImportHandler).ImportBulk-fm[0m
2026/07/26 21:56:11 [32mPOST[0m   [34m/api/products/import-template                [0m   [37mpos_api/domain/product/handler.(*ProductImportHandler).DownloadImportTemplate-fm[0m
2026/07/26 21:56:11 [32mPOST[0m   [34m/api/products/detail/:id                     [0m   [37mpos_api/domain/product/handler.(*ProductHandler).GetByID-fm[0m
2026/07/26 21:56:11 [32mPOST[0m   [34m/api/products/delete/:id                     [0m   [37mpos_api/domain/product/handler.(*ProductHandler).Delete-fm[0m
2026/07/26 21:56:11 [32mPOST[0m   [34m/api/products/generate-barcode               [0m   [37mpos_api/domain/product/handler.(*ProductGenerateHandler).GenerateBarcode-fm[0m
2026/07/26 21:56:11 [32mPOST[0m   [34m/api/products/generate-sku                   [0m   [37mpos_api/domain/product/handler.(*ProductGenerateHandler).GenerateSku-fm[0m
2026/07/26 21:56:11 [32mPOST[0m   [34m/api/products/list                           [0m   [37mpos_api/domain/product/handler.(*ProductHandler).GetAll-fm[0m
2026/07/26 21:56:11 [32mPOST[0m   [34m/api/products/options                        [0m   [37mpos_api/domain/product/handler.(*ProductHandler).GetOptions-fm[0m
2026/07/26 21:56:11 [32mPOST[0m   [34m/api/products/search                         [0m   [37mpos_api/domain/product/handler.(*ProductHandler).Search-fm[0m
2026/07/26 21:56:11 [32mPOST[0m   [34m/api/products/by-barcode/:barcode            [0m   [37mpos_api/domain/product/handler.(*ProductHandler).GetByBarcode-fm[0m
2026/07/26 21:56:11 [32mPOST[0m   [34m/api/products/create                         [0m   [37mpos_api/domain/product/handler.(*ProductHandler).Create-fm[0m
2026/07/26 21:56:11 [32mPOST[0m   [34m/api/products/update/:id                     [0m   [37mpos_api/domain/product/handler.(*ProductHandler).Update-fm[0m
2026/07/26 21:56:11 [32mPOST[0m   [34m/api/products/toggle-status/:id              [0m   [37mpos_api/domain/product/handler.(*ProductHandler).ToggleStatus-fm[0m
2026/07/26 21:56:11 [32mPOST[0m   [34m/api/products/:id/packages/list              [0m   [37mpos_api/domain/product/handler.(*ProductPackageHandler).GetPackagesByProduct-fm[0m
2026/07/26 21:56:11 [32mPOST[0m   [34m/api/products/:id/packages/create            [0m   [37mpos_api/domain/product/handler.(*ProductPackageHandler).CreatePackage-fm[0m
2026/07/26 21:56:11 [32mPOST[0m   [34m/api/products/:id/packages/update/:package_id[0m   [37mpos_api/domain/product/handler.(*ProductPackageHandler).UpdatePackage-fm[0m
2026/07/26 21:56:11 [32mPOST[0m   [34m/api/products/:id/packages/delete/:package_id[0m   [37mpos_api/domain/product/handler.(*ProductPackageHandler).DeletePackage-fm[0m
2026/07/26 21:56:11 [32mPOST[0m   [34m/api/products/:id/prices/list                [0m   [37mpos_api/domain/product/handler.(*ProductPriceHandler).GetPricesByProduct-fm[0m
2026/07/26 21:56:11 [32mPOST[0m   [34m/api/pin/set                                 [0m   [37mpos_api/domain/pin/handler.(*PinHandler).SetPin-fm[0m
2026/07/26 21:56:11 [32mPOST[0m   [34m/api/pin/verify                              [0m   [37mpos_api/domain/pin/handler.(*PinHandler).VerifyPin-fm[0m
2026/07/26 21:56:11 [32mPOST[0m   [34m/api/pin/change                              [0m   [37mpos_api/domain/pin/handler.(*PinHandler).ChangePin-fm[0m
2026/07/26 21:56:11 [32mPOST[0m   [34m/api/payment-statuses/list                   [0m   [37mpos_api/domain/payment_status/handler.(*PaymentStatusHandler).GetAll-fm[0m
2026/07/26 21:56:11 [32mPOST[0m   [34m/api/payment-methods/list                    [0m   [37mpos_api/domain/payment_method/handler.(*PaymentMethodHandler).GetAll-fm[0m
2026/07/26 21:56:11 [32mPOST[0m   [34m/api/cash-drawer/current                     [0m   [37mpos_api/domain/cash_drawer/handler.(*CashDrawerHandler).GetCurrent-fm[0m
2026/07/26 21:56:11 [32mPOST[0m   [34m/api/cash-drawer/close/:id                   [0m   [37mpos_api/domain/cash_drawer/handler.(*CashDrawerHandler).Close-fm[0m
2026/07/26 21:56:11 [32mPOST[0m   [34m/api/cash-drawer/update-sales/:id            [0m   [37mpos_api/domain/cash_drawer/handler.(*CashDrawerHandler).UpdateSales-fm[0m
2026/07/26 21:56:11 [32mPOST[0m   [34m/api/cash-drawer/update-expenses/:id         [0m   [37mpos_api/domain/cash_drawer/handler.(*CashDrawerHandler).UpdateExpenses-fm[0m
2026/07/26 21:56:11 [32mPOST[0m   [34m/api/cash-drawer/my-cash                     [0m   [37mpos_api/domain/cash_drawer/handler.(*CashDrawerHandler).GetMyCash-fm[0m
2026/07/26 21:56:11 [32mPOST[0m   [34m/api/cash-drawer/list                        [0m   [37mpos_api/domain/cash_drawer/handler.(*CashDrawerHandler).GetHistory-fm[0m
2026/07/26 21:56:11 [32mPOST[0m   [34m/api/cash-drawer/summary                     [0m   [37mpos_api/domain/cash_drawer/handler.(*CashDrawerHandler).GetSummary-fm[0m
2026/07/26 21:56:11 [32mPOST[0m   [34m/api/cash-drawer/kasir-options               [0m   [37mpos_api/domain/cash_drawer/handler.(*CashDrawerHandler).GetKasirOptions-fm[0m
2026/07/26 21:56:11 [32mPOST[0m   [34m/api/cash-drawer/detail/:id                  [0m   [37mpos_api/domain/cash_drawer/handler.(*CashDrawerHandler).GetByID-fm[0m
2026/07/26 21:56:11 [32mPOST[0m   [34m/api/cash-drawer/open                        [0m   [37mpos_api/domain/cash_drawer/handler.(*CashDrawerHandler).Open-fm[0m
2026/07/26 21:56:11 [32mPOST[0m   [34m/api/categories/detail/:id                   [0m   [37mpos_api/domain/product_category/handler.(*CategoryHandler).GetByID-fm[0m
2026/07/26 21:56:11 [32mPOST[0m   [34m/api/categories/delete/:id                   [0m   [37mpos_api/domain/product_category/handler.(*CategoryHandler).Delete-fm[0m
2026/07/26 21:56:11 [32mPOST[0m   [34m/api/categories/list                         [0m   [37mpos_api/domain/product_category/handler.(*CategoryHandler).GetAll-fm[0m
2026/07/26 21:56:11 [32mPOST[0m   [34m/api/categories/options                      [0m   [37mpos_api/domain/product_category/handler.(*CategoryHandler).GetOptions-fm[0m
2026/07/26 21:56:11 [32mPOST[0m   [34m/api/categories/create                       [0m   [37mpos_api/domain/product_category/handler.(*CategoryHandler).Create-fm[0m
2026/07/26 21:56:11 [32mPOST[0m   [34m/api/categories/update/:id                   [0m   [37mpos_api/domain/product_category/handler.(*CategoryHandler).Update-fm[0m
2026/07/26 21:56:11 [32mPOST[0m   [34m/api/categories/toggle-status/:id            [0m   [37mpos_api/domain/product_category/handler.(*CategoryHandler).ToggleStatus-fm[0m
2026/07/26 21:56:11 [32mPOST[0m   [34m/api/customers/detail/:id                    [0m   [37mpos_api/domain/customer/handler.(*CustomerHandler).GetByID-fm[0m
2026/07/26 21:56:11 [32mPOST[0m   [34m/api/customers/delete/:id                    [0m   [37mpos_api/domain/customer/handler.(*CustomerHandler).Delete-fm[0m
2026/07/26 21:56:11 [32mPOST[0m   [34m/api/customers/list                          [0m   [37mpos_api/domain/customer/handler.(*CustomerHandler).GetAll-fm[0m
2026/07/26 21:56:11 [32mPOST[0m   [34m/api/customers/active                        [0m   [37mpos_api/domain/customer/handler.(*CustomerHandler).GetOptions-fm[0m
2026/07/26 21:56:11 [32mPOST[0m   [34m/api/customers/create                        [0m   [37mpos_api/domain/customer/handler.(*CustomerHandler).Create-fm[0m
2026/07/26 21:56:11 [32mPOST[0m   [34m/api/customers/update/:id                    [0m   [37mpos_api/domain/customer/handler.(*CustomerHandler).Update-fm[0m
2026/07/26 21:56:11 [32mPOST[0m   [34m/api/customers/toggle-status/:id             [0m   [37mpos_api/domain/customer/handler.(*CustomerHandler).ToggleStatus-fm[0m
2026/07/26 21:56:11 [32mPOST[0m   [34m/api/reports/sales/list                      [0m   [37mpos_api/domain/report/handler.(*ReportHandler).GetSalesList-fm[0m
2026/07/26 21:56:11 [32mPOST[0m   [34m/api/reports/sales/summary                   [0m   [37mpos_api/domain/report/handler.(*ReportHandler).GetSalesSummaryData-fm[0m
2026/07/26 21:56:11 [32mPOST[0m   [34m/api/reports/stock/list                      [0m   [37mpos_api/domain/report/handler.(*ReportHandler).GetStockList-fm[0m
2026/07/26 21:56:11 [32mPOST[0m   [34m/api/reports/stock/summary                   [0m   [37mpos_api/domain/report/handler.(*ReportHandler).GetStockSummaryData-fm[0m
2026/07/26 21:56:11 [32mPOST[0m   [34m/api/reports/profit-loss/data                [0m   [37mpos_api/domain/report/handler.(*ReportHandler).GetProfitLossData-fm[0m
2026/07/26 21:56:11 [32mPOST[0m   [34m/api/reports/cashier/list                    [0m   [37mpos_api/domain/report/handler.(*ReportHandler).GetCashierList-fm[0m
2026/07/26 21:56:11 [32mPOST[0m   [34m/api/receivables/payments/:id                [0m   [37mpos_api/domain/receivable/handler.(*ReceivableHandler).GetPayments-fm[0m
2026/07/26 21:56:11 [32mPOST[0m   [34m/api/receivables/pay/:id                     [0m   [37mpos_api/domain/receivable/handler.(*ReceivableHandler).Pay-fm[0m
2026/07/26 21:56:11 [32mPOST[0m   [34m/api/receivables/list                        [0m   [37mpos_api/domain/receivable/handler.(*ReceivableHandler).GetAll-fm[0m
2026/07/26 21:56:11 [32mPOST[0m   [34m/api/receivables/summary                     [0m   [37mpos_api/domain/receivable/handler.(*ReceivableHandler).GetSummary-fm[0m
2026/07/26 21:56:11 [32mPOST[0m   [34m/api/receivables/detail/:id                  [0m   [37mpos_api/domain/receivable/handler.(*ReceivableHandler).GetByID-fm[0m
2026/07/26 21:56:11 [32mPOST[0m   [34m/api/restore                                 [0m   [37mpos_api/domain/backup/handler.(*BackupHandler).Restore-fm[0m
2026/07/26 21:56:11 [32mPOST[0m   [34m/api/roles/detail/:id                        [0m   [37mpos_api/domain/role/handler.(*RoleHandler).GetByID-fm[0m
2026/07/26 21:56:11 [32mPOST[0m   [34m/api/roles/delete/:id                        [0m   [37mpos_api/domain/role/handler.(*RoleHandler).Delete-fm[0m
2026/07/26 21:56:11 [32mPOST[0m   [34m/api/roles/list                              [0m   [37mpos_api/domain/role/handler.(*RoleHandler).GetAll-fm[0m
2026/07/26 21:56:11 [32mPOST[0m   [34m/api/roles/options                           [0m   [37mpos_api/domain/role/handler.(*RoleHandler).GetOptions-fm[0m
2026/07/26 21:56:11 [32mPOST[0m   [34m/api/roles/create                            [0m   [37mpos_api/domain/role/handler.(*RoleHandler).Create-fm[0m
2026/07/26 21:56:11 [32mPOST[0m   [34m/api/roles/update/:id                        [0m   [37mpos_api/domain/role/handler.(*RoleHandler).Update-fm[0m
2026/07/26 21:56:11 [32mPOST[0m   [34m/api/roles/toggle-status/:id                 [0m   [37mpos_api/domain/role/handler.(*RoleHandler).ToggleStatus-fm[0m
2026/07/26 21:56:11 [32mPOST[0m   [34m/api/roles/:id/menus/list                    [0m   [37mpos_api/domain/access/handler.(*AccessHandler).GetByRoleID-fm[0m
2026/07/26 21:56:11 [32mPOST[0m   [34m/api/roles/:id/menus/set                     [0m   [37mpos_api/domain/access/handler.(*AccessHandler).SetRoleAccess-fm[0m
2026/07/26 21:56:11 [32mPOST[0m   [34m/api/route-registry/options                  [0m   [37mpos_api/domain/route_registry/handler.(*RouteRegistryHandler).GetOptions-fm[0m
2026/07/26 21:56:11 [32mPOST[0m   [34m/api/users/create                            [0m   [37mpos_api/domain/user/handler.(*UserHandler).Create-fm[0m
2026/07/26 21:56:11 [32mPOST[0m   [34m/api/users/change-password/:id               [0m   [37mpos_api/domain/user/handler.(*UserHandler).ChangePassword-fm[0m
2026/07/26 21:56:11 [32mPOST[0m   [34m/api/users/detail/:id                        [0m   [37mpos_api/domain/user/handler.(*UserHandler).GetByID-fm[0m
2026/07/26 21:56:11 [32mPOST[0m   [34m/api/users/delete/:id                        [0m   [37mpos_api/domain/user/handler.(*UserHandler).Delete-fm[0m
2026/07/26 21:56:11 [32mPOST[0m   [34m/api/users/list                              [0m   [37mpos_api/domain/user/handler.(*UserHandler).GetAll-fm[0m
2026/07/26 21:56:11 [32mPOST[0m   [34m/api/users/update/:id                        [0m   [37mpos_api/domain/user/handler.(*UserHandler).Update-fm[0m
2026/07/26 21:56:11 [32mPOST[0m   [34m/api/users/toggle-status/:id                 [0m   [37mpos_api/domain/user/handler.(*UserHandler).ToggleStatus-fm[0m
2026/07/26 21:56:11 [32mPOST[0m   [34m/api/units/detail/:id                        [0m   [37mpos_api/domain/product_unit/handler.(*UnitHandler).GetByID-fm[0m
2026/07/26 21:56:11 [32mPOST[0m   [34m/api/units/delete/:id                        [0m   [37mpos_api/domain/product_unit/handler.(*UnitHandler).Delete-fm[0m
2026/07/26 21:56:11 [32mPOST[0m   [34m/api/units/list                              [0m   [37mpos_api/domain/product_unit/handler.(*UnitHandler).GetAll-fm[0m
2026/07/26 21:56:11 [32mPOST[0m   [34m/api/units/options                           [0m   [37mpos_api/domain/product_unit/handler.(*UnitHandler).GetOptions-fm[0m
2026/07/26 21:56:11 [32mPOST[0m   [34m/api/units/create                            [0m   [37mpos_api/domain/product_unit/handler.(*UnitHandler).Create-fm[0m
2026/07/26 21:56:11 [32mPOST[0m   [34m/api/units/update/:id                        [0m   [37mpos_api/domain/product_unit/handler.(*UnitHandler).Update-fm[0m
2026/07/26 21:56:11 [32mPOST[0m   [34m/api/units/toggle-status/:id                 [0m   [37mpos_api/domain/product_unit/handler.(*UnitHandler).ToggleStatus-fm[0m
2026/07/26 21:56:11 [32mPOST[0m   [34m/api/expenses/detail/:id                     [0m   [37mpos_api/domain/expense/handler.(*ExpenseHandler).GetByID-fm[0m
2026/07/26 21:56:11 [32mPOST[0m   [34m/api/expenses/delete/:id                     [0m   [37mpos_api/domain/expense/handler.(*ExpenseHandler).Delete-fm[0m
2026/07/26 21:56:11 [32mPOST[0m   [34m/api/expenses/list                           [0m   [37mpos_api/domain/expense/handler.(*ExpenseHandler).GetAll-fm[0m
2026/07/26 21:56:11 [32mPOST[0m   [34m/api/expenses/create                         [0m   [37mpos_api/domain/expense/handler.(*ExpenseHandler).Create-fm[0m
2026/07/26 21:56:11 [32mPOST[0m   [34m/api/expenses/update/:id                     [0m   [37mpos_api/domain/expense/handler.(*ExpenseHandler).Update-fm[0m
2026/07/26 21:56:11 [32mPOST[0m   [34m/api/expiry-batches/warnings                 [0m   [37mpos_api/domain/expiry_batch/handler.(*ExpiryBatchHandler).GetWarnings-fm[0m
2026/07/26 21:56:11 [32mPOST[0m   [34m/api/expiry-batches/write-off/:id            [0m   [37mpos_api/domain/expiry_batch/handler.(*ExpiryBatchHandler).WriteOff-fm[0m
2026/07/26 21:56:11 [32mPOST[0m   [34m/api/expiry-batches/product/:id              [0m   [37mpos_api/domain/expiry_batch/handler.(*ExpiryBatchHandler).GetByProduct-fm[0m
2026/07/26 21:56:11 [32mPOST[0m   [34m/api/expiry-batches/confirm/:id              [0m   [37mpos_api/domain/expiry_batch/handler.(*ExpiryBatchHandler).Confirm-fm[0m
2026/07/26 21:56:11 [32mPOST[0m   [34m/api/menus/detail/:id                        [0m   [37mpos_api/domain/menu/handler.(*MenuHandler).GetByID-fm[0m
2026/07/26 21:56:11 [32mPOST[0m   [34m/api/menus/delete/:id                        [0m   [37mpos_api/domain/menu/handler.(*MenuHandler).Delete-fm[0m
2026/07/26 21:56:11 [32mPOST[0m   [34m/api/menus/my                                [0m   [37mpos_api/domain/menu/handler.(*MenuHandler).GetMyMenus-fm[0m
2026/07/26 21:56:11 [32mPOST[0m   [34m/api/menus/options                           [0m   [37mpos_api/domain/menu/handler.(*MenuHandler).GetOptions-fm[0m
2026/07/26 21:56:11 [32mPOST[0m   [34m/api/menus/list                              [0m   [37mpos_api/domain/menu/handler.(*MenuHandler).GetAll-fm[0m
2026/07/26 21:56:11 [32mPOST[0m   [34m/api/menus/create                            [0m   [37mpos_api/domain/menu/handler.(*MenuHandler).Create-fm[0m
2026/07/26 21:56:11 [32mPOST[0m   [34m/api/menus/update/:id                        [0m   [37mpos_api/domain/menu/handler.(*MenuHandler).Update-fm[0m
2026/07/26 21:56:11 [32mPOST[0m   [34m/api/menus/reorder                           [0m   [37mpos_api/domain/menu/handler.(*MenuHandler).Reorder-fm[0m
2026/07/26 21:56:11 [32mPOST[0m   [34m/api/auth/login                              [0m   [37mpos_api/domain/auth/handler.(*AuthHandler).Login-fm[0m
2026/07/26 21:56:11 [32mPOST[0m   [34m/api/auth/logout                             [0m   [37mpos_api/domain/auth/handler.(*AuthHandler).Logout-fm[0m
2026/07/26 21:56:11 [32mPOST[0m   [34m/api/auth/refresh                            [0m   [37mpos_api/domain/auth/handler.(*AuthHandler).RefreshToken-fm[0m
2026/07/26 21:56:11 [32mPOST[0m   [34m/api/auth/verify-token                       [0m   [37mpos_api/domain/auth/handler.(*AuthHandler).VerifyToken-fm[0m
2026/07/26 21:56:11 [32mPOST[0m   [34m/api/auth/me                                 [0m   [37mpos_api/domain/auth/handler.(*AuthHandler).GetMe-fm[0m
2026/07/26 21:56:11 [32mPOST[0m   [34m/api/transactions/list                       [0m   [37mpos_api/domain/transaction/handler.(*TransactionHandler).GetAll-fm[0m
2026/07/26 21:56:11 [32mPOST[0m   [34m/api/transactions/detail/:id                 [0m   [37mpos_api/domain/transaction/handler.(*TransactionHandler).GetByID-fm[0m
2026/07/26 21:56:11 [32mPOST[0m   [34m/api/transactions/create                     [0m   [37mpos_api/domain/transaction/handler.(*TransactionHandler).Create-fm[0m
2026/07/26 21:56:11 [32mPOST[0m   [34m/api/transactions/void/:id                   [0m   [37mpos_api/domain/transaction/handler.(*TransactionHandler).Void-fm[0m
2026/07/26 21:56:11 [32mPOST[0m   [34m/api/finance/summary                         [0m   [37mpos_api/domain/finance/handler.(*FinanceHandler).GetSummary-fm[0m
2026/07/26 21:56:11 [32mPOST[0m   [34m/api/finance/cashflow                        [0m   [37mpos_api/domain/finance/handler.(*FinanceHandler).GetCashflow-fm[0m
2026/07/26 21:56:11 [32mPOST[0m   [34m/api/version/list                            [0m   [37mpos_api/domain/version/handler.(*VersionHandler).GetAll-fm[0m
2026/07/26 21:56:11 [32mPOST[0m   [34m/api/version/android                         [0m   [37mpos_api/domain/version/handler.(*VersionHandler).UpdateAndroidVersion-fm[0m
2026/07/26 21:56:11 [32mPOST[0m   [34m/api/backup                                  [0m   [37mpos_api/domain/backup/handler.(*BackupHandler).Create-fm[0m
2026/07/26 21:56:11 [32mGET [0m   [34m/api/reports/business-summary/stats          [0m   [37mpos_api/domain/business_summary/handler.(*BusinessSummaryHandler).GetStats-fm[0m
2026/07/26 21:56:11 [32mGET [0m   [34m/api/reports/business-summary/sales-trend    [0m   [37mpos_api/domain/business_summary/handler.(*BusinessSummaryHandler).GetSalesTrend-fm[0m
2026/07/26 21:56:11 [32mGET [0m   [34m/api/reports/business-summary/summary-extra  [0m   [37mpos_api/domain/business_summary/handler.(*BusinessSummaryHandler).GetSummaryExtra-fm[0m
2026/07/26 21:56:11 [32mGET [0m   [34m/api/reports/business-summary/top-products   [0m   [37mpos_api/domain/business_summary/handler.(*BusinessSummaryHandler).GetTopProducts-fm[0m
2026/07/26 21:56:11 [32mGET [0m   [34m/api/reports/business-summary/top-categories [0m   [37mpos_api/domain/business_summary/handler.(*BusinessSummaryHandler).GetTopCategories-fm[0m
2026/07/26 21:56:11 [32mGET [0m   [34m/api/reports/business-summary/payment-methods[0m   [37mpos_api/domain/business_summary/handler.(*BusinessSummaryHandler).GetPaymentMethods-fm[0m
2026/07/26 21:56:11 [32mGET [0m   [34m/api/reports/sales                           [0m   [37mpos_api/domain/report/handler.(*ReportHandler).GetSalesReport-fm[0m
2026/07/26 21:56:11 [32mGET [0m   [34m/api/reports/sales/chart                     [0m   [37mpos_api/domain/report/handler.(*ReportHandler).GetSalesChart-fm[0m
2026/07/26 21:56:11 [32mGET [0m   [34m/api/reports/sales/export                    [0m   [37mpos_api/domain/report/handler.(*ReportHandler).ExportSalesReport-fm[0m
2026/07/26 21:56:11 [32mGET [0m   [34m/api/reports/stock                           [0m   [37mpos_api/domain/report/handler.(*ReportHandler).GetStockReport-fm[0m
2026/07/26 21:56:11 [32mGET [0m   [34m/api/reports/stock/export                    [0m   [37mpos_api/domain/report/handler.(*ReportHandler).ExportStockReport-fm[0m
2026/07/26 21:56:11 [32mGET [0m   [34m/api/reports/profit-loss                     [0m   [37mpos_api/domain/report/handler.(*ReportHandler).GetProfitLoss-fm[0m
2026/07/26 21:56:11 [32mGET [0m   [34m/api/reports/profit-loss/export              [0m   [37mpos_api/domain/report/handler.(*ReportHandler).ExportProfitLoss-fm[0m
2026/07/26 21:56:11 [32mGET [0m   [34m/api/reports/cashier                         [0m   [37mpos_api/domain/report/handler.(*ReportHandler).GetCashierReport-fm[0m
2026/07/26 21:56:11 [32mGET [0m   [34m/api/reports/cashier/export                  [0m   [37mpos_api/domain/report/handler.(*ReportHandler).ExportCashierReport-fm[0m
2026/07/26 21:56:11 [32mGET [0m   [34m/api/settings                                [0m   [37mpos_api/domain/setting/handler.(*SettingHandler).GetAll-fm[0m
2026/07/26 21:56:11 [32mGET [0m   [34m/api/settings/store                          [0m   [37mpos_api/domain/setting/handler.(*SettingHandler).GetStoreProfile-fm[0m
2026/07/26 21:56:11 [32mGET [0m   [34m/api/settings/printer                        [0m   [37mpos_api/domain/setting/handler.(*SettingHandler).GetPrinterSettings-fm[0m
2026/07/26 21:56:11 [32mGET [0m   [34m/api/settings/:key                           [0m   [37mpos_api/domain/setting/handler.(*SettingHandler).GetByKey-fm[0m
2026/07/26 21:56:11 [32mGET [0m   [34m/api/sync/conflicts                          [0m   [37mpos_api/domain/sync/handler.(*SyncHandler).GetConflicts-fm[0m
2026/07/26 21:56:11 [32mGET [0m   [34m/api/sync/conflicts/count                    [0m   [37mpos_api/domain/sync/handler.(*SyncHandler).GetConflictCount-fm[0m
2026/07/26 21:56:11 [32mGET [0m   [34m/api/sync/queue                              [0m   [37mpos_api/domain/sync/handler.(*SyncHandler).GetQueue-fm[0m
2026/07/26 21:56:11 [32mGET [0m   [34m/api/sync/history                            [0m   [37mpos_api/domain/sync/handler.(*SyncHandler).GetHistory-fm[0m
2026/07/26 21:56:11 [32mGET [0m   [34m/api/dashboard/recent-transactions           [0m   [37mpos_api/domain/dashboard/handler.(*DashboardHandler).GetRecentTransactions-fm[0m
2026/07/26 21:56:11 [32mGET [0m   [34m/api/dashboard/today-summary                 [0m   [37mpos_api/domain/dashboard/handler.(*DashboardHandler).GetTodaySummary-fm[0m
2026/07/26 21:56:11 [32mGET [0m   [34m/api/backup/list                             [0m   [37mpos_api/domain/backup/handler.(*BackupHandler).GetList-fm[0m
2026/07/26 21:56:11 [32mGET [0m   [34m/api/backup/download/:filename               [0m   [37mpos_api/domain/backup/handler.(*BackupHandler).Download-fm[0m
2026/07/26 21:56:11 [32mGET [0m   [34m/api/version/android                         [0m   [37mpos_api/domain/version/handler.(*VersionHandler).CheckAndroid-fm[0m
2026/07/26 21:56:11 [32mGET [0m   [34m/api/health                                  [0m   [37mpos_api/routes.publicRoutes.func1[0m
2026/07/26 21:56:11 [32mGET [0m   [34m/api/pin/check                               [0m   [37mpos_api/domain/pin/handler.(*PinHandler).CheckPin-fm[0m
[GIN] 2026/07/26 - 21:56:12 | 200 |       537.1µs |             ::1 | GET      "/api/health"

2026/07/26 21:56:12 [32mD:/Develop/Project_pos_mahenz/BE/repository/log_request_repository.go:32
[0m[33m[3.922ms] [34;1m[rows:1][0m INSERT INTO log_requests (id, method, endpoint, status_code, request_body, response_body, user_id, duration_ms, ip_address, error_message, created_at) VALUES ('b691588d-aad9-4412-ae7e-792023fd0b55', 'GET', '/api/health', 200, '', '{"code":"00","data":null,"message":"OK","status":true}', NULL, 0, '::1', NULL, '2026-07-26 21:56:12.085')

2026/07/26 21:57:40 [32mD:/Develop/Project_pos_mahenz/BE/domain/auth/repo/auth_repo.go:17
[0m[33m[2.284ms] [34;1m[rows:1][0m SELECT u.id, u.username, u.password, u.full_name, u.role_id, r.name AS role_name, u.is_active FROM users u INNER JOIN roles r ON r.id = u.role_id WHERE u.username = 'admin' LIMIT 1

2026/07/26 21:57:40 [32mD:/Develop/Project_pos_mahenz/BE/domain/auth/repo/auth_repo.go:67
[0m[33m[3.497ms] [34;1m[rows:1][0m DELETE FROM sessions WHERE user_id = 2

2026/07/26 21:57:40 [32mD:/Develop/Project_pos_mahenz/BE/domain/auth/repo/auth_repo.go:38
[0m[33m[2.582ms] [34;1m[rows:1][0m INSERT INTO sessions (user_id, user_role, token, refresh_token, device_info, ip_address, expires_at) VALUES (2, 'admin', 'eyJhbGciOiJIUzI1NiIsInR5cCI6IkpXVCJ9.eyJhcHBzIjoiIiwiZXhwIjoxNzg1MTA2NjYwLCJmdWxsX25hbWUiOiJBZG1pbmlzdHJhdG9yIiwicm9sZSI6ImFkbWluIiwidXNlcl9pZCI6MiwidXNlcm5hbWUiOiJhZG1pbiJ9.rrHRnXd6M6jMqEcNzUDf6VZ1oCzmuE--gOW1hGbaFaQ', '0d819e47b356fdc35cd659644aee8685cd1136e9352e655e328b2142e04af84d', '', '::1', '2026-08-02 21:57:40.28') ON DUPLICATE KEY UPDATE user_role=VALUES(user_role), token=VALUES(token), refresh_token=VALUES(refresh_token), device_info=VALUES(device_info), ip_address=VALUES(ip_address), expires_at=VALUES(expires_at), created_at=NOW()
[GIN] 2026/07/26 - 21:57:40 | 200 |     96.4583ms |             ::1 | POST     "/api/auth/login"

2026/07/26 21:57:40 [32mD:/Develop/Project_pos_mahenz/BE/repository/log_request_repository.go:32
[0m[33m[2.788ms] [34;1m[rows:1][0m INSERT INTO log_requests (id, method, endpoint, status_code, request_body, response_body, user_id, duration_ms, ip_address, error_message, created_at) VALUES ('f425ec63-30ad-42ff-b483-affed943b12b', 'POST', '/api/auth/login', 200, '{"username":"admin","password":"admin123"}', '{"code":"00","status":true,"message":"Login berhasil","data":{"token":"eyJhbGciOiJIUzI1NiIsInR5cCI6IkpXVCJ9.eyJhcHBzIjoiIiwiZXhwIjoxNzg1MTA2NjYwLCJmdWxsX25hbWUiOiJBZG1pbmlzdHJhdG9yIiwicm9sZSI6ImFkbWluIiwidXNlcl9pZCI6MiwidXNlcm5hbWUiOiJhZG1pbiJ9.rrHRnXd6M6jMqEcNzUDf6VZ1oCzmuE--gOW1hGbaFaQ","refresh_token":"0d819e47b356fdc35cd659644aee8685cd1136e9352e655e328b2142e04af84d","expires_at":"2026-08-02T21:57:40.2805161+07:00","user":{"id":2,"username":"admin","full_name":"Administrator","role_id":2,"role_name":"admin"}}}', NULL, 96, '::1', NULL, '2026-07-26 21:57:40.286')

2026/07/26 21:57:40 [32mD:/Develop/Project_pos_mahenz/BE/domain/auth/repo/auth_repo.go:46
[0m[33m[0.866ms] [34;1m[rows:1][0m SELECT id, user_id, user_role, token, device_info, expires_at FROM sessions WHERE token = 'eyJhbGciOiJIUzI1NiIsInR5cCI6IkpXVCJ9.eyJhcHBzIjoiIiwiZXhwIjoxNzg1MTA2NjYwLCJmdWxsX25hbWUiOiJBZG1pbmlzdHJhdG9yIiwicm9sZSI6ImFkbWluIiwidXNlcl9pZCI6MiwidXNlcm5hbWUiOiJhZG1pbiJ9.rrHRnXd6M6jMqEcNzUDf6VZ1oCzmuE--gOW1hGbaFaQ' LIMIT 1

2026/07/26 21:57:40 [32mD:/Develop/Project_pos_mahenz/BE/domain/access/repo/access_repo.go:55
[0m[33m[1.767ms] [34;1m[rows:38][0m 
SELECT
    m.key_name,
    COALESCE(rma.can_view,   0) AS can_view,
    COALESCE(rma.can_create, 0) AS can_create,
    COALESCE(rma.can_edit,   0) AS can_edit,
    COALESCE(rma.can_delete, 0) AS can_delete
FROM menus m
LEFT JOIN role_menu_access rma ON rma.menu_id = m.id
    AND rma.role_id = (SELECT id FROM roles WHERE name = 'admin' AND is_active = 1 LIMIT 1)
WHERE m.is_active = 1
ORDER BY m.id ASC

2026/07/26 21:57:40 [32mD:/Develop/Project_pos_mahenz/BE/domain/supplier_purchase/repo/purchase_repo.go:318
[0m[33m[0.862ms] [34;1m[rows:1][0m SELECT COUNT(*) FROM purchases WHERE DATE(purchase_date) = '2026-07-26'

2026/07/26 21:57:40 [32mD:/Develop/Project_pos_mahenz/BE/domain/supplier_purchase/repo/purchase_repo.go:338
[0m[33m[1.529ms] [34;1m[rows:1][0m INSERT INTO purchases (purchase_code, invoice_number, supplier_id, purchase_date, discount_amount, total_amount, payment_status, paid_amount, remaining_amount, user_id, notes) VALUES ('PO-20260726-022', 'REG-C1', 1, '2026-07-26', 0, 2000, 'unpaid', 0, 2000, 2, '')

2026/07/26 21:57:40 [32mD:/Develop/Project_pos_mahenz/BE/domain/supplier_purchase/repo/purchase_repo.go:345
[0m[33m[0.000ms] [34;1m[rows:1][0m SELECT LAST_INSERT_ID()

2026/07/26 21:57:40 [32mD:/Develop/Project_pos_mahenz/BE/domain/supplier_purchase/repo/purchase_repo.go:366
[0m[33m[1.387ms] [34;1m[rows:1][0m INSERT INTO purchase_items (purchase_id, product_id, quantity, unit, conversion_qty, purchase_price, subtotal) VALUES (32, 12, 2, 'Batang', 1, 1000, 2000)

2026/07/26 21:57:40 [32mD:/Develop/Project_pos_mahenz/BE/domain/supplier_purchase/repo/purchase_repo.go:384
[0m[33m[0.527ms] [34;1m[rows:1][0m SELECT stock FROM products WHERE id = 12 LIMIT 1

2026/07/26 21:57:40 [32mD:/Develop/Project_pos_mahenz/BE/domain/supplier_purchase/repo/purchase_repo.go:388
[0m[33m[0.525ms] [34;1m[rows:1][0m UPDATE products SET stock = stock + 2, updated_at = NOW() WHERE id = 12

2026/07/26 21:57:40 [32mD:/Develop/Project_pos_mahenz/BE/domain/supplier_purchase/repo/purchase_repo.go:394
[0m[33m[0.531ms] [34;1m[rows:1][0m INSERT INTO stock_mutations (product_id, mutation_type, quantity, stock_before, stock_after, reference_type, reference_id, notes, user_id) VALUES (12, 'in', 2, 3069, 3071, 'purchase', 32, 'Purchase Order PO-20260726-022', 2)

2026/07/26 21:57:40 [32mD:/Develop/Project_pos_mahenz/BE/domain/supplier_purchase/repo/purchase_repo.go:174
[0m[33m[0.504ms] [34;1m[rows:-][0m SELECT p.id, p.purchase_code, p.invoice_number, p.supplier_id, COALESCE(s.name, '') as supplier_name, p.purchase_date, p.discount_amount, p.total_amount, p.payment_status, p.paid_amount, p.remaining_amount, p.status, COALESCE(u.full_name, '') as user_name, p.notes FROM purchases p LEFT JOIN users u ON p.user_id = u.id LEFT JOIN suppliers s ON p.supplier_id = s.id WHERE p.id = 32

2026/07/26 21:57:40 [32mD:/Develop/Project_pos_mahenz/BE/domain/supplier_purchase/repo/purchase_repo.go:216
[0m[33m[0.524ms] [34;1m[rows:-][0m SELECT pi.id, pi.product_id, COALESCE(p.name, '') as product_name, pi.quantity, pi.unit, COALESCE(pi.conversion_qty, 1) as conversion_qty, pi.purchase_price, pi.subtotal FROM purchase_items pi LEFT JOIN products p ON pi.product_id = p.id WHERE pi.purchase_id = 32

2026/07/26 21:57:40 [32mD:/Develop/Project_pos_mahenz/BE/domain/supplier_purchase/repo/purchase_repo.go:250
[0m[33m[1.473ms] [34;1m[rows:0][0m SELECT qty, expired_date FROM product_expiry_batches WHERE purchase_item_id = 44 ORDER BY expired_date ASC
[GIN] 2026/07/26 - 21:57:40 | 201 |     15.8887ms |             ::1 | POST     "/api/supplier-purchases/create"

2026/07/26 21:57:40 [32mD:/Develop/Project_pos_mahenz/BE/repository/log_request_repository.go:32
[0m[33m[2.519ms] [34;1m[rows:1][0m INSERT INTO log_requests (id, method, endpoint, status_code, request_body, response_body, user_id, duration_ms, ip_address, error_message, created_at) VALUES ('54b29b97-c571-4e9e-887d-1dd598b6e28a', 'POST', '/api/supplier-purchases/create', 201, '{"invoice_number":"REG-C1","supplier_id":1,"purchase_date":"2026-07-26","discount_amount":0,"payment_status":"unpaid","items":[{"product_id":12,"quantity":2,"unit":"Batang","conversion_qty":1,"purchase_price":1000}]}', '{"code":"21","status":true,"message":"Purchase order berhasil dibuat","data":{"id":32,"purchase_code":"PO-20260726-022","invoice_number":"REG-C1","supplier_id":1,"supplier_name":"Supplier Test Fase14","purchase_date":"2026-07-26T00:00:00+07:00","discount_amount":0,"total_amount":2000,"payment_status":"unpaid","paid_amount":0,"remaining_amount":2000,"status":"active","user_name":"Administrator","notes":"","items":[{"id":44,"product_id":12,"product_name":"Rokok Test Berantai","quantity":2,"unit":"Batang","conversion_qty":1,"purchase_price":1000,"subtotal":2000}]}}', 2, 15, '::1', NULL, '2026-07-26 21:57:40.445')

2026/07/26 21:57:40 [32mD:/Develop/Project_pos_mahenz/BE/domain/auth/repo/auth_repo.go:46
[0m[33m[0.504ms] [34;1m[rows:1][0m SELECT id, user_id, user_role, token, device_info, expires_at FROM sessions WHERE token = 'eyJhbGciOiJIUzI1NiIsInR5cCI6IkpXVCJ9.eyJhcHBzIjoiIiwiZXhwIjoxNzg1MTA2NjYwLCJmdWxsX25hbWUiOiJBZG1pbmlzdHJhdG9yIiwicm9sZSI6ImFkbWluIiwidXNlcl9pZCI6MiwidXNlcm5hbWUiOiJhZG1pbiJ9.rrHRnXd6M6jMqEcNzUDf6VZ1oCzmuE--gOW1hGbaFaQ' LIMIT 1

2026/07/26 21:57:40 [32mD:/Develop/Project_pos_mahenz/BE/domain/supplier_purchase/repo/purchase_repo.go:318
[0m[33m[0.533ms] [34;1m[rows:1][0m SELECT COUNT(*) FROM purchases WHERE DATE(purchase_date) = '2026-07-26'

2026/07/26 21:57:40 [32mD:/Develop/Project_pos_mahenz/BE/domain/supplier_purchase/repo/purchase_repo.go:338
[0m[33m[0.529ms] [34;1m[rows:1][0m INSERT INTO purchases (purchase_code, invoice_number, supplier_id, purchase_date, discount_amount, total_amount, payment_status, paid_amount, remaining_amount, user_id, notes) VALUES ('PO-20260726-023', 'REG-C2', 1, '2026-07-26', 0, 2500, 'unpaid', 0, 2500, 2, '')

2026/07/26 21:57:40 [32mD:/Develop/Project_pos_mahenz/BE/domain/supplier_purchase/repo/purchase_repo.go:345
[0m[33m[0.000ms] [34;1m[rows:1][0m SELECT LAST_INSERT_ID()

2026/07/26 21:57:40 [32mD:/Develop/Project_pos_mahenz/BE/domain/supplier_purchase/repo/purchase_repo.go:366
[0m[33m[0.609ms] [34;1m[rows:1][0m INSERT INTO purchase_items (purchase_id, product_id, quantity, unit, conversion_qty, purchase_price, subtotal) VALUES (33, 12, 2, 'Batang', 1, 1000, 2000)

2026/07/26 21:57:40 [32mD:/Develop/Project_pos_mahenz/BE/domain/supplier_purchase/repo/purchase_repo.go:384
[0m[33m[0.000ms] [34;1m[rows:1][0m SELECT stock FROM products WHERE id = 12 LIMIT 1

2026/07/26 21:57:40 [32mD:/Develop/Project_pos_mahenz/BE/domain/supplier_purchase/repo/purchase_repo.go:388
[0m[33m[0.370ms] [34;1m[rows:1][0m UPDATE products SET stock = stock + 2, updated_at = NOW() WHERE id = 12

2026/07/26 21:57:40 [32mD:/Develop/Project_pos_mahenz/BE/domain/supplier_purchase/repo/purchase_repo.go:394
[0m[33m[0.649ms] [34;1m[rows:1][0m INSERT INTO stock_mutations (product_id, mutation_type, quantity, stock_before, stock_after, reference_type, reference_id, notes, user_id) VALUES (12, 'in', 2, 3071, 3073, 'purchase', 33, 'Purchase Order PO-20260726-023', 2)

2026/07/26 21:57:40 [32mD:/Develop/Project_pos_mahenz/BE/domain/supplier_purchase/repo/purchase_repo.go:366
[0m[33m[0.534ms] [34;1m[rows:1][0m INSERT INTO purchase_items (purchase_id, product_id, quantity, unit, conversion_qty, purchase_price, subtotal) VALUES (33, 13, 1, 'Pieces', 1, 500, 500)

2026/07/26 21:57:40 [32mD:/Develop/Project_pos_mahenz/BE/domain/supplier_purchase/repo/purchase_repo.go:384
[0m[33m[0.640ms] [34;1m[rows:1][0m SELECT stock FROM products WHERE id = 13 LIMIT 1

2026/07/26 21:57:40 [32mD:/Develop/Project_pos_mahenz/BE/domain/supplier_purchase/repo/purchase_repo.go:388
[0m[33m[0.000ms] [34;1m[rows:1][0m UPDATE products SET stock = stock + 1, updated_at = NOW() WHERE id = 13

2026/07/26 21:57:40 [32mD:/Develop/Project_pos_mahenz/BE/domain/supplier_purchase/repo/purchase_repo.go:394
[0m[33m[0.000ms] [34;1m[rows:1][0m INSERT INTO stock_mutations (product_id, mutation_type, quantity, stock_before, stock_after, reference_type, reference_id, notes, user_id) VALUES (13, 'in', 1, 0, 1, 'purchase', 33, 'Purchase Order PO-20260726-023', 2)

2026/07/26 21:57:40 [32mD:/Develop/Project_pos_mahenz/BE/domain/supplier_purchase/repo/purchase_repo.go:174
[0m[33m[0.743ms] [34;1m[rows:-][0m SELECT p.id, p.purchase_code, p.invoice_number, p.supplier_id, COALESCE(s.name, '') as supplier_name, p.purchase_date, p.discount_amount, p.total_amount, p.payment_status, p.paid_amount, p.remaining_amount, p.status, COALESCE(u.full_name, '') as user_name, p.notes FROM purchases p LEFT JOIN users u ON p.user_id = u.id LEFT JOIN suppliers s ON p.supplier_id = s.id WHERE p.id = 33

2026/07/26 21:57:40 [32mD:/Develop/Project_pos_mahenz/BE/domain/supplier_purchase/repo/purchase_repo.go:216
[0m[33m[0.505ms] [34;1m[rows:-][0m SELECT pi.id, pi.product_id, COALESCE(p.name, '') as product_name, pi.quantity, pi.unit, COALESCE(pi.conversion_qty, 1) as conversion_qty, pi.purchase_price, pi.subtotal FROM purchase_items pi LEFT JOIN products p ON pi.product_id = p.id WHERE pi.purchase_id = 33

2026/07/26 21:57:40 [32mD:/Develop/Project_pos_mahenz/BE/domain/supplier_purchase/repo/purchase_repo.go:250
[0m[33m[0.000ms] [34;1m[rows:0][0m SELECT qty, expired_date FROM product_expiry_batches WHERE purchase_item_id = 45 ORDER BY expired_date ASC

2026/07/26 21:57:40 [32mD:/Develop/Project_pos_mahenz/BE/domain/supplier_purchase/repo/purchase_repo.go:250
[0m[33m[0.000ms] [34;1m[rows:0][0m SELECT qty, expired_date FROM product_expiry_batches WHERE purchase_item_id = 46 ORDER BY expired_date ASC
[GIN] 2026/07/26 - 21:57:40 | 201 |     12.7868ms |             ::1 | POST     "/api/supplier-purchases/create"

2026/07/26 21:57:40 [32mD:/Develop/Project_pos_mahenz/BE/repository/log_request_repository.go:32
[0m[33m[2.501ms] [34;1m[rows:1][0m INSERT INTO log_requests (id, method, endpoint, status_code, request_body, response_body, user_id, duration_ms, ip_address, error_message, created_at) VALUES ('4053e159-38a9-448e-886f-3d9eb3d770dc', 'POST', '/api/supplier-purchases/create', 201, '{"invoice_number":"REG-C2","supplier_id":1,"purchase_date":"2026-07-26","discount_amount":0,"payment_status":"unpaid","items":[{"product_id":12,"quantity":2,"unit":"Batang","conversion_qty":1,"purchase_price":1000},{"product_id":13,"quantity":1,"unit":"Pieces","conversion_qty":1,"purchase_price":500}]}', '{"code":"21","status":true,"message":"Purchase order berhasil dibuat","data":{"id":33,"purchase_code":"PO-20260726-023","invoice_number":"REG-C2","supplier_id":1,"supplier_name":"Supplier Test Fase14","purchase_date":"2026-07-26T00:00:00+07:00","discount_amount":0,"total_amount":2500,"payment_status":"unpaid","paid_amount":0,"remaining_amount":2500,"status":"active","user_name":"Administrator","notes":"","items":[{"id":45,"product_id":12,"product_name":"Rokok Test Berantai","quantity":2,"unit":"Batang","conversion_qty":1,"purchase_price":1000,"subtotal":2000},{"id":46,"product_id":13,"product_name":"Produk Test StockSwap","quantity":1,"unit":"Pieces","conversion_qty":1,"purchase_price":500,"subtotal":500}]}}', 2, 12, '::1', NULL, '2026-07-26 21:57:40.585')

2026/07/26 21:57:40 [32mD:/Develop/Project_pos_mahenz/BE/domain/auth/repo/auth_repo.go:46
[0m[33m[0.506ms] [34;1m[rows:1][0m SELECT id, user_id, user_role, token, device_info, expires_at FROM sessions WHERE token = 'eyJhbGciOiJIUzI1NiIsInR5cCI6IkpXVCJ9.eyJhcHBzIjoiIiwiZXhwIjoxNzg1MTA2NjYwLCJmdWxsX25hbWUiOiJBZG1pbmlzdHJhdG9yIiwicm9sZSI6ImFkbWluIiwidXNlcl9pZCI6MiwidXNlcm5hbWUiOiJhZG1pbiJ9.rrHRnXd6M6jMqEcNzUDf6VZ1oCzmuE--gOW1hGbaFaQ' LIMIT 1
[GIN] 2026/07/26 - 21:57:40 | 400 |      1.2269ms |             ::1 | POST     "/api/supplier-purchases/create"
Error #01: Item ke-2: produk sudah dipilih di baris lain

2026/07/26 21:57:40 [32mD:/Develop/Project_pos_mahenz/BE/repository/log_request_repository.go:32
[0m[33m[2.179ms] [34;1m[rows:1][0m INSERT INTO log_requests (id, method, endpoint, status_code, request_body, response_body, user_id, duration_ms, ip_address, error_message, created_at) VALUES ('75e4cd6e-f62a-472e-a4b4-8176e7a24930', 'POST', '/api/supplier-purchases/create', 400, '{"invoice_number":"REG-C3","supplier_id":1,"purchase_date":"2026-07-26","discount_amount":0,"payment_status":"unpaid","items":[{"product_id":12,"quantity":2,"unit":"Batang","conversion_qty":1,"purchase_price":1000},{"product_id":12,"quantity":1,"unit":"Batang","conversion_qty":1,"purchase_price":1000}]}', '{"code":"40","status":false,"message":"Item ke-2: produk sudah dipilih di baris lain","data":null}', 2, 1, '::1', 'Item ke-2: produk sudah dipilih di baris lain', '2026-07-26 21:57:40.72')

2026/07/26 21:57:40 [32mD:/Develop/Project_pos_mahenz/BE/domain/auth/repo/auth_repo.go:46
[0m[33m[0.507ms] [34;1m[rows:1][0m SELECT id, user_id, user_role, token, device_info, expires_at FROM sessions WHERE token = 'eyJhbGciOiJIUzI1NiIsInR5cCI6IkpXVCJ9.eyJhcHBzIjoiIiwiZXhwIjoxNzg1MTA2NjYwLCJmdWxsX25hbWUiOiJBZG1pbmlzdHJhdG9yIiwicm9sZSI6ImFkbWluIiwidXNlcl9pZCI6MiwidXNlcm5hbWUiOiJhZG1pbiJ9.rrHRnXd6M6jMqEcNzUDf6VZ1oCzmuE--gOW1hGbaFaQ' LIMIT 1
[GIN] 2026/07/26 - 21:57:40 | 400 |      1.1055ms |             ::1 | POST     "/api/supplier-purchases/create"
Error #01: Diskon (9999.00) tidak boleh lebih besar dari subtotal (1000.00)

2026/07/26 21:57:40 [32mD:/Develop/Project_pos_mahenz/BE/repository/log_request_repository.go:32
[0m[33m[2.124ms] [34;1m[rows:1][0m INSERT INTO log_requests (id, method, endpoint, status_code, request_body, response_body, user_id, duration_ms, ip_address, error_message, created_at) VALUES ('85882e64-3ec3-48e1-97f6-1a6c13acb71d', 'POST', '/api/supplier-purchases/create', 400, '{"invoice_number":"REG-C4","supplier_id":1,"purchase_date":"2026-07-26","discount_amount":9999,"payment_status":"unpaid","items":[{"product_id":12,"quantity":1,"unit":"Batang","conversion_qty":1,"purchase_price":1000}]}', '{"code":"40","status":false,"message":"Diskon (9999.00) tidak boleh lebih besar dari subtotal (1000.00)","data":null}', 2, 1, '::1', 'Diskon (9999.00) tidak boleh lebih besar dari subtotal (1000.00)', '2026-07-26 21:57:40.816')

2026/07/26 21:57:40 [32mD:/Develop/Project_pos_mahenz/BE/domain/auth/repo/auth_repo.go:46
[0m[33m[0.508ms] [34;1m[rows:1][0m SELECT id, user_id, user_role, token, device_info, expires_at FROM sessions WHERE token = 'eyJhbGciOiJIUzI1NiIsInR5cCI6IkpXVCJ9.eyJhcHBzIjoiIiwiZXhwIjoxNzg1MTA2NjYwLCJmdWxsX25hbWUiOiJBZG1pbmlzdHJhdG9yIiwicm9sZSI6ImFkbWluIiwidXNlcl9pZCI6MiwidXNlcm5hbWUiOiJhZG1pbiJ9.rrHRnXd6M6jMqEcNzUDf6VZ1oCzmuE--gOW1hGbaFaQ' LIMIT 1
[GIN] 2026/07/26 - 21:57:40 | 422 |      1.7034ms |             ::1 | POST     "/api/supplier-purchases/create"
Error #01: Key: 'CreateRequest.supplier_id' Error:Field validation for 'supplier_id' failed on the 'required' tag

2026/07/26 21:57:40 [32mD:/Develop/Project_pos_mahenz/BE/repository/log_request_repository.go:32
[0m[33m[3.040ms] [34;1m[rows:1][0m INSERT INTO log_requests (id, method, endpoint, status_code, request_body, response_body, user_id, duration_ms, ip_address, error_message, created_at) VALUES ('8ced89a7-e469-45fa-9faa-34f51c17cfbc', 'POST', '/api/supplier-purchases/create', 422, '{"invoice_number":"REG-C5","purchase_date":"2026-07-26","discount_amount":0,"payment_status":"unpaid","items":[{"product_id":12,"quantity":1,"unit":"Batang","conversion_qty":1,"purchase_price":1000}]}', '{"code":"42","status":false,"message":"Invalid Request","data":null,"errors":{"supplier_id":"supplier id wajib diisi"}}', 2, 1, '::1', 'Key: ''CreateRequest.supplier_id'' Error:Field validation for ''supplier_id'' failed on the ''required'' tag', '2026-07-26 21:57:40.927')

2026/07/26 21:57:41 [32mD:/Develop/Project_pos_mahenz/BE/domain/auth/repo/auth_repo.go:46
[0m[33m[0.552ms] [34;1m[rows:1][0m SELECT id, user_id, user_role, token, device_info, expires_at FROM sessions WHERE token = 'eyJhbGciOiJIUzI1NiIsInR5cCI6IkpXVCJ9.eyJhcHBzIjoiIiwiZXhwIjoxNzg1MTA2NjYwLCJmdWxsX25hbWUiOiJBZG1pbmlzdHJhdG9yIiwicm9sZSI6ImFkbWluIiwidXNlcl9pZCI6MiwidXNlcm5hbWUiOiJhZG1pbiJ9.rrHRnXd6M6jMqEcNzUDf6VZ1oCzmuE--gOW1hGbaFaQ' LIMIT 1
[GIN] 2026/07/26 - 21:57:41 | 422 |       552.3µs |             ::1 | POST     "/api/supplier-purchases/create"
Error #01: Key: 'CreateRequest.items' Error:Field validation for 'items' failed on the 'min' tag

2026/07/26 21:57:41 [32mD:/Develop/Project_pos_mahenz/BE/repository/log_request_repository.go:32
[0m[33m[2.929ms] [34;1m[rows:1][0m INSERT INTO log_requests (id, method, endpoint, status_code, request_body, response_body, user_id, duration_ms, ip_address, error_message, created_at) VALUES ('124edfb5-ab3c-42ff-83ed-21f7f5c3f69c', 'POST', '/api/supplier-purchases/create', 422, '{"invoice_number":"REG-C6","supplier_id":1,"purchase_date":"2026-07-26","discount_amount":0,"payment_status":"unpaid","items":[]}', '{"code":"42","status":false,"message":"Invalid Request","data":null,"errors":{"items":"items harus berisi minimal 1 item"}}', 2, 0, '::1', 'Key: ''CreateRequest.items'' Error:Field validation for ''items'' failed on the ''min'' tag', '2026-07-26 21:57:41.022')

2026/07/26 21:58:30 [32mD:/Develop/Project_pos_mahenz/BE/domain/auth/repo/auth_repo.go:17
[0m[33m[0.506ms] [34;1m[rows:1][0m SELECT u.id, u.username, u.password, u.full_name, u.role_id, r.name AS role_name, u.is_active FROM users u INNER JOIN roles r ON r.id = u.role_id WHERE u.username = 'admin' LIMIT 1

2026/07/26 21:58:30 [32mD:/Develop/Project_pos_mahenz/BE/domain/auth/repo/auth_repo.go:67
[0m[33m[4.164ms] [34;1m[rows:1][0m DELETE FROM sessions WHERE user_id = 2

2026/07/26 21:58:30 [32mD:/Develop/Project_pos_mahenz/BE/domain/auth/repo/auth_repo.go:38
[0m[33m[2.046ms] [34;1m[rows:1][0m INSERT INTO sessions (user_id, user_role, token, refresh_token, device_info, ip_address, expires_at) VALUES (2, 'admin', 'eyJhbGciOiJIUzI1NiIsInR5cCI6IkpXVCJ9.eyJhcHBzIjoiIiwiZXhwIjoxNzg1MTA2NzEwLCJmdWxsX25hbWUiOiJBZG1pbmlzdHJhdG9yIiwicm9sZSI6ImFkbWluIiwidXNlcl9pZCI6MiwidXNlcm5hbWUiOiJhZG1pbiJ9.HmngCaCHOnJswjvmFDEpnjXxSLHWwc28wKAfcOPOV2w', '96eb183f05a94be55c768687deab4242f617213a030365fb48c7c641b20a8d97', '', '::1', '2026-08-02 21:58:30.981') ON DUPLICATE KEY UPDATE user_role=VALUES(user_role), token=VALUES(token), refresh_token=VALUES(refresh_token), device_info=VALUES(device_info), ip_address=VALUES(ip_address), expires_at=VALUES(expires_at), created_at=NOW()
[GIN] 2026/07/26 - 21:58:30 | 200 |     91.5901ms |             ::1 | POST     "/api/auth/login"

2026/07/26 21:58:30 [32mD:/Develop/Project_pos_mahenz/BE/repository/log_request_repository.go:32
[0m[33m[0.000ms] [34;1m[rows:1][0m INSERT INTO log_requests (id, method, endpoint, status_code, request_body, response_body, user_id, duration_ms, ip_address, error_message, created_at) VALUES ('1fbc560d-0c82-4144-9834-ca57dfc20cf1', 'POST', '/api/auth/login', 200, '{"username":"admin","password":"admin123"}', '{"code":"00","status":true,"message":"Login berhasil","data":{"token":"eyJhbGciOiJIUzI1NiIsInR5cCI6IkpXVCJ9.eyJhcHBzIjoiIiwiZXhwIjoxNzg1MTA2NzEwLCJmdWxsX25hbWUiOiJBZG1pbmlzdHJhdG9yIiwicm9sZSI6ImFkbWluIiwidXNlcl9pZCI6MiwidXNlcm5hbWUiOiJhZG1pbiJ9.HmngCaCHOnJswjvmFDEpnjXxSLHWwc28wKAfcOPOV2w","refresh_token":"96eb183f05a94be55c768687deab4242f617213a030365fb48c7c641b20a8d97","expires_at":"2026-08-02T21:58:30.9818981+07:00","user":{"id":2,"username":"admin","full_name":"Administrator","role_id":2,"role_name":"admin"}}}', NULL, 91, '::1', NULL, '2026-07-26 21:58:30.99')

2026/07/26 21:58:31 [32mD:/Develop/Project_pos_mahenz/BE/domain/auth/repo/auth_repo.go:46
[0m[33m[0.508ms] [34;1m[rows:1][0m SELECT id, user_id, user_role, token, device_info, expires_at FROM sessions WHERE token = 'eyJhbGciOiJIUzI1NiIsInR5cCI6IkpXVCJ9.eyJhcHBzIjoiIiwiZXhwIjoxNzg1MTA2NzEwLCJmdWxsX25hbWUiOiJBZG1pbmlzdHJhdG9yIiwicm9sZSI6ImFkbWluIiwidXNlcl9pZCI6MiwidXNlcm5hbWUiOiJhZG1pbiJ9.HmngCaCHOnJswjvmFDEpnjXxSLHWwc28wKAfcOPOV2w' LIMIT 1

2026/07/26 21:58:31 [32mD:/Develop/Project_pos_mahenz/BE/domain/supplier_purchase/repo/purchase_repo.go:318
[0m[33m[0.795ms] [34;1m[rows:1][0m SELECT COUNT(*) FROM purchases WHERE DATE(purchase_date) = '2026-07-26'

2026/07/26 21:58:31 [32mD:/Develop/Project_pos_mahenz/BE/domain/supplier_purchase/repo/purchase_repo.go:338
[0m[33m[1.326ms] [34;1m[rows:1][0m INSERT INTO purchases (purchase_code, invoice_number, supplier_id, purchase_date, discount_amount, total_amount, payment_status, paid_amount, remaining_amount, user_id, notes) VALUES ('PO-20260726-024', 'REG-EDIT-UNPAID', 1, '2026-07-26', 0, 2000, 'unpaid', 0, 2000, 2, '')

2026/07/26 21:58:31 [32mD:/Develop/Project_pos_mahenz/BE/domain/supplier_purchase/repo/purchase_repo.go:345
[0m[33m[0.000ms] [34;1m[rows:1][0m SELECT LAST_INSERT_ID()

2026/07/26 21:58:31 [32mD:/Develop/Project_pos_mahenz/BE/domain/supplier_purchase/repo/purchase_repo.go:366
[0m[33m[0.428ms] [34;1m[rows:1][0m INSERT INTO purchase_items (purchase_id, product_id, quantity, unit, conversion_qty, purchase_price, subtotal) VALUES (34, 12, 2, 'Batang', 1, 1000, 2000)

2026/07/26 21:58:31 [32mD:/Develop/Project_pos_mahenz/BE/domain/supplier_purchase/repo/purchase_repo.go:384
[0m[33m[0.714ms] [34;1m[rows:1][0m SELECT stock FROM products WHERE id = 12 LIMIT 1

2026/07/26 21:58:31 [32mD:/Develop/Project_pos_mahenz/BE/domain/supplier_purchase/repo/purchase_repo.go:388
[0m[33m[0.674ms] [34;1m[rows:1][0m UPDATE products SET stock = stock + 2, updated_at = NOW() WHERE id = 12

2026/07/26 21:58:31 [32mD:/Develop/Project_pos_mahenz/BE/domain/supplier_purchase/repo/purchase_repo.go:394
[0m[33m[0.000ms] [34;1m[rows:1][0m INSERT INTO stock_mutations (product_id, mutation_type, quantity, stock_before, stock_after, reference_type, reference_id, notes, user_id) VALUES (12, 'in', 2, 3073, 3075, 'purchase', 34, 'Purchase Order PO-20260726-024', 2)

2026/07/26 21:58:31 [32mD:/Develop/Project_pos_mahenz/BE/domain/supplier_purchase/repo/purchase_repo.go:174
[0m[33m[0.744ms] [34;1m[rows:-][0m SELECT p.id, p.purchase_code, p.invoice_number, p.supplier_id, COALESCE(s.name, '') as supplier_name, p.purchase_date, p.discount_amount, p.total_amount, p.payment_status, p.paid_amount, p.remaining_amount, p.status, COALESCE(u.full_name, '') as user_name, p.notes FROM purchases p LEFT JOIN users u ON p.user_id = u.id LEFT JOIN suppliers s ON p.supplier_id = s.id WHERE p.id = 34

2026/07/26 21:58:31 [32mD:/Develop/Project_pos_mahenz/BE/domain/supplier_purchase/repo/purchase_repo.go:216
[0m[33m[0.000ms] [34;1m[rows:-][0m SELECT pi.id, pi.product_id, COALESCE(p.name, '') as product_name, pi.quantity, pi.unit, COALESCE(pi.conversion_qty, 1) as conversion_qty, pi.purchase_price, pi.subtotal FROM purchase_items pi LEFT JOIN products p ON pi.product_id = p.id WHERE pi.purchase_id = 34

2026/07/26 21:58:31 [32mD:/Develop/Project_pos_mahenz/BE/domain/supplier_purchase/repo/purchase_repo.go:250
[0m[33m[0.000ms] [34;1m[rows:0][0m SELECT qty, expired_date FROM product_expiry_batches WHERE purchase_item_id = 47 ORDER BY expired_date ASC
[GIN] 2026/07/26 - 21:58:31 | 201 |      9.4644ms |             ::1 | POST     "/api/supplier-purchases/create"

2026/07/26 21:58:31 [32mD:/Develop/Project_pos_mahenz/BE/repository/log_request_repository.go:32
[0m[33m[2.585ms] [34;1m[rows:1][0m INSERT INTO log_requests (id, method, endpoint, status_code, request_body, response_body, user_id, duration_ms, ip_address, error_message, created_at) VALUES ('a85a19c2-e399-448e-b223-4aa9aca51f3a', 'POST', '/api/supplier-purchases/create', 201, '{"invoice_number":"REG-EDIT-UNPAID","supplier_id":1,"purchase_date":"2026-07-26","discount_amount":0,"payment_status":"unpaid","items":[{"product_id":12,"quantity":2,"unit":"Batang","conversion_qty":1,"purchase_price":1000}]}', '{"code":"21","status":true,"message":"Purchase order berhasil dibuat","data":{"id":34,"purchase_code":"PO-20260726-024","invoice_number":"REG-EDIT-UNPAID","supplier_id":1,"supplier_name":"Supplier Test Fase14","purchase_date":"2026-07-26T00:00:00+07:00","discount_amount":0,"total_amount":2000,"payment_status":"unpaid","paid_amount":0,"remaining_amount":2000,"status":"active","user_name":"Administrator","notes":"","items":[{"id":47,"product_id":12,"product_name":"Rokok Test Berantai","quantity":2,"unit":"Batang","conversion_qty":1,"purchase_price":1000,"subtotal":2000}]}}', 2, 9, '::1', NULL, '2026-07-26 21:58:31.179')

2026/07/26 21:58:31 [32mD:/Develop/Project_pos_mahenz/BE/domain/auth/repo/auth_repo.go:46
[0m[33m[0.506ms] [34;1m[rows:1][0m SELECT id, user_id, user_role, token, device_info, expires_at FROM sessions WHERE token = 'eyJhbGciOiJIUzI1NiIsInR5cCI6IkpXVCJ9.eyJhcHBzIjoiIiwiZXhwIjoxNzg1MTA2NzEwLCJmdWxsX25hbWUiOiJBZG1pbmlzdHJhdG9yIiwicm9sZSI6ImFkbWluIiwidXNlcl9pZCI6MiwidXNlcm5hbWUiOiJhZG1pbiJ9.HmngCaCHOnJswjvmFDEpnjXxSLHWwc28wKAfcOPOV2w' LIMIT 1

2026/07/26 21:58:31 [32mD:/Develop/Project_pos_mahenz/BE/domain/supplier_purchase/repo/purchase_repo.go:205
[0m[33m[0.479ms] [34;1m[rows:1][0m SELECT id, purchase_code, invoice_number, supplier_id, purchase_date, discount_amount, total_amount, payment_status, paid_amount, remaining_amount, status, user_id, notes FROM purchases WHERE id = 34

2026/07/26 21:58:31 [32mD:/Develop/Project_pos_mahenz/BE/domain/supplier_purchase/repo/purchase_repo.go:563
[0m[33m[0.744ms] [34;1m[rows:1][0m SELECT COUNT(*) FROM payment_methods WHERE code = 'cash' AND is_active = 1

2026/07/26 21:58:31 [32mD:/Develop/Project_pos_mahenz/BE/domain/supplier_purchase/repo/purchase_repo.go:216
[0m[33m[2.939ms] [34;1m[rows:-][0m SELECT pi.id, pi.product_id, COALESCE(p.name, '') as product_name, pi.quantity, pi.unit, COALESCE(pi.conversion_qty, 1) as conversion_qty, pi.purchase_price, pi.subtotal FROM purchase_items pi LEFT JOIN products p ON pi.product_id = p.id WHERE pi.purchase_id = 34

2026/07/26 21:58:31 [32mD:/Develop/Project_pos_mahenz/BE/domain/supplier_purchase/repo/purchase_repo.go:250
[0m[33m[0.000ms] [34;1m[rows:0][0m SELECT qty, expired_date FROM product_expiry_batches WHERE purchase_item_id = 47 ORDER BY expired_date ASC

2026/07/26 21:58:31 [32mD:/Develop/Project_pos_mahenz/BE/domain/supplier_purchase/repo/purchase_repo.go:483
[0m[33m[0.521ms] [34;1m[rows:1][0m UPDATE products SET stock = stock - 2, updated_at = NOW() WHERE id = 12

2026/07/26 21:58:31 [32mD:/Develop/Project_pos_mahenz/BE/domain/supplier_purchase/repo/purchase_repo.go:488
[0m[33m[0.578ms] [34;1m[rows:1][0m DELETE FROM purchase_items WHERE purchase_id = 34

2026/07/26 21:58:31 [32mD:/Develop/Project_pos_mahenz/BE/domain/supplier_purchase/repo/purchase_repo.go:501
[0m[33m[0.520ms] [34;1m[rows:1][0m UPDATE purchases SET invoice_number='REG-EDIT-UNPAID', supplier_id=1, purchase_date='2026-07-26', discount_amount=500, total_amount=2500, payment_status='partial', paid_amount=700, payment_method='cash', remaining_amount=1800, notes='', updated_at=NOW() WHERE id=34

2026/07/26 21:58:31 [32mD:/Develop/Project_pos_mahenz/BE/domain/supplier_purchase/repo/purchase_repo.go:512
[0m[33m[0.000ms] [34;1m[rows:1][0m INSERT INTO purchase_items (purchase_id, product_id, quantity, unit, conversion_qty, purchase_price, subtotal) VALUES (34, 12, 3, 'Batang', 1, 1000, 3000)

2026/07/26 21:58:31 [32mD:/Develop/Project_pos_mahenz/BE/domain/supplier_purchase/repo/purchase_repo.go:529
[0m[33m[0.518ms] [34;1m[rows:1][0m UPDATE products SET stock = stock + 3, updated_at = NOW() WHERE id = 12

2026/07/26 21:58:31 [32mD:/Develop/Project_pos_mahenz/BE/domain/supplier_purchase/repo/purchase_repo.go:174
[0m[33m[2.067ms] [34;1m[rows:-][0m SELECT p.id, p.purchase_code, p.invoice_number, p.supplier_id, COALESCE(s.name, '') as supplier_name, p.purchase_date, p.discount_amount, p.total_amount, p.payment_status, p.paid_amount, p.remaining_amount, p.status, COALESCE(u.full_name, '') as user_name, p.notes FROM purchases p LEFT JOIN users u ON p.user_id = u.id LEFT JOIN suppliers s ON p.supplier_id = s.id WHERE p.id = 34

2026/07/26 21:58:31 [32mD:/Develop/Project_pos_mahenz/BE/domain/supplier_purchase/repo/purchase_repo.go:216
[0m[33m[0.000ms] [34;1m[rows:-][0m SELECT pi.id, pi.product_id, COALESCE(p.name, '') as product_name, pi.quantity, pi.unit, COALESCE(pi.conversion_qty, 1) as conversion_qty, pi.purchase_price, pi.subtotal FROM purchase_items pi LEFT JOIN products p ON pi.product_id = p.id WHERE pi.purchase_id = 34

2026/07/26 21:58:31 [32mD:/Develop/Project_pos_mahenz/BE/domain/supplier_purchase/repo/purchase_repo.go:250
[0m[33m[0.000ms] [34;1m[rows:0][0m SELECT qty, expired_date FROM product_expiry_batches WHERE purchase_item_id = 48 ORDER BY expired_date ASC
[GIN] 2026/07/26 - 21:58:31 | 200 |     14.0353ms |             ::1 | POST     "/api/supplier-purchases/update/34"

2026/07/26 21:58:31 [32mD:/Develop/Project_pos_mahenz/BE/repository/log_request_repository.go:32
[0m[33m[2.168ms] [34;1m[rows:1][0m INSERT INTO log_requests (id, method, endpoint, status_code, request_body, response_body, user_id, duration_ms, ip_address, error_message, created_at) VALUES ('8cc62405-c50e-4d21-84c4-73b4b8650ee6', 'POST', '/api/supplier-purchases/update/34', 200, '{"invoice_number":"REG-EDIT-UNPAID","supplier_id":1,"purchase_date":"2026-07-26","discount_amount":500,"payment_status":"partial","paid_amount":700,"payment_method":"cash","items":[{"product_id":12,"quantity":3,"unit":"Batang","conversion_qty":1,"purchase_price":1000}]}', '{"code":"00","status":true,"message":"Purchase order berhasil diperbarui","data":{"id":34,"purchase_code":"PO-20260726-024","invoice_number":"REG-EDIT-UNPAID","supplier_id":1,"supplier_name":"Supplier Test Fase14","purchase_date":"2026-07-26T00:00:00+07:00","discount_amount":500,"total_amount":2500,"payment_status":"partial","paid_amount":700,"remaining_amount":1800,"status":"active","user_name":"Administrator","notes":"","items":[{"id":48,"product_id":12,"product_name":"Rokok Test Berantai","quantity":3,"unit":"Batang","conversion_qty":1,"purchase_price":1000,"subtotal":3000}]}}', 2, 14, '::1', NULL, '2026-07-26 21:58:31.413')

2026/07/26 21:58:51 [32mD:/Develop/Project_pos_mahenz/BE/domain/auth/repo/auth_repo.go:17
[0m[33m[0.696ms] [34;1m[rows:1][0m SELECT u.id, u.username, u.password, u.full_name, u.role_id, r.name AS role_name, u.is_active FROM users u INNER JOIN roles r ON r.id = u.role_id WHERE u.username = 'admin' LIMIT 1

2026/07/26 21:58:51 [32mD:/Develop/Project_pos_mahenz/BE/domain/auth/repo/auth_repo.go:67
[0m[33m[2.010ms] [34;1m[rows:1][0m DELETE FROM sessions WHERE user_id = 2

2026/07/26 21:58:51 [32mD:/Develop/Project_pos_mahenz/BE/domain/auth/repo/auth_repo.go:38
[0m[33m[4.015ms] [34;1m[rows:1][0m INSERT INTO sessions (user_id, user_role, token, refresh_token, device_info, ip_address, expires_at) VALUES (2, 'admin', 'eyJhbGciOiJIUzI1NiIsInR5cCI6IkpXVCJ9.eyJhcHBzIjoiIiwiZXhwIjoxNzg1MTA2NzMxLCJmdWxsX25hbWUiOiJBZG1pbmlzdHJhdG9yIiwicm9sZSI6ImFkbWluIiwidXNlcl9pZCI6MiwidXNlcm5hbWUiOiJhZG1pbiJ9.SQ4ngveM2v8EApeaZsF47hDAfO6ZcpFMl4Ld5weldOg', 'ecd253865d8976fae6ba35ef95e5bdd7a23399ea3086300e9a97b2139de4e294', '', '::1', '2026-08-02 21:58:51.771') ON DUPLICATE KEY UPDATE user_role=VALUES(user_role), token=VALUES(token), refresh_token=VALUES(refresh_token), device_info=VALUES(device_info), ip_address=VALUES(ip_address), expires_at=VALUES(expires_at), created_at=NOW()
[GIN] 2026/07/26 - 21:58:51 | 200 |     131.055ms |             ::1 | POST     "/api/auth/login"

2026/07/26 21:58:51 [32mD:/Develop/Project_pos_mahenz/BE/repository/log_request_repository.go:32
[0m[33m[2.010ms] [34;1m[rows:1][0m INSERT INTO log_requests (id, method, endpoint, status_code, request_body, response_body, user_id, duration_ms, ip_address, error_message, created_at) VALUES ('704cca9e-6d6b-4e87-9f9e-c990908275d5', 'POST', '/api/auth/login', 200, '{"username":"admin","password":"admin123"}', '{"code":"00","status":true,"message":"Login berhasil","data":{"token":"eyJhbGciOiJIUzI1NiIsInR5cCI6IkpXVCJ9.eyJhcHBzIjoiIiwiZXhwIjoxNzg1MTA2NzMxLCJmdWxsX25hbWUiOiJBZG1pbmlzdHJhdG9yIiwicm9sZSI6ImFkbWluIiwidXNlcl9pZCI6MiwidXNlcm5hbWUiOiJhZG1pbiJ9.SQ4ngveM2v8EApeaZsF47hDAfO6ZcpFMl4Ld5weldOg","refresh_token":"ecd253865d8976fae6ba35ef95e5bdd7a23399ea3086300e9a97b2139de4e294","expires_at":"2026-08-02T21:58:51.7714775+07:00","user":{"id":2,"username":"admin","full_name":"Administrator","role_id":2,"role_name":"admin"}}}', NULL, 131, '::1', NULL, '2026-07-26 21:58:51.777')

2026/07/26 21:58:51 [32mD:/Develop/Project_pos_mahenz/BE/domain/auth/repo/auth_repo.go:46
[0m[33m[0.505ms] [34;1m[rows:1][0m SELECT id, user_id, user_role, token, device_info, expires_at FROM sessions WHERE token = 'eyJhbGciOiJIUzI1NiIsInR5cCI6IkpXVCJ9.eyJhcHBzIjoiIiwiZXhwIjoxNzg1MTA2NzMxLCJmdWxsX25hbWUiOiJBZG1pbmlzdHJhdG9yIiwicm9sZSI6ImFkbWluIiwidXNlcl9pZCI6MiwidXNlcm5hbWUiOiJhZG1pbiJ9.SQ4ngveM2v8EApeaZsF47hDAfO6ZcpFMl4Ld5weldOg' LIMIT 1

2026/07/26 21:58:51 [32mD:/Develop/Project_pos_mahenz/BE/domain/supplier_purchase/repo/purchase_repo.go:563
[0m[33m[0.525ms] [34;1m[rows:1][0m SELECT COUNT(*) FROM payment_methods WHERE code = 'cash' AND is_active = 1

2026/07/26 21:58:51 [32mD:/Develop/Project_pos_mahenz/BE/domain/supplier_purchase/repo/purchase_repo.go:318
[0m[33m[0.593ms] [34;1m[rows:1][0m SELECT COUNT(*) FROM purchases WHERE DATE(purchase_date) = '2026-07-26'

2026/07/26 21:58:51 [32mD:/Develop/Project_pos_mahenz/BE/domain/supplier_purchase/repo/purchase_repo.go:338
[0m[33m[0.543ms] [34;1m[rows:1][0m INSERT INTO purchases (purchase_code, invoice_number, supplier_id, purchase_date, discount_amount, total_amount, payment_status, paid_amount, remaining_amount, user_id, notes) VALUES ('PO-20260726-025', 'REG-EDIT-PARTIAL', 1, '2026-07-26', 0, 5000, 'partial', 1000, 4000, 2, '')

2026/07/26 21:58:51 [32mD:/Develop/Project_pos_mahenz/BE/domain/supplier_purchase/repo/purchase_repo.go:345
[0m[33m[0.000ms] [34;1m[rows:1][0m SELECT LAST_INSERT_ID()

2026/07/26 21:58:51 [32mD:/Develop/Project_pos_mahenz/BE/domain/supplier_purchase/repo/purchase_repo.go:354
[0m[33m[0.713ms] [34;1m[rows:1][0m INSERT INTO purchase_payments (purchase_id, payment_date, amount, payment_method, notes, user_id) VALUES (35, '2026-07-26', 1000, 'cash', '', 2)

2026/07/26 21:58:51 [32mD:/Develop/Project_pos_mahenz/BE/domain/supplier_purchase/repo/purchase_repo.go:366
[0m[33m[0.000ms] [34;1m[rows:1][0m INSERT INTO purchase_items (purchase_id, product_id, quantity, unit, conversion_qty, purchase_price, subtotal) VALUES (35, 12, 5, 'Batang', 1, 1000, 5000)

2026/07/26 21:58:51 [32mD:/Develop/Project_pos_mahenz/BE/domain/supplier_purchase/repo/purchase_repo.go:384
[0m[33m[1.593ms] [34;1m[rows:1][0m SELECT stock FROM products WHERE id = 12 LIMIT 1

2026/07/26 21:58:51 [32mD:/Develop/Project_pos_mahenz/BE/domain/supplier_purchase/repo/purchase_repo.go:388
[0m[33m[0.982ms] [34;1m[rows:1][0m UPDATE products SET stock = stock + 5, updated_at = NOW() WHERE id = 12

2026/07/26 21:58:51 [32mD:/Develop/Project_pos_mahenz/BE/domain/supplier_purchase/repo/purchase_repo.go:394
[0m[33m[0.645ms] [34;1m[rows:1][0m INSERT INTO stock_mutations (product_id, mutation_type, quantity, stock_before, stock_after, reference_type, reference_id, notes, user_id) VALUES (12, 'in', 5, 3076, 3081, 'purchase', 35, 'Purchase Order PO-20260726-025', 2)

2026/07/26 21:58:51 [32mD:/Develop/Project_pos_mahenz/BE/domain/supplier_purchase/repo/purchase_repo.go:174
[0m[33m[0.506ms] [34;1m[rows:-][0m SELECT p.id, p.purchase_code, p.invoice_number, p.supplier_id, COALESCE(s.name, '') as supplier_name, p.purchase_date, p.discount_amount, p.total_amount, p.payment_status, p.paid_amount, p.remaining_amount, p.status, COALESCE(u.full_name, '') as user_name, p.notes FROM purchases p LEFT JOIN users u ON p.user_id = u.id LEFT JOIN suppliers s ON p.supplier_id = s.id WHERE p.id = 35

2026/07/26 21:58:51 [32mD:/Develop/Project_pos_mahenz/BE/domain/supplier_purchase/repo/purchase_repo.go:216
[0m[33m[0.505ms] [34;1m[rows:-][0m SELECT pi.id, pi.product_id, COALESCE(p.name, '') as product_name, pi.quantity, pi.unit, COALESCE(pi.conversion_qty, 1) as conversion_qty, pi.purchase_price, pi.subtotal FROM purchase_items pi LEFT JOIN products p ON pi.product_id = p.id WHERE pi.purchase_id = 35

2026/07/26 21:58:51 [32mD:/Develop/Project_pos_mahenz/BE/domain/supplier_purchase/repo/purchase_repo.go:250
[0m[33m[0.520ms] [34;1m[rows:0][0m SELECT qty, expired_date FROM product_expiry_batches WHERE purchase_item_id = 49 ORDER BY expired_date ASC
[GIN] 2026/07/26 - 21:58:51 | 201 |     13.8858ms |             ::1 | POST     "/api/supplier-purchases/create"

2026/07/26 21:58:51 [32mD:/Develop/Project_pos_mahenz/BE/repository/log_request_repository.go:32
[0m[33m[2.424ms] [34;1m[rows:1][0m INSERT INTO log_requests (id, method, endpoint, status_code, request_body, response_body, user_id, duration_ms, ip_address, error_message, created_at) VALUES ('cd09ec04-cc38-4b99-b367-2594fb7e1336', 'POST', '/api/supplier-purchases/create', 201, '{"invoice_number":"REG-EDIT-PARTIAL","supplier_id":1,"purchase_date":"2026-07-26","discount_amount":0,"payment_status":"partial","paid_amount":1000,"payment_method":"cash","items":[{"product_id":12,"quantity":5,"unit":"Batang","conversion_qty":1,"purchase_price":1000}]}', '{"code":"21","status":true,"message":"Purchase order berhasil dibuat","data":{"id":35,"purchase_code":"PO-20260726-025","invoice_number":"REG-EDIT-PARTIAL","supplier_id":1,"supplier_name":"Supplier Test Fase14","purchase_date":"2026-07-26T00:00:00+07:00","discount_amount":0,"total_amount":5000,"payment_status":"partial","paid_amount":1000,"remaining_amount":4000,"status":"active","user_name":"Administrator","notes":"","items":[{"id":49,"product_id":12,"product_name":"Rokok Test Berantai","quantity":5,"unit":"Batang","conversion_qty":1,"purchase_price":1000,"subtotal":5000}]}}', 2, 13, '::1', NULL, '2026-07-26 21:58:51.994')

2026/07/26 21:58:52 [32mD:/Develop/Project_pos_mahenz/BE/domain/auth/repo/auth_repo.go:46
[0m[33m[0.509ms] [34;1m[rows:1][0m SELECT id, user_id, user_role, token, device_info, expires_at FROM sessions WHERE token = 'eyJhbGciOiJIUzI1NiIsInR5cCI6IkpXVCJ9.eyJhcHBzIjoiIiwiZXhwIjoxNzg1MTA2NzMxLCJmdWxsX25hbWUiOiJBZG1pbmlzdHJhdG9yIiwicm9sZSI6ImFkbWluIiwidXNlcl9pZCI6MiwidXNlcm5hbWUiOiJhZG1pbiJ9.SQ4ngveM2v8EApeaZsF47hDAfO6ZcpFMl4Ld5weldOg' LIMIT 1

2026/07/26 21:58:52 [32mD:/Develop/Project_pos_mahenz/BE/domain/supplier_purchase/repo/purchase_repo.go:205
[0m[33m[0.524ms] [34;1m[rows:1][0m SELECT id, purchase_code, invoice_number, supplier_id, purchase_date, discount_amount, total_amount, payment_status, paid_amount, remaining_amount, status, user_id, notes FROM purchases WHERE id = 35

2026/07/26 21:58:52 [32mD:/Develop/Project_pos_mahenz/BE/domain/supplier_purchase/repo/purchase_repo.go:563
[0m[33m[0.000ms] [34;1m[rows:1][0m SELECT COUNT(*) FROM payment_methods WHERE code = 'cash' AND is_active = 1

2026/07/26 21:58:52 [32mD:/Develop/Project_pos_mahenz/BE/domain/supplier_purchase/repo/purchase_repo.go:216
[0m[33m[0.527ms] [34;1m[rows:-][0m SELECT pi.id, pi.product_id, COALESCE(p.name, '') as product_name, pi.quantity, pi.unit, COALESCE(pi.conversion_qty, 1) as conversion_qty, pi.purchase_price, pi.subtotal FROM purchase_items pi LEFT JOIN products p ON pi.product_id = p.id WHERE pi.purchase_id = 35

2026/07/26 21:58:52 [32mD:/Develop/Project_pos_mahenz/BE/domain/supplier_purchase/repo/purchase_repo.go:250
[0m[33m[0.000ms] [34;1m[rows:0][0m SELECT qty, expired_date FROM product_expiry_batches WHERE purchase_item_id = 49 ORDER BY expired_date ASC

2026/07/26 21:58:52 [32mD:/Develop/Project_pos_mahenz/BE/domain/supplier_purchase/repo/purchase_repo.go:483
[0m[33m[0.524ms] [34;1m[rows:1][0m UPDATE products SET stock = stock - 5, updated_at = NOW() WHERE id = 12

2026/07/26 21:58:52 [32mD:/Develop/Project_pos_mahenz/BE/domain/supplier_purchase/repo/purchase_repo.go:488
[0m[33m[0.629ms] [34;1m[rows:1][0m DELETE FROM purchase_items WHERE purchase_id = 35

2026/07/26 21:58:52 [32mD:/Develop/Project_pos_mahenz/BE/domain/supplier_purchase/repo/purchase_repo.go:501
[0m[33m[0.524ms] [34;1m[rows:1][0m UPDATE purchases SET invoice_number='REG-EDIT-PARTIAL', supplier_id=1, purchase_date='2026-07-26', discount_amount=0, total_amount=7000, payment_status='partial', paid_amount=1500, payment_method='cash', remaining_amount=5500, notes='', updated_at=NOW() WHERE id=35

2026/07/26 21:58:52 [32mD:/Develop/Project_pos_mahenz/BE/domain/supplier_purchase/repo/purchase_repo.go:512
[0m[33m[0.538ms] [34;1m[rows:1][0m INSERT INTO purchase_items (purchase_id, product_id, quantity, unit, conversion_qty, purchase_price, subtotal) VALUES (35, 12, 7, 'Batang', 1, 1000, 7000)

2026/07/26 21:58:52 [32mD:/Develop/Project_pos_mahenz/BE/domain/supplier_purchase/repo/purchase_repo.go:529
[0m[33m[0.000ms] [34;1m[rows:1][0m UPDATE products SET stock = stock + 7, updated_at = NOW() WHERE id = 12

2026/07/26 21:58:52 [32mD:/Develop/Project_pos_mahenz/BE/domain/supplier_purchase/repo/purchase_repo.go:174
[0m[33m[0.000ms] [34;1m[rows:-][0m SELECT p.id, p.purchase_code, p.invoice_number, p.supplier_id, COALESCE(s.name, '') as supplier_name, p.purchase_date, p.discount_amount, p.total_amount, p.payment_status, p.paid_amount, p.remaining_amount, p.status, COALESCE(u.full_name, '') as user_name, p.notes FROM purchases p LEFT JOIN users u ON p.user_id = u.id LEFT JOIN suppliers s ON p.supplier_id = s.id WHERE p.id = 35

2026/07/26 21:58:52 [32mD:/Develop/Project_pos_mahenz/BE/domain/supplier_purchase/repo/purchase_repo.go:216
[0m[33m[0.000ms] [34;1m[rows:-][0m SELECT pi.id, pi.product_id, COALESCE(p.name, '') as product_name, pi.quantity, pi.unit, COALESCE(pi.conversion_qty, 1) as conversion_qty, pi.purchase_price, pi.subtotal FROM purchase_items pi LEFT JOIN products p ON pi.product_id = p.id WHERE pi.purchase_id = 35

2026/07/26 21:58:52 [32mD:/Develop/Project_pos_mahenz/BE/domain/supplier_purchase/repo/purchase_repo.go:250
[0m[33m[0.000ms] [34;1m[rows:0][0m SELECT qty, expired_date FROM product_expiry_batches WHERE purchase_item_id = 50 ORDER BY expired_date ASC
[GIN] 2026/07/26 - 21:58:52 | 200 |       9.669ms |             ::1 | POST     "/api/supplier-purchases/update/35"

2026/07/26 21:58:52 [32mD:/Develop/Project_pos_mahenz/BE/repository/log_request_repository.go:32
[0m[33m[2.276ms] [34;1m[rows:1][0m INSERT INTO log_requests (id, method, endpoint, status_code, request_body, response_body, user_id, duration_ms, ip_address, error_message, created_at) VALUES ('a3bfd4a6-ecf8-4c49-8eab-bb1e6c97f107', 'POST', '/api/supplier-purchases/update/35', 200, '{"invoice_number":"REG-EDIT-PARTIAL","supplier_id":1,"purchase_date":"2026-07-26","discount_amount":0,"payment_status":"partial","paid_amount":1500,"payment_method":"cash","items":[{"product_id":12,"quantity":7,"unit":"Batang","conversion_qty":1,"purchase_price":1000}]}', '{"code":"00","status":true,"message":"Purchase order berhasil diperbarui","data":{"id":35,"purchase_code":"PO-20260726-025","invoice_number":"REG-EDIT-PARTIAL","supplier_id":1,"supplier_name":"Supplier Test Fase14","purchase_date":"2026-07-26T00:00:00+07:00","discount_amount":0,"total_amount":7000,"payment_status":"partial","paid_amount":1500,"remaining_amount":5500,"status":"active","user_name":"Administrator","notes":"","items":[{"id":50,"product_id":12,"product_name":"Rokok Test Berantai","quantity":7,"unit":"Batang","conversion_qty":1,"purchase_price":1000,"subtotal":7000}]}}', 2, 9, '::1', NULL, '2026-07-26 21:58:52.18')

2026/07/26 21:59:08 [32mD:/Develop/Project_pos_mahenz/BE/domain/auth/repo/auth_repo.go:17
[0m[33m[0.507ms] [34;1m[rows:1][0m SELECT u.id, u.username, u.password, u.full_name, u.role_id, r.name AS role_name, u.is_active FROM users u INNER JOIN roles r ON r.id = u.role_id WHERE u.username = 'admin' LIMIT 1

2026/07/26 21:59:08 [32mD:/Develop/Project_pos_mahenz/BE/domain/auth/repo/auth_repo.go:67
[0m[33m[2.641ms] [34;1m[rows:1][0m DELETE FROM sessions WHERE user_id = 2

2026/07/26 21:59:08 [32mD:/Develop/Project_pos_mahenz/BE/domain/auth/repo/auth_repo.go:38
[0m[33m[2.581ms] [34;1m[rows:1][0m INSERT INTO sessions (user_id, user_role, token, refresh_token, device_info, ip_address, expires_at) VALUES (2, 'admin', 'eyJhbGciOiJIUzI1NiIsInR5cCI6IkpXVCJ9.eyJhcHBzIjoiIiwiZXhwIjoxNzg1MTA2NzQ4LCJmdWxsX25hbWUiOiJBZG1pbmlzdHJhdG9yIiwicm9sZSI6ImFkbWluIiwidXNlcl9pZCI6MiwidXNlcm5hbWUiOiJhZG1pbiJ9.q5TDHygeYJKEiZvi05SnKL1oITJwvfjteeql_Be1fhU', '2c34e1f2ea5aa16df903edad71b9710ed81389633697c3cfa30a9694fa5ca38e', '', '::1', '2026-08-02 21:59:08.679') ON DUPLICATE KEY UPDATE user_role=VALUES(user_role), token=VALUES(token), refresh_token=VALUES(refresh_token), device_info=VALUES(device_info), ip_address=VALUES(ip_address), expires_at=VALUES(expires_at), created_at=NOW()
[GIN] 2026/07/26 - 21:59:08 | 200 |    116.0227ms |             ::1 | POST     "/api/auth/login"

2026/07/26 21:59:08 [32mD:/Develop/Project_pos_mahenz/BE/repository/log_request_repository.go:32
[0m[33m[5.526ms] [34;1m[rows:1][0m INSERT INTO log_requests (id, method, endpoint, status_code, request_body, response_body, user_id, duration_ms, ip_address, error_message, created_at) VALUES ('396496e9-f38d-43d0-afaa-3e13294672fc', 'POST', '/api/auth/login', 200, '{"username":"admin","password":"admin123"}', '{"code":"00","status":true,"message":"Login berhasil","data":{"token":"eyJhbGciOiJIUzI1NiIsInR5cCI6IkpXVCJ9.eyJhcHBzIjoiIiwiZXhwIjoxNzg1MTA2NzQ4LCJmdWxsX25hbWUiOiJBZG1pbmlzdHJhdG9yIiwicm9sZSI6ImFkbWluIiwidXNlcl9pZCI6MiwidXNlcm5hbWUiOiJhZG1pbiJ9.q5TDHygeYJKEiZvi05SnKL1oITJwvfjteeql_Be1fhU","refresh_token":"2c34e1f2ea5aa16df903edad71b9710ed81389633697c3cfa30a9694fa5ca38e","expires_at":"2026-08-02T21:59:08.6794359+07:00","user":{"id":2,"username":"admin","full_name":"Administrator","role_id":2,"role_name":"admin"}}}', NULL, 116, '::1', NULL, '2026-07-26 21:59:08.684')

2026/07/26 21:59:08 [32mD:/Develop/Project_pos_mahenz/BE/domain/auth/repo/auth_repo.go:46
[0m[33m[0.506ms] [34;1m[rows:1][0m SELECT id, user_id, user_role, token, device_info, expires_at FROM sessions WHERE token = 'eyJhbGciOiJIUzI1NiIsInR5cCI6IkpXVCJ9.eyJhcHBzIjoiIiwiZXhwIjoxNzg1MTA2NzQ4LCJmdWxsX25hbWUiOiJBZG1pbmlzdHJhdG9yIiwicm9sZSI6ImFkbWluIiwidXNlcl9pZCI6MiwidXNlcm5hbWUiOiJhZG1pbiJ9.q5TDHygeYJKEiZvi05SnKL1oITJwvfjteeql_Be1fhU' LIMIT 1

2026/07/26 21:59:08 [32mD:/Develop/Project_pos_mahenz/BE/domain/supplier_purchase/repo/purchase_repo.go:205
[0m[33m[0.711ms] [34;1m[rows:1][0m SELECT id, purchase_code, invoice_number, supplier_id, purchase_date, discount_amount, total_amount, payment_status, paid_amount, remaining_amount, status, user_id, notes FROM purchases WHERE id = 35

2026/07/26 21:59:08 [32mD:/Develop/Project_pos_mahenz/BE/domain/supplier_purchase/repo/purchase_repo.go:563
[0m[33m[0.680ms] [34;1m[rows:1][0m SELECT COUNT(*) FROM payment_methods WHERE code = 'cash' AND is_active = 1

2026/07/26 21:59:08 [32mD:/Develop/Project_pos_mahenz/BE/domain/supplier_purchase/repo/purchase_repo.go:216
[0m[33m[0.751ms] [34;1m[rows:-][0m SELECT pi.id, pi.product_id, COALESCE(p.name, '') as product_name, pi.quantity, pi.unit, COALESCE(pi.conversion_qty, 1) as conversion_qty, pi.purchase_price, pi.subtotal FROM purchase_items pi LEFT JOIN products p ON pi.product_id = p.id WHERE pi.purchase_id = 35

2026/07/26 21:59:08 [32mD:/Develop/Project_pos_mahenz/BE/domain/supplier_purchase/repo/purchase_repo.go:250
[0m[33m[0.749ms] [34;1m[rows:0][0m SELECT qty, expired_date FROM product_expiry_batches WHERE purchase_item_id = 50 ORDER BY expired_date ASC
[GIN] 2026/07/26 - 21:59:08 | 400 |      4.6023ms |             ::1 | POST     "/api/supplier-purchases/update/35"
Error #01: Total baru (1000.00) tidak boleh lebih kecil dari yang sudah dibayar (1500.00)

2026/07/26 21:59:08 [32mD:/Develop/Project_pos_mahenz/BE/repository/log_request_repository.go:32
[0m[33m[2.568ms] [34;1m[rows:1][0m INSERT INTO log_requests (id, method, endpoint, status_code, request_body, response_body, user_id, duration_ms, ip_address, error_message, created_at) VALUES ('96227872-4391-4d75-8ceb-db125c919f14', 'POST', '/api/supplier-purchases/update/35', 400, '{"invoice_number":"REG-EDIT-PARTIAL","supplier_id":1,"purchase_date":"2026-07-26","discount_amount":0,"payment_status":"partial","paid_amount":1500,"payment_method":"cash","items":[{"product_id":12,"quantity":1,"unit":"Batang","conversion_qty":1,"purchase_price":1000}]}', '{"code":"40","status":false,"message":"Total baru (1000.00) tidak boleh lebih kecil dari yang sudah dibayar (1500.00)","data":null}', 2, 4, '::1', 'Total baru (1000.00) tidak boleh lebih kecil dari yang sudah dibayar (1500.00)', '2026-07-26 21:59:08.839')

2026/07/26 21:59:08 [32mD:/Develop/Project_pos_mahenz/BE/domain/auth/repo/auth_repo.go:46
[0m[33m[0.515ms] [34;1m[rows:1][0m SELECT id, user_id, user_role, token, device_info, expires_at FROM sessions WHERE token = 'eyJhbGciOiJIUzI1NiIsInR5cCI6IkpXVCJ9.eyJhcHBzIjoiIiwiZXhwIjoxNzg1MTA2NzQ4LCJmdWxsX25hbWUiOiJBZG1pbmlzdHJhdG9yIiwicm9sZSI6ImFkbWluIiwidXNlcl9pZCI6MiwidXNlcm5hbWUiOiJhZG1pbiJ9.q5TDHygeYJKEiZvi05SnKL1oITJwvfjteeql_Be1fhU' LIMIT 1

2026/07/26 21:59:08 [32mD:/Develop/Project_pos_mahenz/BE/domain/supplier_purchase/repo/purchase_repo.go:205
[0m[33m[0.000ms] [34;1m[rows:1][0m SELECT id, purchase_code, invoice_number, supplier_id, purchase_date, discount_amount, total_amount, payment_status, paid_amount, remaining_amount, status, user_id, notes FROM purchases WHERE id = 35

2026/07/26 21:59:08 [32mD:/Develop/Project_pos_mahenz/BE/domain/supplier_purchase/repo/purchase_repo.go:563
[0m[33m[0.000ms] [34;1m[rows:1][0m SELECT COUNT(*) FROM payment_methods WHERE code = 'cash' AND is_active = 1

2026/07/26 21:59:08 [32mD:/Develop/Project_pos_mahenz/BE/domain/supplier_purchase/repo/purchase_repo.go:216
[0m[33m[0.000ms] [34;1m[rows:-][0m SELECT pi.id, pi.product_id, COALESCE(p.name, '') as product_name, pi.quantity, pi.unit, COALESCE(pi.conversion_qty, 1) as conversion_qty, pi.purchase_price, pi.subtotal FROM purchase_items pi LEFT JOIN products p ON pi.product_id = p.id WHERE pi.purchase_id = 35

2026/07/26 21:59:08 [32mD:/Develop/Project_pos_mahenz/BE/domain/supplier_purchase/repo/purchase_repo.go:250
[0m[33m[0.589ms] [34;1m[rows:0][0m SELECT qty, expired_date FROM product_expiry_batches WHERE purchase_item_id = 50 ORDER BY expired_date ASC

2026/07/26 21:59:08 [32mD:/Develop/Project_pos_mahenz/BE/domain/supplier_purchase/repo/purchase_repo.go:483
[0m[33m[0.555ms] [34;1m[rows:1][0m UPDATE products SET stock = stock - 7, updated_at = NOW() WHERE id = 12

2026/07/26 21:59:08 [32mD:/Develop/Project_pos_mahenz/BE/domain/supplier_purchase/repo/purchase_repo.go:488
[0m[33m[0.000ms] [34;1m[rows:1][0m DELETE FROM purchase_items WHERE purchase_id = 35

2026/07/26 21:59:08 [32mD:/Develop/Project_pos_mahenz/BE/domain/supplier_purchase/repo/purchase_repo.go:501
[0m[33m[0.567ms] [34;1m[rows:1][0m UPDATE purchases SET invoice_number='REG-EDIT-PARTIAL', supplier_id=1, purchase_date='2026-07-26', discount_amount=0, total_amount=1500, payment_status='paid', paid_amount=1500, payment_method='cash', remaining_amount=0, notes='', updated_at=NOW() WHERE id=35

2026/07/26 21:59:08 [32mD:/Develop/Project_pos_mahenz/BE/domain/supplier_purchase/repo/purchase_repo.go:512
[0m[33m[0.537ms] [34;1m[rows:1][0m INSERT INTO purchase_items (purchase_id, product_id, quantity, unit, conversion_qty, purchase_price, subtotal) VALUES (35, 12, 1, 'Batang', 1, 1500, 1500)

2026/07/26 21:59:08 [32mD:/Develop/Project_pos_mahenz/BE/domain/supplier_purchase/repo/purchase_repo.go:529
[0m[33m[0.000ms] [34;1m[rows:1][0m UPDATE products SET stock = stock + 1, updated_at = NOW() WHERE id = 12

2026/07/26 21:59:08 [32mD:/Develop/Project_pos_mahenz/BE/domain/supplier_purchase/repo/purchase_repo.go:174
[0m[33m[0.000ms] [34;1m[rows:-][0m SELECT p.id, p.purchase_code, p.invoice_number, p.supplier_id, COALESCE(s.name, '') as supplier_name, p.purchase_date, p.discount_amount, p.total_amount, p.payment_status, p.paid_amount, p.remaining_amount, p.status, COALESCE(u.full_name, '') as user_name, p.notes FROM purchases p LEFT JOIN users u ON p.user_id = u.id LEFT JOIN suppliers s ON p.supplier_id = s.id WHERE p.id = 35

2026/07/26 21:59:08 [32mD:/Develop/Project_pos_mahenz/BE/domain/supplier_purchase/repo/purchase_repo.go:216
[0m[33m[0.505ms] [34;1m[rows:-][0m SELECT pi.id, pi.product_id, COALESCE(p.name, '') as product_name, pi.quantity, pi.unit, COALESCE(pi.conversion_qty, 1) as conversion_qty, pi.purchase_price, pi.subtotal FROM purchase_items pi LEFT JOIN products p ON pi.product_id = p.id WHERE pi.purchase_id = 35

2026/07/26 21:59:08 [32mD:/Develop/Project_pos_mahenz/BE/domain/supplier_purchase/repo/purchase_repo.go:250
[0m[33m[0.000ms] [34;1m[rows:0][0m SELECT qty, expired_date FROM product_expiry_batches WHERE purchase_item_id = 51 ORDER BY expired_date ASC
[GIN] 2026/07/26 - 21:59:08 | 200 |      7.6058ms |             ::1 | POST     "/api/supplier-purchases/update/35"

2026/07/26 21:59:08 [32mD:/Develop/Project_pos_mahenz/BE/repository/log_request_repository.go:32
[0m[33m[1.806ms] [34;1m[rows:1][0m INSERT INTO log_requests (id, method, endpoint, status_code, request_body, response_body, user_id, duration_ms, ip_address, error_message, created_at) VALUES ('a0fd2dea-e7af-4f99-9a71-3ada7efc98c0', 'POST', '/api/supplier-purchases/update/35', 200, '{"invoice_number":"REG-EDIT-PARTIAL","supplier_id":1,"purchase_date":"2026-07-26","discount_amount":0,"payment_status":"partial","paid_amount":1500,"payment_method":"cash","items":[{"product_id":12,"quantity":1,"unit":"Batang","conversion_qty":1,"purchase_price":1500}]}', '{"code":"00","status":true,"message":"Purchase order berhasil diperbarui","data":{"id":35,"purchase_code":"PO-20260726-025","invoice_number":"REG-EDIT-PARTIAL","supplier_id":1,"supplier_name":"Supplier Test Fase14","purchase_date":"2026-07-26T00:00:00+07:00","discount_amount":0,"total_amount":1500,"payment_status":"paid","paid_amount":1500,"remaining_amount":0,"status":"active","user_name":"Administrator","notes":"","items":[{"id":51,"product_id":12,"product_name":"Rokok Test Berantai","quantity":1,"unit":"Batang","conversion_qty":1,"purchase_price":1500,"subtotal":1500}]}}', 2, 7, '::1', NULL, '2026-07-26 21:59:08.948')

2026/07/26 21:59:49 [32mD:/Develop/Project_pos_mahenz/BE/domain/auth/repo/auth_repo.go:17
[0m[33m[0.504ms] [34;1m[rows:1][0m SELECT u.id, u.username, u.password, u.full_name, u.role_id, r.name AS role_name, u.is_active FROM users u INNER JOIN roles r ON r.id = u.role_id WHERE u.username = 'admin' LIMIT 1

2026/07/26 21:59:50 [32mD:/Develop/Project_pos_mahenz/BE/domain/auth/repo/auth_repo.go:67
[0m[33m[1.987ms] [34;1m[rows:1][0m DELETE FROM sessions WHERE user_id = 2

2026/07/26 21:59:50 [32mD:/Develop/Project_pos_mahenz/BE/domain/auth/repo/auth_repo.go:38
[0m[33m[3.131ms] [34;1m[rows:1][0m INSERT INTO sessions (user_id, user_role, token, refresh_token, device_info, ip_address, expires_at) VALUES (2, 'admin', 'eyJhbGciOiJIUzI1NiIsInR5cCI6IkpXVCJ9.eyJhcHBzIjoiIiwiZXhwIjoxNzg1MTA2NzkwLCJmdWxsX25hbWUiOiJBZG1pbmlzdHJhdG9yIiwicm9sZSI6ImFkbWluIiwidXNlcl9pZCI6MiwidXNlcm5hbWUiOiJhZG1pbiJ9._MPdhNWxqtmkSWVAQ9oJ_hZ-f9RUwTPG89tkULtzVcw', 'dfe17350773cdb50c778e7cef6010ae30049fd726d8325121304dc1489c1bde6', '', '::1', '2026-08-02 21:59:50.063') ON DUPLICATE KEY UPDATE user_role=VALUES(user_role), token=VALUES(token), refresh_token=VALUES(refresh_token), device_info=VALUES(device_info), ip_address=VALUES(ip_address), expires_at=VALUES(expires_at), created_at=NOW()
[GIN] 2026/07/26 - 21:59:50 | 200 |    153.1218ms |             ::1 | POST     "/api/auth/login"

2026/07/26 21:59:50 [32mD:/Develop/Project_pos_mahenz/BE/repository/log_request_repository.go:32
[0m[33m[3.081ms] [34;1m[rows:1][0m INSERT INTO log_requests (id, method, endpoint, status_code, request_body, response_body, user_id, duration_ms, ip_address, error_message, created_at) VALUES ('a8aea8bf-1c61-4880-b9f7-ddbba3e08b09', 'POST', '/api/auth/login', 200, '{"username":"admin","password":"admin123"}', '{"code":"00","status":true,"message":"Login berhasil","data":{"token":"eyJhbGciOiJIUzI1NiIsInR5cCI6IkpXVCJ9.eyJhcHBzIjoiIiwiZXhwIjoxNzg1MTA2NzkwLCJmdWxsX25hbWUiOiJBZG1pbmlzdHJhdG9yIiwicm9sZSI6ImFkbWluIiwidXNlcl9pZCI6MiwidXNlcm5hbWUiOiJhZG1pbiJ9._MPdhNWxqtmkSWVAQ9oJ_hZ-f9RUwTPG89tkULtzVcw","refresh_token":"dfe17350773cdb50c778e7cef6010ae30049fd726d8325121304dc1489c1bde6","expires_at":"2026-08-02T21:59:50.0632746+07:00","user":{"id":2,"username":"admin","full_name":"Administrator","role_id":2,"role_name":"admin"}}}', NULL, 153, '::1', NULL, '2026-07-26 21:59:50.068')

2026/07/26 21:59:50 [32mD:/Develop/Project_pos_mahenz/BE/domain/auth/repo/auth_repo.go:46
[0m[33m[0.508ms] [34;1m[rows:1][0m SELECT id, user_id, user_role, token, device_info, expires_at FROM sessions WHERE token = 'eyJhbGciOiJIUzI1NiIsInR5cCI6IkpXVCJ9.eyJhcHBzIjoiIiwiZXhwIjoxNzg1MTA2NzkwLCJmdWxsX25hbWUiOiJBZG1pbmlzdHJhdG9yIiwicm9sZSI6ImFkbWluIiwidXNlcl9pZCI6MiwidXNlcm5hbWUiOiJhZG1pbiJ9._MPdhNWxqtmkSWVAQ9oJ_hZ-f9RUwTPG89tkULtzVcw' LIMIT 1

2026/07/26 21:59:50 [32mD:/Develop/Project_pos_mahenz/BE/domain/supplier_purchase/repo/purchase_repo.go:318
[0m[33m[0.520ms] [34;1m[rows:1][0m SELECT COUNT(*) FROM purchases WHERE DATE(purchase_date) = '2026-07-26'

2026/07/26 21:59:50 [32mD:/Develop/Project_pos_mahenz/BE/domain/supplier_purchase/repo/purchase_repo.go:338
[0m[33m[0.522ms] [34;1m[rows:1][0m INSERT INTO purchases (purchase_code, invoice_number, supplier_id, purchase_date, discount_amount, total_amount, payment_status, paid_amount, remaining_amount, user_id, notes) VALUES ('PO-20260726-026', 'REG-EDIT-VOID', 1, '2026-07-26', 0, 1000, 'unpaid', 0, 1000, 2, '')

2026/07/26 21:59:50 [32mD:/Develop/Project_pos_mahenz/BE/domain/supplier_purchase/repo/purchase_repo.go:345
[0m[33m[0.000ms] [34;1m[rows:1][0m SELECT LAST_INSERT_ID()

2026/07/26 21:59:50 [32mD:/Develop/Project_pos_mahenz/BE/domain/supplier_purchase/repo/purchase_repo.go:366
[0m[33m[0.514ms] [34;1m[rows:1][0m INSERT INTO purchase_items (purchase_id, product_id, quantity, unit, conversion_qty, purchase_price, subtotal) VALUES (36, 12, 1, 'Batang', 1, 1000, 1000)

2026/07/26 21:59:50 [32mD:/Develop/Project_pos_mahenz/BE/domain/supplier_purchase/repo/purchase_repo.go:384
[0m[33m[0.691ms] [34;1m[rows:1][0m SELECT stock FROM products WHERE id = 12 LIMIT 1

2026/07/26 21:59:50 [32mD:/Develop/Project_pos_mahenz/BE/domain/supplier_purchase/repo/purchase_repo.go:388
[0m[33m[0.538ms] [34;1m[rows:1][0m UPDATE products SET stock = stock + 1, updated_at = NOW() WHERE id = 12

2026/07/26 21:59:50 [32mD:/Develop/Project_pos_mahenz/BE/domain/supplier_purchase/repo/purchase_repo.go:394
[0m[33m[2.692ms] [34;1m[rows:1][0m INSERT INTO stock_mutations (product_id, mutation_type, quantity, stock_before, stock_after, reference_type, reference_id, notes, user_id) VALUES (12, 'in', 1, 3077, 3078, 'purchase', 36, 'Purchase Order PO-20260726-026', 2)

2026/07/26 21:59:50 [32mD:/Develop/Project_pos_mahenz/BE/domain/supplier_purchase/repo/purchase_repo.go:174
[0m[33m[0.709ms] [34;1m[rows:-][0m SELECT p.id, p.purchase_code, p.invoice_number, p.supplier_id, COALESCE(s.name, '') as supplier_name, p.purchase_date, p.discount_amount, p.total_amount, p.payment_status, p.paid_amount, p.remaining_amount, p.status, COALESCE(u.full_name, '') as user_name, p.notes FROM purchases p LEFT JOIN users u ON p.user_id = u.id LEFT JOIN suppliers s ON p.supplier_id = s.id WHERE p.id = 36

2026/07/26 21:59:50 [32mD:/Develop/Project_pos_mahenz/BE/domain/supplier_purchase/repo/purchase_repo.go:216
[0m[33m[0.649ms] [34;1m[rows:-][0m SELECT pi.id, pi.product_id, COALESCE(p.name, '') as product_name, pi.quantity, pi.unit, COALESCE(pi.conversion_qty, 1) as conversion_qty, pi.purchase_price, pi.subtotal FROM purchase_items pi LEFT JOIN products p ON pi.product_id = p.id WHERE pi.purchase_id = 36

2026/07/26 21:59:50 [32mD:/Develop/Project_pos_mahenz/BE/domain/supplier_purchase/repo/purchase_repo.go:250
[0m[33m[0.656ms] [34;1m[rows:0][0m SELECT qty, expired_date FROM product_expiry_batches WHERE purchase_item_id = 52 ORDER BY expired_date ASC
[GIN] 2026/07/26 - 21:59:50 | 201 |     12.0451ms |             ::1 | POST     "/api/supplier-purchases/create"

2026/07/26 21:59:50 [32mD:/Develop/Project_pos_mahenz/BE/repository/log_request_repository.go:32
[0m[33m[1.758ms] [34;1m[rows:1][0m INSERT INTO log_requests (id, method, endpoint, status_code, request_body, response_body, user_id, duration_ms, ip_address, error_message, created_at) VALUES ('a0556e2f-acdf-4829-955d-3a258cc580b7', 'POST', '/api/supplier-purchases/create', 201, '{"invoice_number":"REG-EDIT-VOID","supplier_id":1,"purchase_date":"2026-07-26","discount_amount":0,"payment_status":"unpaid","items":[{"product_id":12,"quantity":1,"unit":"Batang","conversion_qty":1,"purchase_price":1000}]}', '{"code":"21","status":true,"message":"Purchase order berhasil dibuat","data":{"id":36,"purchase_code":"PO-20260726-026","invoice_number":"REG-EDIT-VOID","supplier_id":1,"supplier_name":"Supplier Test Fase14","purchase_date":"2026-07-26T00:00:00+07:00","discount_amount":0,"total_amount":1000,"payment_status":"unpaid","paid_amount":0,"remaining_amount":1000,"status":"active","user_name":"Administrator","notes":"","items":[{"id":52,"product_id":12,"product_name":"Rokok Test Berantai","quantity":1,"unit":"Batang","conversion_qty":1,"purchase_price":1000,"subtotal":1000}]}}', 2, 12, '::1', NULL, '2026-07-26 21:59:50.242')

2026/07/26 21:59:50 [32mD:/Develop/Project_pos_mahenz/BE/domain/auth/repo/auth_repo.go:46
[0m[33m[0.507ms] [34;1m[rows:1][0m SELECT id, user_id, user_role, token, device_info, expires_at FROM sessions WHERE token = 'eyJhbGciOiJIUzI1NiIsInR5cCI6IkpXVCJ9.eyJhcHBzIjoiIiwiZXhwIjoxNzg1MTA2NzkwLCJmdWxsX25hbWUiOiJBZG1pbmlzdHJhdG9yIiwicm9sZSI6ImFkbWluIiwidXNlcl9pZCI6MiwidXNlcm5hbWUiOiJhZG1pbiJ9._MPdhNWxqtmkSWVAQ9oJ_hZ-f9RUwTPG89tkULtzVcw' LIMIT 1

2026/07/26 21:59:50 [32mD:/Develop/Project_pos_mahenz/BE/domain/supplier_purchase/repo/purchase_repo.go:205
[0m[33m[0.000ms] [34;1m[rows:1][0m SELECT id, purchase_code, invoice_number, supplier_id, purchase_date, discount_amount, total_amount, payment_status, paid_amount, remaining_amount, status, user_id, notes FROM purchases WHERE id = 36

2026/07/26 21:59:50 [32mD:/Develop/Project_pos_mahenz/BE/domain/supplier_purchase/repo/purchase_repo.go:585
[0m[33m[0.524ms] [34;1m[rows:1][0m SELECT COUNT(*) FROM supplier_returns WHERE purchase_id = 36

2026/07/26 21:59:50 [32mD:/Develop/Project_pos_mahenz/BE/domain/supplier_purchase/repo/purchase_repo.go:601
[0m[33m[0.000ms] [34;1m[rows:1][0m SELECT status FROM purchases WHERE id = 36 LIMIT 1 FOR UPDATE

2026/07/26 21:59:50 [32mD:/Develop/Project_pos_mahenz/BE/domain/supplier_purchase/repo/purchase_repo.go:612
[0m[33m[0.000ms] [34;1m[rows:1][0m UPDATE purchases SET status = 'void', remaining_amount = 0, updated_at = NOW() WHERE id = 36

2026/07/26 21:59:50 [32mD:/Develop/Project_pos_mahenz/BE/domain/supplier_purchase/repo/purchase_repo.go:216
[0m[33m[0.517ms] [34;1m[rows:-][0m SELECT pi.id, pi.product_id, COALESCE(p.name, '') as product_name, pi.quantity, pi.unit, COALESCE(pi.conversion_qty, 1) as conversion_qty, pi.purchase_price, pi.subtotal FROM purchase_items pi LEFT JOIN products p ON pi.product_id = p.id WHERE pi.purchase_id = 36

2026/07/26 21:59:50 [32mD:/Develop/Project_pos_mahenz/BE/domain/supplier_purchase/repo/purchase_repo.go:250
[0m[33m[0.000ms] [34;1m[rows:0][0m SELECT qty, expired_date FROM product_expiry_batches WHERE purchase_item_id = 52 ORDER BY expired_date ASC

2026/07/26 21:59:50 [32mD:/Develop/Project_pos_mahenz/BE/domain/supplier_purchase/repo/purchase_repo.go:629
[0m[33m[0.368ms] [34;1m[rows:1][0m SELECT stock FROM products WHERE id = 12 LIMIT 1

2026/07/26 21:59:50 [32mD:/Develop/Project_pos_mahenz/BE/domain/supplier_purchase/repo/purchase_repo.go:633
[0m[33m[1.866ms] [34;1m[rows:1][0m UPDATE products SET stock = stock - 1, updated_at = NOW() WHERE id = 12

2026/07/26 21:59:50 [32mD:/Develop/Project_pos_mahenz/BE/domain/supplier_purchase/repo/purchase_repo.go:639
[0m[33m[0.664ms] [34;1m[rows:1][0m INSERT INTO stock_mutations (product_id, mutation_type, quantity, stock_before, stock_after, reference_type, reference_id, notes, user_id) VALUES (12, 'void_purchase', 1, 3078, 3077, 'purchase', 36, 'Void purchase order ID 36', 2)
[GIN] 2026/07/26 - 21:59:50 | 200 |      8.6496ms |             ::1 | POST     "/api/supplier-purchases/void/36"

2026/07/26 21:59:50 [32mD:/Develop/Project_pos_mahenz/BE/repository/log_request_repository.go:32
[0m[33m[1.959ms] [34;1m[rows:1][0m INSERT INTO log_requests (id, method, endpoint, status_code, request_body, response_body, user_id, duration_ms, ip_address, error_message, created_at) VALUES ('60bcf3be-93be-4616-a2b3-b24bece9cd24', 'POST', '/api/supplier-purchases/void/36', 200, '', '{"code":"00","status":true,"message":"Purchase order berhasil di-void","data":null}', 2, 8, '::1', NULL, '2026-07-26 21:59:50.423')

2026/07/26 21:59:50 [32mD:/Develop/Project_pos_mahenz/BE/domain/auth/repo/auth_repo.go:46
[0m[33m[0.509ms] [34;1m[rows:1][0m SELECT id, user_id, user_role, token, device_info, expires_at FROM sessions WHERE token = 'eyJhbGciOiJIUzI1NiIsInR5cCI6IkpXVCJ9.eyJhcHBzIjoiIiwiZXhwIjoxNzg1MTA2NzkwLCJmdWxsX25hbWUiOiJBZG1pbmlzdHJhdG9yIiwicm9sZSI6ImFkbWluIiwidXNlcl9pZCI6MiwidXNlcm5hbWUiOiJhZG1pbiJ9._MPdhNWxqtmkSWVAQ9oJ_hZ-f9RUwTPG89tkULtzVcw' LIMIT 1

2026/07/26 21:59:50 [32mD:/Develop/Project_pos_mahenz/BE/domain/supplier_purchase/repo/purchase_repo.go:205
[0m[33m[0.519ms] [34;1m[rows:1][0m SELECT id, purchase_code, invoice_number, supplier_id, purchase_date, discount_amount, total_amount, payment_status, paid_amount, remaining_amount, status, user_id, notes FROM purchases WHERE id = 36
[GIN] 2026/07/26 - 21:59:50 | 400 |      1.5985ms |             ::1 | POST     "/api/supplier-purchases/update/36"
Error #01: PO sudah di-void, tidak bisa diedit

2026/07/26 21:59:50 [32mD:/Develop/Project_pos_mahenz/BE/repository/log_request_repository.go:32
[0m[33m[2.614ms] [34;1m[rows:1][0m INSERT INTO log_requests (id, method, endpoint, status_code, request_body, response_body, user_id, duration_ms, ip_address, error_message, created_at) VALUES ('d33f1d12-f780-4bb6-a041-cb38762a3d4d', 'POST', '/api/supplier-purchases/update/36', 400, '{"invoice_number":"REG-EDIT-VOID","supplier_id":1,"purchase_date":"2026-07-26","discount_amount":0,"payment_status":"unpaid","items":[{"product_id":12,"quantity":2,"unit":"Batang","conversion_qty":1,"purchase_price":1000}]}', '{"code":"40","status":false,"message":"PO sudah di-void, tidak bisa diedit","data":null}', 2, 1, '::1', 'PO sudah di-void, tidak bisa diedit', '2026-07-26 21:59:50.523')

2026/07/26 21:59:50 [32mD:/Develop/Project_pos_mahenz/BE/domain/auth/repo/auth_repo.go:46
[0m[33m[0.509ms] [34;1m[rows:1][0m SELECT id, user_id, user_role, token, device_info, expires_at FROM sessions WHERE token = 'eyJhbGciOiJIUzI1NiIsInR5cCI6IkpXVCJ9.eyJhcHBzIjoiIiwiZXhwIjoxNzg1MTA2NzkwLCJmdWxsX25hbWUiOiJBZG1pbmlzdHJhdG9yIiwicm9sZSI6ImFkbWluIiwidXNlcl9pZCI6MiwidXNlcm5hbWUiOiJhZG1pbiJ9._MPdhNWxqtmkSWVAQ9oJ_hZ-f9RUwTPG89tkULtzVcw' LIMIT 1

2026/07/26 21:59:50 [32mD:/Develop/Project_pos_mahenz/BE/domain/supplier_purchase/repo/purchase_repo.go:205
[0m[33m[0.000ms] [34;1m[rows:0][0m SELECT id, purchase_code, invoice_number, supplier_id, purchase_date, discount_amount, total_amount, payment_status, paid_amount, remaining_amount, status, user_id, notes FROM purchases WHERE id = 99999
[GIN] 2026/07/26 - 21:59:50 | 404 |      1.1544ms |             ::1 | POST     "/api/supplier-purchases/update/99999"
Error #01: Purchase order tidak ditemukan

2026/07/26 21:59:50 [32mD:/Develop/Project_pos_mahenz/BE/repository/log_request_repository.go:32
[0m[33m[2.354ms] [34;1m[rows:1][0m INSERT INTO log_requests (id, method, endpoint, status_code, request_body, response_body, user_id, duration_ms, ip_address, error_message, created_at) VALUES ('b6f14293-d583-4444-a655-54233ac2942d', 'POST', '/api/supplier-purchases/update/99999', 404, '{"invoice_number":"X","supplier_id":1,"purchase_date":"2026-07-26","discount_amount":0,"payment_status":"unpaid","items":[{"product_id":12,"quantity":1,"unit":"Batang","conversion_qty":1,"purchase_price":1000}]}', '{"code":"44","status":false,"message":"Purchase order tidak ditemukan","data":null}', 2, 1, '::1', 'Purchase order tidak ditemukan', '2026-07-26 21:59:50.616')

2026/07/26 22:00:24 [32mD:/Develop/Project_pos_mahenz/BE/domain/auth/repo/auth_repo.go:17
[0m[33m[14.942ms] [34;1m[rows:1][0m SELECT u.id, u.username, u.password, u.full_name, u.role_id, r.name AS role_name, u.is_active FROM users u INNER JOIN roles r ON r.id = u.role_id WHERE u.username = 'admin' LIMIT 1

2026/07/26 22:00:24 [32mD:/Develop/Project_pos_mahenz/BE/domain/auth/repo/auth_repo.go:67
[0m[33m[4.905ms] [34;1m[rows:1][0m DELETE FROM sessions WHERE user_id = 2

2026/07/26 22:00:24 [32mD:/Develop/Project_pos_mahenz/BE/domain/auth/repo/auth_repo.go:38
[0m[33m[2.777ms] [34;1m[rows:1][0m INSERT INTO sessions (user_id, user_role, token, refresh_token, device_info, ip_address, expires_at) VALUES (2, 'admin', 'eyJhbGciOiJIUzI1NiIsInR5cCI6IkpXVCJ9.eyJhcHBzIjoiIiwiZXhwIjoxNzg1MTA2ODI0LCJmdWxsX25hbWUiOiJBZG1pbmlzdHJhdG9yIiwicm9sZSI6ImFkbWluIiwidXNlcl9pZCI6MiwidXNlcm5hbWUiOiJhZG1pbiJ9.1nQ2mKp2sW9sIJojcHpEUamekV_p-DljU3Fs0hpkCYo', '4b03270de0cef9ca93134d2af9e218617ff042e8d1143b46c02e359a0ca0402b', '', '::1', '2026-08-02 22:00:24.171') ON DUPLICATE KEY UPDATE user_role=VALUES(user_role), token=VALUES(token), refresh_token=VALUES(refresh_token), device_info=VALUES(device_info), ip_address=VALUES(ip_address), expires_at=VALUES(expires_at), created_at=NOW()
[GIN] 2026/07/26 - 22:00:24 | 200 |    192.8606ms |             ::1 | POST     "/api/auth/login"

2026/07/26 22:00:24 [32mD:/Develop/Project_pos_mahenz/BE/repository/log_request_repository.go:32
[0m[33m[2.801ms] [34;1m[rows:1][0m INSERT INTO log_requests (id, method, endpoint, status_code, request_body, response_body, user_id, duration_ms, ip_address, error_message, created_at) VALUES ('60bdada0-a478-4544-98bf-db34c970bfa6', 'POST', '/api/auth/login', 200, '{"username":"admin","password":"admin123"}', '{"code":"00","status":true,"message":"Login berhasil","data":{"token":"eyJhbGciOiJIUzI1NiIsInR5cCI6IkpXVCJ9.eyJhcHBzIjoiIiwiZXhwIjoxNzg1MTA2ODI0LCJmdWxsX25hbWUiOiJBZG1pbmlzdHJhdG9yIiwicm9sZSI6ImFkbWluIiwidXNlcl9pZCI6MiwidXNlcm5hbWUiOiJhZG1pbiJ9.1nQ2mKp2sW9sIJojcHpEUamekV_p-DljU3Fs0hpkCYo","refresh_token":"4b03270de0cef9ca93134d2af9e218617ff042e8d1143b46c02e359a0ca0402b","expires_at":"2026-08-02T22:00:24.1713775+07:00","user":{"id":2,"username":"admin","full_name":"Administrator","role_id":2,"role_name":"admin"}}}', NULL, 192, '::1', NULL, '2026-07-26 22:00:24.18')

2026/07/26 22:00:24 [32mD:/Develop/Project_pos_mahenz/BE/domain/auth/repo/auth_repo.go:46
[0m[33m[1.010ms] [34;1m[rows:1][0m SELECT id, user_id, user_role, token, device_info, expires_at FROM sessions WHERE token = 'eyJhbGciOiJIUzI1NiIsInR5cCI6IkpXVCJ9.eyJhcHBzIjoiIiwiZXhwIjoxNzg1MTA2ODI0LCJmdWxsX25hbWUiOiJBZG1pbmlzdHJhdG9yIiwicm9sZSI6ImFkbWluIiwidXNlcl9pZCI6MiwidXNlcm5hbWUiOiJhZG1pbiJ9.1nQ2mKp2sW9sIJojcHpEUamekV_p-DljU3Fs0hpkCYo' LIMIT 1

2026/07/26 22:00:24 [32mD:/Develop/Project_pos_mahenz/BE/domain/supplier_purchase/repo/purchase_repo.go:318
[0m[33m[10.431ms] [34;1m[rows:1][0m SELECT COUNT(*) FROM purchases WHERE DATE(purchase_date) = '2026-07-26'

2026/07/26 22:00:24 [32mD:/Develop/Project_pos_mahenz/BE/domain/supplier_purchase/repo/purchase_repo.go:338
[0m[33m[0.545ms] [34;1m[rows:1][0m INSERT INTO purchases (purchase_code, invoice_number, supplier_id, purchase_date, discount_amount, total_amount, payment_status, paid_amount, remaining_amount, user_id, notes) VALUES ('PO-20260726-027', 'REG-RACE-1', 1, '2026-07-26', 0, 1000, 'unpaid', 0, 1000, 2, '')

2026/07/26 22:00:24 [32mD:/Develop/Project_pos_mahenz/BE/domain/supplier_purchase/repo/purchase_repo.go:345
[0m[33m[0.000ms] [34;1m[rows:1][0m SELECT LAST_INSERT_ID()

2026/07/26 22:00:24 [32mD:/Develop/Project_pos_mahenz/BE/domain/supplier_purchase/repo/purchase_repo.go:366
[0m[33m[0.525ms] [34;1m[rows:1][0m INSERT INTO purchase_items (purchase_id, product_id, quantity, unit, conversion_qty, purchase_price, subtotal) VALUES (37, 12, 1, 'Batang', 1, 1000, 1000)

2026/07/26 22:00:24 [32mD:/Develop/Project_pos_mahenz/BE/domain/supplier_purchase/repo/purchase_repo.go:384
[0m[33m[0.630ms] [34;1m[rows:1][0m SELECT stock FROM products WHERE id = 12 LIMIT 1

2026/07/26 22:00:24 [32mD:/Develop/Project_pos_mahenz/BE/domain/supplier_purchase/repo/purchase_repo.go:388
[0m[33m[0.515ms] [34;1m[rows:1][0m UPDATE products SET stock = stock + 1, updated_at = NOW() WHERE id = 12

2026/07/26 22:00:24 [32mD:/Develop/Project_pos_mahenz/BE/domain/supplier_purchase/repo/purchase_repo.go:394
[0m[33m[0.623ms] [34;1m[rows:1][0m INSERT INTO stock_mutations (product_id, mutation_type, quantity, stock_before, stock_after, reference_type, reference_id, notes, user_id) VALUES (12, 'in', 1, 3077, 3078, 'purchase', 37, 'Purchase Order PO-20260726-027', 2)

2026/07/26 22:00:24 [32mD:/Develop/Project_pos_mahenz/BE/domain/supplier_purchase/repo/purchase_repo.go:174
[0m[33m[0.505ms] [34;1m[rows:-][0m SELECT p.id, p.purchase_code, p.invoice_number, p.supplier_id, COALESCE(s.name, '') as supplier_name, p.purchase_date, p.discount_amount, p.total_amount, p.payment_status, p.paid_amount, p.remaining_amount, p.status, COALESCE(u.full_name, '') as user_name, p.notes FROM purchases p LEFT JOIN users u ON p.user_id = u.id LEFT JOIN suppliers s ON p.supplier_id = s.id WHERE p.id = 37

2026/07/26 22:00:24 [32mD:/Develop/Project_pos_mahenz/BE/domain/supplier_purchase/repo/purchase_repo.go:216
[0m[33m[0.620ms] [34;1m[rows:-][0m SELECT pi.id, pi.product_id, COALESCE(p.name, '') as product_name, pi.quantity, pi.unit, COALESCE(pi.conversion_qty, 1) as conversion_qty, pi.purchase_price, pi.subtotal FROM purchase_items pi LEFT JOIN products p ON pi.product_id = p.id WHERE pi.purchase_id = 37

2026/07/26 22:00:24 [32mD:/Develop/Project_pos_mahenz/BE/domain/supplier_purchase/repo/purchase_repo.go:250
[0m[33m[0.000ms] [34;1m[rows:0][0m SELECT qty, expired_date FROM product_expiry_batches WHERE purchase_item_id = 53 ORDER BY expired_date ASC
[GIN] 2026/07/26 - 22:00:24 | 201 |     24.2801ms |             ::1 | POST     "/api/supplier-purchases/create"

2026/07/26 22:00:24 [32mD:/Develop/Project_pos_mahenz/BE/repository/log_request_repository.go:32
[0m[33m[2.193ms] [34;1m[rows:1][0m INSERT INTO log_requests (id, method, endpoint, status_code, request_body, response_body, user_id, duration_ms, ip_address, error_message, created_at) VALUES ('6da521cf-5fd4-428b-8ed2-ad027902bac1', 'POST', '/api/supplier-purchases/create', 201, '{"invoice_number":"REG-RACE-1","supplier_id":1,"purchase_date":"2026-07-26","discount_amount":0,"payment_status":"unpaid","items":[{"product_id":12,"quantity":1,"unit":"Batang","conversion_qty":1,"purchase_price":1000}]}', '{"code":"21","status":true,"message":"Purchase order berhasil dibuat","data":{"id":37,"purchase_code":"PO-20260726-027","invoice_number":"REG-RACE-1","supplier_id":1,"supplier_name":"Supplier Test Fase14","purchase_date":"2026-07-26T00:00:00+07:00","discount_amount":0,"total_amount":1000,"payment_status":"unpaid","paid_amount":0,"remaining_amount":1000,"status":"active","user_name":"Administrator","notes":"","items":[{"id":53,"product_id":12,"product_name":"Rokok Test Berantai","quantity":1,"unit":"Batang","conversion_qty":1,"purchase_price":1000,"subtotal":1000}]}}', 2, 24, '::1', NULL, '2026-07-26 22:00:24.536')

2026/07/26 22:00:24 [32mD:/Develop/Project_pos_mahenz/BE/domain/auth/repo/auth_repo.go:46
[0m[33m[0.505ms] [34;1m[rows:1][0m SELECT id, user_id, user_role, token, device_info, expires_at FROM sessions WHERE token = 'eyJhbGciOiJIUzI1NiIsInR5cCI6IkpXVCJ9.eyJhcHBzIjoiIiwiZXhwIjoxNzg1MTA2ODI0LCJmdWxsX25hbWUiOiJBZG1pbmlzdHJhdG9yIiwicm9sZSI6ImFkbWluIiwidXNlcl9pZCI6MiwidXNlcm5hbWUiOiJhZG1pbiJ9.1nQ2mKp2sW9sIJojcHpEUamekV_p-DljU3Fs0hpkCYo' LIMIT 1

2026/07/26 22:00:24 [32mD:/Develop/Project_pos_mahenz/BE/domain/supplier_purchase/repo/purchase_repo.go:318
[0m[33m[0.527ms] [34;1m[rows:1][0m SELECT COUNT(*) FROM purchases WHERE DATE(purchase_date) = '2026-07-26'

2026/07/26 22:00:24 [32mD:/Develop/Project_pos_mahenz/BE/domain/supplier_purchase/repo/purchase_repo.go:338
[0m[33m[0.643ms] [34;1m[rows:1][0m INSERT INTO purchases (purchase_code, invoice_number, supplier_id, purchase_date, discount_amount, total_amount, payment_status, paid_amount, remaining_amount, user_id, notes) VALUES ('PO-20260726-028', 'REG-RACE-2', 1, '2026-07-26', 0, 1000, 'unpaid', 0, 1000, 2, '')

2026/07/26 22:00:24 [32mD:/Develop/Project_pos_mahenz/BE/domain/supplier_purchase/repo/purchase_repo.go:345
[0m[33m[0.000ms] [34;1m[rows:1][0m SELECT LAST_INSERT_ID()

2026/07/26 22:00:24 [32mD:/Develop/Project_pos_mahenz/BE/domain/supplier_purchase/repo/purchase_repo.go:366
[0m[33m[0.714ms] [34;1m[rows:1][0m INSERT INTO purchase_items (purchase_id, product_id, quantity, unit, conversion_qty, purchase_price, subtotal) VALUES (38, 12, 1, 'Batang', 1, 1000, 1000)

2026/07/26 22:00:24 [32mD:/Develop/Project_pos_mahenz/BE/domain/supplier_purchase/repo/purchase_repo.go:384
[0m[33m[1.033ms] [34;1m[rows:1][0m SELECT stock FROM products WHERE id = 12 LIMIT 1

2026/07/26 22:00:24 [32mD:/Develop/Project_pos_mahenz/BE/domain/supplier_purchase/repo/purchase_repo.go:388
[0m[33m[0.457ms] [34;1m[rows:1][0m UPDATE products SET stock = stock + 1, updated_at = NOW() WHERE id = 12

2026/07/26 22:00:24 [32mD:/Develop/Project_pos_mahenz/BE/domain/supplier_purchase/repo/purchase_repo.go:394
[0m[33m[12.724ms] [34;1m[rows:1][0m INSERT INTO stock_mutations (product_id, mutation_type, quantity, stock_before, stock_after, reference_type, reference_id, notes, user_id) VALUES (12, 'in', 1, 3078, 3079, 'purchase', 38, 'Purchase Order PO-20260726-028', 2)

2026/07/26 22:00:24 [32mD:/Develop/Project_pos_mahenz/BE/domain/supplier_purchase/repo/purchase_repo.go:174
[0m[33m[10.598ms] [34;1m[rows:-][0m SELECT p.id, p.purchase_code, p.invoice_number, p.supplier_id, COALESCE(s.name, '') as supplier_name, p.purchase_date, p.discount_amount, p.total_amount, p.payment_status, p.paid_amount, p.remaining_amount, p.status, COALESCE(u.full_name, '') as user_name, p.notes FROM purchases p LEFT JOIN users u ON p.user_id = u.id LEFT JOIN suppliers s ON p.supplier_id = s.id WHERE p.id = 38

2026/07/26 22:00:24 [32mD:/Develop/Project_pos_mahenz/BE/domain/supplier_purchase/repo/purchase_repo.go:216
[0m[33m[21.859ms] [34;1m[rows:-][0m SELECT pi.id, pi.product_id, COALESCE(p.name, '') as product_name, pi.quantity, pi.unit, COALESCE(pi.conversion_qty, 1) as conversion_qty, pi.purchase_price, pi.subtotal FROM purchase_items pi LEFT JOIN products p ON pi.product_id = p.id WHERE pi.purchase_id = 38

2026/07/26 22:00:24 [32mD:/Develop/Project_pos_mahenz/BE/domain/supplier_purchase/repo/purchase_repo.go:250
[0m[33m[19.897ms] [34;1m[rows:0][0m SELECT qty, expired_date FROM product_expiry_batches WHERE purchase_item_id = 54 ORDER BY expired_date ASC
[GIN] 2026/07/26 - 22:00:24 | 201 |      83.152ms |             ::1 | POST     "/api/supplier-purchases/create"

2026/07/26 22:00:24 [32mD:/Develop/Project_pos_mahenz/BE/repository/log_request_repository.go:32
[0m[33m[15.988ms] [34;1m[rows:1][0m INSERT INTO log_requests (id, method, endpoint, status_code, request_body, response_body, user_id, duration_ms, ip_address, error_message, created_at) VALUES ('189e8120-d4ab-4a8a-af64-d8ba0eb89120', 'POST', '/api/supplier-purchases/create', 201, '{"invoice_number":"REG-RACE-2","supplier_id":1,"purchase_date":"2026-07-26","discount_amount":0,"payment_status":"unpaid","items":[{"product_id":12,"quantity":1,"unit":"Batang","conversion_qty":1,"purchase_price":1000}]}', '{"code":"21","status":true,"message":"Purchase order berhasil dibuat","data":{"id":38,"purchase_code":"PO-20260726-028","invoice_number":"REG-RACE-2","supplier_id":1,"supplier_name":"Supplier Test Fase14","purchase_date":"2026-07-26T00:00:00+07:00","discount_amount":0,"total_amount":1000,"payment_status":"unpaid","paid_amount":0,"remaining_amount":1000,"status":"active","user_name":"Administrator","notes":"","items":[{"id":54,"product_id":12,"product_name":"Rokok Test Berantai","quantity":1,"unit":"Batang","conversion_qty":1,"purchase_price":1000,"subtotal":1000}]}}', 2, 83, '::1', NULL, '2026-07-26 22:00:24.672')

2026/07/26 22:00:24 [32mD:/Develop/Project_pos_mahenz/BE/domain/auth/repo/auth_repo.go:46
[0m[33m[0.506ms] [34;1m[rows:1][0m SELECT id, user_id, user_role, token, device_info, expires_at FROM sessions WHERE token = 'eyJhbGciOiJIUzI1NiIsInR5cCI6IkpXVCJ9.eyJhcHBzIjoiIiwiZXhwIjoxNzg1MTA2ODI0LCJmdWxsX25hbWUiOiJBZG1pbmlzdHJhdG9yIiwicm9sZSI6ImFkbWluIiwidXNlcl9pZCI6MiwidXNlcm5hbWUiOiJhZG1pbiJ9.1nQ2mKp2sW9sIJojcHpEUamekV_p-DljU3Fs0hpkCYo' LIMIT 1

2026/07/26 22:00:24 [32mD:/Develop/Project_pos_mahenz/BE/domain/supplier_purchase/repo/purchase_repo.go:318
[0m[33m[0.000ms] [34;1m[rows:1][0m SELECT COUNT(*) FROM purchases WHERE DATE(purchase_date) = '2026-07-26'

2026/07/26 22:00:24 [32mD:/Develop/Project_pos_mahenz/BE/domain/supplier_purchase/repo/purchase_repo.go:338
[0m[33m[0.542ms] [34;1m[rows:1][0m INSERT INTO purchases (purchase_code, invoice_number, supplier_id, purchase_date, discount_amount, total_amount, payment_status, paid_amount, remaining_amount, user_id, notes) VALUES ('PO-20260726-029', 'REG-RACE-3', 1, '2026-07-26', 0, 1000, 'unpaid', 0, 1000, 2, '')

2026/07/26 22:00:24 [32mD:/Develop/Project_pos_mahenz/BE/domain/supplier_purchase/repo/purchase_repo.go:345
[0m[33m[0.590ms] [34;1m[rows:1][0m SELECT LAST_INSERT_ID()

2026/07/26 22:00:24 [32mD:/Develop/Project_pos_mahenz/BE/domain/supplier_purchase/repo/purchase_repo.go:366
[0m[33m[0.597ms] [34;1m[rows:1][0m INSERT INTO purchase_items (purchase_id, product_id, quantity, unit, conversion_qty, purchase_price, subtotal) VALUES (39, 12, 1, 'Batang', 1, 1000, 1000)

2026/07/26 22:00:24 [32mD:/Develop/Project_pos_mahenz/BE/domain/supplier_purchase/repo/purchase_repo.go:384
[0m[33m[0.669ms] [34;1m[rows:1][0m SELECT stock FROM products WHERE id = 12 LIMIT 1

2026/07/26 22:00:24 [32mD:/Develop/Project_pos_mahenz/BE/domain/supplier_purchase/repo/purchase_repo.go:388
[0m[33m[2.014ms] [34;1m[rows:1][0m UPDATE products SET stock = stock + 1, updated_at = NOW() WHERE id = 12

2026/07/26 22:00:24 [32mD:/Develop/Project_pos_mahenz/BE/domain/supplier_purchase/repo/purchase_repo.go:394
[0m[33m[0.000ms] [34;1m[rows:1][0m INSERT INTO stock_mutations (product_id, mutation_type, quantity, stock_before, stock_after, reference_type, reference_id, notes, user_id) VALUES (12, 'in', 1, 3079, 3080, 'purchase', 39, 'Purchase Order PO-20260726-029', 2)

2026/07/26 22:00:24 [32mD:/Develop/Project_pos_mahenz/BE/domain/supplier_purchase/repo/purchase_repo.go:174
[0m[33m[0.504ms] [34;1m[rows:-][0m SELECT p.id, p.purchase_code, p.invoice_number, p.supplier_id, COALESCE(s.name, '') as supplier_name, p.purchase_date, p.discount_amount, p.total_amount, p.payment_status, p.paid_amount, p.remaining_amount, p.status, COALESCE(u.full_name, '') as user_name, p.notes FROM purchases p LEFT JOIN users u ON p.user_id = u.id LEFT JOIN suppliers s ON p.supplier_id = s.id WHERE p.id = 39

2026/07/26 22:00:24 [32mD:/Develop/Project_pos_mahenz/BE/domain/supplier_purchase/repo/purchase_repo.go:216
[0m[33m[0.537ms] [34;1m[rows:-][0m SELECT pi.id, pi.product_id, COALESCE(p.name, '') as product_name, pi.quantity, pi.unit, COALESCE(pi.conversion_qty, 1) as conversion_qty, pi.purchase_price, pi.subtotal FROM purchase_items pi LEFT JOIN products p ON pi.product_id = p.id WHERE pi.purchase_id = 39

2026/07/26 22:00:24 [32mD:/Develop/Project_pos_mahenz/BE/domain/supplier_purchase/repo/purchase_repo.go:250
[0m[33m[0.000ms] [34;1m[rows:0][0m SELECT qty, expired_date FROM product_expiry_batches WHERE purchase_item_id = 55 ORDER BY expired_date ASC
[GIN] 2026/07/26 - 22:00:24 | 201 |      9.7234ms |             ::1 | POST     "/api/supplier-purchases/create"

2026/07/26 22:00:24 [32mD:/Develop/Project_pos_mahenz/BE/repository/log_request_repository.go:32
[0m[33m[1.975ms] [34;1m[rows:1][0m INSERT INTO log_requests (id, method, endpoint, status_code, request_body, response_body, user_id, duration_ms, ip_address, error_message, created_at) VALUES ('7bc43abd-2c5e-4c4c-b312-a9636f1bd04f', 'POST', '/api/supplier-purchases/create', 201, '{"invoice_number":"REG-RACE-3","supplier_id":1,"purchase_date":"2026-07-26","discount_amount":0,"payment_status":"unpaid","items":[{"product_id":12,"quantity":1,"unit":"Batang","conversion_qty":1,"purchase_price":1000}]}', '{"code":"21","status":true,"message":"Purchase order berhasil dibuat","data":{"id":39,"purchase_code":"PO-20260726-029","invoice_number":"REG-RACE-3","supplier_id":1,"supplier_name":"Supplier Test Fase14","purchase_date":"2026-07-26T00:00:00+07:00","discount_amount":0,"total_amount":1000,"payment_status":"unpaid","paid_amount":0,"remaining_amount":1000,"status":"active","user_name":"Administrator","notes":"","items":[{"id":55,"product_id":12,"product_name":"Rokok Test Berantai","quantity":1,"unit":"Batang","conversion_qty":1,"purchase_price":1000,"subtotal":1000}]}}', 2, 9, '::1', NULL, '2026-07-26 22:00:24.863')

2026/07/26 22:00:42 [32mD:/Develop/Project_pos_mahenz/BE/domain/auth/repo/auth_repo.go:17
[0m[33m[0.506ms] [34;1m[rows:1][0m SELECT u.id, u.username, u.password, u.full_name, u.role_id, r.name AS role_name, u.is_active FROM users u INNER JOIN roles r ON r.id = u.role_id WHERE u.username = 'admin' LIMIT 1

2026/07/26 22:00:43 [32mD:/Develop/Project_pos_mahenz/BE/domain/auth/repo/auth_repo.go:67
[0m[33m[0.000ms] [34;1m[rows:1][0m DELETE FROM sessions WHERE user_id = 2

2026/07/26 22:00:43 [32mD:/Develop/Project_pos_mahenz/BE/domain/auth/repo/auth_repo.go:38
[0m[33m[0.000ms] [34;1m[rows:1][0m INSERT INTO sessions (user_id, user_role, token, refresh_token, device_info, ip_address, expires_at) VALUES (2, 'admin', 'eyJhbGciOiJIUzI1NiIsInR5cCI6IkpXVCJ9.eyJhcHBzIjoiIiwiZXhwIjoxNzg1MTA2ODQzLCJmdWxsX25hbWUiOiJBZG1pbmlzdHJhdG9yIiwicm9sZSI6ImFkbWluIiwidXNlcl9pZCI6MiwidXNlcm5hbWUiOiJhZG1pbiJ9.eRmjM4rV-j5vvg5BdtoCGeHYJPEIcvHOHoZ-gbxTbos', '0dcdc919d86230475594e34120e5f1d4646e31e2207831dde9d97c42b5e47fda', '', '::1', '2026-08-02 22:00:43.384') ON DUPLICATE KEY UPDATE user_role=VALUES(user_role), token=VALUES(token), refresh_token=VALUES(refresh_token), device_info=VALUES(device_info), ip_address=VALUES(ip_address), expires_at=VALUES(expires_at), created_at=NOW()
[GIN] 2026/07/26 - 22:00:43 | 200 |    811.9174ms |             ::1 | POST     "/api/auth/login"

2026/07/26 22:00:43 [32mD:/Develop/Project_pos_mahenz/BE/repository/log_request_repository.go:32
[0m[33m[8.131ms] [34;1m[rows:1][0m INSERT INTO log_requests (id, method, endpoint, status_code, request_body, response_body, user_id, duration_ms, ip_address, error_message, created_at) VALUES ('3386a3c5-43fa-4ed9-923d-b786eb939d5e', 'POST', '/api/auth/login', 200, '{"username":"admin","password":"admin123"}', '{"code":"00","status":true,"message":"Login berhasil","data":{"token":"eyJhbGciOiJIUzI1NiIsInR5cCI6IkpXVCJ9.eyJhcHBzIjoiIiwiZXhwIjoxNzg1MTA2ODQzLCJmdWxsX25hbWUiOiJBZG1pbmlzdHJhdG9yIiwicm9sZSI6ImFkbWluIiwidXNlcl9pZCI6MiwidXNlcm5hbWUiOiJhZG1pbiJ9.eRmjM4rV-j5vvg5BdtoCGeHYJPEIcvHOHoZ-gbxTbos","refresh_token":"0dcdc919d86230475594e34120e5f1d4646e31e2207831dde9d97c42b5e47fda","expires_at":"2026-08-02T22:00:43.3846406+07:00","user":{"id":2,"username":"admin","full_name":"Administrator","role_id":2,"role_name":"admin"}}}', NULL, 811, '::1', NULL, '2026-07-26 22:00:43.384')

2026/07/26 22:00:43 [32mD:/Develop/Project_pos_mahenz/BE/domain/auth/repo/auth_repo.go:46
[0m[33m[0.819ms] [34;1m[rows:1][0m SELECT id, user_id, user_role, token, device_info, expires_at FROM sessions WHERE token = 'eyJhbGciOiJIUzI1NiIsInR5cCI6IkpXVCJ9.eyJhcHBzIjoiIiwiZXhwIjoxNzg1MTA2ODQzLCJmdWxsX25hbWUiOiJBZG1pbmlzdHJhdG9yIiwicm9sZSI6ImFkbWluIiwidXNlcl9pZCI6MiwidXNlcm5hbWUiOiJhZG1pbiJ9.eRmjM4rV-j5vvg5BdtoCGeHYJPEIcvHOHoZ-gbxTbos' LIMIT 1

2026/07/26 22:00:43 [32mD:/Develop/Project_pos_mahenz/BE/domain/supplier_purchase/repo/purchase_repo.go:318
[0m[33m[0.532ms] [34;1m[rows:1][0m SELECT COUNT(*) FROM purchases WHERE DATE(purchase_date) = '2026-07-26'

2026/07/26 22:00:43 [32mD:/Develop/Project_pos_mahenz/BE/domain/supplier_purchase/repo/purchase_repo.go:338
[0m[33m[0.663ms] [34;1m[rows:1][0m INSERT INTO purchases (purchase_code, invoice_number, supplier_id, purchase_date, discount_amount, total_amount, payment_status, paid_amount, remaining_amount, user_id, notes) VALUES ('PO-20260726-030', 'AUTO-PO-TEST', 1, '2026-07-26', 0, 1000, 'unpaid', 0, 1000, 2, '')

2026/07/26 22:00:43 [32mD:/Develop/Project_pos_mahenz/BE/domain/supplier_purchase/repo/purchase_repo.go:345
[0m[33m[0.000ms] [34;1m[rows:1][0m SELECT LAST_INSERT_ID()

2026/07/26 22:00:43 [32mD:/Develop/Project_pos_mahenz/BE/domain/supplier_purchase/repo/purchase_repo.go:366
[0m[33m[0.000ms] [34;1m[rows:1][0m INSERT INTO purchase_items (purchase_id, product_id, quantity, unit, conversion_qty, purchase_price, subtotal) VALUES (40, 12, 1, 'Batang', 1, 1000, 1000)

2026/07/26 22:00:43 [32mD:/Develop/Project_pos_mahenz/BE/domain/supplier_purchase/repo/purchase_repo.go:384
[0m[33m[0.533ms] [34;1m[rows:1][0m SELECT stock FROM products WHERE id = 12 LIMIT 1

2026/07/26 22:00:43 [32mD:/Develop/Project_pos_mahenz/BE/domain/supplier_purchase/repo/purchase_repo.go:388
[0m[33m[0.564ms] [34;1m[rows:1][0m UPDATE products SET stock = stock + 1, updated_at = NOW() WHERE id = 12

2026/07/26 22:00:43 [32mD:/Develop/Project_pos_mahenz/BE/domain/supplier_purchase/repo/purchase_repo.go:394
[0m[33m[0.505ms] [34;1m[rows:1][0m INSERT INTO stock_mutations (product_id, mutation_type, quantity, stock_before, stock_after, reference_type, reference_id, notes, user_id) VALUES (12, 'in', 1, 3080, 3081, 'purchase', 40, 'Purchase Order PO-20260726-030', 2)

2026/07/26 22:00:43 [32mD:/Develop/Project_pos_mahenz/BE/domain/supplier_purchase/repo/purchase_repo.go:174
[0m[33m[1.734ms] [34;1m[rows:-][0m SELECT p.id, p.purchase_code, p.invoice_number, p.supplier_id, COALESCE(s.name, '') as supplier_name, p.purchase_date, p.discount_amount, p.total_amount, p.payment_status, p.paid_amount, p.remaining_amount, p.status, COALESCE(u.full_name, '') as user_name, p.notes FROM purchases p LEFT JOIN users u ON p.user_id = u.id LEFT JOIN suppliers s ON p.supplier_id = s.id WHERE p.id = 40

2026/07/26 22:00:43 [32mD:/Develop/Project_pos_mahenz/BE/domain/supplier_purchase/repo/purchase_repo.go:216
[0m[33m[3.245ms] [34;1m[rows:-][0m SELECT pi.id, pi.product_id, COALESCE(p.name, '') as product_name, pi.quantity, pi.unit, COALESCE(pi.conversion_qty, 1) as conversion_qty, pi.purchase_price, pi.subtotal FROM purchase_items pi LEFT JOIN products p ON pi.product_id = p.id WHERE pi.purchase_id = 40

2026/07/26 22:00:43 [32mD:/Develop/Project_pos_mahenz/BE/domain/supplier_purchase/repo/purchase_repo.go:250
[0m[33m[1.000ms] [34;1m[rows:0][0m SELECT qty, expired_date FROM product_expiry_batches WHERE purchase_item_id = 56 ORDER BY expired_date ASC
[GIN] 2026/07/26 - 22:00:43 | 201 |     14.3211ms |             ::1 | POST     "/api/supplier-purchases/create"

2026/07/26 22:00:43 [32mD:/Develop/Project_pos_mahenz/BE/repository/log_request_repository.go:32
[0m[33m[15.130ms] [34;1m[rows:1][0m INSERT INTO log_requests (id, method, endpoint, status_code, request_body, response_body, user_id, duration_ms, ip_address, error_message, created_at) VALUES ('847c1639-ae8e-4a99-b208-6eab56df634f', 'POST', '/api/supplier-purchases/create', 201, '{"invoice_number":"AUTO-PO-TEST","supplier_id":1,"purchase_date":"2026-07-26","discount_amount":0,"payment_status":"unpaid","items":[{"product_id":12,"quantity":1,"unit":"Batang","conversion_qty":1,"purchase_price":1000}]}', '{"code":"21","status":true,"message":"Purchase order berhasil dibuat","data":{"id":40,"purchase_code":"PO-20260726-030","invoice_number":"AUTO-PO-TEST","supplier_id":1,"supplier_name":"Supplier Test Fase14","purchase_date":"2026-07-26T00:00:00+07:00","discount_amount":0,"total_amount":1000,"payment_status":"unpaid","paid_amount":0,"remaining_amount":1000,"status":"active","user_name":"Administrator","notes":"","items":[{"id":56,"product_id":12,"product_name":"Rokok Test Berantai","quantity":1,"unit":"Batang","conversion_qty":1,"purchase_price":1000,"subtotal":1000}]}}', 2, 14, '::1', NULL, '2026-07-26 22:00:43.581')

2026/07/26 22:00:43 [32mD:/Develop/Project_pos_mahenz/BE/domain/auth/repo/auth_repo.go:46
[0m[33m[0.506ms] [34;1m[rows:1][0m SELECT id, user_id, user_role, token, device_info, expires_at FROM sessions WHERE token = 'eyJhbGciOiJIUzI1NiIsInR5cCI6IkpXVCJ9.eyJhcHBzIjoiIiwiZXhwIjoxNzg1MTA2ODQzLCJmdWxsX25hbWUiOiJBZG1pbmlzdHJhdG9yIiwicm9sZSI6ImFkbWluIiwidXNlcl9pZCI6MiwidXNlcm5hbWUiOiJhZG1pbiJ9.eRmjM4rV-j5vvg5BdtoCGeHYJPEIcvHOHoZ-gbxTbos' LIMIT 1

2026/07/26 22:00:43 [32mD:/Develop/Project_pos_mahenz/BE/domain/supplier_purchase/repo/purchase_repo.go:205
[0m[33m[0.543ms] [34;1m[rows:1][0m SELECT id, purchase_code, invoice_number, supplier_id, purchase_date, discount_amount, total_amount, payment_status, paid_amount, remaining_amount, status, user_id, notes FROM purchases WHERE id = 40

2026/07/26 22:00:43 [32mD:/Develop/Project_pos_mahenz/BE/domain/supplier_purchase/repo/purchase_repo.go:216
[0m[33m[0.541ms] [34;1m[rows:-][0m SELECT pi.id, pi.product_id, COALESCE(p.name, '') as product_name, pi.quantity, pi.unit, COALESCE(pi.conversion_qty, 1) as conversion_qty, pi.purchase_price, pi.subtotal FROM purchase_items pi LEFT JOIN products p ON pi.product_id = p.id WHERE pi.purchase_id = 40

2026/07/26 22:00:43 [32mD:/Develop/Project_pos_mahenz/BE/domain/supplier_purchase/repo/purchase_repo.go:250
[0m[33m[0.000ms] [34;1m[rows:0][0m SELECT qty, expired_date FROM product_expiry_batches WHERE purchase_item_id = 56 ORDER BY expired_date ASC

2026/07/26 22:00:43 [32mD:/Develop/Project_pos_mahenz/BE/domain/supplier_purchase/repo/purchase_repo.go:483
[0m[33m[1.009ms] [34;1m[rows:1][0m UPDATE products SET stock = stock - 1, updated_at = NOW() WHERE id = 12

2026/07/26 22:00:43 [32mD:/Develop/Project_pos_mahenz/BE/domain/supplier_purchase/repo/purchase_repo.go:488
[0m[33m[1.188ms] [34;1m[rows:1][0m DELETE FROM purchase_items WHERE purchase_id = 40

2026/07/26 22:00:43 [32mD:/Develop/Project_pos_mahenz/BE/domain/supplier_purchase/repo/purchase_repo.go:501
[0m[33m[0.711ms] [34;1m[rows:1][0m UPDATE purchases SET invoice_number='INV-MANUAL-NOW', supplier_id=1, purchase_date='2026-07-26', discount_amount=0, total_amount=1000, payment_status='unpaid', paid_amount=0, payment_method='cash', remaining_amount=1000, notes='', updated_at=NOW() WHERE id=40

2026/07/26 22:00:43 [32mD:/Develop/Project_pos_mahenz/BE/domain/supplier_purchase/repo/purchase_repo.go:512
[0m[33m[0.899ms] [34;1m[rows:1][0m INSERT INTO purchase_items (purchase_id, product_id, quantity, unit, conversion_qty, purchase_price, subtotal) VALUES (40, 12, 1, 'Batang', 1, 1000, 1000)

2026/07/26 22:00:43 [32mD:/Develop/Project_pos_mahenz/BE/domain/supplier_purchase/repo/purchase_repo.go:529
[0m[33m[0.550ms] [34;1m[rows:1][0m UPDATE products SET stock = stock + 1, updated_at = NOW() WHERE id = 12

2026/07/26 22:00:43 [32mD:/Develop/Project_pos_mahenz/BE/domain/supplier_purchase/repo/purchase_repo.go:174
[0m[33m[0.000ms] [34;1m[rows:-][0m SELECT p.id, p.purchase_code, p.invoice_number, p.supplier_id, COALESCE(s.name, '') as supplier_name, p.purchase_date, p.discount_amount, p.total_amount, p.payment_status, p.paid_amount, p.remaining_amount, p.status, COALESCE(u.full_name, '') as user_name, p.notes FROM purchases p LEFT JOIN users u ON p.user_id = u.id LEFT JOIN suppliers s ON p.supplier_id = s.id WHERE p.id = 40

2026/07/26 22:00:43 [32mD:/Develop/Project_pos_mahenz/BE/domain/supplier_purchase/repo/purchase_repo.go:216
[0m[33m[0.000ms] [34;1m[rows:-][0m SELECT pi.id, pi.product_id, COALESCE(p.name, '') as product_name, pi.quantity, pi.unit, COALESCE(pi.conversion_qty, 1) as conversion_qty, pi.purchase_price, pi.subtotal FROM purchase_items pi LEFT JOIN products p ON pi.product_id = p.id WHERE pi.purchase_id = 40

2026/07/26 22:00:43 [32mD:/Develop/Project_pos_mahenz/BE/domain/supplier_purchase/repo/purchase_repo.go:250
[0m[33m[0.000ms] [34;1m[rows:0][0m SELECT qty, expired_date FROM product_expiry_batches WHERE purchase_item_id = 57 ORDER BY expired_date ASC
[GIN] 2026/07/26 - 22:00:43 | 200 |     10.3581ms |             ::1 | POST     "/api/supplier-purchases/update/40"

2026/07/26 22:00:43 [32mD:/Develop/Project_pos_mahenz/BE/repository/log_request_repository.go:32
[0m[33m[1.939ms] [34;1m[rows:1][0m INSERT INTO log_requests (id, method, endpoint, status_code, request_body, response_body, user_id, duration_ms, ip_address, error_message, created_at) VALUES ('6ec30157-40b4-4bdd-8ce0-ebec809ae124', 'POST', '/api/supplier-purchases/update/40', 200, '{"invoice_number":"INV-MANUAL-NOW","supplier_id":1,"purchase_date":"2026-07-26","discount_amount":0,"payment_status":"unpaid","items":[{"product_id":12,"quantity":1,"unit":"Batang","conversion_qty":1,"purchase_price":1000}]}', '{"code":"00","status":true,"message":"Purchase order berhasil diperbarui","data":{"id":40,"purchase_code":"PO-20260726-030","invoice_number":"INV-MANUAL-NOW","supplier_id":1,"supplier_name":"Supplier Test Fase14","purchase_date":"2026-07-26T00:00:00+07:00","discount_amount":0,"total_amount":1000,"payment_status":"unpaid","paid_amount":0,"remaining_amount":1000,"status":"active","user_name":"Administrator","notes":"","items":[{"id":57,"product_id":12,"product_name":"Rokok Test Berantai","quantity":1,"unit":"Batang","conversion_qty":1,"purchase_price":1000,"subtotal":1000}]}}', 2, 10, '::1', NULL, '2026-07-26 22:00:43.797')

2026/07/26 22:00:43 [32mD:/Develop/Project_pos_mahenz/BE/domain/auth/repo/auth_repo.go:46
[0m[33m[0.506ms] [34;1m[rows:1][0m SELECT id, user_id, user_role, token, device_info, expires_at FROM sessions WHERE token = 'eyJhbGciOiJIUzI1NiIsInR5cCI6IkpXVCJ9.eyJhcHBzIjoiIiwiZXhwIjoxNzg1MTA2ODQzLCJmdWxsX25hbWUiOiJBZG1pbmlzdHJhdG9yIiwicm9sZSI6ImFkbWluIiwidXNlcl9pZCI6MiwidXNlcm5hbWUiOiJhZG1pbiJ9.eRmjM4rV-j5vvg5BdtoCGeHYJPEIcvHOHoZ-gbxTbos' LIMIT 1
[GIN] 2026/07/26 - 22:00:43 | 422 |       1.039ms |             ::1 | POST     "/api/supplier-purchases/update/40"
Error #01: Key: 'UpdateRequest.invoice_number' Error:Field validation for 'invoice_number' failed on the 'required' tag

2026/07/26 22:00:43 [32mD:/Develop/Project_pos_mahenz/BE/repository/log_request_repository.go:32
[0m[33m[4.042ms] [34;1m[rows:1][0m INSERT INTO log_requests (id, method, endpoint, status_code, request_body, response_body, user_id, duration_ms, ip_address, error_message, created_at) VALUES ('074b4668-f81c-4f79-81d6-db0a661593c8', 'POST', '/api/supplier-purchases/update/40', 422, '{"invoice_number":"","supplier_id":1,"purchase_date":"2026-07-26","discount_amount":0,"payment_status":"unpaid","items":[{"product_id":12,"quantity":1,"unit":"Batang","conversion_qty":1,"purchase_price":1000}]}', '{"code":"42","status":false,"message":"Invalid Request","data":null,"errors":{"invoice_number":"invoice number wajib diisi"}}', 2, 1, '::1', 'Key: ''UpdateRequest.invoice_number'' Error:Field validation for ''invoice_number'' failed on the ''required'' tag', '2026-07-26 22:00:43.923')

2026/07/26 22:01:43 [32mD:/Develop/Project_pos_mahenz/BE/domain/auth/repo/auth_repo.go:17
[0m[33m[0.840ms] [34;1m[rows:1][0m SELECT u.id, u.username, u.password, u.full_name, u.role_id, r.name AS role_name, u.is_active FROM users u INNER JOIN roles r ON r.id = u.role_id WHERE u.username = 'admin' LIMIT 1

2026/07/26 22:01:43 [32mD:/Develop/Project_pos_mahenz/BE/domain/auth/repo/auth_repo.go:67
[0m[33m[2.007ms] [34;1m[rows:1][0m DELETE FROM sessions WHERE user_id = 2

2026/07/26 22:01:43 [32mD:/Develop/Project_pos_mahenz/BE/domain/auth/repo/auth_repo.go:38
[0m[33m[3.605ms] [34;1m[rows:1][0m INSERT INTO sessions (user_id, user_role, token, refresh_token, device_info, ip_address, expires_at) VALUES (2, 'admin', 'eyJhbGciOiJIUzI1NiIsInR5cCI6IkpXVCJ9.eyJhcHBzIjoiIiwiZXhwIjoxNzg1MTA2OTAzLCJmdWxsX25hbWUiOiJBZG1pbmlzdHJhdG9yIiwicm9sZSI6ImFkbWluIiwidXNlcl9pZCI6MiwidXNlcm5hbWUiOiJhZG1pbiJ9.bthZ451fvptpx-KLilS6egVoaFZAocpBZa7OxAsPSjE', '0e2b32a93c215fda1d8479b10dc8d9152bd39536a1777560b07ba0b5ee2a8c91', '', '::1', '2026-08-02 22:01:43.152') ON DUPLICATE KEY UPDATE user_role=VALUES(user_role), token=VALUES(token), refresh_token=VALUES(refresh_token), device_info=VALUES(device_info), ip_address=VALUES(ip_address), expires_at=VALUES(expires_at), created_at=NOW()
[GIN] 2026/07/26 - 22:01:43 | 200 |    117.2104ms |             ::1 | POST     "/api/auth/login"

2026/07/26 22:01:43 [32mD:/Develop/Project_pos_mahenz/BE/repository/log_request_repository.go:32
[0m[33m[3.263ms] [34;1m[rows:1][0m INSERT INTO log_requests (id, method, endpoint, status_code, request_body, response_body, user_id, duration_ms, ip_address, error_message, created_at) VALUES ('85fc55ec-ed1d-4bb8-b92c-73215ed20363', 'POST', '/api/auth/login', 200, '{"username":"admin","password":"admin123"}', '{"code":"00","status":true,"message":"Login berhasil","data":{"token":"eyJhbGciOiJIUzI1NiIsInR5cCI6IkpXVCJ9.eyJhcHBzIjoiIiwiZXhwIjoxNzg1MTA2OTAzLCJmdWxsX25hbWUiOiJBZG1pbmlzdHJhdG9yIiwicm9sZSI6ImFkbWluIiwidXNlcl9pZCI6MiwidXNlcm5hbWUiOiJhZG1pbiJ9.bthZ451fvptpx-KLilS6egVoaFZAocpBZa7OxAsPSjE","refresh_token":"0e2b32a93c215fda1d8479b10dc8d9152bd39536a1777560b07ba0b5ee2a8c91","expires_at":"2026-08-02T22:01:43.1527537+07:00","user":{"id":2,"username":"admin","full_name":"Administrator","role_id":2,"role_name":"admin"}}}', NULL, 117, '::1', NULL, '2026-07-26 22:01:43.158')

2026/07/26 22:01:43 [32mD:/Develop/Project_pos_mahenz/BE/domain/auth/repo/auth_repo.go:46
[0m[33m[9.914ms] [34;1m[rows:1][0m SELECT id, user_id, user_role, token, device_info, expires_at FROM sessions WHERE token = 'eyJhbGciOiJIUzI1NiIsInR5cCI6IkpXVCJ9.eyJhcHBzIjoiIiwiZXhwIjoxNzg1MTA2OTAzLCJmdWxsX25hbWUiOiJBZG1pbmlzdHJhdG9yIiwicm9sZSI6ImFkbWluIiwidXNlcl9pZCI6MiwidXNlcm5hbWUiOiJhZG1pbiJ9.bthZ451fvptpx-KLilS6egVoaFZAocpBZa7OxAsPSjE' LIMIT 1

2026/07/26 22:01:43 [32mD:/Develop/Project_pos_mahenz/BE/domain/supplier_purchase/repo/purchase_repo.go:318
[0m[33m[0.535ms] [34;1m[rows:1][0m SELECT COUNT(*) FROM purchases WHERE DATE(purchase_date) = '2026-07-26'

2026/07/26 22:01:43 [32mD:/Develop/Project_pos_mahenz/BE/domain/supplier_purchase/repo/purchase_repo.go:338
[0m[33m[1.319ms] [34;1m[rows:1][0m INSERT INTO purchases (purchase_code, invoice_number, supplier_id, purchase_date, discount_amount, total_amount, payment_status, paid_amount, remaining_amount, user_id, notes) VALUES ('PO-20260726-031', 'REG-VOID-DBL', 1, '2026-07-26', 0, 4000, 'unpaid', 0, 4000, 2, '')

2026/07/26 22:01:43 [32mD:/Develop/Project_pos_mahenz/BE/domain/supplier_purchase/repo/purchase_repo.go:345
[0m[33m[1.956ms] [34;1m[rows:1][0m SELECT LAST_INSERT_ID()

2026/07/26 22:01:43 [32mD:/Develop/Project_pos_mahenz/BE/domain/supplier_purchase/repo/purchase_repo.go:366
[0m[33m[1.547ms] [34;1m[rows:1][0m INSERT INTO purchase_items (purchase_id, product_id, quantity, unit, conversion_qty, purchase_price, subtotal) VALUES (41, 12, 4, 'Batang', 1, 1000, 4000)

2026/07/26 22:01:43 [32mD:/Develop/Project_pos_mahenz/BE/domain/supplier_purchase/repo/purchase_repo.go:384
[0m[33m[0.505ms] [34;1m[rows:1][0m SELECT stock FROM products WHERE id = 12 LIMIT 1

2026/07/26 22:01:43 [32mD:/Develop/Project_pos_mahenz/BE/domain/supplier_purchase/repo/purchase_repo.go:388
[0m[33m[1.116ms] [34;1m[rows:1][0m UPDATE products SET stock = stock + 4, updated_at = NOW() WHERE id = 12

2026/07/26 22:01:43 [32mD:/Develop/Project_pos_mahenz/BE/domain/supplier_purchase/repo/purchase_repo.go:394
[0m[33m[0.830ms] [34;1m[rows:1][0m INSERT INTO stock_mutations (product_id, mutation_type, quantity, stock_before, stock_after, reference_type, reference_id, notes, user_id) VALUES (12, 'in', 4, 3081, 3085, 'purchase', 41, 'Purchase Order PO-20260726-031', 2)

2026/07/26 22:01:43 [32mD:/Develop/Project_pos_mahenz/BE/domain/supplier_purchase/repo/purchase_repo.go:174
[0m[33m[2.111ms] [34;1m[rows:-][0m SELECT p.id, p.purchase_code, p.invoice_number, p.supplier_id, COALESCE(s.name, '') as supplier_name, p.purchase_date, p.discount_amount, p.total_amount, p.payment_status, p.paid_amount, p.remaining_amount, p.status, COALESCE(u.full_name, '') as user_name, p.notes FROM purchases p LEFT JOIN users u ON p.user_id = u.id LEFT JOIN suppliers s ON p.supplier_id = s.id WHERE p.id = 41

2026/07/26 22:01:43 [32mD:/Develop/Project_pos_mahenz/BE/domain/supplier_purchase/repo/purchase_repo.go:216
[0m[33m[0.505ms] [34;1m[rows:-][0m SELECT pi.id, pi.product_id, COALESCE(p.name, '') as product_name, pi.quantity, pi.unit, COALESCE(pi.conversion_qty, 1) as conversion_qty, pi.purchase_price, pi.subtotal FROM purchase_items pi LEFT JOIN products p ON pi.product_id = p.id WHERE pi.purchase_id = 41

2026/07/26 22:01:43 [32mD:/Develop/Project_pos_mahenz/BE/domain/supplier_purchase/repo/purchase_repo.go:250
[0m[33m[0.754ms] [34;1m[rows:0][0m SELECT qty, expired_date FROM product_expiry_batches WHERE purchase_item_id = 58 ORDER BY expired_date ASC
[GIN] 2026/07/26 - 22:01:43 | 201 |     23.8008ms |             ::1 | POST     "/api/supplier-purchases/create"

2026/07/26 22:01:43 [32mD:/Develop/Project_pos_mahenz/BE/repository/log_request_repository.go:32
[0m[33m[2.871ms] [34;1m[rows:1][0m INSERT INTO log_requests (id, method, endpoint, status_code, request_body, response_body, user_id, duration_ms, ip_address, error_message, created_at) VALUES ('b9d66140-07e7-4452-a87b-d4820137bc8e', 'POST', '/api/supplier-purchases/create', 201, '{"invoice_number":"REG-VOID-DBL","supplier_id":1,"purchase_date":"2026-07-26","discount_amount":0,"payment_status":"unpaid","items":[{"product_id":12,"quantity":4,"unit":"Batang","conversion_qty":1,"purchase_price":1000}]}', '{"code":"21","status":true,"message":"Purchase order berhasil dibuat","data":{"id":41,"purchase_code":"PO-20260726-031","invoice_number":"REG-VOID-DBL","supplier_id":1,"supplier_name":"Supplier Test Fase14","purchase_date":"2026-07-26T00:00:00+07:00","discount_amount":0,"total_amount":4000,"payment_status":"unpaid","paid_amount":0,"remaining_amount":4000,"status":"active","user_name":"Administrator","notes":"","items":[{"id":58,"product_id":12,"product_name":"Rokok Test Berantai","quantity":4,"unit":"Batang","conversion_qty":1,"purchase_price":1000,"subtotal":4000}]}}', 2, 23, '::1', NULL, '2026-07-26 22:01:43.353')

2026/07/26 22:01:43 [32mD:/Develop/Project_pos_mahenz/BE/domain/auth/repo/auth_repo.go:46
[0m[33m[0.506ms] [34;1m[rows:1][0m SELECT id, user_id, user_role, token, device_info, expires_at FROM sessions WHERE token = 'eyJhbGciOiJIUzI1NiIsInR5cCI6IkpXVCJ9.eyJhcHBzIjoiIiwiZXhwIjoxNzg1MTA2OTAzLCJmdWxsX25hbWUiOiJBZG1pbmlzdHJhdG9yIiwicm9sZSI6ImFkbWluIiwidXNlcl9pZCI6MiwidXNlcm5hbWUiOiJhZG1pbiJ9.bthZ451fvptpx-KLilS6egVoaFZAocpBZa7OxAsPSjE' LIMIT 1

2026/07/26 22:01:43 [32mD:/Develop/Project_pos_mahenz/BE/domain/product/repo/product_repo.go:136
[0m[33m[1.897ms] [34;1m[rows:1][0m 
		SELECT p.id, p.barcode, COALESCE(p.sku, '') as sku, p.name, p.category_id, COALESCE(c.name, '') as category_name,
		       p.purchase_price, p.selling_price, p.stock, p.reserved_qty, p.min_stock,
		       COALESCE(p.unit_id, 0) as unit_id, COALESCE(u.name, '') as unit_name, COALESCE(u.abbreviation, '') as unit_abbreviation,
		       p.is_active, p.created_at, p.updated_at,
		       (SELECT COUNT(*) FROM product_packages pp WHERE pp.product_id = p.id AND pp.is_default = 0) AS extra_packages,
		       (SELECT COUNT(*) FROM product_prices pr WHERE pr.product_id = p.id) AS price_tiers_count
		FROM products p
		LEFT JOIN categories c ON p.category_id = c.id
		LEFT JOIN units u ON u.id = p.unit_id
		WHERE p.id = 12 LIMIT 1
[GIN] 2026/07/26 - 22:01:43 | 200 |      3.5613ms |             ::1 | POST     "/api/products/detail/12"

2026/07/26 22:01:43 [32mD:/Develop/Project_pos_mahenz/BE/repository/log_request_repository.go:32
[0m[33m[2.603ms] [34;1m[rows:1][0m INSERT INTO log_requests (id, method, endpoint, status_code, request_body, response_body, user_id, duration_ms, ip_address, error_message, created_at) VALUES ('4fac001c-026f-4f8e-ab4e-fbb3da07cb56', 'POST', '/api/products/detail/12', 200, '', '{"code":"00","status":true,"message":"Detail produk","data":{"id":12,"barcode":"8997789608850","sku":"SEM-0008","name":"Rokok Test Berantai","category_id":1,"category_name":"Sembako Test","purchase_price":800,"selling_price":1000,"stock":3085,"reserved_qty":0,"min_stock":5,"unit_id":2,"unit_name":"Batang","unit_abbreviation":"Btg","is_active":true,"extra_packages":3,"price_tiers_count":2}}', 2, 3, '::1', NULL, '2026-07-26 22:01:43.554')

2026/07/26 22:01:43 [32mD:/Develop/Project_pos_mahenz/BE/domain/auth/repo/auth_repo.go:46
[0m[33m[0.507ms] [34;1m[rows:1][0m SELECT id, user_id, user_role, token, device_info, expires_at FROM sessions WHERE token = 'eyJhbGciOiJIUzI1NiIsInR5cCI6IkpXVCJ9.eyJhcHBzIjoiIiwiZXhwIjoxNzg1MTA2OTAzLCJmdWxsX25hbWUiOiJBZG1pbmlzdHJhdG9yIiwicm9sZSI6ImFkbWluIiwidXNlcl9pZCI6MiwidXNlcm5hbWUiOiJhZG1pbiJ9.bthZ451fvptpx-KLilS6egVoaFZAocpBZa7OxAsPSjE' LIMIT 1

2026/07/26 22:01:43 [32mD:/Develop/Project_pos_mahenz/BE/domain/supplier_purchase/repo/purchase_repo.go:205
[0m[33m[0.528ms] [34;1m[rows:1][0m SELECT id, purchase_code, invoice_number, supplier_id, purchase_date, discount_amount, total_amount, payment_status, paid_amount, remaining_amount, status, user_id, notes FROM purchases WHERE id = 41

2026/07/26 22:01:43 [32mD:/Develop/Project_pos_mahenz/BE/domain/supplier_purchase/repo/purchase_repo.go:585
[0m[33m[0.509ms] [34;1m[rows:1][0m SELECT COUNT(*) FROM supplier_returns WHERE purchase_id = 41

2026/07/26 22:01:43 [32mD:/Develop/Project_pos_mahenz/BE/domain/supplier_purchase/repo/purchase_repo.go:601
[0m[33m[0.522ms] [34;1m[rows:1][0m SELECT status FROM purchases WHERE id = 41 LIMIT 1 FOR UPDATE

2026/07/26 22:01:43 [32mD:/Develop/Project_pos_mahenz/BE/domain/supplier_purchase/repo/purchase_repo.go:612
[0m[33m[0.534ms] [34;1m[rows:1][0m UPDATE purchases SET status = 'void', remaining_amount = 0, updated_at = NOW() WHERE id = 41

2026/07/26 22:01:43 [32mD:/Develop/Project_pos_mahenz/BE/domain/supplier_purchase/repo/purchase_repo.go:216
[0m[33m[0.712ms] [34;1m[rows:-][0m SELECT pi.id, pi.product_id, COALESCE(p.name, '') as product_name, pi.quantity, pi.unit, COALESCE(pi.conversion_qty, 1) as conversion_qty, pi.purchase_price, pi.subtotal FROM purchase_items pi LEFT JOIN products p ON pi.product_id = p.id WHERE pi.purchase_id = 41

2026/07/26 22:01:43 [32mD:/Develop/Project_pos_mahenz/BE/domain/supplier_purchase/repo/purchase_repo.go:250
[0m[33m[0.696ms] [34;1m[rows:0][0m SELECT qty, expired_date FROM product_expiry_batches WHERE purchase_item_id = 58 ORDER BY expired_date ASC

2026/07/26 22:01:43 [32mD:/Develop/Project_pos_mahenz/BE/domain/supplier_purchase/repo/purchase_repo.go:629
[0m[33m[0.565ms] [34;1m[rows:1][0m SELECT stock FROM products WHERE id = 12 LIMIT 1

2026/07/26 22:01:43 [32mD:/Develop/Project_pos_mahenz/BE/domain/supplier_purchase/repo/purchase_repo.go:633
[0m[33m[0.505ms] [34;1m[rows:1][0m UPDATE products SET stock = stock - 4, updated_at = NOW() WHERE id = 12

2026/07/26 22:01:43 [32mD:/Develop/Project_pos_mahenz/BE/domain/supplier_purchase/repo/purchase_repo.go:639
[0m[33m[0.559ms] [34;1m[rows:1][0m INSERT INTO stock_mutations (product_id, mutation_type, quantity, stock_before, stock_after, reference_type, reference_id, notes, user_id) VALUES (12, 'void_purchase', 4, 3085, 3081, 'purchase', 41, 'Void purchase order ID 41', 2)
[GIN] 2026/07/26 - 22:01:43 | 200 |     13.9895ms |             ::1 | POST     "/api/supplier-purchases/void/41"

2026/07/26 22:01:43 [32mD:/Develop/Project_pos_mahenz/BE/repository/log_request_repository.go:32
[0m[33m[3.259ms] [34;1m[rows:1][0m INSERT INTO log_requests (id, method, endpoint, status_code, request_body, response_body, user_id, duration_ms, ip_address, error_message, created_at) VALUES ('7fee6b6a-7a64-45d6-b44f-ae5b9dd92b79', 'POST', '/api/supplier-purchases/void/41', 200, '', '{"code":"00","status":true,"message":"Purchase order berhasil di-void","data":null}', 2, 13, '::1', NULL, '2026-07-26 22:01:43.732')

2026/07/26 22:01:43 [32mD:/Develop/Project_pos_mahenz/BE/domain/auth/repo/auth_repo.go:46
[0m[33m[8.455ms] [34;1m[rows:1][0m SELECT id, user_id, user_role, token, device_info, expires_at FROM sessions WHERE token = 'eyJhbGciOiJIUzI1NiIsInR5cCI6IkpXVCJ9.eyJhcHBzIjoiIiwiZXhwIjoxNzg1MTA2OTAzLCJmdWxsX25hbWUiOiJBZG1pbmlzdHJhdG9yIiwicm9sZSI6ImFkbWluIiwidXNlcl9pZCI6MiwidXNlcm5hbWUiOiJhZG1pbiJ9.bthZ451fvptpx-KLilS6egVoaFZAocpBZa7OxAsPSjE' LIMIT 1

2026/07/26 22:01:43 [32mD:/Develop/Project_pos_mahenz/BE/domain/supplier_purchase/repo/purchase_repo.go:205
[0m[33m[5.048ms] [34;1m[rows:1][0m SELECT id, purchase_code, invoice_number, supplier_id, purchase_date, discount_amount, total_amount, payment_status, paid_amount, remaining_amount, status, user_id, notes FROM purchases WHERE id = 41
[GIN] 2026/07/26 - 22:01:43 | 400 |       14.75ms |             ::1 | POST     "/api/supplier-purchases/void/41"
Error #01: PO sudah di-void

2026/07/26 22:01:43 [32mD:/Develop/Project_pos_mahenz/BE/repository/log_request_repository.go:32
[0m[33m[2.440ms] [34;1m[rows:1][0m INSERT INTO log_requests (id, method, endpoint, status_code, request_body, response_body, user_id, duration_ms, ip_address, error_message, created_at) VALUES ('13c323bf-d473-4a83-8679-f739b755ab1e', 'POST', '/api/supplier-purchases/void/41', 400, '', '{"code":"40","status":false,"message":"PO sudah di-void","data":null}', 2, 14, '::1', 'PO sudah di-void', '2026-07-26 22:01:43.815')

2026/07/26 22:01:43 [32mD:/Develop/Project_pos_mahenz/BE/domain/auth/repo/auth_repo.go:46
[0m[33m[1.045ms] [34;1m[rows:1][0m SELECT id, user_id, user_role, token, device_info, expires_at FROM sessions WHERE token = 'eyJhbGciOiJIUzI1NiIsInR5cCI6IkpXVCJ9.eyJhcHBzIjoiIiwiZXhwIjoxNzg1MTA2OTAzLCJmdWxsX25hbWUiOiJBZG1pbmlzdHJhdG9yIiwicm9sZSI6ImFkbWluIiwidXNlcl9pZCI6MiwidXNlcm5hbWUiOiJhZG1pbiJ9.bthZ451fvptpx-KLilS6egVoaFZAocpBZa7OxAsPSjE' LIMIT 1

2026/07/26 22:01:43 [32mD:/Develop/Project_pos_mahenz/BE/domain/supplier_purchase/repo/purchase_repo.go:205
[0m[33m[0.534ms] [34;1m[rows:1][0m SELECT id, purchase_code, invoice_number, supplier_id, purchase_date, discount_amount, total_amount, payment_status, paid_amount, remaining_amount, status, user_id, notes FROM purchases WHERE id = 41
[GIN] 2026/07/26 - 22:01:43 | 400 |      2.1776ms |             ::1 | POST     "/api/supplier-purchases/void/41"
Error #01: PO sudah di-void

2026/07/26 22:01:43 [32mD:/Develop/Project_pos_mahenz/BE/repository/log_request_repository.go:32
[0m[33m[2.514ms] [34;1m[rows:1][0m INSERT INTO log_requests (id, method, endpoint, status_code, request_body, response_body, user_id, duration_ms, ip_address, error_message, created_at) VALUES ('b0e14d3f-aacc-4d36-92d6-896c9d8ffc89', 'POST', '/api/supplier-purchases/void/41', 400, '', '{"code":"40","status":false,"message":"PO sudah di-void","data":null}', 2, 2, '::1', 'PO sudah di-void', '2026-07-26 22:01:43.868')

2026/07/26 22:01:44 [32mD:/Develop/Project_pos_mahenz/BE/domain/auth/repo/auth_repo.go:46
[0m[33m[0.526ms] [34;1m[rows:1][0m SELECT id, user_id, user_role, token, device_info, expires_at FROM sessions WHERE token = 'eyJhbGciOiJIUzI1NiIsInR5cCI6IkpXVCJ9.eyJhcHBzIjoiIiwiZXhwIjoxNzg1MTA2OTAzLCJmdWxsX25hbWUiOiJBZG1pbmlzdHJhdG9yIiwicm9sZSI6ImFkbWluIiwidXNlcl9pZCI6MiwidXNlcm5hbWUiOiJhZG1pbiJ9.bthZ451fvptpx-KLilS6egVoaFZAocpBZa7OxAsPSjE' LIMIT 1

2026/07/26 22:01:44 [32mD:/Develop/Project_pos_mahenz/BE/domain/product/repo/product_repo.go:136
[0m[33m[0.724ms] [34;1m[rows:1][0m 
		SELECT p.id, p.barcode, COALESCE(p.sku, '') as sku, p.name, p.category_id, COALESCE(c.name, '') as category_name,
		       p.purchase_price, p.selling_price, p.stock, p.reserved_qty, p.min_stock,
		       COALESCE(p.unit_id, 0) as unit_id, COALESCE(u.name, '') as unit_name, COALESCE(u.abbreviation, '') as unit_abbreviation,
		       p.is_active, p.created_at, p.updated_at,
		       (SELECT COUNT(*) FROM product_packages pp WHERE pp.product_id = p.id AND pp.is_default = 0) AS extra_packages,
		       (SELECT COUNT(*) FROM product_prices pr WHERE pr.product_id = p.id) AS price_tiers_count
		FROM products p
		LEFT JOIN categories c ON p.category_id = c.id
		LEFT JOIN units u ON u.id = p.unit_id
		WHERE p.id = 12 LIMIT 1
[GIN] 2026/07/26 - 22:01:44 | 200 |      1.2496ms |             ::1 | POST     "/api/products/detail/12"

2026/07/26 22:01:44 [32mD:/Develop/Project_pos_mahenz/BE/repository/log_request_repository.go:32
[0m[33m[2.307ms] [34;1m[rows:1][0m INSERT INTO log_requests (id, method, endpoint, status_code, request_body, response_body, user_id, duration_ms, ip_address, error_message, created_at) VALUES ('07b23516-4d83-4d38-a94b-baeceda67eec', 'POST', '/api/products/detail/12', 200, '', '{"code":"00","status":true,"message":"Detail produk","data":{"id":12,"barcode":"8997789608850","sku":"SEM-0008","name":"Rokok Test Berantai","category_id":1,"category_name":"Sembako Test","purchase_price":800,"selling_price":1000,"stock":3081,"reserved_qty":0,"min_stock":5,"unit_id":2,"unit_name":"Batang","unit_abbreviation":"Btg","is_active":true,"extra_packages":3,"price_tiers_count":2}}', 2, 1, '::1', NULL, '2026-07-26 22:01:44.015')

2026/07/26 22:02:28 [32mD:/Develop/Project_pos_mahenz/BE/domain/auth/repo/auth_repo.go:17
[0m[33m[1.252ms] [34;1m[rows:1][0m SELECT u.id, u.username, u.password, u.full_name, u.role_id, r.name AS role_name, u.is_active FROM users u INNER JOIN roles r ON r.id = u.role_id WHERE u.username = 'admin' LIMIT 1

2026/07/26 22:02:28 [32mD:/Develop/Project_pos_mahenz/BE/domain/auth/repo/auth_repo.go:67
[0m[33m[2.823ms] [34;1m[rows:1][0m DELETE FROM sessions WHERE user_id = 2

2026/07/26 22:02:28 [32mD:/Develop/Project_pos_mahenz/BE/domain/auth/repo/auth_repo.go:38
[0m[33m[3.261ms] [34;1m[rows:1][0m INSERT INTO sessions (user_id, user_role, token, refresh_token, device_info, ip_address, expires_at) VALUES (2, 'admin', 'eyJhbGciOiJIUzI1NiIsInR5cCI6IkpXVCJ9.eyJhcHBzIjoiIiwiZXhwIjoxNzg1MTA2OTQ4LCJmdWxsX25hbWUiOiJBZG1pbmlzdHJhdG9yIiwicm9sZSI6ImFkbWluIiwidXNlcl9pZCI6MiwidXNlcm5hbWUiOiJhZG1pbiJ9.5DN9iEczDk536JlUBLmq-dOqOa9xAhuljHESwcNdYPA', '9782b9bddd1bf59c01d7ad065567c3d928c97c3619233461a41952c368b2a2ac', '', '::1', '2026-08-02 22:02:28.631') ON DUPLICATE KEY UPDATE user_role=VALUES(user_role), token=VALUES(token), refresh_token=VALUES(refresh_token), device_info=VALUES(device_info), ip_address=VALUES(ip_address), expires_at=VALUES(expires_at), created_at=NOW()
[GIN] 2026/07/26 - 22:02:28 | 200 |    108.9614ms |             ::1 | POST     "/api/auth/login"

2026/07/26 22:02:28 [32mD:/Develop/Project_pos_mahenz/BE/repository/log_request_repository.go:32
[0m[33m[4.801ms] [34;1m[rows:1][0m INSERT INTO log_requests (id, method, endpoint, status_code, request_body, response_body, user_id, duration_ms, ip_address, error_message, created_at) VALUES ('275dda34-bb88-4c09-8131-fbc1c44264ae', 'POST', '/api/auth/login', 200, '{"username":"admin","password":"admin123"}', '{"code":"00","status":true,"message":"Login berhasil","data":{"token":"eyJhbGciOiJIUzI1NiIsInR5cCI6IkpXVCJ9.eyJhcHBzIjoiIiwiZXhwIjoxNzg1MTA2OTQ4LCJmdWxsX25hbWUiOiJBZG1pbmlzdHJhdG9yIiwicm9sZSI6ImFkbWluIiwidXNlcl9pZCI6MiwidXNlcm5hbWUiOiJhZG1pbiJ9.5DN9iEczDk536JlUBLmq-dOqOa9xAhuljHESwcNdYPA","refresh_token":"9782b9bddd1bf59c01d7ad065567c3d928c97c3619233461a41952c368b2a2ac","expires_at":"2026-08-02T22:02:28.6313177+07:00","user":{"id":2,"username":"admin","full_name":"Administrator","role_id":2,"role_name":"admin"}}}', NULL, 108, '::1', NULL, '2026-07-26 22:02:28.637')

2026/07/26 22:02:28 [32mD:/Develop/Project_pos_mahenz/BE/domain/auth/repo/auth_repo.go:46
[0m[33m[2.028ms] [34;1m[rows:1][0m SELECT id, user_id, user_role, token, device_info, expires_at FROM sessions WHERE token = 'eyJhbGciOiJIUzI1NiIsInR5cCI6IkpXVCJ9.eyJhcHBzIjoiIiwiZXhwIjoxNzg1MTA2OTQ4LCJmdWxsX25hbWUiOiJBZG1pbmlzdHJhdG9yIiwicm9sZSI6ImFkbWluIiwidXNlcl9pZCI6MiwidXNlcm5hbWUiOiJhZG1pbiJ9.5DN9iEczDk536JlUBLmq-dOqOa9xAhuljHESwcNdYPA' LIMIT 1

2026/07/26 22:02:28 [32mD:/Develop/Project_pos_mahenz/BE/domain/supplier_purchase/repo/purchase_repo.go:318
[0m[33m[2.189ms] [34;1m[rows:1][0m SELECT COUNT(*) FROM purchases WHERE DATE(purchase_date) = '2026-07-26'

2026/07/26 22:02:28 [32mD:/Develop/Project_pos_mahenz/BE/domain/supplier_purchase/repo/purchase_repo.go:338
[0m[33m[2.013ms] [34;1m[rows:1][0m INSERT INTO purchases (purchase_code, invoice_number, supplier_id, purchase_date, discount_amount, total_amount, payment_status, paid_amount, remaining_amount, user_id, notes) VALUES ('PO-20260726-032', 'REG-VOID-RETUR', 1, '2026-07-26', 0, 5000, 'unpaid', 0, 5000, 2, '')

2026/07/26 22:02:28 [32mD:/Develop/Project_pos_mahenz/BE/domain/supplier_purchase/repo/purchase_repo.go:345
[0m[33m[0.998ms] [34;1m[rows:1][0m SELECT LAST_INSERT_ID()

2026/07/26 22:02:28 [32mD:/Develop/Project_pos_mahenz/BE/domain/supplier_purchase/repo/purchase_repo.go:366
[0m[33m[1.001ms] [34;1m[rows:1][0m INSERT INTO purchase_items (purchase_id, product_id, quantity, unit, conversion_qty, purchase_price, subtotal) VALUES (42, 12, 5, 'Batang', 1, 1000, 5000)

2026/07/26 22:02:29 [32mD:/Develop/Project_pos_mahenz/BE/domain/supplier_purchase/repo/purchase_repo.go:384
[0m[33m[0.908ms] [34;1m[rows:1][0m SELECT stock FROM products WHERE id = 12 LIMIT 1

2026/07/26 22:02:29 [32mD:/Develop/Project_pos_mahenz/BE/domain/supplier_purchase/repo/purchase_repo.go:388
[0m[33m[2.200ms] [34;1m[rows:1][0m UPDATE products SET stock = stock + 5, updated_at = NOW() WHERE id = 12

2026/07/26 22:02:29 [32mD:/Develop/Project_pos_mahenz/BE/domain/supplier_purchase/repo/purchase_repo.go:394
[0m[33m[5.944ms] [34;1m[rows:1][0m INSERT INTO stock_mutations (product_id, mutation_type, quantity, stock_before, stock_after, reference_type, reference_id, notes, user_id) VALUES (12, 'in', 5, 3081, 3086, 'purchase', 42, 'Purchase Order PO-20260726-032', 2)

2026/07/26 22:02:29 [32mD:/Develop/Project_pos_mahenz/BE/domain/supplier_purchase/repo/purchase_repo.go:174
[0m[33m[0.549ms] [34;1m[rows:-][0m SELECT p.id, p.purchase_code, p.invoice_number, p.supplier_id, COALESCE(s.name, '') as supplier_name, p.purchase_date, p.discount_amount, p.total_amount, p.payment_status, p.paid_amount, p.remaining_amount, p.status, COALESCE(u.full_name, '') as user_name, p.notes FROM purchases p LEFT JOIN users u ON p.user_id = u.id LEFT JOIN suppliers s ON p.supplier_id = s.id WHERE p.id = 42

2026/07/26 22:02:29 [32mD:/Develop/Project_pos_mahenz/BE/domain/supplier_purchase/repo/purchase_repo.go:216
[0m[33m[0.508ms] [34;1m[rows:-][0m SELECT pi.id, pi.product_id, COALESCE(p.name, '') as product_name, pi.quantity, pi.unit, COALESCE(pi.conversion_qty, 1) as conversion_qty, pi.purchase_price, pi.subtotal FROM purchase_items pi LEFT JOIN products p ON pi.product_id = p.id WHERE pi.purchase_id = 42

2026/07/26 22:02:29 [32mD:/Develop/Project_pos_mahenz/BE/domain/supplier_purchase/repo/purchase_repo.go:250
[0m[33m[0.603ms] [34;1m[rows:0][0m SELECT qty, expired_date FROM product_expiry_batches WHERE purchase_item_id = 59 ORDER BY expired_date ASC
[GIN] 2026/07/26 - 22:02:29 | 201 |     30.7161ms |             ::1 | POST     "/api/supplier-purchases/create"

2026/07/26 22:02:29 [32mD:/Develop/Project_pos_mahenz/BE/repository/log_request_repository.go:32
[0m[33m[3.756ms] [34;1m[rows:1][0m INSERT INTO log_requests (id, method, endpoint, status_code, request_body, response_body, user_id, duration_ms, ip_address, error_message, created_at) VALUES ('aee6cc00-3866-4f8e-bf3b-68dc2ef05977', 'POST', '/api/supplier-purchases/create', 201, '{"invoice_number":"REG-VOID-RETUR","supplier_id":1,"purchase_date":"2026-07-26","discount_amount":0,"payment_status":"unpaid","items":[{"product_id":12,"quantity":5,"unit":"Batang","conversion_qty":1,"purchase_price":1000}]}', '{"code":"21","status":true,"message":"Purchase order berhasil dibuat","data":{"id":42,"purchase_code":"PO-20260726-032","invoice_number":"REG-VOID-RETUR","supplier_id":1,"supplier_name":"Supplier Test Fase14","purchase_date":"2026-07-26T00:00:00+07:00","discount_amount":0,"total_amount":5000,"payment_status":"unpaid","paid_amount":0,"remaining_amount":5000,"status":"active","user_name":"Administrator","notes":"","items":[{"id":59,"product_id":12,"product_name":"Rokok Test Berantai","quantity":5,"unit":"Batang","conversion_qty":1,"purchase_price":1000,"subtotal":5000}]}}', 2, 30, '::1', NULL, '2026-07-26 22:02:29.017')

2026/07/26 22:03:21 [32mD:/Develop/Project_pos_mahenz/BE/domain/auth/repo/auth_repo.go:17
[0m[33m[0.522ms] [34;1m[rows:1][0m SELECT u.id, u.username, u.password, u.full_name, u.role_id, r.name AS role_name, u.is_active FROM users u INNER JOIN roles r ON r.id = u.role_id WHERE u.username = 'admin' LIMIT 1

2026/07/26 22:03:21 [32mD:/Develop/Project_pos_mahenz/BE/domain/auth/repo/auth_repo.go:67
[0m[33m[9.406ms] [34;1m[rows:1][0m DELETE FROM sessions WHERE user_id = 2

2026/07/26 22:03:21 [32mD:/Develop/Project_pos_mahenz/BE/domain/auth/repo/auth_repo.go:38
[0m[33m[2.923ms] [34;1m[rows:1][0m INSERT INTO sessions (user_id, user_role, token, refresh_token, device_info, ip_address, expires_at) VALUES (2, 'admin', 'eyJhbGciOiJIUzI1NiIsInR5cCI6IkpXVCJ9.eyJhcHBzIjoiIiwiZXhwIjoxNzg1MTA3MDAxLCJmdWxsX25hbWUiOiJBZG1pbmlzdHJhdG9yIiwicm9sZSI6ImFkbWluIiwidXNlcl9pZCI6MiwidXNlcm5hbWUiOiJhZG1pbiJ9.-3wipiwNoEpwZziEdyIwMeblCjQZrIfzN5tfSTJZIRU', 'eda07c062de2b72f553f8096eae6c403d8efcebf786636b3323de34f4b26ae8c', '', '::1', '2026-08-02 22:03:21.59') ON DUPLICATE KEY UPDATE user_role=VALUES(user_role), token=VALUES(token), refresh_token=VALUES(refresh_token), device_info=VALUES(device_info), ip_address=VALUES(ip_address), expires_at=VALUES(expires_at), created_at=NOW()
[GIN] 2026/07/26 - 22:03:21 | 200 |    248.7896ms |             ::1 | POST     "/api/auth/login"

2026/07/26 22:03:21 [32mD:/Develop/Project_pos_mahenz/BE/repository/log_request_repository.go:32
[0m[33m[2.039ms] [34;1m[rows:1][0m INSERT INTO log_requests (id, method, endpoint, status_code, request_body, response_body, user_id, duration_ms, ip_address, error_message, created_at) VALUES ('d7908303-f69e-449b-8982-02d94aeac978', 'POST', '/api/auth/login', 200, '{"username":"admin","password":"admin123"}', '{"code":"00","status":true,"message":"Login berhasil","data":{"token":"eyJhbGciOiJIUzI1NiIsInR5cCI6IkpXVCJ9.eyJhcHBzIjoiIiwiZXhwIjoxNzg1MTA3MDAxLCJmdWxsX25hbWUiOiJBZG1pbmlzdHJhdG9yIiwicm9sZSI6ImFkbWluIiwidXNlcl9pZCI6MiwidXNlcm5hbWUiOiJhZG1pbiJ9.-3wipiwNoEpwZziEdyIwMeblCjQZrIfzN5tfSTJZIRU","refresh_token":"eda07c062de2b72f553f8096eae6c403d8efcebf786636b3323de34f4b26ae8c","expires_at":"2026-08-02T22:03:21.5902551+07:00","user":{"id":2,"username":"admin","full_name":"Administrator","role_id":2,"role_name":"admin"}}}', NULL, 248, '::1', NULL, '2026-07-26 22:03:21.602')

2026/07/26 22:03:21 [32mD:/Develop/Project_pos_mahenz/BE/domain/auth/repo/auth_repo.go:46
[0m[33m[0.505ms] [34;1m[rows:1][0m SELECT id, user_id, user_role, token, device_info, expires_at FROM sessions WHERE token = 'eyJhbGciOiJIUzI1NiIsInR5cCI6IkpXVCJ9.eyJhcHBzIjoiIiwiZXhwIjoxNzg1MTA3MDAxLCJmdWxsX25hbWUiOiJBZG1pbmlzdHJhdG9yIiwicm9sZSI6ImFkbWluIiwidXNlcl9pZCI6MiwidXNlcm5hbWUiOiJhZG1pbiJ9.-3wipiwNoEpwZziEdyIwMeblCjQZrIfzN5tfSTJZIRU' LIMIT 1

2026/07/26 22:03:21 [32mD:/Develop/Project_pos_mahenz/BE/domain/supplier_return/repo/supplier_return_repo.go:123
[0m[33m[0.791ms] [34;1m[rows:1][0m SELECT purchase_date FROM purchases WHERE id = 42 LIMIT 1

2026/07/26 22:03:21 [32mD:/Develop/Project_pos_mahenz/BE/domain/supplier_return/repo/supplier_return_repo.go:136
[0m[33m[0.576ms] [34;1m[rows:1][0m SELECT COUNT(*) FROM supplier_returns WHERE DATE(return_date) = '2026-07-26'

2026/07/26 22:03:21 [32mD:/Develop/Project_pos_mahenz/BE/domain/supplier_return/repo/supplier_return_repo.go:146
[0m[33m[0.678ms] [34;1m[rows:1][0m INSERT INTO supplier_returns (return_code, purchase_id, supplier_id, supplier_name, return_date, total_return_amount, reason, status, user_id, notes) VALUES ('RTR-20260726-001', 42, 1, 'Supplier Test Fase14', '2026-07-26', 1000, 'Rusak', 'pending', 2, '')

2026/07/26 22:03:21 [32mD:/Develop/Project_pos_mahenz/BE/domain/supplier_return/repo/supplier_return_repo.go:154
[0m[33m[0.000ms] [34;1m[rows:1][0m SELECT LAST_INSERT_ID()

2026/07/26 22:03:21 [32mD:/Develop/Project_pos_mahenz/BE/domain/supplier_return/repo/supplier_return_repo.go:160
[0m[33m[0.557ms] [34;1m[rows:1][0m SELECT quantity FROM purchase_items WHERE id = 59 AND purchase_id = 42 LIMIT 1 FOR UPDATE

2026/07/26 22:03:21 [32mD:/Develop/Project_pos_mahenz/BE/domain/supplier_return/repo/supplier_return_repo.go:165
[0m[33m[9.884ms] [34;1m[rows:1][0m SELECT COALESCE(SUM(sri.quantity), 0) FROM supplier_return_items sri JOIN supplier_returns sr ON sri.return_id = sr.id WHERE sri.purchase_item_id = 59 AND sr.status IN ('pending', 'approved')

2026/07/26 22:03:21 [32mD:/Develop/Project_pos_mahenz/BE/domain/supplier_return/repo/supplier_return_repo.go:177
[0m[33m[0.544ms] [34;1m[rows:1][0m INSERT INTO supplier_return_items (return_id, purchase_item_id, product_id, product_name, quantity, unit, purchase_price, subtotal) VALUES (1, 59, 12, 'Rokok Test Berantai', 1, 'Batang', 1000, 1000)

2026/07/26 22:03:21 [32mD:/Develop/Project_pos_mahenz/BE/domain/supplier_return/repo/supplier_return_repo.go:185
[0m[33m[0.848ms] [34;1m[rows:1][0m UPDATE products SET reserved_qty = reserved_qty + 1, updated_at = NOW() WHERE id = 12

2026/07/26 22:03:21 [32mD:/Develop/Project_pos_mahenz/BE/domain/supplier_return/repo/supplier_return_repo.go:88
[0m[33m[0.939ms] [34;1m[rows:1][0m SELECT sr.id, sr.return_code, sr.purchase_id, sr.supplier_id, sr.supplier_name, sr.return_date, sr.total_return_amount, sr.reason, sr.status, u.full_name as user_name, sr.notes FROM supplier_returns sr LEFT JOIN users u ON sr.user_id = u.id WHERE sr.id = 1

2026/07/26 22:03:21 [32mD:/Develop/Project_pos_mahenz/BE/domain/supplier_return/repo/supplier_return_repo.go:115
[0m[33m[0.535ms] [34;1m[rows:1][0m SELECT sri.id, sri.product_id, sri.product_name, sri.quantity, sri.unit, sri.purchase_price, sri.subtotal FROM supplier_return_items sri WHERE sri.return_id = 1
[GIN] 2026/07/26 - 22:03:21 | 201 |     22.7793ms |             ::1 | POST     "/api/supplier-returns/create"

2026/07/26 22:03:21 [32mD:/Develop/Project_pos_mahenz/BE/repository/log_request_repository.go:32
[0m[33m[3.092ms] [34;1m[rows:1][0m INSERT INTO log_requests (id, method, endpoint, status_code, request_body, response_body, user_id, duration_ms, ip_address, error_message, created_at) VALUES ('c9637975-0b30-4a3b-82cb-eb6b93d3344d', 'POST', '/api/supplier-returns/create', 201, '{
  "purchase_id":42,"supplier_id":1,"supplier_name":"Supplier Test Fase14","return_date":"2026-07-26","reason":"Rusak",
  "items":[{"purchase_item_id":59,"product_id":12,"product_name":"Rokok Test Berantai","quantity":1,"unit":"Batang","purchase_price":1000}]
}', '{"code":"21","status":true,"message":"Retur supplier berhasil dibuat","data":{"id":1,"return_code":"RTR-20260726-001","purchase_id":42,"supplier_id":1,"supplier_name":"Supplier Test Fase14","return_date":"2026-07-26T00:00:00+07:00","total_return_amount":1000,"reason":"Rusak","status":"pending","user_name":"Administrator","notes":"","items":[{"id":1,"product_id":12,"product_name":"Rokok Test Berantai","quantity":1,"unit":"Batang","purchase_price":1000,"subtotal":1000}]}}', 2, 22, '::1', NULL, '2026-07-26 22:03:21.75')

2026/07/26 22:03:21 [32mD:/Develop/Project_pos_mahenz/BE/domain/auth/repo/auth_repo.go:46
[0m[33m[0.511ms] [34;1m[rows:1][0m SELECT id, user_id, user_role, token, device_info, expires_at FROM sessions WHERE token = 'eyJhbGciOiJIUzI1NiIsInR5cCI6IkpXVCJ9.eyJhcHBzIjoiIiwiZXhwIjoxNzg1MTA3MDAxLCJmdWxsX25hbWUiOiJBZG1pbmlzdHJhdG9yIiwicm9sZSI6ImFkbWluIiwidXNlcl9pZCI6MiwidXNlcm5hbWUiOiJhZG1pbiJ9.-3wipiwNoEpwZziEdyIwMeblCjQZrIfzN5tfSTJZIRU' LIMIT 1

2026/07/26 22:03:21 [32mD:/Develop/Project_pos_mahenz/BE/domain/supplier_purchase/repo/purchase_repo.go:205
[0m[33m[0.538ms] [34;1m[rows:1][0m SELECT id, purchase_code, invoice_number, supplier_id, purchase_date, discount_amount, total_amount, payment_status, paid_amount, remaining_amount, status, user_id, notes FROM purchases WHERE id = 42

2026/07/26 22:03:21 [32mD:/Develop/Project_pos_mahenz/BE/domain/supplier_purchase/repo/purchase_repo.go:585
[0m[33m[0.664ms] [34;1m[rows:1][0m SELECT COUNT(*) FROM supplier_returns WHERE purchase_id = 42
[GIN] 2026/07/26 - 22:03:21 | 400 |      2.8289ms |             ::1 | POST     "/api/supplier-purchases/void/42"
Error #01: PO tidak bisa di-void karena sudah ada retur supplier terkait

2026/07/26 22:03:21 [32mD:/Develop/Project_pos_mahenz/BE/repository/log_request_repository.go:32
[0m[33m[5.092ms] [34;1m[rows:1][0m INSERT INTO log_requests (id, method, endpoint, status_code, request_body, response_body, user_id, duration_ms, ip_address, error_message, created_at) VALUES ('bb5b0f4f-f441-418e-916c-48bc590d88f9', 'POST', '/api/supplier-purchases/void/42', 400, '', '{"code":"40","status":false,"message":"PO tidak bisa di-void karena sudah ada retur supplier terkait","data":null}', 2, 2, '::1', 'PO tidak bisa di-void karena sudah ada retur supplier terkait', '2026-07-26 22:03:21.877')

2026/07/26 22:08:10 [32mD:/Develop/Project_pos_mahenz/BE/domain/auth/repo/auth_repo.go:17
[0m[33m[4.163ms] [34;1m[rows:1][0m SELECT u.id, u.username, u.password, u.full_name, u.role_id, r.name AS role_name, u.is_active FROM users u INNER JOIN roles r ON r.id = u.role_id WHERE u.username = 'admin' LIMIT 1

2026/07/26 22:08:10 [32mD:/Develop/Project_pos_mahenz/BE/domain/auth/repo/auth_repo.go:67
[0m[33m[3.001ms] [34;1m[rows:1][0m DELETE FROM sessions WHERE user_id = 2

2026/07/26 22:08:10 [32mD:/Develop/Project_pos_mahenz/BE/domain/auth/repo/auth_repo.go:38
[0m[33m[5.220ms] [34;1m[rows:1][0m INSERT INTO sessions (user_id, user_role, token, refresh_token, device_info, ip_address, expires_at) VALUES (2, 'admin', 'eyJhbGciOiJIUzI1NiIsInR5cCI6IkpXVCJ9.eyJhcHBzIjoiIiwiZXhwIjoxNzg1MTA3MjkwLCJmdWxsX25hbWUiOiJBZG1pbmlzdHJhdG9yIiwicm9sZSI6ImFkbWluIiwidXNlcl9pZCI6MiwidXNlcm5hbWUiOiJhZG1pbiJ9.NYLNroZnCC90n5j6jJ3ZXVJC6I4vmdqf5xVxVcswUxA', '9fbf67d90d89685a893c9aaf3c91eb1995a98f290e3fed2d06341c508a29b5a4', '', '::1', '2026-08-02 22:08:10.702') ON DUPLICATE KEY UPDATE user_role=VALUES(user_role), token=VALUES(token), refresh_token=VALUES(refresh_token), device_info=VALUES(device_info), ip_address=VALUES(ip_address), expires_at=VALUES(expires_at), created_at=NOW()
[GIN] 2026/07/26 - 22:08:10 | 200 |    179.0376ms |             ::1 | POST     "/api/auth/login"

2026/07/26 22:08:10 [32mD:/Develop/Project_pos_mahenz/BE/repository/log_request_repository.go:32
[0m[33m[2.162ms] [34;1m[rows:1][0m INSERT INTO log_requests (id, method, endpoint, status_code, request_body, response_body, user_id, duration_ms, ip_address, error_message, created_at) VALUES ('e2c07d31-5fe8-490f-be8d-73a1d46004dc', 'POST', '/api/auth/login', 200, '{"username":"admin","password":"admin123"}', '{"code":"00","status":true,"message":"Login berhasil","data":{"token":"eyJhbGciOiJIUzI1NiIsInR5cCI6IkpXVCJ9.eyJhcHBzIjoiIiwiZXhwIjoxNzg1MTA3MjkwLCJmdWxsX25hbWUiOiJBZG1pbmlzdHJhdG9yIiwicm9sZSI6ImFkbWluIiwidXNlcl9pZCI6MiwidXNlcm5hbWUiOiJhZG1pbiJ9.NYLNroZnCC90n5j6jJ3ZXVJC6I4vmdqf5xVxVcswUxA","refresh_token":"9fbf67d90d89685a893c9aaf3c91eb1995a98f290e3fed2d06341c508a29b5a4","expires_at":"2026-08-02T22:08:10.7023761+07:00","user":{"id":2,"username":"admin","full_name":"Administrator","role_id":2,"role_name":"admin"}}}', NULL, 179, '::1', NULL, '2026-07-26 22:08:10.711')

2026/07/26 22:08:10 [32mD:/Develop/Project_pos_mahenz/BE/domain/auth/repo/auth_repo.go:46
[0m[33m[1.088ms] [34;1m[rows:1][0m SELECT id, user_id, user_role, token, device_info, expires_at FROM sessions WHERE token = 'eyJhbGciOiJIUzI1NiIsInR5cCI6IkpXVCJ9.eyJhcHBzIjoiIiwiZXhwIjoxNzg1MTA3MjkwLCJmdWxsX25hbWUiOiJBZG1pbmlzdHJhdG9yIiwicm9sZSI6ImFkbWluIiwidXNlcl9pZCI6MiwidXNlcm5hbWUiOiJhZG1pbiJ9.NYLNroZnCC90n5j6jJ3ZXVJC6I4vmdqf5xVxVcswUxA' LIMIT 1

2026/07/26 22:08:10 [32mD:/Develop/Project_pos_mahenz/BE/domain/access/repo/access_repo.go:55
[0m[33m[1.174ms] [34;1m[rows:38][0m 
SELECT
    m.key_name,
    COALESCE(rma.can_view,   0) AS can_view,
    COALESCE(rma.can_create, 0) AS can_create,
    COALESCE(rma.can_edit,   0) AS can_edit,
    COALESCE(rma.can_delete, 0) AS can_delete
FROM menus m
LEFT JOIN role_menu_access rma ON rma.menu_id = m.id
    AND rma.role_id = (SELECT id FROM roles WHERE name = 'admin' AND is_active = 1 LIMIT 1)
WHERE m.is_active = 1
ORDER BY m.id ASC

2026/07/26 22:08:10 [32mD:/Develop/Project_pos_mahenz/BE/domain/supplier_purchase/repo/purchase_repo.go:205
[0m[33m[0.742ms] [34;1m[rows:1][0m SELECT id, purchase_code, invoice_number, supplier_id, purchase_date, discount_amount, total_amount, payment_status, paid_amount, remaining_amount, status, user_id, notes FROM purchases WHERE id = 40
[GIN] 2026/07/26 - 22:08:10 | 400 |      3.5271ms |             ::1 | POST     "/api/supplier-purchases/delete/40"
Error #01: PO harus di-void terlebih dahulu sebelum bisa dihapus

2026/07/26 22:08:10 [32mD:/Develop/Project_pos_mahenz/BE/repository/log_request_repository.go:32
[0m[33m[2.470ms] [34;1m[rows:1][0m INSERT INTO log_requests (id, method, endpoint, status_code, request_body, response_body, user_id, duration_ms, ip_address, error_message, created_at) VALUES ('1f5ec27e-7bc1-4eba-8d53-3738b0a057ee', 'POST', '/api/supplier-purchases/delete/40', 400, '', '{"code":"40","status":false,"message":"PO harus di-void terlebih dahulu sebelum bisa dihapus","data":null}', 2, 3, '::1', 'PO harus di-void terlebih dahulu sebelum bisa dihapus', '2026-07-26 22:08:10.833')

2026/07/26 22:08:10 [32mD:/Develop/Project_pos_mahenz/BE/domain/auth/repo/auth_repo.go:46
[0m[33m[3.589ms] [34;1m[rows:1][0m SELECT id, user_id, user_role, token, device_info, expires_at FROM sessions WHERE token = 'eyJhbGciOiJIUzI1NiIsInR5cCI6IkpXVCJ9.eyJhcHBzIjoiIiwiZXhwIjoxNzg1MTA3MjkwLCJmdWxsX25hbWUiOiJBZG1pbmlzdHJhdG9yIiwicm9sZSI6ImFkbWluIiwidXNlcl9pZCI6MiwidXNlcm5hbWUiOiJhZG1pbiJ9.NYLNroZnCC90n5j6jJ3ZXVJC6I4vmdqf5xVxVcswUxA' LIMIT 1

2026/07/26 22:08:10 [32mD:/Develop/Project_pos_mahenz/BE/domain/supplier_purchase/repo/purchase_repo.go:563
[0m[33m[0.537ms] [34;1m[rows:1][0m SELECT COUNT(*) FROM payment_methods WHERE code = 'cash' AND is_active = 1

2026/07/26 22:08:10 [32mD:/Develop/Project_pos_mahenz/BE/domain/supplier_purchase/repo/purchase_repo.go:318
[0m[33m[0.529ms] [34;1m[rows:1][0m SELECT COUNT(*) FROM purchases WHERE DATE(purchase_date) = '2026-07-26'

2026/07/26 22:08:10 [32mD:/Develop/Project_pos_mahenz/BE/domain/supplier_purchase/repo/purchase_repo.go:338
[0m[33m[0.621ms] [34;1m[rows:1][0m INSERT INTO purchases (purchase_code, invoice_number, supplier_id, purchase_date, discount_amount, total_amount, payment_status, paid_amount, remaining_amount, user_id, notes) VALUES ('PO-20260726-033', 'REG-DEL-PAID', 1, '2026-07-26', 0, 6000, 'paid', 6000, 0, 2, '')

2026/07/26 22:08:10 [32mD:/Develop/Project_pos_mahenz/BE/domain/supplier_purchase/repo/purchase_repo.go:345
[0m[33m[0.000ms] [34;1m[rows:1][0m SELECT LAST_INSERT_ID()

2026/07/26 22:08:10 [32mD:/Develop/Project_pos_mahenz/BE/domain/supplier_purchase/repo/purchase_repo.go:354
[0m[33m[0.520ms] [34;1m[rows:1][0m INSERT INTO purchase_payments (purchase_id, payment_date, amount, payment_method, notes, user_id) VALUES (43, '2026-07-26', 6000, 'cash', '', 2)

2026/07/26 22:08:10 [32mD:/Develop/Project_pos_mahenz/BE/domain/supplier_purchase/repo/purchase_repo.go:366
[0m[33m[0.528ms] [34;1m[rows:1][0m INSERT INTO purchase_items (purchase_id, product_id, quantity, unit, conversion_qty, purchase_price, subtotal) VALUES (43, 12, 6, 'Batang', 1, 1000, 6000)

2026/07/26 22:08:10 [32mD:/Develop/Project_pos_mahenz/BE/domain/supplier_purchase/repo/purchase_repo.go:384
[0m[33m[0.000ms] [34;1m[rows:1][0m SELECT stock FROM products WHERE id = 12 LIMIT 1

2026/07/26 22:08:10 [32mD:/Develop/Project_pos_mahenz/BE/domain/supplier_purchase/repo/purchase_repo.go:388
[0m[33m[1.434ms] [34;1m[rows:1][0m UPDATE products SET stock = stock + 6, updated_at = NOW() WHERE id = 12

2026/07/26 22:08:10 [32mD:/Develop/Project_pos_mahenz/BE/domain/supplier_purchase/repo/purchase_repo.go:394
[0m[33m[0.504ms] [34;1m[rows:1][0m INSERT INTO stock_mutations (product_id, mutation_type, quantity, stock_before, stock_after, reference_type, reference_id, notes, user_id) VALUES (12, 'in', 6, 3086, 3092, 'purchase', 43, 'Purchase Order PO-20260726-033', 2)

2026/07/26 22:08:11 [32mD:/Develop/Project_pos_mahenz/BE/domain/supplier_purchase/repo/purchase_repo.go:174
[0m[33m[0.713ms] [34;1m[rows:-][0m SELECT p.id, p.purchase_code, p.invoice_number, p.supplier_id, COALESCE(s.name, '') as supplier_name, p.purchase_date, p.discount_amount, p.total_amount, p.payment_status, p.paid_amount, p.remaining_amount, p.status, COALESCE(u.full_name, '') as user_name, p.notes FROM purchases p LEFT JOIN users u ON p.user_id = u.id LEFT JOIN suppliers s ON p.supplier_id = s.id WHERE p.id = 43

2026/07/26 22:08:11 [32mD:/Develop/Project_pos_mahenz/BE/domain/supplier_purchase/repo/purchase_repo.go:216
[0m[33m[0.753ms] [34;1m[rows:-][0m SELECT pi.id, pi.product_id, COALESCE(p.name, '') as product_name, pi.quantity, pi.unit, COALESCE(pi.conversion_qty, 1) as conversion_qty, pi.purchase_price, pi.subtotal FROM purchase_items pi LEFT JOIN products p ON pi.product_id = p.id WHERE pi.purchase_id = 43

2026/07/26 22:08:11 [32mD:/Develop/Project_pos_mahenz/BE/domain/supplier_purchase/repo/purchase_repo.go:250
[0m[33m[0.504ms] [34;1m[rows:0][0m SELECT qty, expired_date FROM product_expiry_batches WHERE purchase_item_id = 60 ORDER BY expired_date ASC
[GIN] 2026/07/26 - 22:08:11 | 201 |     15.6602ms |             ::1 | POST     "/api/supplier-purchases/create"

2026/07/26 22:08:11 [32mD:/Develop/Project_pos_mahenz/BE/repository/log_request_repository.go:32
[0m[33m[4.173ms] [34;1m[rows:1][0m INSERT INTO log_requests (id, method, endpoint, status_code, request_body, response_body, user_id, duration_ms, ip_address, error_message, created_at) VALUES ('78ae0af9-61f7-4051-9ad9-4349033695d5', 'POST', '/api/supplier-purchases/create', 201, '{"invoice_number":"REG-DEL-PAID","supplier_id":1,"purchase_date":"2026-07-26","discount_amount":0,"payment_status":"paid","payment_method":"cash","items":[{"product_id":12,"quantity":6,"unit":"Batang","conversion_qty":1,"purchase_price":1000}]}', '{"code":"21","status":true,"message":"Purchase order berhasil dibuat","data":{"id":43,"purchase_code":"PO-20260726-033","invoice_number":"REG-DEL-PAID","supplier_id":1,"supplier_name":"Supplier Test Fase14","purchase_date":"2026-07-26T00:00:00+07:00","discount_amount":0,"total_amount":6000,"payment_status":"paid","paid_amount":6000,"remaining_amount":0,"status":"active","user_name":"Administrator","notes":"","items":[{"id":60,"product_id":12,"product_name":"Rokok Test Berantai","quantity":6,"unit":"Batang","conversion_qty":1,"purchase_price":1000,"subtotal":6000}]}}', 2, 15, '::1', NULL, '2026-07-26 22:08:11.004')

2026/07/26 22:08:11 [32mD:/Develop/Project_pos_mahenz/BE/domain/auth/repo/auth_repo.go:46
[0m[33m[0.622ms] [34;1m[rows:1][0m SELECT id, user_id, user_role, token, device_info, expires_at FROM sessions WHERE token = 'eyJhbGciOiJIUzI1NiIsInR5cCI6IkpXVCJ9.eyJhcHBzIjoiIiwiZXhwIjoxNzg1MTA3MjkwLCJmdWxsX25hbWUiOiJBZG1pbmlzdHJhdG9yIiwicm9sZSI6ImFkbWluIiwidXNlcl9pZCI6MiwidXNlcm5hbWUiOiJhZG1pbiJ9.NYLNroZnCC90n5j6jJ3ZXVJC6I4vmdqf5xVxVcswUxA' LIMIT 1

2026/07/26 22:08:11 [32mD:/Develop/Project_pos_mahenz/BE/domain/product/repo/product_repo.go:136
[0m[33m[1.233ms] [34;1m[rows:1][0m 
		SELECT p.id, p.barcode, COALESCE(p.sku, '') as sku, p.name, p.category_id, COALESCE(c.name, '') as category_name,
		       p.purchase_price, p.selling_price, p.stock, p.reserved_qty, p.min_stock,
		       COALESCE(p.unit_id, 0) as unit_id, COALESCE(u.name, '') as unit_name, COALESCE(u.abbreviation, '') as unit_abbreviation,
		       p.is_active, p.created_at, p.updated_at,
		       (SELECT COUNT(*) FROM product_packages pp WHERE pp.product_id = p.id AND pp.is_default = 0) AS extra_packages,
		       (SELECT COUNT(*) FROM product_prices pr WHERE pr.product_id = p.id) AS price_tiers_count
		FROM products p
		LEFT JOIN categories c ON p.category_id = c.id
		LEFT JOIN units u ON u.id = p.unit_id
		WHERE p.id = 12 LIMIT 1
[GIN] 2026/07/26 - 22:08:11 | 200 |       2.545ms |             ::1 | POST     "/api/products/detail/12"

2026/07/26 22:08:11 [32mD:/Develop/Project_pos_mahenz/BE/repository/log_request_repository.go:32
[0m[33m[3.003ms] [34;1m[rows:1][0m INSERT INTO log_requests (id, method, endpoint, status_code, request_body, response_body, user_id, duration_ms, ip_address, error_message, created_at) VALUES ('256e63c3-beb3-4479-8b7a-f65328e75136', 'POST', '/api/products/detail/12', 200, '', '{"code":"00","status":true,"message":"Detail produk","data":{"id":12,"barcode":"8997789608850","sku":"SEM-0008","name":"Rokok Test Berantai","category_id":1,"category_name":"Sembako Test","purchase_price":800,"selling_price":1000,"stock":3092,"reserved_qty":1,"min_stock":5,"unit_id":2,"unit_name":"Batang","unit_abbreviation":"Btg","is_active":true,"extra_packages":3,"price_tiers_count":2}}', 2, 2, '::1', NULL, '2026-07-26 22:08:11.211')

2026/07/26 22:08:11 [32mD:/Develop/Project_pos_mahenz/BE/domain/auth/repo/auth_repo.go:46
[0m[33m[0.536ms] [34;1m[rows:1][0m SELECT id, user_id, user_role, token, device_info, expires_at FROM sessions WHERE token = 'eyJhbGciOiJIUzI1NiIsInR5cCI6IkpXVCJ9.eyJhcHBzIjoiIiwiZXhwIjoxNzg1MTA3MjkwLCJmdWxsX25hbWUiOiJBZG1pbmlzdHJhdG9yIiwicm9sZSI6ImFkbWluIiwidXNlcl9pZCI6MiwidXNlcm5hbWUiOiJhZG1pbiJ9.NYLNroZnCC90n5j6jJ3ZXVJC6I4vmdqf5xVxVcswUxA' LIMIT 1

2026/07/26 22:08:11 [32mD:/Develop/Project_pos_mahenz/BE/domain/supplier_purchase/repo/purchase_repo.go:205
[0m[33m[0.538ms] [34;1m[rows:1][0m SELECT id, purchase_code, invoice_number, supplier_id, purchase_date, discount_amount, total_amount, payment_status, paid_amount, remaining_amount, status, user_id, notes FROM purchases WHERE id = 43

2026/07/26 22:08:11 [32mD:/Develop/Project_pos_mahenz/BE/domain/supplier_purchase/repo/purchase_repo.go:585
[0m[33m[0.877ms] [34;1m[rows:1][0m SELECT COUNT(*) FROM supplier_returns WHERE purchase_id = 43

2026/07/26 22:08:11 [32mD:/Develop/Project_pos_mahenz/BE/domain/supplier_purchase/repo/purchase_repo.go:601
[0m[33m[0.871ms] [34;1m[rows:1][0m SELECT status FROM purchases WHERE id = 43 LIMIT 1 FOR UPDATE

2026/07/26 22:08:11 [32mD:/Develop/Project_pos_mahenz/BE/domain/supplier_purchase/repo/purchase_repo.go:612
[0m[33m[0.529ms] [34;1m[rows:1][0m UPDATE purchases SET status = 'void', remaining_amount = 0, updated_at = NOW() WHERE id = 43

2026/07/26 22:08:11 [32mD:/Develop/Project_pos_mahenz/BE/domain/supplier_purchase/repo/purchase_repo.go:216
[0m[33m[0.539ms] [34;1m[rows:-][0m SELECT pi.id, pi.product_id, COALESCE(p.name, '') as product_name, pi.quantity, pi.unit, COALESCE(pi.conversion_qty, 1) as conversion_qty, pi.purchase_price, pi.subtotal FROM purchase_items pi LEFT JOIN products p ON pi.product_id = p.id WHERE pi.purchase_id = 43

2026/07/26 22:08:11 [32mD:/Develop/Project_pos_mahenz/BE/domain/supplier_purchase/repo/purchase_repo.go:250
[0m[33m[0.563ms] [34;1m[rows:0][0m SELECT qty, expired_date FROM product_expiry_batches WHERE purchase_item_id = 60 ORDER BY expired_date ASC

2026/07/26 22:08:11 [32mD:/Develop/Project_pos_mahenz/BE/domain/supplier_purchase/repo/purchase_repo.go:629
[0m[33m[0.586ms] [34;1m[rows:1][0m SELECT stock FROM products WHERE id = 12 LIMIT 1

2026/07/26 22:08:11 [32mD:/Develop/Project_pos_mahenz/BE/domain/supplier_purchase/repo/purchase_repo.go:633
[0m[33m[0.591ms] [34;1m[rows:1][0m UPDATE products SET stock = stock - 6, updated_at = NOW() WHERE id = 12

2026/07/26 22:08:11 [32mD:/Develop/Project_pos_mahenz/BE/domain/supplier_purchase/repo/purchase_repo.go:639
[0m[33m[0.518ms] [34;1m[rows:1][0m INSERT INTO stock_mutations (product_id, mutation_type, quantity, stock_before, stock_after, reference_type, reference_id, notes, user_id) VALUES (12, 'void_purchase', 6, 3092, 3086, 'purchase', 43, 'Void purchase order ID 43', 2)
[GIN] 2026/07/26 - 22:08:11 | 200 |     12.2802ms |             ::1 | POST     "/api/supplier-purchases/void/43"

2026/07/26 22:08:11 [32mD:/Develop/Project_pos_mahenz/BE/repository/log_request_repository.go:32
[0m[33m[2.115ms] [34;1m[rows:1][0m INSERT INTO log_requests (id, method, endpoint, status_code, request_body, response_body, user_id, duration_ms, ip_address, error_message, created_at) VALUES ('f64a5ec9-7b91-4136-8f1a-3c62009510cb', 'POST', '/api/supplier-purchases/void/43', 200, '', '{"code":"00","status":true,"message":"Purchase order berhasil di-void","data":null}', 2, 12, '::1', NULL, '2026-07-26 22:08:11.33')

2026/07/26 22:08:11 [32mD:/Develop/Project_pos_mahenz/BE/domain/auth/repo/auth_repo.go:46
[0m[33m[0.545ms] [34;1m[rows:1][0m SELECT id, user_id, user_role, token, device_info, expires_at FROM sessions WHERE token = 'eyJhbGciOiJIUzI1NiIsInR5cCI6IkpXVCJ9.eyJhcHBzIjoiIiwiZXhwIjoxNzg1MTA3MjkwLCJmdWxsX25hbWUiOiJBZG1pbmlzdHJhdG9yIiwicm9sZSI6ImFkbWluIiwidXNlcl9pZCI6MiwidXNlcm5hbWUiOiJhZG1pbiJ9.NYLNroZnCC90n5j6jJ3ZXVJC6I4vmdqf5xVxVcswUxA' LIMIT 1

2026/07/26 22:08:11 [32mD:/Develop/Project_pos_mahenz/BE/domain/product/repo/product_repo.go:136
[0m[33m[2.667ms] [34;1m[rows:1][0m 
		SELECT p.id, p.barcode, COALESCE(p.sku, '') as sku, p.name, p.category_id, COALESCE(c.name, '') as category_name,
		       p.purchase_price, p.selling_price, p.stock, p.reserved_qty, p.min_stock,
		       COALESCE(p.unit_id, 0) as unit_id, COALESCE(u.name, '') as unit_name, COALESCE(u.abbreviation, '') as unit_abbreviation,
		       p.is_active, p.created_at, p.updated_at,
		       (SELECT COUNT(*) FROM product_packages pp WHERE pp.product_id = p.id AND pp.is_default = 0) AS extra_packages,
		       (SELECT COUNT(*) FROM product_prices pr WHERE pr.product_id = p.id) AS price_tiers_count
		FROM products p
		LEFT JOIN categories c ON p.category_id = c.id
		LEFT JOIN units u ON u.id = p.unit_id
		WHERE p.id = 12 LIMIT 1
[GIN] 2026/07/26 - 22:08:11 | 200 |     12.8969ms |             ::1 | POST     "/api/products/detail/12"

2026/07/26 22:08:11 [32mD:/Develop/Project_pos_mahenz/BE/repository/log_request_repository.go:32
[0m[33m[3.434ms] [34;1m[rows:1][0m INSERT INTO log_requests (id, method, endpoint, status_code, request_body, response_body, user_id, duration_ms, ip_address, error_message, created_at) VALUES ('edafac8c-e334-481c-a7c4-716f5026e3dc', 'POST', '/api/products/detail/12', 200, '', '{"code":"00","status":true,"message":"Detail produk","data":{"id":12,"barcode":"8997789608850","sku":"SEM-0008","name":"Rokok Test Berantai","category_id":1,"category_name":"Sembako Test","purchase_price":800,"selling_price":1000,"stock":3086,"reserved_qty":1,"min_stock":5,"unit_id":2,"unit_name":"Batang","unit_abbreviation":"Btg","is_active":true,"extra_packages":3,"price_tiers_count":2}}', 2, 12, '::1', NULL, '2026-07-26 22:08:11.441')

2026/07/26 22:08:11 [32mD:/Develop/Project_pos_mahenz/BE/domain/auth/repo/auth_repo.go:46
[0m[33m[0.504ms] [34;1m[rows:1][0m SELECT id, user_id, user_role, token, device_info, expires_at FROM sessions WHERE token = 'eyJhbGciOiJIUzI1NiIsInR5cCI6IkpXVCJ9.eyJhcHBzIjoiIiwiZXhwIjoxNzg1MTA3MjkwLCJmdWxsX25hbWUiOiJBZG1pbmlzdHJhdG9yIiwicm9sZSI6ImFkbWluIiwidXNlcl9pZCI6MiwidXNlcm5hbWUiOiJhZG1pbiJ9.NYLNroZnCC90n5j6jJ3ZXVJC6I4vmdqf5xVxVcswUxA' LIMIT 1

2026/07/26 22:08:11 [32mD:/Develop/Project_pos_mahenz/BE/domain/supplier_purchase/repo/purchase_repo.go:205
[0m[33m[0.542ms] [34;1m[rows:1][0m SELECT id, purchase_code, invoice_number, supplier_id, purchase_date, discount_amount, total_amount, payment_status, paid_amount, remaining_amount, status, user_id, notes FROM purchases WHERE id = 43

2026/07/26 22:08:11 [32mD:/Develop/Project_pos_mahenz/BE/domain/supplier_purchase/repo/purchase_repo.go:549
[0m[33m[0.532ms] [34;1m[rows:2][0m DELETE FROM stock_mutations WHERE reference_type = 'purchase' AND reference_id = 43

2026/07/26 22:08:11 [32mD:/Develop/Project_pos_mahenz/BE/domain/supplier_purchase/repo/purchase_repo.go:553
[0m[33m[0.518ms] [34;1m[rows:1][0m DELETE FROM purchase_items WHERE purchase_id = 43

2026/07/26 22:08:11 [32mD:/Develop/Project_pos_mahenz/BE/domain/supplier_purchase/repo/purchase_repo.go:557
[0m[33m[0.000ms] [34;1m[rows:1][0m DELETE FROM purchases WHERE id = 43
[GIN] 2026/07/26 - 22:08:11 | 200 |       5.412ms |             ::1 | POST     "/api/supplier-purchases/delete/43"

2026/07/26 22:08:11 [32mD:/Develop/Project_pos_mahenz/BE/repository/log_request_repository.go:32
[0m[33m[2.458ms] [34;1m[rows:1][0m INSERT INTO log_requests (id, method, endpoint, status_code, request_body, response_body, user_id, duration_ms, ip_address, error_message, created_at) VALUES ('ecae0e66-c968-434e-84e4-2f1050f38d45', 'POST', '/api/supplier-purchases/delete/43', 200, '', '{"code":"00","status":true,"message":"Purchase order berhasil dihapus","data":null}', 2, 5, '::1', NULL, '2026-07-26 22:08:11.584')

2026/07/26 22:08:11 [32mD:/Develop/Project_pos_mahenz/BE/domain/auth/repo/auth_repo.go:46
[0m[33m[2.443ms] [34;1m[rows:1][0m SELECT id, user_id, user_role, token, device_info, expires_at FROM sessions WHERE token = 'eyJhbGciOiJIUzI1NiIsInR5cCI6IkpXVCJ9.eyJhcHBzIjoiIiwiZXhwIjoxNzg1MTA3MjkwLCJmdWxsX25hbWUiOiJBZG1pbmlzdHJhdG9yIiwicm9sZSI6ImFkbWluIiwidXNlcl9pZCI6MiwidXNlcm5hbWUiOiJhZG1pbiJ9.NYLNroZnCC90n5j6jJ3ZXVJC6I4vmdqf5xVxVcswUxA' LIMIT 1

2026/07/26 22:08:11 [32mD:/Develop/Project_pos_mahenz/BE/domain/product/repo/product_repo.go:136
[0m[33m[1.263ms] [34;1m[rows:1][0m 
		SELECT p.id, p.barcode, COALESCE(p.sku, '') as sku, p.name, p.category_id, COALESCE(c.name, '') as category_name,
		       p.purchase_price, p.selling_price, p.stock, p.reserved_qty, p.min_stock,
		       COALESCE(p.unit_id, 0) as unit_id, COALESCE(u.name, '') as unit_name, COALESCE(u.abbreviation, '') as unit_abbreviation,
		       p.is_active, p.created_at, p.updated_at,
		       (SELECT COUNT(*) FROM product_packages pp WHERE pp.product_id = p.id AND pp.is_default = 0) AS extra_packages,
		       (SELECT COUNT(*) FROM product_prices pr WHERE pr.product_id = p.id) AS price_tiers_count
		FROM products p
		LEFT JOIN categories c ON p.category_id = c.id
		LEFT JOIN units u ON u.id = p.unit_id
		WHERE p.id = 12 LIMIT 1
[GIN] 2026/07/26 - 22:08:11 | 200 |      4.2128ms |             ::1 | POST     "/api/products/detail/12"

2026/07/26 22:08:11 [32mD:/Develop/Project_pos_mahenz/BE/repository/log_request_repository.go:32
[0m[33m[3.295ms] [34;1m[rows:1][0m INSERT INTO log_requests (id, method, endpoint, status_code, request_body, response_body, user_id, duration_ms, ip_address, error_message, created_at) VALUES ('17f90d0d-9f93-426c-b38c-877455ddbe38', 'POST', '/api/products/detail/12', 200, '', '{"code":"00","status":true,"message":"Detail produk","data":{"id":12,"barcode":"8997789608850","sku":"SEM-0008","name":"Rokok Test Berantai","category_id":1,"category_name":"Sembako Test","purchase_price":800,"selling_price":1000,"stock":3086,"reserved_qty":1,"min_stock":5,"unit_id":2,"unit_name":"Batang","unit_abbreviation":"Btg","is_active":true,"extra_packages":3,"price_tiers_count":2}}', 2, 4, '::1', NULL, '2026-07-26 22:08:11.709')

2026/07/26 22:08:40 [32mD:/Develop/Project_pos_mahenz/BE/domain/auth/repo/auth_repo.go:17
[0m[33m[14.975ms] [34;1m[rows:1][0m SELECT u.id, u.username, u.password, u.full_name, u.role_id, r.name AS role_name, u.is_active FROM users u INNER JOIN roles r ON r.id = u.role_id WHERE u.username = 'admin' LIMIT 1

2026/07/26 22:08:41 [32mD:/Develop/Project_pos_mahenz/BE/domain/auth/repo/auth_repo.go:67
[0m[33m[3.579ms] [34;1m[rows:1][0m DELETE FROM sessions WHERE user_id = 2

2026/07/26 22:08:41 [32mD:/Develop/Project_pos_mahenz/BE/domain/auth/repo/auth_repo.go:38
[0m[33m[2.566ms] [34;1m[rows:1][0m INSERT INTO sessions (user_id, user_role, token, refresh_token, device_info, ip_address, expires_at) VALUES (2, 'admin', 'eyJhbGciOiJIUzI1NiIsInR5cCI6IkpXVCJ9.eyJhcHBzIjoiIiwiZXhwIjoxNzg1MTA3MzIxLCJmdWxsX25hbWUiOiJBZG1pbmlzdHJhdG9yIiwicm9sZSI6ImFkbWluIiwidXNlcl9pZCI6MiwidXNlcm5hbWUiOiJhZG1pbiJ9.s0nVUA5zVuVbJBxRfpiatDnpp2eG1rcJkJN-tRzV-iU', 'c15d5e9d513097ec5b45d282185b360f6cc3404a411c9267921965850d21c7b7', '', '::1', '2026-08-02 22:08:41.012') ON DUPLICATE KEY UPDATE user_role=VALUES(user_role), token=VALUES(token), refresh_token=VALUES(refresh_token), device_info=VALUES(device_info), ip_address=VALUES(ip_address), expires_at=VALUES(expires_at), created_at=NOW()
[GIN] 2026/07/26 - 22:08:41 | 200 |    142.1489ms |             ::1 | POST     "/api/auth/login"

2026/07/26 22:08:41 [32mD:/Develop/Project_pos_mahenz/BE/repository/log_request_repository.go:32
[0m[33m[2.865ms] [34;1m[rows:1][0m INSERT INTO log_requests (id, method, endpoint, status_code, request_body, response_body, user_id, duration_ms, ip_address, error_message, created_at) VALUES ('b4419df4-a0dc-4afc-a17d-207e797c7c78', 'POST', '/api/auth/login', 200, '{"username":"admin","password":"admin123"}', '{"code":"00","status":true,"message":"Login berhasil","data":{"token":"eyJhbGciOiJIUzI1NiIsInR5cCI6IkpXVCJ9.eyJhcHBzIjoiIiwiZXhwIjoxNzg1MTA3MzIxLCJmdWxsX25hbWUiOiJBZG1pbmlzdHJhdG9yIiwicm9sZSI6ImFkbWluIiwidXNlcl9pZCI6MiwidXNlcm5hbWUiOiJhZG1pbiJ9.s0nVUA5zVuVbJBxRfpiatDnpp2eG1rcJkJN-tRzV-iU","refresh_token":"c15d5e9d513097ec5b45d282185b360f6cc3404a411c9267921965850d21c7b7","expires_at":"2026-08-02T22:08:41.012343+07:00","user":{"id":2,"username":"admin","full_name":"Administrator","role_id":2,"role_name":"admin"}}}', NULL, 142, '::1', NULL, '2026-07-26 22:08:41.018')

2026/07/26 22:08:41 [32mD:/Develop/Project_pos_mahenz/BE/domain/auth/repo/auth_repo.go:46
[0m[33m[0.505ms] [34;1m[rows:1][0m SELECT id, user_id, user_role, token, device_info, expires_at FROM sessions WHERE token = 'eyJhbGciOiJIUzI1NiIsInR5cCI6IkpXVCJ9.eyJhcHBzIjoiIiwiZXhwIjoxNzg1MTA3MzIxLCJmdWxsX25hbWUiOiJBZG1pbmlzdHJhdG9yIiwicm9sZSI6ImFkbWluIiwidXNlcl9pZCI6MiwidXNlcm5hbWUiOiJhZG1pbiJ9.s0nVUA5zVuVbJBxRfpiatDnpp2eG1rcJkJN-tRzV-iU' LIMIT 1

2026/07/26 22:08:41 [32mD:/Develop/Project_pos_mahenz/BE/domain/supplier_purchase/repo/purchase_repo.go:318
[0m[33m[0.561ms] [34;1m[rows:1][0m SELECT COUNT(*) FROM purchases WHERE DATE(purchase_date) = '2026-07-26'

2026/07/26 22:08:41 [32mD:/Develop/Project_pos_mahenz/BE/domain/supplier_purchase/repo/purchase_repo.go:338
[0m[33m[0.922ms] [34;1m[rows:1][0m INSERT INTO purchases (purchase_code, invoice_number, supplier_id, purchase_date, discount_amount, total_amount, payment_status, paid_amount, remaining_amount, user_id, notes) VALUES ('PO-20260726-033', 'REG-PAY-1', 1, '2026-07-26', 0, 5000, 'unpaid', 0, 5000, 2, '')

2026/07/26 22:08:41 [32mD:/Develop/Project_pos_mahenz/BE/domain/supplier_purchase/repo/purchase_repo.go:345
[0m[33m[0.000ms] [34;1m[rows:1][0m SELECT LAST_INSERT_ID()

2026/07/26 22:08:41 [32mD:/Develop/Project_pos_mahenz/BE/domain/supplier_purchase/repo/purchase_repo.go:366
[0m[33m[0.506ms] [34;1m[rows:1][0m INSERT INTO purchase_items (purchase_id, product_id, quantity, unit, conversion_qty, purchase_price, subtotal) VALUES (44, 12, 5, 'Batang', 1, 1000, 5000)

2026/07/26 22:08:41 [32mD:/Develop/Project_pos_mahenz/BE/domain/supplier_purchase/repo/purchase_repo.go:384
[0m[33m[0.576ms] [34;1m[rows:1][0m SELECT stock FROM products WHERE id = 12 LIMIT 1

2026/07/26 22:08:41 [32mD:/Develop/Project_pos_mahenz/BE/domain/supplier_purchase/repo/purchase_repo.go:388
[0m[33m[0.563ms] [34;1m[rows:1][0m UPDATE products SET stock = stock + 5, updated_at = NOW() WHERE id = 12

2026/07/26 22:08:41 [32mD:/Develop/Project_pos_mahenz/BE/domain/supplier_purchase/repo/purchase_repo.go:394
[0m[33m[0.536ms] [34;1m[rows:1][0m INSERT INTO stock_mutations (product_id, mutation_type, quantity, stock_before, stock_after, reference_type, reference_id, notes, user_id) VALUES (12, 'in', 5, 3086, 3091, 'purchase', 44, 'Purchase Order PO-20260726-033', 2)

2026/07/26 22:08:41 [32mD:/Develop/Project_pos_mahenz/BE/domain/supplier_purchase/repo/purchase_repo.go:174
[0m[33m[0.000ms] [34;1m[rows:-][0m SELECT p.id, p.purchase_code, p.invoice_number, p.supplier_id, COALESCE(s.name, '') as supplier_name, p.purchase_date, p.discount_amount, p.total_amount, p.payment_status, p.paid_amount, p.remaining_amount, p.status, COALESCE(u.full_name, '') as user_name, p.notes FROM purchases p LEFT JOIN users u ON p.user_id = u.id LEFT JOIN suppliers s ON p.supplier_id = s.id WHERE p.id = 44

2026/07/26 22:08:41 [32mD:/Develop/Project_pos_mahenz/BE/domain/supplier_purchase/repo/purchase_repo.go:216
[0m[33m[0.523ms] [34;1m[rows:-][0m SELECT pi.id, pi.product_id, COALESCE(p.name, '') as product_name, pi.quantity, pi.unit, COALESCE(pi.conversion_qty, 1) as conversion_qty, pi.purchase_price, pi.subtotal FROM purchase_items pi LEFT JOIN products p ON pi.product_id = p.id WHERE pi.purchase_id = 44

2026/07/26 22:08:41 [32mD:/Develop/Project_pos_mahenz/BE/domain/supplier_purchase/repo/purchase_repo.go:250
[0m[33m[0.534ms] [34;1m[rows:0][0m SELECT qty, expired_date FROM product_expiry_batches WHERE purchase_item_id = 61 ORDER BY expired_date ASC
[GIN] 2026/07/26 - 22:08:41 | 201 |      8.9563ms |             ::1 | POST     "/api/supplier-purchases/create"

2026/07/26 22:08:41 [32mD:/Develop/Project_pos_mahenz/BE/repository/log_request_repository.go:32
[0m[33m[2.387ms] [34;1m[rows:1][0m INSERT INTO log_requests (id, method, endpoint, status_code, request_body, response_body, user_id, duration_ms, ip_address, error_message, created_at) VALUES ('2b39ec1a-5f31-4103-b125-dfe860e34fa9', 'POST', '/api/supplier-purchases/create', 201, '{"invoice_number":"REG-PAY-1","supplier_id":1,"purchase_date":"2026-07-26","discount_amount":0,"payment_status":"unpaid","items":[{"product_id":12,"quantity":5,"unit":"Batang","conversion_qty":1,"purchase_price":1000}]}', '{"code":"21","status":true,"message":"Purchase order berhasil dibuat","data":{"id":44,"purchase_code":"PO-20260726-033","invoice_number":"REG-PAY-1","supplier_id":1,"supplier_name":"Supplier Test Fase14","purchase_date":"2026-07-26T00:00:00+07:00","discount_amount":0,"total_amount":5000,"payment_status":"unpaid","paid_amount":0,"remaining_amount":5000,"status":"active","user_name":"Administrator","notes":"","items":[{"id":61,"product_id":12,"product_name":"Rokok Test Berantai","quantity":5,"unit":"Batang","conversion_qty":1,"purchase_price":1000,"subtotal":5000}]}}', 2, 8, '::1', NULL, '2026-07-26 22:08:41.227')

2026/07/26 22:08:41 [32mD:/Develop/Project_pos_mahenz/BE/domain/auth/repo/auth_repo.go:46
[0m[33m[0.506ms] [34;1m[rows:1][0m SELECT id, user_id, user_role, token, device_info, expires_at FROM sessions WHERE token = 'eyJhbGciOiJIUzI1NiIsInR5cCI6IkpXVCJ9.eyJhcHBzIjoiIiwiZXhwIjoxNzg1MTA3MzIxLCJmdWxsX25hbWUiOiJBZG1pbmlzdHJhdG9yIiwicm9sZSI6ImFkbWluIiwidXNlcl9pZCI6MiwidXNlcm5hbWUiOiJhZG1pbiJ9.s0nVUA5zVuVbJBxRfpiatDnpp2eG1rcJkJN-tRzV-iU' LIMIT 1

2026/07/26 22:08:41 [32mD:/Develop/Project_pos_mahenz/BE/domain/supplier_purchase/repo/purchase_repo.go:205
[0m[33m[0.528ms] [34;1m[rows:1][0m SELECT id, purchase_code, invoice_number, supplier_id, purchase_date, discount_amount, total_amount, payment_status, paid_amount, remaining_amount, status, user_id, notes FROM purchases WHERE id = 44

2026/07/26 22:08:41 [32mD:/Develop/Project_pos_mahenz/BE/domain/supplier_purchase/repo/purchase_repo.go:563
[0m[33m[0.000ms] [34;1m[rows:1][0m SELECT COUNT(*) FROM payment_methods WHERE code = 'cash' AND is_active = 1

2026/07/26 22:08:41 [32mD:/Develop/Project_pos_mahenz/BE/domain/supplier_purchase/repo/purchase_repo.go:571
[0m[33m[0.544ms] [34;1m[rows:1][0m UPDATE purchases SET paid_amount = paid_amount + 2000, remaining_amount = remaining_amount - 2000, payment_status = CASE WHEN remaining_amount <= 0 THEN 'paid' WHEN paid_amount > 0 THEN 'partial' ELSE 'unpaid' END, updated_at = NOW() WHERE id = 44

2026/07/26 22:08:41 [32mD:/Develop/Project_pos_mahenz/BE/domain/supplier_purchase/repo/purchase_repo.go:579
[0m[33m[0.000ms] [34;1m[rows:1][0m INSERT INTO purchase_payments (purchase_id, payment_date, amount, payment_method, notes, user_id) VALUES (44, '2026-07-26', 2000, 'cash', '', 2)
[GIN] 2026/07/26 - 22:08:41 | 200 |      5.3255ms |             ::1 | POST     "/api/supplier-purchases/pay/44"

2026/07/26 22:08:41 [32mD:/Develop/Project_pos_mahenz/BE/repository/log_request_repository.go:32
[0m[33m[2.374ms] [34;1m[rows:1][0m INSERT INTO log_requests (id, method, endpoint, status_code, request_body, response_body, user_id, duration_ms, ip_address, error_message, created_at) VALUES ('dc20af2c-475d-4c2d-b0b8-a0a859e3f091', 'POST', '/api/supplier-purchases/pay/44', 200, '{"amount":2000,"payment_date":"2026-07-26","payment_method":"cash"}', '{"code":"00","status":true,"message":"Pembayaran purchase order berhasil dicatat","data":null}', 2, 5, '::1', NULL, '2026-07-26 22:08:41.396')

2026/07/26 22:08:41 [32mD:/Develop/Project_pos_mahenz/BE/domain/auth/repo/auth_repo.go:46
[0m[33m[0.515ms] [34;1m[rows:1][0m SELECT id, user_id, user_role, token, device_info, expires_at FROM sessions WHERE token = 'eyJhbGciOiJIUzI1NiIsInR5cCI6IkpXVCJ9.eyJhcHBzIjoiIiwiZXhwIjoxNzg1MTA3MzIxLCJmdWxsX25hbWUiOiJBZG1pbmlzdHJhdG9yIiwicm9sZSI6ImFkbWluIiwidXNlcl9pZCI6MiwidXNlcm5hbWUiOiJhZG1pbiJ9.s0nVUA5zVuVbJBxRfpiatDnpp2eG1rcJkJN-tRzV-iU' LIMIT 1

2026/07/26 22:08:41 [32mD:/Develop/Project_pos_mahenz/BE/domain/supplier_purchase/repo/purchase_repo.go:205
[0m[33m[0.309ms] [34;1m[rows:1][0m SELECT id, purchase_code, invoice_number, supplier_id, purchase_date, discount_amount, total_amount, payment_status, paid_amount, remaining_amount, status, user_id, notes FROM purchases WHERE id = 44
[GIN] 2026/07/26 - 22:08:41 | 400 |      1.4782ms |             ::1 | POST     "/api/supplier-purchases/pay/44"
Error #01: Jumlah pembayaran melebihi sisa tagihan

2026/07/26 22:08:41 [32mD:/Develop/Project_pos_mahenz/BE/repository/log_request_repository.go:32
[0m[33m[3.477ms] [34;1m[rows:1][0m INSERT INTO log_requests (id, method, endpoint, status_code, request_body, response_body, user_id, duration_ms, ip_address, error_message, created_at) VALUES ('3593ae6d-ab4d-4bae-9186-77e5d2a323a5', 'POST', '/api/supplier-purchases/pay/44', 400, '{"amount":5000,"payment_date":"2026-07-26","payment_method":"cash"}', '{"code":"40","status":false,"message":"Jumlah pembayaran melebihi sisa tagihan","data":null}', 2, 1, '::1', 'Jumlah pembayaran melebihi sisa tagihan', '2026-07-26 22:08:41.496')

2026/07/26 22:08:41 [32mD:/Develop/Project_pos_mahenz/BE/domain/auth/repo/auth_repo.go:46
[0m[33m[0.509ms] [34;1m[rows:1][0m SELECT id, user_id, user_role, token, device_info, expires_at FROM sessions WHERE token = 'eyJhbGciOiJIUzI1NiIsInR5cCI6IkpXVCJ9.eyJhcHBzIjoiIiwiZXhwIjoxNzg1MTA3MzIxLCJmdWxsX25hbWUiOiJBZG1pbmlzdHJhdG9yIiwicm9sZSI6ImFkbWluIiwidXNlcl9pZCI6MiwidXNlcm5hbWUiOiJhZG1pbiJ9.s0nVUA5zVuVbJBxRfpiatDnpp2eG1rcJkJN-tRzV-iU' LIMIT 1

2026/07/26 22:08:41 [32mD:/Develop/Project_pos_mahenz/BE/domain/supplier_purchase/repo/purchase_repo.go:205
[0m[33m[0.569ms] [34;1m[rows:1][0m SELECT id, purchase_code, invoice_number, supplier_id, purchase_date, discount_amount, total_amount, payment_status, paid_amount, remaining_amount, status, user_id, notes FROM purchases WHERE id = 44

2026/07/26 22:08:41 [32mD:/Develop/Project_pos_mahenz/BE/domain/supplier_purchase/repo/purchase_repo.go:563
[0m[33m[0.560ms] [34;1m[rows:1][0m SELECT COUNT(*) FROM payment_methods WHERE code = 'cash' AND is_active = 1

2026/07/26 22:08:41 [32mD:/Develop/Project_pos_mahenz/BE/domain/supplier_purchase/repo/purchase_repo.go:571
[0m[33m[2.627ms] [34;1m[rows:1][0m UPDATE purchases SET paid_amount = paid_amount + 3000, remaining_amount = remaining_amount - 3000, payment_status = CASE WHEN remaining_amount <= 0 THEN 'paid' WHEN paid_amount > 0 THEN 'partial' ELSE 'unpaid' END, updated_at = NOW() WHERE id = 44

2026/07/26 22:08:41 [32mD:/Develop/Project_pos_mahenz/BE/domain/supplier_purchase/repo/purchase_repo.go:579
[0m[33m[0.506ms] [34;1m[rows:1][0m INSERT INTO purchase_payments (purchase_id, payment_date, amount, payment_method, notes, user_id) VALUES (44, '2026-07-26', 3000, 'cash', '', 2)
[GIN] 2026/07/26 - 22:08:41 | 200 |      7.9989ms |             ::1 | POST     "/api/supplier-purchases/pay/44"

2026/07/26 22:08:41 [32mD:/Develop/Project_pos_mahenz/BE/repository/log_request_repository.go:32
[0m[33m[2.095ms] [34;1m[rows:1][0m INSERT INTO log_requests (id, method, endpoint, status_code, request_body, response_body, user_id, duration_ms, ip_address, error_message, created_at) VALUES ('68c62dd3-7e22-4228-a993-e2cecfee35e0', 'POST', '/api/supplier-purchases/pay/44', 200, '{"amount":3000,"payment_date":"2026-07-26","payment_method":"cash"}', '{"code":"00","status":true,"message":"Pembayaran purchase order berhasil dicatat","data":null}', 2, 7, '::1', NULL, '2026-07-26 22:08:41.601')

2026/07/26 22:08:41 [32mD:/Develop/Project_pos_mahenz/BE/domain/auth/repo/auth_repo.go:46
[0m[33m[0.507ms] [34;1m[rows:1][0m SELECT id, user_id, user_role, token, device_info, expires_at FROM sessions WHERE token = 'eyJhbGciOiJIUzI1NiIsInR5cCI6IkpXVCJ9.eyJhcHBzIjoiIiwiZXhwIjoxNzg1MTA3MzIxLCJmdWxsX25hbWUiOiJBZG1pbmlzdHJhdG9yIiwicm9sZSI6ImFkbWluIiwidXNlcl9pZCI6MiwidXNlcm5hbWUiOiJhZG1pbiJ9.s0nVUA5zVuVbJBxRfpiatDnpp2eG1rcJkJN-tRzV-iU' LIMIT 1

2026/07/26 22:08:41 [32mD:/Develop/Project_pos_mahenz/BE/domain/supplier_purchase/repo/purchase_repo.go:205
[0m[33m[0.567ms] [34;1m[rows:1][0m SELECT id, purchase_code, invoice_number, supplier_id, purchase_date, discount_amount, total_amount, payment_status, paid_amount, remaining_amount, status, user_id, notes FROM purchases WHERE id = 44
[GIN] 2026/07/26 - 22:08:41 | 400 |      1.6384ms |             ::1 | POST     "/api/supplier-purchases/pay/44"
Error #01: PO sudah lunas

2026/07/26 22:08:41 [32mD:/Develop/Project_pos_mahenz/BE/repository/log_request_repository.go:32
[0m[33m[2.508ms] [34;1m[rows:1][0m INSERT INTO log_requests (id, method, endpoint, status_code, request_body, response_body, user_id, duration_ms, ip_address, error_message, created_at) VALUES ('db4b823d-3bc1-4398-8689-1134668d88a8', 'POST', '/api/supplier-purchases/pay/44', 400, '{"amount":100,"payment_date":"2026-07-26","payment_method":"cash"}', '{"code":"40","status":false,"message":"PO sudah lunas","data":null}', 2, 1, '::1', 'PO sudah lunas', '2026-07-26 22:08:41.701')

2026/07/26 22:09:42 [32mD:/Develop/Project_pos_mahenz/BE/domain/auth/repo/auth_repo.go:17
[0m[33m[2.506ms] [34;1m[rows:1][0m SELECT u.id, u.username, u.password, u.full_name, u.role_id, r.name AS role_name, u.is_active FROM users u INNER JOIN roles r ON r.id = u.role_id WHERE u.username = 'admin' LIMIT 1

2026/07/26 22:09:42 [32mD:/Develop/Project_pos_mahenz/BE/domain/auth/repo/auth_repo.go:67
[0m[33m[4.788ms] [34;1m[rows:1][0m DELETE FROM sessions WHERE user_id = 2

2026/07/26 22:09:42 [32mD:/Develop/Project_pos_mahenz/BE/domain/auth/repo/auth_repo.go:38
[0m[33m[2.997ms] [34;1m[rows:1][0m INSERT INTO sessions (user_id, user_role, token, refresh_token, device_info, ip_address, expires_at) VALUES (2, 'admin', 'eyJhbGciOiJIUzI1NiIsInR5cCI6IkpXVCJ9.eyJhcHBzIjoiIiwiZXhwIjoxNzg1MTA3MzgyLCJmdWxsX25hbWUiOiJBZG1pbmlzdHJhdG9yIiwicm9sZSI6ImFkbWluIiwidXNlcl9pZCI6MiwidXNlcm5hbWUiOiJhZG1pbiJ9.pHrcIpd-BbfXcmSjB4lNexUzWEaVjMZKDSKY9wLeic4', '0a57d3982fbd169f57ea6c6fc1d184d8016c3fbc6912fadf4e6c200cb048813e', '', '::1', '2026-08-02 22:09:42.128') ON DUPLICATE KEY UPDATE user_role=VALUES(user_role), token=VALUES(token), refresh_token=VALUES(refresh_token), device_info=VALUES(device_info), ip_address=VALUES(ip_address), expires_at=VALUES(expires_at), created_at=NOW()
[GIN] 2026/07/26 - 22:09:42 | 200 |    100.2762ms |             ::1 | POST     "/api/auth/login"

2026/07/26 22:09:42 [32mD:/Develop/Project_pos_mahenz/BE/repository/log_request_repository.go:32
[0m[33m[2.042ms] [34;1m[rows:1][0m INSERT INTO log_requests (id, method, endpoint, status_code, request_body, response_body, user_id, duration_ms, ip_address, error_message, created_at) VALUES ('485fe86a-ac7f-4b91-b9aa-bb98cfced310', 'POST', '/api/auth/login', 200, '{"username":"admin","password":"admin123"}', '{"code":"00","status":true,"message":"Login berhasil","data":{"token":"eyJhbGciOiJIUzI1NiIsInR5cCI6IkpXVCJ9.eyJhcHBzIjoiIiwiZXhwIjoxNzg1MTA3MzgyLCJmdWxsX25hbWUiOiJBZG1pbmlzdHJhdG9yIiwicm9sZSI6ImFkbWluIiwidXNlcl9pZCI6MiwidXNlcm5hbWUiOiJhZG1pbiJ9.pHrcIpd-BbfXcmSjB4lNexUzWEaVjMZKDSKY9wLeic4","refresh_token":"0a57d3982fbd169f57ea6c6fc1d184d8016c3fbc6912fadf4e6c200cb048813e","expires_at":"2026-08-02T22:09:42.1286722+07:00","user":{"id":2,"username":"admin","full_name":"Administrator","role_id":2,"role_name":"admin"}}}', NULL, 100, '::1', NULL, '2026-07-26 22:09:42.136')

2026/07/26 22:09:42 [32mD:/Develop/Project_pos_mahenz/BE/domain/auth/repo/auth_repo.go:46
[0m[33m[3.934ms] [34;1m[rows:1][0m SELECT id, user_id, user_role, token, device_info, expires_at FROM sessions WHERE token = 'eyJhbGciOiJIUzI1NiIsInR5cCI6IkpXVCJ9.eyJhcHBzIjoiIiwiZXhwIjoxNzg1MTA3MzgyLCJmdWxsX25hbWUiOiJBZG1pbmlzdHJhdG9yIiwicm9sZSI6ImFkbWluIiwidXNlcl9pZCI6MiwidXNlcm5hbWUiOiJhZG1pbiJ9.pHrcIpd-BbfXcmSjB4lNexUzWEaVjMZKDSKY9wLeic4' LIMIT 1

2026/07/26 22:09:42 [32mD:/Develop/Project_pos_mahenz/BE/domain/supplier_purchase/repo/purchase_repo.go:318
[0m[33m[1.480ms] [34;1m[rows:1][0m SELECT COUNT(*) FROM purchases WHERE DATE(purchase_date) = '2026-07-26'

2026/07/26 22:09:42 [32mD:/Develop/Project_pos_mahenz/BE/domain/supplier_purchase/repo/purchase_repo.go:338
[0m[33m[16.431ms] [34;1m[rows:1][0m INSERT INTO purchases (purchase_code, invoice_number, supplier_id, purchase_date, discount_amount, total_amount, payment_status, paid_amount, remaining_amount, user_id, notes) VALUES ('PO-20260726-034', 'REG-PAY-VOID', 1, '2026-07-26', 0, 1000, 'unpaid', 0, 1000, 2, '')

2026/07/26 22:09:42 [32mD:/Develop/Project_pos_mahenz/BE/domain/supplier_purchase/repo/purchase_repo.go:345
[0m[33m[1.760ms] [34;1m[rows:1][0m SELECT LAST_INSERT_ID()

2026/07/26 22:09:42 [32mD:/Develop/Project_pos_mahenz/BE/domain/supplier_purchase/repo/purchase_repo.go:366
[0m[33m[2.108ms] [34;1m[rows:1][0m INSERT INTO purchase_items (purchase_id, product_id, quantity, unit, conversion_qty, purchase_price, subtotal) VALUES (45, 12, 1, 'Batang', 1, 1000, 1000)

2026/07/26 22:09:42 [32mD:/Develop/Project_pos_mahenz/BE/domain/supplier_purchase/repo/purchase_repo.go:384
[0m[33m[0.560ms] [34;1m[rows:1][0m SELECT stock FROM products WHERE id = 12 LIMIT 1

2026/07/26 22:09:42 [32mD:/Develop/Project_pos_mahenz/BE/domain/supplier_purchase/repo/purchase_repo.go:388
[0m[33m[0.699ms] [34;1m[rows:1][0m UPDATE products SET stock = stock + 1, updated_at = NOW() WHERE id = 12

2026/07/26 22:09:42 [32mD:/Develop/Project_pos_mahenz/BE/domain/supplier_purchase/repo/purchase_repo.go:394
[0m[33m[0.668ms] [34;1m[rows:1][0m INSERT INTO stock_mutations (product_id, mutation_type, quantity, stock_before, stock_after, reference_type, reference_id, notes, user_id) VALUES (12, 'in', 1, 3091, 3092, 'purchase', 45, 'Purchase Order PO-20260726-034', 2)

2026/07/26 22:09:42 [32mD:/Develop/Project_pos_mahenz/BE/domain/supplier_purchase/repo/purchase_repo.go:174
[0m[33m[2.857ms] [34;1m[rows:-][0m SELECT p.id, p.purchase_code, p.invoice_number, p.supplier_id, COALESCE(s.name, '') as supplier_name, p.purchase_date, p.discount_amount, p.total_amount, p.payment_status, p.paid_amount, p.remaining_amount, p.status, COALESCE(u.full_name, '') as user_name, p.notes FROM purchases p LEFT JOIN users u ON p.user_id = u.id LEFT JOIN suppliers s ON p.supplier_id = s.id WHERE p.id = 45

2026/07/26 22:09:42 [32mD:/Develop/Project_pos_mahenz/BE/domain/supplier_purchase/repo/purchase_repo.go:216
[0m[33m[0.542ms] [34;1m[rows:-][0m SELECT pi.id, pi.product_id, COALESCE(p.name, '') as product_name, pi.quantity, pi.unit, COALESCE(pi.conversion_qty, 1) as conversion_qty, pi.purchase_price, pi.subtotal FROM purchase_items pi LEFT JOIN products p ON pi.product_id = p.id WHERE pi.purchase_id = 45

2026/07/26 22:09:42 [32mD:/Develop/Project_pos_mahenz/BE/domain/supplier_purchase/repo/purchase_repo.go:250
[0m[33m[0.638ms] [34;1m[rows:0][0m SELECT qty, expired_date FROM product_expiry_batches WHERE purchase_item_id = 62 ORDER BY expired_date ASC
[GIN] 2026/07/26 - 22:09:42 | 201 |     41.2433ms |             ::1 | POST     "/api/supplier-purchases/create"

2026/07/26 22:09:42 [32mD:/Develop/Project_pos_mahenz/BE/repository/log_request_repository.go:32
[0m[33m[2.325ms] [34;1m[rows:1][0m INSERT INTO log_requests (id, method, endpoint, status_code, request_body, response_body, user_id, duration_ms, ip_address, error_message, created_at) VALUES ('18559ea1-3aca-4971-8bff-c7ddb1810371', 'POST', '/api/supplier-purchases/create', 201, '{"invoice_number":"REG-PAY-VOID","supplier_id":1,"purchase_date":"2026-07-26","discount_amount":0,"payment_status":"unpaid","items":[{"product_id":12,"quantity":1,"unit":"Batang","conversion_qty":1,"purchase_price":1000}]}', '{"code":"21","status":true,"message":"Purchase order berhasil dibuat","data":{"id":45,"purchase_code":"PO-20260726-034","invoice_number":"REG-PAY-VOID","supplier_id":1,"supplier_name":"Supplier Test Fase14","purchase_date":"2026-07-26T00:00:00+07:00","discount_amount":0,"total_amount":1000,"payment_status":"unpaid","paid_amount":0,"remaining_amount":1000,"status":"active","user_name":"Administrator","notes":"","items":[{"id":62,"product_id":12,"product_name":"Rokok Test Berantai","quantity":1,"unit":"Batang","conversion_qty":1,"purchase_price":1000,"subtotal":1000}]}}', 2, 41, '::1', NULL, '2026-07-26 22:09:42.468')

2026/07/26 22:09:42 [32mD:/Develop/Project_pos_mahenz/BE/domain/auth/repo/auth_repo.go:46
[0m[33m[0.736ms] [34;1m[rows:1][0m SELECT id, user_id, user_role, token, device_info, expires_at FROM sessions WHERE token = 'eyJhbGciOiJIUzI1NiIsInR5cCI6IkpXVCJ9.eyJhcHBzIjoiIiwiZXhwIjoxNzg1MTA3MzgyLCJmdWxsX25hbWUiOiJBZG1pbmlzdHJhdG9yIiwicm9sZSI6ImFkbWluIiwidXNlcl9pZCI6MiwidXNlcm5hbWUiOiJhZG1pbiJ9.pHrcIpd-BbfXcmSjB4lNexUzWEaVjMZKDSKY9wLeic4' LIMIT 1

2026/07/26 22:09:42 [32mD:/Develop/Project_pos_mahenz/BE/domain/supplier_purchase/repo/purchase_repo.go:205
[0m[33m[0.535ms] [34;1m[rows:1][0m SELECT id, purchase_code, invoice_number, supplier_id, purchase_date, discount_amount, total_amount, payment_status, paid_amount, remaining_amount, status, user_id, notes FROM purchases WHERE id = 45

2026/07/26 22:09:42 [32mD:/Develop/Project_pos_mahenz/BE/domain/supplier_purchase/repo/purchase_repo.go:585
[0m[33m[0.522ms] [34;1m[rows:1][0m SELECT COUNT(*) FROM supplier_returns WHERE purchase_id = 45

2026/07/26 22:09:42 [32mD:/Develop/Project_pos_mahenz/BE/domain/supplier_purchase/repo/purchase_repo.go:601
[0m[33m[1.415ms] [34;1m[rows:1][0m SELECT status FROM purchases WHERE id = 45 LIMIT 1 FOR UPDATE

2026/07/26 22:09:42 [32mD:/Develop/Project_pos_mahenz/BE/domain/supplier_purchase/repo/purchase_repo.go:612
[0m[33m[1.131ms] [34;1m[rows:1][0m UPDATE purchases SET status = 'void', remaining_amount = 0, updated_at = NOW() WHERE id = 45

2026/07/26 22:09:42 [32mD:/Develop/Project_pos_mahenz/BE/domain/supplier_purchase/repo/purchase_repo.go:216
[0m[33m[0.525ms] [34;1m[rows:-][0m SELECT pi.id, pi.product_id, COALESCE(p.name, '') as product_name, pi.quantity, pi.unit, COALESCE(pi.conversion_qty, 1) as conversion_qty, pi.purchase_price, pi.subtotal FROM purchase_items pi LEFT JOIN products p ON pi.product_id = p.id WHERE pi.purchase_id = 45

2026/07/26 22:09:42 [32mD:/Develop/Project_pos_mahenz/BE/domain/supplier_purchase/repo/purchase_repo.go:250
[0m[33m[0.000ms] [34;1m[rows:0][0m SELECT qty, expired_date FROM product_expiry_batches WHERE purchase_item_id = 62 ORDER BY expired_date ASC

2026/07/26 22:09:42 [32mD:/Develop/Project_pos_mahenz/BE/domain/supplier_purchase/repo/purchase_repo.go:629
[0m[33m[0.000ms] [34;1m[rows:1][0m SELECT stock FROM products WHERE id = 12 LIMIT 1

2026/07/26 22:09:42 [32mD:/Develop/Project_pos_mahenz/BE/domain/supplier_purchase/repo/purchase_repo.go:633
[0m[33m[0.527ms] [34;1m[rows:1][0m UPDATE products SET stock = stock - 1, updated_at = NOW() WHERE id = 12

2026/07/26 22:09:42 [32mD:/Develop/Project_pos_mahenz/BE/domain/supplier_purchase/repo/purchase_repo.go:639
[0m[33m[0.599ms] [34;1m[rows:1][0m INSERT INTO stock_mutations (product_id, mutation_type, quantity, stock_before, stock_after, reference_type, reference_id, notes, user_id) VALUES (12, 'void_purchase', 1, 3092, 3091, 'purchase', 45, 'Void purchase order ID 45', 2)
[GIN] 2026/07/26 - 22:09:42 | 200 |      9.6944ms |             ::1 | POST     "/api/supplier-purchases/void/45"

2026/07/26 22:09:42 [32mD:/Develop/Project_pos_mahenz/BE/repository/log_request_repository.go:32
[0m[33m[2.990ms] [34;1m[rows:1][0m INSERT INTO log_requests (id, method, endpoint, status_code, request_body, response_body, user_id, duration_ms, ip_address, error_message, created_at) VALUES ('cf35d4ac-e006-4de5-afa3-392bc5bee481', 'POST', '/api/supplier-purchases/void/45', 200, '', '{"code":"00","status":true,"message":"Purchase order berhasil di-void","data":null}', 2, 9, '::1', NULL, '2026-07-26 22:09:42.636')

2026/07/26 22:09:42 [32mD:/Develop/Project_pos_mahenz/BE/domain/auth/repo/auth_repo.go:46
[0m[33m[0.507ms] [34;1m[rows:1][0m SELECT id, user_id, user_role, token, device_info, expires_at FROM sessions WHERE token = 'eyJhbGciOiJIUzI1NiIsInR5cCI6IkpXVCJ9.eyJhcHBzIjoiIiwiZXhwIjoxNzg1MTA3MzgyLCJmdWxsX25hbWUiOiJBZG1pbmlzdHJhdG9yIiwicm9sZSI6ImFkbWluIiwidXNlcl9pZCI6MiwidXNlcm5hbWUiOiJhZG1pbiJ9.pHrcIpd-BbfXcmSjB4lNexUzWEaVjMZKDSKY9wLeic4' LIMIT 1

2026/07/26 22:09:42 [32mD:/Develop/Project_pos_mahenz/BE/domain/supplier_purchase/repo/purchase_repo.go:205
[0m[33m[0.620ms] [34;1m[rows:1][0m SELECT id, purchase_code, invoice_number, supplier_id, purchase_date, discount_amount, total_amount, payment_status, paid_amount, remaining_amount, status, user_id, notes FROM purchases WHERE id = 45
[GIN] 2026/07/26 - 22:09:42 | 400 |      1.1264ms |             ::1 | POST     "/api/supplier-purchases/pay/45"
Error #01: PO sudah di-void, tidak bisa dibayar

2026/07/26 22:09:42 [32mD:/Develop/Project_pos_mahenz/BE/repository/log_request_repository.go:32
[0m[33m[3.046ms] [34;1m[rows:1][0m INSERT INTO log_requests (id, method, endpoint, status_code, request_body, response_body, user_id, duration_ms, ip_address, error_message, created_at) VALUES ('64b2ab6a-f465-4964-b98e-7106da2f15af', 'POST', '/api/supplier-purchases/pay/45', 400, '{"amount":500,"payment_date":"2026-07-26","payment_method":"cash"}', '{"code":"40","status":false,"message":"PO sudah di-void, tidak bisa dibayar","data":null}', 2, 1, '::1', 'PO sudah di-void, tidak bisa dibayar', '2026-07-26 22:09:42.74')

2026/07/26 22:09:42 [32mD:/Develop/Project_pos_mahenz/BE/domain/auth/repo/auth_repo.go:46
[0m[33m[0.632ms] [34;1m[rows:1][0m SELECT id, user_id, user_role, token, device_info, expires_at FROM sessions WHERE token = 'eyJhbGciOiJIUzI1NiIsInR5cCI6IkpXVCJ9.eyJhcHBzIjoiIiwiZXhwIjoxNzg1MTA3MzgyLCJmdWxsX25hbWUiOiJBZG1pbmlzdHJhdG9yIiwicm9sZSI6ImFkbWluIiwidXNlcl9pZCI6MiwidXNlcm5hbWUiOiJhZG1pbiJ9.pHrcIpd-BbfXcmSjB4lNexUzWEaVjMZKDSKY9wLeic4' LIMIT 1

2026/07/26 22:09:42 [32mD:/Develop/Project_pos_mahenz/BE/domain/supplier_purchase/repo/purchase_repo.go:318
[0m[33m[0.525ms] [34;1m[rows:1][0m SELECT COUNT(*) FROM purchases WHERE DATE(purchase_date) = '2026-07-26'

2026/07/26 22:09:42 [32mD:/Develop/Project_pos_mahenz/BE/domain/supplier_purchase/repo/purchase_repo.go:338
[0m[33m[0.506ms] [34;1m[rows:1][0m INSERT INTO purchases (purchase_code, invoice_number, supplier_id, purchase_date, discount_amount, total_amount, payment_status, paid_amount, remaining_amount, user_id, notes) VALUES ('PO-20260726-035', 'REG-PAY-BADMETHOD', 1, '2026-07-26', 0, 1000, 'unpaid', 0, 1000, 2, '')

2026/07/26 22:09:42 [32mD:/Develop/Project_pos_mahenz/BE/domain/supplier_purchase/repo/purchase_repo.go:345
[0m[33m[0.000ms] [34;1m[rows:1][0m SELECT LAST_INSERT_ID()

2026/07/26 22:09:42 [32mD:/Develop/Project_pos_mahenz/BE/domain/supplier_purchase/repo/purchase_repo.go:366
[0m[33m[4.459ms] [34;1m[rows:1][0m INSERT INTO purchase_items (purchase_id, product_id, quantity, unit, conversion_qty, purchase_price, subtotal) VALUES (46, 12, 1, 'Batang', 1, 1000, 1000)

2026/07/26 22:09:42 [32mD:/Develop/Project_pos_mahenz/BE/domain/supplier_purchase/repo/purchase_repo.go:384
[0m[33m[1.914ms] [34;1m[rows:1][0m SELECT stock FROM products WHERE id = 12 LIMIT 1

2026/07/26 22:09:42 [32mD:/Develop/Project_pos_mahenz/BE/domain/supplier_purchase/repo/purchase_repo.go:388
[0m[33m[0.983ms] [34;1m[rows:1][0m UPDATE products SET stock = stock + 1, updated_at = NOW() WHERE id = 12

2026/07/26 22:09:42 [32mD:/Develop/Project_pos_mahenz/BE/domain/supplier_purchase/repo/purchase_repo.go:394
[0m[33m[1.007ms] [34;1m[rows:1][0m INSERT INTO stock_mutations (product_id, mutation_type, quantity, stock_before, stock_after, reference_type, reference_id, notes, user_id) VALUES (12, 'in', 1, 3091, 3092, 'purchase', 46, 'Purchase Order PO-20260726-035', 2)

2026/07/26 22:09:42 [32mD:/Develop/Project_pos_mahenz/BE/domain/supplier_purchase/repo/purchase_repo.go:174
[0m[33m[1.028ms] [34;1m[rows:-][0m SELECT p.id, p.purchase_code, p.invoice_number, p.supplier_id, COALESCE(s.name, '') as supplier_name, p.purchase_date, p.discount_amount, p.total_amount, p.payment_status, p.paid_amount, p.remaining_amount, p.status, COALESCE(u.full_name, '') as user_name, p.notes FROM purchases p LEFT JOIN users u ON p.user_id = u.id LEFT JOIN suppliers s ON p.supplier_id = s.id WHERE p.id = 46

2026/07/26 22:09:42 [32mD:/Develop/Project_pos_mahenz/BE/domain/supplier_purchase/repo/purchase_repo.go:216
[0m[33m[1.079ms] [34;1m[rows:-][0m SELECT pi.id, pi.product_id, COALESCE(p.name, '') as product_name, pi.quantity, pi.unit, COALESCE(pi.conversion_qty, 1) as conversion_qty, pi.purchase_price, pi.subtotal FROM purchase_items pi LEFT JOIN products p ON pi.product_id = p.id WHERE pi.purchase_id = 46

2026/07/26 22:09:42 [32mD:/Develop/Project_pos_mahenz/BE/domain/supplier_purchase/repo/purchase_repo.go:250
[0m[33m[1.066ms] [34;1m[rows:0][0m SELECT qty, expired_date FROM product_expiry_batches WHERE purchase_item_id = 63 ORDER BY expired_date ASC
[GIN] 2026/07/26 - 22:09:42 | 201 |     17.4534ms |             ::1 | POST     "/api/supplier-purchases/create"

2026/07/26 22:09:42 [32mD:/Develop/Project_pos_mahenz/BE/repository/log_request_repository.go:32
[0m[33m[6.800ms] [34;1m[rows:1][0m INSERT INTO log_requests (id, method, endpoint, status_code, request_body, response_body, user_id, duration_ms, ip_address, error_message, created_at) VALUES ('e2547eea-7b4c-49b6-9d1d-4258be142b14', 'POST', '/api/supplier-purchases/create', 201, '{"invoice_number":"REG-PAY-BADMETHOD","supplier_id":1,"purchase_date":"2026-07-26","discount_amount":0,"payment_status":"unpaid","items":[{"product_id":12,"quantity":1,"unit":"Batang","conversion_qty":1,"purchase_price":1000}]}', '{"code":"21","status":true,"message":"Purchase order berhasil dibuat","data":{"id":46,"purchase_code":"PO-20260726-035","invoice_number":"REG-PAY-BADMETHOD","supplier_id":1,"supplier_name":"Supplier Test Fase14","purchase_date":"2026-07-26T00:00:00+07:00","discount_amount":0,"total_amount":1000,"payment_status":"unpaid","paid_amount":0,"remaining_amount":1000,"status":"active","user_name":"Administrator","notes":"","items":[{"id":63,"product_id":12,"product_name":"Rokok Test Berantai","quantity":1,"unit":"Batang","conversion_qty":1,"purchase_price":1000,"subtotal":1000}]}}', 2, 17, '::1', NULL, '2026-07-26 22:09:42.909')

2026/07/26 22:09:43 [32mD:/Develop/Project_pos_mahenz/BE/domain/auth/repo/auth_repo.go:46
[0m[33m[0.505ms] [34;1m[rows:1][0m SELECT id, user_id, user_role, token, device_info, expires_at FROM sessions WHERE token = 'eyJhbGciOiJIUzI1NiIsInR5cCI6IkpXVCJ9.eyJhcHBzIjoiIiwiZXhwIjoxNzg1MTA3MzgyLCJmdWxsX25hbWUiOiJBZG1pbmlzdHJhdG9yIiwicm9sZSI6ImFkbWluIiwidXNlcl9pZCI6MiwidXNlcm5hbWUiOiJhZG1pbiJ9.pHrcIpd-BbfXcmSjB4lNexUzWEaVjMZKDSKY9wLeic4' LIMIT 1

2026/07/26 22:09:43 [32mD:/Develop/Project_pos_mahenz/BE/domain/supplier_purchase/repo/purchase_repo.go:205
[0m[33m[0.000ms] [34;1m[rows:1][0m SELECT id, purchase_code, invoice_number, supplier_id, purchase_date, discount_amount, total_amount, payment_status, paid_amount, remaining_amount, status, user_id, notes FROM purchases WHERE id = 46

2026/07/26 22:09:43 [32mD:/Develop/Project_pos_mahenz/BE/domain/supplier_purchase/repo/purchase_repo.go:563
[0m[33m[0.000ms] [34;1m[rows:1][0m SELECT COUNT(*) FROM payment_methods WHERE code = 'bitcoin' AND is_active = 1
[GIN] 2026/07/26 - 22:09:43 | 400 |       1.598ms |             ::1 | POST     "/api/supplier-purchases/pay/46"
Error #01: Metode pembayaran tidak valid

2026/07/26 22:09:43 [32mD:/Develop/Project_pos_mahenz/BE/repository/log_request_repository.go:32
[0m[33m[1.979ms] [34;1m[rows:1][0m INSERT INTO log_requests (id, method, endpoint, status_code, request_body, response_body, user_id, duration_ms, ip_address, error_message, created_at) VALUES ('4f555659-c016-4a64-883d-122076455593', 'POST', '/api/supplier-purchases/pay/46', 400, '{"amount":500,"payment_date":"2026-07-26","payment_method":"bitcoin"}', '{"code":"40","status":false,"message":"Metode pembayaran tidak valid","data":null}', 2, 1, '::1', 'Metode pembayaran tidak valid', '2026-07-26 22:09:43.157')

2026/07/26 22:13:14 [32mD:/Develop/Project_pos_mahenz/BE/domain/auth/repo/auth_repo.go:17
[0m[33m[19.436ms] [34;1m[rows:1][0m SELECT u.id, u.username, u.password, u.full_name, u.role_id, r.name AS role_name, u.is_active FROM users u INNER JOIN roles r ON r.id = u.role_id WHERE u.username = 'admin' LIMIT 1

2026/07/26 22:13:14 [32mD:/Develop/Project_pos_mahenz/BE/domain/auth/repo/auth_repo.go:67
[0m[33m[4.019ms] [34;1m[rows:1][0m DELETE FROM sessions WHERE user_id = 2

2026/07/26 22:13:14 [32mD:/Develop/Project_pos_mahenz/BE/domain/auth/repo/auth_repo.go:38
[0m[33m[2.577ms] [34;1m[rows:1][0m INSERT INTO sessions (user_id, user_role, token, refresh_token, device_info, ip_address, expires_at) VALUES (2, 'admin', 'eyJhbGciOiJIUzI1NiIsInR5cCI6IkpXVCJ9.eyJhcHBzIjoiIiwiZXhwIjoxNzg1MTA3NTk0LCJmdWxsX25hbWUiOiJBZG1pbmlzdHJhdG9yIiwicm9sZSI6ImFkbWluIiwidXNlcl9pZCI6MiwidXNlcm5hbWUiOiJhZG1pbiJ9.VwJBzK5YP-mTDs2KClYX4FsHNZJV3a3clUr4Qr6p8yY', '0245292127ef23811c2627879d39f84bbef2accc1264cd891044db5ccc20fe0a', '', '::1', '2026-08-02 22:13:14.212') ON DUPLICATE KEY UPDATE user_role=VALUES(user_role), token=VALUES(token), refresh_token=VALUES(refresh_token), device_info=VALUES(device_info), ip_address=VALUES(ip_address), expires_at=VALUES(expires_at), created_at=NOW()
[GIN] 2026/07/26 - 22:13:14 | 200 |    218.8575ms |             ::1 | POST     "/api/auth/login"

2026/07/26 22:13:14 [32mD:/Develop/Project_pos_mahenz/BE/repository/log_request_repository.go:32
[0m[33m[2.385ms] [34;1m[rows:1][0m INSERT INTO log_requests (id, method, endpoint, status_code, request_body, response_body, user_id, duration_ms, ip_address, error_message, created_at) VALUES ('6c8b019d-d978-46c5-9948-8528b642f6f4', 'POST', '/api/auth/login', 200, '{"username":"admin","password":"admin123"}', '{"code":"00","status":true,"message":"Login berhasil","data":{"token":"eyJhbGciOiJIUzI1NiIsInR5cCI6IkpXVCJ9.eyJhcHBzIjoiIiwiZXhwIjoxNzg1MTA3NTk0LCJmdWxsX25hbWUiOiJBZG1pbmlzdHJhdG9yIiwicm9sZSI6ImFkbWluIiwidXNlcl9pZCI6MiwidXNlcm5hbWUiOiJhZG1pbiJ9.VwJBzK5YP-mTDs2KClYX4FsHNZJV3a3clUr4Qr6p8yY","refresh_token":"0245292127ef23811c2627879d39f84bbef2accc1264cd891044db5ccc20fe0a","expires_at":"2026-08-02T22:13:14.2124876+07:00","user":{"id":2,"username":"admin","full_name":"Administrator","role_id":2,"role_name":"admin"}}}', NULL, 218, '::1', NULL, '2026-07-26 22:13:14.219')

2026/07/26 22:13:14 [32mD:/Develop/Project_pos_mahenz/BE/domain/auth/repo/auth_repo.go:46
[0m[33m[1.149ms] [34;1m[rows:1][0m SELECT id, user_id, user_role, token, device_info, expires_at FROM sessions WHERE token = 'eyJhbGciOiJIUzI1NiIsInR5cCI6IkpXVCJ9.eyJhcHBzIjoiIiwiZXhwIjoxNzg1MTA3NTk0LCJmdWxsX25hbWUiOiJBZG1pbmlzdHJhdG9yIiwicm9sZSI6ImFkbWluIiwidXNlcl9pZCI6MiwidXNlcm5hbWUiOiJhZG1pbiJ9.VwJBzK5YP-mTDs2KClYX4FsHNZJV3a3clUr4Qr6p8yY' LIMIT 1

2026/07/26 22:13:14 [32mD:/Develop/Project_pos_mahenz/BE/domain/supplier_purchase/repo/purchase_repo.go:318
[0m[33m[1.938ms] [34;1m[rows:1][0m SELECT COUNT(*) FROM purchases WHERE DATE(purchase_date) = '2026-07-26'

2026/07/26 22:13:14 [32mD:/Develop/Project_pos_mahenz/BE/domain/supplier_purchase/repo/purchase_repo.go:338
[0m[33m[1.043ms] [34;1m[rows:1][0m INSERT INTO purchases (purchase_code, invoice_number, supplier_id, purchase_date, discount_amount, total_amount, payment_status, paid_amount, remaining_amount, user_id, notes) VALUES ('PO-20260726-036', 'REG-ADDITEMS-UNPAID', 1, '2026-07-26', 0, 2000, 'unpaid', 0, 2000, 2, '')

2026/07/26 22:13:14 [32mD:/Develop/Project_pos_mahenz/BE/domain/supplier_purchase/repo/purchase_repo.go:345
[0m[33m[1.509ms] [34;1m[rows:1][0m SELECT LAST_INSERT_ID()

2026/07/26 22:13:14 [32mD:/Develop/Project_pos_mahenz/BE/domain/supplier_purchase/repo/purchase_repo.go:366
[0m[33m[0.836ms] [34;1m[rows:1][0m INSERT INTO purchase_items (purchase_id, product_id, quantity, unit, conversion_qty, purchase_price, subtotal) VALUES (47, 12, 2, 'Batang', 1, 1000, 2000)

2026/07/26 22:13:14 [32mD:/Develop/Project_pos_mahenz/BE/domain/supplier_purchase/repo/purchase_repo.go:384
[0m[33m[1.008ms] [34;1m[rows:1][0m SELECT stock FROM products WHERE id = 12 LIMIT 1

2026/07/26 22:13:14 [32mD:/Develop/Project_pos_mahenz/BE/domain/supplier_purchase/repo/purchase_repo.go:388
[0m[33m[0.998ms] [34;1m[rows:1][0m UPDATE products SET stock = stock + 2, updated_at = NOW() WHERE id = 12

2026/07/26 22:13:14 [32mD:/Develop/Project_pos_mahenz/BE/domain/supplier_purchase/repo/purchase_repo.go:394
[0m[33m[0.753ms] [34;1m[rows:1][0m INSERT INTO stock_mutations (product_id, mutation_type, quantity, stock_before, stock_after, reference_type, reference_id, notes, user_id) VALUES (12, 'in', 2, 3092, 3094, 'purchase', 47, 'Purchase Order PO-20260726-036', 2)

2026/07/26 22:13:14 [32mD:/Develop/Project_pos_mahenz/BE/domain/supplier_purchase/repo/purchase_repo.go:174
[0m[33m[0.735ms] [34;1m[rows:-][0m SELECT p.id, p.purchase_code, p.invoice_number, p.supplier_id, COALESCE(s.name, '') as supplier_name, p.purchase_date, p.discount_amount, p.total_amount, p.payment_status, p.paid_amount, p.remaining_amount, p.status, COALESCE(u.full_name, '') as user_name, p.notes FROM purchases p LEFT JOIN users u ON p.user_id = u.id LEFT JOIN suppliers s ON p.supplier_id = s.id WHERE p.id = 47

2026/07/26 22:13:14 [32mD:/Develop/Project_pos_mahenz/BE/domain/supplier_purchase/repo/purchase_repo.go:216
[0m[33m[0.616ms] [34;1m[rows:-][0m SELECT pi.id, pi.product_id, COALESCE(p.name, '') as product_name, pi.quantity, pi.unit, COALESCE(pi.conversion_qty, 1) as conversion_qty, pi.purchase_price, pi.subtotal FROM purchase_items pi LEFT JOIN products p ON pi.product_id = p.id WHERE pi.purchase_id = 47

2026/07/26 22:13:14 [32mD:/Develop/Project_pos_mahenz/BE/domain/supplier_purchase/repo/purchase_repo.go:250
[0m[33m[0.000ms] [34;1m[rows:0][0m SELECT qty, expired_date FROM product_expiry_batches WHERE purchase_item_id = 64 ORDER BY expired_date ASC
[GIN] 2026/07/26 - 22:13:14 | 201 |      15.978ms |             ::1 | POST     "/api/supplier-purchases/create"

2026/07/26 22:13:14 [32mD:/Develop/Project_pos_mahenz/BE/repository/log_request_repository.go:32
[0m[33m[4.296ms] [34;1m[rows:1][0m INSERT INTO log_requests (id, method, endpoint, status_code, request_body, response_body, user_id, duration_ms, ip_address, error_message, created_at) VALUES ('0911d441-ade5-415c-bfa0-f04bffb4035e', 'POST', '/api/supplier-purchases/create', 201, '{"invoice_number":"REG-ADDITEMS-UNPAID","supplier_id":1,"purchase_date":"2026-07-26","discount_amount":0,"payment_status":"unpaid","items":[{"product_id":12,"quantity":2,"unit":"Batang","conversion_qty":1,"purchase_price":1000}]}', '{"code":"21","status":true,"message":"Purchase order berhasil dibuat","data":{"id":47,"purchase_code":"PO-20260726-036","invoice_number":"REG-ADDITEMS-UNPAID","supplier_id":1,"supplier_name":"Supplier Test Fase14","purchase_date":"2026-07-26T00:00:00+07:00","discount_amount":0,"total_amount":2000,"payment_status":"unpaid","paid_amount":0,"remaining_amount":2000,"status":"active","user_name":"Administrator","notes":"","items":[{"id":64,"product_id":12,"product_name":"Rokok Test Berantai","quantity":2,"unit":"Batang","conversion_qty":1,"purchase_price":1000,"subtotal":2000}]}}', 2, 15, '::1', NULL, '2026-07-26 22:13:14.435')

2026/07/26 22:13:14 [32mD:/Develop/Project_pos_mahenz/BE/domain/auth/repo/auth_repo.go:46
[0m[33m[1.045ms] [34;1m[rows:1][0m SELECT id, user_id, user_role, token, device_info, expires_at FROM sessions WHERE token = 'eyJhbGciOiJIUzI1NiIsInR5cCI6IkpXVCJ9.eyJhcHBzIjoiIiwiZXhwIjoxNzg1MTA3NTk0LCJmdWxsX25hbWUiOiJBZG1pbmlzdHJhdG9yIiwicm9sZSI6ImFkbWluIiwidXNlcl9pZCI6MiwidXNlcm5hbWUiOiJhZG1pbiJ9.VwJBzK5YP-mTDs2KClYX4FsHNZJV3a3clUr4Qr6p8yY' LIMIT 1

2026/07/26 22:13:14 [32mD:/Develop/Project_pos_mahenz/BE/domain/supplier_purchase/repo/purchase_repo.go:205
[0m[33m[0.000ms] [34;1m[rows:1][0m SELECT id, purchase_code, invoice_number, supplier_id, purchase_date, discount_amount, total_amount, payment_status, paid_amount, remaining_amount, status, user_id, notes FROM purchases WHERE id = 47
[GIN] 2026/07/26 - 22:13:14 | 400 |      2.3036ms |             ::1 | POST     "/api/supplier-purchases/47/add-items"
Error #01: PO belum ada pembayaran, gunakan Edit untuk menambah item

2026/07/26 22:13:14 [32mD:/Develop/Project_pos_mahenz/BE/repository/log_request_repository.go:32
[0m[33m[1.466ms] [34;1m[rows:1][0m INSERT INTO log_requests (id, method, endpoint, status_code, request_body, response_body, user_id, duration_ms, ip_address, error_message, created_at) VALUES ('dd18f30f-099b-4db5-a78d-c0f9162e78b0', 'POST', '/api/supplier-purchases/47/add-items', 400, '{"items":[{"product_id":13,"quantity":1,"unit":"Pieces","conversion_qty":1,"purchase_price":500}]}', '{"code":"40","status":false,"message":"PO belum ada pembayaran, gunakan Edit untuk menambah item","data":null}', 2, 2, '::1', 'PO belum ada pembayaran, gunakan Edit untuk menambah item', '2026-07-26 22:13:14.643')

2026/07/26 22:13:14 [32mD:/Develop/Project_pos_mahenz/BE/domain/auth/repo/auth_repo.go:46
[0m[33m[1.283ms] [34;1m[rows:1][0m SELECT id, user_id, user_role, token, device_info, expires_at FROM sessions WHERE token = 'eyJhbGciOiJIUzI1NiIsInR5cCI6IkpXVCJ9.eyJhcHBzIjoiIiwiZXhwIjoxNzg1MTA3NTk0LCJmdWxsX25hbWUiOiJBZG1pbmlzdHJhdG9yIiwicm9sZSI6ImFkbWluIiwidXNlcl9pZCI6MiwidXNlcm5hbWUiOiJhZG1pbiJ9.VwJBzK5YP-mTDs2KClYX4FsHNZJV3a3clUr4Qr6p8yY' LIMIT 1

2026/07/26 22:13:14 [32mD:/Develop/Project_pos_mahenz/BE/domain/supplier_purchase/repo/purchase_repo.go:563
[0m[33m[1.063ms] [34;1m[rows:1][0m SELECT COUNT(*) FROM payment_methods WHERE code = 'cash' AND is_active = 1

2026/07/26 22:13:14 [32mD:/Develop/Project_pos_mahenz/BE/domain/supplier_purchase/repo/purchase_repo.go:318
[0m[33m[0.679ms] [34;1m[rows:1][0m SELECT COUNT(*) FROM purchases WHERE DATE(purchase_date) = '2026-07-26'

2026/07/26 22:13:14 [32mD:/Develop/Project_pos_mahenz/BE/domain/supplier_purchase/repo/purchase_repo.go:338
[0m[33m[0.566ms] [34;1m[rows:1][0m INSERT INTO purchases (purchase_code, invoice_number, supplier_id, purchase_date, discount_amount, total_amount, payment_status, paid_amount, remaining_amount, user_id, notes) VALUES ('PO-20260726-037', 'REG-ADDITEMS-PARTIAL', 1, '2026-07-26', 0, 2000, 'partial', 1000, 1000, 2, '')

2026/07/26 22:13:14 [32mD:/Develop/Project_pos_mahenz/BE/domain/supplier_purchase/repo/purchase_repo.go:345
[0m[33m[0.000ms] [34;1m[rows:1][0m SELECT LAST_INSERT_ID()

2026/07/26 22:13:14 [32mD:/Develop/Project_pos_mahenz/BE/domain/supplier_purchase/repo/purchase_repo.go:354
[0m[33m[0.525ms] [34;1m[rows:1][0m INSERT INTO purchase_payments (purchase_id, payment_date, amount, payment_method, notes, user_id) VALUES (48, '2026-07-26', 1000, 'cash', '', 2)

2026/07/26 22:13:14 [32mD:/Develop/Project_pos_mahenz/BE/domain/supplier_purchase/repo/purchase_repo.go:366
[0m[33m[1.511ms] [34;1m[rows:1][0m INSERT INTO purchase_items (purchase_id, product_id, quantity, unit, conversion_qty, purchase_price, subtotal) VALUES (48, 12, 2, 'Batang', 1, 1000, 2000)

2026/07/26 22:13:14 [32mD:/Develop/Project_pos_mahenz/BE/domain/supplier_purchase/repo/purchase_repo.go:384
[0m[33m[0.552ms] [34;1m[rows:1][0m SELECT stock FROM products WHERE id = 12 LIMIT 1

2026/07/26 22:13:14 [32mD:/Develop/Project_pos_mahenz/BE/domain/supplier_purchase/repo/purchase_repo.go:388
[0m[33m[0.973ms] [34;1m[rows:1][0m UPDATE products SET stock = stock + 2, updated_at = NOW() WHERE id = 12

2026/07/26 22:13:14 [32mD:/Develop/Project_pos_mahenz/BE/domain/supplier_purchase/repo/purchase_repo.go:394
[0m[33m[1.046ms] [34;1m[rows:1][0m INSERT INTO stock_mutations (product_id, mutation_type, quantity, stock_before, stock_after, reference_type, reference_id, notes, user_id) VALUES (12, 'in', 2, 3094, 3096, 'purchase', 48, 'Purchase Order PO-20260726-037', 2)

2026/07/26 22:13:14 [32mD:/Develop/Project_pos_mahenz/BE/domain/supplier_purchase/repo/purchase_repo.go:174
[0m[33m[2.379ms] [34;1m[rows:-][0m SELECT p.id, p.purchase_code, p.invoice_number, p.supplier_id, COALESCE(s.name, '') as supplier_name, p.purchase_date, p.discount_amount, p.total_amount, p.payment_status, p.paid_amount, p.remaining_amount, p.status, COALESCE(u.full_name, '') as user_name, p.notes FROM purchases p LEFT JOIN users u ON p.user_id = u.id LEFT JOIN suppliers s ON p.supplier_id = s.id WHERE p.id = 48

2026/07/26 22:13:14 [32mD:/Develop/Project_pos_mahenz/BE/domain/supplier_purchase/repo/purchase_repo.go:216
[0m[33m[1.216ms] [34;1m[rows:-][0m SELECT pi.id, pi.product_id, COALESCE(p.name, '') as product_name, pi.quantity, pi.unit, COALESCE(pi.conversion_qty, 1) as conversion_qty, pi.purchase_price, pi.subtotal FROM purchase_items pi LEFT JOIN products p ON pi.product_id = p.id WHERE pi.purchase_id = 48

2026/07/26 22:13:14 [32mD:/Develop/Project_pos_mahenz/BE/domain/supplier_purchase/repo/purchase_repo.go:250
[0m[33m[0.583ms] [34;1m[rows:0][0m SELECT qty, expired_date FROM product_expiry_batches WHERE purchase_item_id = 65 ORDER BY expired_date ASC
[GIN] 2026/07/26 - 22:13:14 | 201 |     15.7599ms |             ::1 | POST     "/api/supplier-purchases/create"

2026/07/26 22:13:14 [32mD:/Develop/Project_pos_mahenz/BE/repository/log_request_repository.go:32
[0m[33m[2.382ms] [34;1m[rows:1][0m INSERT INTO log_requests (id, method, endpoint, status_code, request_body, response_body, user_id, duration_ms, ip_address, error_message, created_at) VALUES ('81b6430a-752a-46d1-8de5-57940eac9154', 'POST', '/api/supplier-purchases/create', 201, '{"invoice_number":"REG-ADDITEMS-PARTIAL","supplier_id":1,"purchase_date":"2026-07-26","discount_amount":0,"payment_status":"partial","paid_amount":1000,"payment_method":"cash","items":[{"product_id":12,"quantity":2,"unit":"Batang","conversion_qty":1,"purchase_price":1000}]}', '{"code":"21","status":true,"message":"Purchase order berhasil dibuat","data":{"id":48,"purchase_code":"PO-20260726-037","invoice_number":"REG-ADDITEMS-PARTIAL","supplier_id":1,"supplier_name":"Supplier Test Fase14","purchase_date":"2026-07-26T00:00:00+07:00","discount_amount":0,"total_amount":2000,"payment_status":"partial","paid_amount":1000,"remaining_amount":1000,"status":"active","user_name":"Administrator","notes":"","items":[{"id":65,"product_id":12,"product_name":"Rokok Test Berantai","quantity":2,"unit":"Batang","conversion_qty":1,"purchase_price":1000,"subtotal":2000}]}}', 2, 15, '::1', NULL, '2026-07-26 22:13:14.826')

2026/07/26 22:13:15 [32mD:/Develop/Project_pos_mahenz/BE/domain/auth/repo/auth_repo.go:46
[0m[33m[1.952ms] [34;1m[rows:1][0m SELECT id, user_id, user_role, token, device_info, expires_at FROM sessions WHERE token = 'eyJhbGciOiJIUzI1NiIsInR5cCI6IkpXVCJ9.eyJhcHBzIjoiIiwiZXhwIjoxNzg1MTA3NTk0LCJmdWxsX25hbWUiOiJBZG1pbmlzdHJhdG9yIiwicm9sZSI6ImFkbWluIiwidXNlcl9pZCI6MiwidXNlcm5hbWUiOiJhZG1pbiJ9.VwJBzK5YP-mTDs2KClYX4FsHNZJV3a3clUr4Qr6p8yY' LIMIT 1

2026/07/26 22:13:15 [32mD:/Develop/Project_pos_mahenz/BE/domain/supplier_purchase/repo/purchase_repo.go:205
[0m[33m[0.532ms] [34;1m[rows:1][0m SELECT id, purchase_code, invoice_number, supplier_id, purchase_date, discount_amount, total_amount, payment_status, paid_amount, remaining_amount, status, user_id, notes FROM purchases WHERE id = 48

2026/07/26 22:13:15 [32mD:/Develop/Project_pos_mahenz/BE/domain/supplier_purchase/repo/purchase_repo.go:659
[0m[33m[0.536ms] [34;1m[rows:1][0m SELECT total_amount, paid_amount FROM purchases WHERE id = 48 LIMIT 1 FOR UPDATE

2026/07/26 22:13:15 [32mD:/Develop/Project_pos_mahenz/BE/domain/supplier_purchase/repo/purchase_repo.go:670
[0m[33m[0.594ms] [34;1m[rows:1][0m INSERT INTO purchase_items (purchase_id, product_id, quantity, unit, conversion_qty, purchase_price, subtotal) VALUES (48, 13, 1, 'Pieces', 1, 500, 500)

2026/07/26 22:13:15 [32mD:/Develop/Project_pos_mahenz/BE/domain/supplier_purchase/repo/purchase_repo.go:687
[0m[33m[0.000ms] [34;1m[rows:1][0m SELECT stock FROM products WHERE id = 13 LIMIT 1

2026/07/26 22:13:15 [32mD:/Develop/Project_pos_mahenz/BE/domain/supplier_purchase/repo/purchase_repo.go:691
[0m[33m[0.520ms] [34;1m[rows:1][0m UPDATE products SET stock = stock + 1, updated_at = NOW() WHERE id = 13

2026/07/26 22:13:15 [32mD:/Develop/Project_pos_mahenz/BE/domain/supplier_purchase/repo/purchase_repo.go:697
[0m[33m[0.553ms] [34;1m[rows:1][0m INSERT INTO stock_mutations (product_id, mutation_type, quantity, stock_before, stock_after, reference_type, reference_id, notes, user_id) VALUES (13, 'in', 1, 1, 2, 'purchase', 48, 'Tambah item PO ID 48', 2)

2026/07/26 22:13:15 [32mD:/Develop/Project_pos_mahenz/BE/domain/supplier_purchase/repo/purchase_repo.go:708
[0m[33m[0.000ms] [34;1m[rows:1][0m UPDATE purchases SET total_amount = 2500, remaining_amount = 1500, payment_status = CASE WHEN 1500 <= 0 THEN 'paid' WHEN paid_amount > 0 THEN 'partial' ELSE 'unpaid' END, updated_at = NOW() WHERE id = 48

2026/07/26 22:13:15 [32mD:/Develop/Project_pos_mahenz/BE/domain/supplier_purchase/repo/purchase_repo.go:174
[0m[33m[0.000ms] [34;1m[rows:-][0m SELECT p.id, p.purchase_code, p.invoice_number, p.supplier_id, COALESCE(s.name, '') as supplier_name, p.purchase_date, p.discount_amount, p.total_amount, p.payment_status, p.paid_amount, p.remaining_amount, p.status, COALESCE(u.full_name, '') as user_name, p.notes FROM purchases p LEFT JOIN users u ON p.user_id = u.id LEFT JOIN suppliers s ON p.supplier_id = s.id WHERE p.id = 48

2026/07/26 22:13:15 [32mD:/Develop/Project_pos_mahenz/BE/domain/supplier_purchase/repo/purchase_repo.go:216
[0m[33m[0.599ms] [34;1m[rows:-][0m SELECT pi.id, pi.product_id, COALESCE(p.name, '') as product_name, pi.quantity, pi.unit, COALESCE(pi.conversion_qty, 1) as conversion_qty, pi.purchase_price, pi.subtotal FROM purchase_items pi LEFT JOIN products p ON pi.product_id = p.id WHERE pi.purchase_id = 48

2026/07/26 22:13:15 [32mD:/Develop/Project_pos_mahenz/BE/domain/supplier_purchase/repo/purchase_repo.go:250
[0m[33m[0.000ms] [34;1m[rows:0][0m SELECT qty, expired_date FROM product_expiry_batches WHERE purchase_item_id = 65 ORDER BY expired_date ASC

2026/07/26 22:13:15 [32mD:/Develop/Project_pos_mahenz/BE/domain/supplier_purchase/repo/purchase_repo.go:250
[0m[33m[0.000ms] [34;1m[rows:0][0m SELECT qty, expired_date FROM product_expiry_batches WHERE purchase_item_id = 66 ORDER BY expired_date ASC
[GIN] 2026/07/26 - 22:13:15 | 200 |     10.4236ms |             ::1 | POST     "/api/supplier-purchases/48/add-items"

2026/07/26 22:13:15 [32mD:/Develop/Project_pos_mahenz/BE/repository/log_request_repository.go:32
[0m[33m[2.660ms] [34;1m[rows:1][0m INSERT INTO log_requests (id, method, endpoint, status_code, request_body, response_body, user_id, duration_ms, ip_address, error_message, created_at) VALUES ('8b75b5ed-d7e2-4b46-8a60-d3bf799c3858', 'POST', '/api/supplier-purchases/48/add-items', 200, '{"items":[{"product_id":13,"quantity":1,"unit":"Pieces","conversion_qty":1,"purchase_price":500}]}', '{"code":"00","status":true,"message":"Item berhasil ditambahkan ke purchase order","data":{"id":48,"purchase_code":"PO-20260726-037","invoice_number":"REG-ADDITEMS-PARTIAL","supplier_id":1,"supplier_name":"Supplier Test Fase14","purchase_date":"2026-07-26T00:00:00+07:00","discount_amount":0,"total_amount":2500,"payment_status":"partial","paid_amount":1000,"remaining_amount":1500,"status":"active","user_name":"Administrator","notes":"","items":[{"id":65,"product_id":12,"product_name":"Rokok Test Berantai","quantity":2,"unit":"Batang","conversion_qty":1,"purchase_price":1000,"subtotal":2000},{"id":66,"product_id":13,"product_name":"Produk Test StockSwap","quantity":1,"unit":"Pieces","conversion_qty":1,"purchase_price":500,"subtotal":500}]}}', 2, 10, '::1', NULL, '2026-07-26 22:13:15.032')

2026/07/26 22:13:35 [32mD:/Develop/Project_pos_mahenz/BE/domain/auth/repo/auth_repo.go:17
[0m[33m[4.050ms] [34;1m[rows:1][0m SELECT u.id, u.username, u.password, u.full_name, u.role_id, r.name AS role_name, u.is_active FROM users u INNER JOIN roles r ON r.id = u.role_id WHERE u.username = 'admin' LIMIT 1

2026/07/26 22:13:35 [32mD:/Develop/Project_pos_mahenz/BE/domain/auth/repo/auth_repo.go:67
[0m[33m[0.347ms] [34;1m[rows:1][0m DELETE FROM sessions WHERE user_id = 2

2026/07/26 22:13:35 [32mD:/Develop/Project_pos_mahenz/BE/domain/auth/repo/auth_repo.go:38
[0m[33m[3.631ms] [34;1m[rows:1][0m INSERT INTO sessions (user_id, user_role, token, refresh_token, device_info, ip_address, expires_at) VALUES (2, 'admin', 'eyJhbGciOiJIUzI1NiIsInR5cCI6IkpXVCJ9.eyJhcHBzIjoiIiwiZXhwIjoxNzg1MTA3NjE1LCJmdWxsX25hbWUiOiJBZG1pbmlzdHJhdG9yIiwicm9sZSI6ImFkbWluIiwidXNlcl9pZCI6MiwidXNlcm5hbWUiOiJhZG1pbiJ9.y_p7dxEV2d3jX0WybXdPmRHTxAwa0uw75VrUwZMCsAo', '90526ae989507d4421712e8258d9f4a5991471bf6428b44ede9cf4bb8255e117', '', '::1', '2026-08-02 22:13:35.313') ON DUPLICATE KEY UPDATE user_role=VALUES(user_role), token=VALUES(token), refresh_token=VALUES(refresh_token), device_info=VALUES(device_info), ip_address=VALUES(ip_address), expires_at=VALUES(expires_at), created_at=NOW()
[GIN] 2026/07/26 - 22:13:35 | 200 |    115.3226ms |             ::1 | POST     "/api/auth/login"

2026/07/26 22:13:35 [32mD:/Develop/Project_pos_mahenz/BE/repository/log_request_repository.go:32
[0m[33m[2.460ms] [34;1m[rows:1][0m INSERT INTO log_requests (id, method, endpoint, status_code, request_body, response_body, user_id, duration_ms, ip_address, error_message, created_at) VALUES ('5d66d106-6860-445b-829f-6f3cb3bc6f64', 'POST', '/api/auth/login', 200, '{"username":"admin","password":"admin123"}', '{"code":"00","status":true,"message":"Login berhasil","data":{"token":"eyJhbGciOiJIUzI1NiIsInR5cCI6IkpXVCJ9.eyJhcHBzIjoiIiwiZXhwIjoxNzg1MTA3NjE1LCJmdWxsX25hbWUiOiJBZG1pbmlzdHJhdG9yIiwicm9sZSI6ImFkbWluIiwidXNlcl9pZCI6MiwidXNlcm5hbWUiOiJhZG1pbiJ9.y_p7dxEV2d3jX0WybXdPmRHTxAwa0uw75VrUwZMCsAo","refresh_token":"90526ae989507d4421712e8258d9f4a5991471bf6428b44ede9cf4bb8255e117","expires_at":"2026-08-02T22:13:35.3130552+07:00","user":{"id":2,"username":"admin","full_name":"Administrator","role_id":2,"role_name":"admin"}}}', NULL, 115, '::1', NULL, '2026-07-26 22:13:35.317')

2026/07/26 22:13:35 [32mD:/Develop/Project_pos_mahenz/BE/domain/auth/repo/auth_repo.go:46
[0m[33m[0.507ms] [34;1m[rows:1][0m SELECT id, user_id, user_role, token, device_info, expires_at FROM sessions WHERE token = 'eyJhbGciOiJIUzI1NiIsInR5cCI6IkpXVCJ9.eyJhcHBzIjoiIiwiZXhwIjoxNzg1MTA3NjE1LCJmdWxsX25hbWUiOiJBZG1pbmlzdHJhdG9yIiwicm9sZSI6ImFkbWluIiwidXNlcl9pZCI6MiwidXNlcm5hbWUiOiJhZG1pbiJ9.y_p7dxEV2d3jX0WybXdPmRHTxAwa0uw75VrUwZMCsAo' LIMIT 1

2026/07/26 22:13:35 [32mD:/Develop/Project_pos_mahenz/BE/domain/supplier_purchase/repo/purchase_repo.go:205
[0m[33m[0.000ms] [34;1m[rows:1][0m SELECT id, purchase_code, invoice_number, supplier_id, purchase_date, discount_amount, total_amount, payment_status, paid_amount, remaining_amount, status, user_id, notes FROM purchases WHERE id = 48

2026/07/26 22:13:35 [32mD:/Develop/Project_pos_mahenz/BE/domain/supplier_purchase/repo/purchase_repo.go:585
[0m[33m[1.070ms] [34;1m[rows:1][0m SELECT COUNT(*) FROM supplier_returns WHERE purchase_id = 48

2026/07/26 22:13:35 [32mD:/Develop/Project_pos_mahenz/BE/domain/supplier_purchase/repo/purchase_repo.go:601
[0m[33m[0.000ms] [34;1m[rows:1][0m SELECT status FROM purchases WHERE id = 48 LIMIT 1 FOR UPDATE

2026/07/26 22:13:35 [32mD:/Develop/Project_pos_mahenz/BE/domain/supplier_purchase/repo/purchase_repo.go:612
[0m[33m[0.000ms] [34;1m[rows:1][0m UPDATE purchases SET status = 'void', remaining_amount = 0, updated_at = NOW() WHERE id = 48

2026/07/26 22:13:35 [32mD:/Develop/Project_pos_mahenz/BE/domain/supplier_purchase/repo/purchase_repo.go:216
[0m[33m[0.529ms] [34;1m[rows:-][0m SELECT pi.id, pi.product_id, COALESCE(p.name, '') as product_name, pi.quantity, pi.unit, COALESCE(pi.conversion_qty, 1) as conversion_qty, pi.purchase_price, pi.subtotal FROM purchase_items pi LEFT JOIN products p ON pi.product_id = p.id WHERE pi.purchase_id = 48

2026/07/26 22:13:35 [32mD:/Develop/Project_pos_mahenz/BE/domain/supplier_purchase/repo/purchase_repo.go:250
[0m[33m[0.000ms] [34;1m[rows:0][0m SELECT qty, expired_date FROM product_expiry_batches WHERE purchase_item_id = 65 ORDER BY expired_date ASC

2026/07/26 22:13:35 [32mD:/Develop/Project_pos_mahenz/BE/domain/supplier_purchase/repo/purchase_repo.go:250
[0m[33m[0.000ms] [34;1m[rows:0][0m SELECT qty, expired_date FROM product_expiry_batches WHERE purchase_item_id = 66 ORDER BY expired_date ASC

2026/07/26 22:13:35 [32mD:/Develop/Project_pos_mahenz/BE/domain/supplier_purchase/repo/purchase_repo.go:629
[0m[33m[0.000ms] [34;1m[rows:1][0m SELECT stock FROM products WHERE id = 12 LIMIT 1

2026/07/26 22:13:35 [32mD:/Develop/Project_pos_mahenz/BE/domain/supplier_purchase/repo/purchase_repo.go:633
[0m[33m[0.000ms] [34;1m[rows:1][0m UPDATE products SET stock = stock - 2, updated_at = NOW() WHERE id = 12

2026/07/26 22:13:35 [32mD:/Develop/Project_pos_mahenz/BE/domain/supplier_purchase/repo/purchase_repo.go:639
[0m[33m[0.529ms] [34;1m[rows:1][0m INSERT INTO stock_mutations (product_id, mutation_type, quantity, stock_before, stock_after, reference_type, reference_id, notes, user_id) VALUES (12, 'void_purchase', 2, 3096, 3094, 'purchase', 48, 'Void purchase order ID 48', 2)

2026/07/26 22:13:35 [32mD:/Develop/Project_pos_mahenz/BE/domain/supplier_purchase/repo/purchase_repo.go:629
[0m[33m[0.000ms] [34;1m[rows:1][0m SELECT stock FROM products WHERE id = 13 LIMIT 1

2026/07/26 22:13:35 [32mD:/Develop/Project_pos_mahenz/BE/domain/supplier_purchase/repo/purchase_repo.go:633
[0m[33m[0.676ms] [34;1m[rows:1][0m UPDATE products SET stock = stock - 1, updated_at = NOW() WHERE id = 13

2026/07/26 22:13:35 [32mD:/Develop/Project_pos_mahenz/BE/domain/supplier_purchase/repo/purchase_repo.go:639
[0m[33m[0.000ms] [34;1m[rows:1][0m INSERT INTO stock_mutations (product_id, mutation_type, quantity, stock_before, stock_after, reference_type, reference_id, notes, user_id) VALUES (13, 'void_purchase', 1, 2, 1, 'purchase', 48, 'Void purchase order ID 48', 2)
[GIN] 2026/07/26 - 22:13:35 | 200 |      7.5407ms |             ::1 | POST     "/api/supplier-purchases/void/48"

2026/07/26 22:13:35 [32mD:/Develop/Project_pos_mahenz/BE/repository/log_request_repository.go:32
[0m[33m[1.275ms] [34;1m[rows:1][0m INSERT INTO log_requests (id, method, endpoint, status_code, request_body, response_body, user_id, duration_ms, ip_address, error_message, created_at) VALUES ('4a8139d6-f11e-4ec5-86cf-a6c1e26e25e3', 'POST', '/api/supplier-purchases/void/48', 200, '', '{"code":"00","status":true,"message":"Purchase order berhasil di-void","data":null}', 2, 6, '::1', NULL, '2026-07-26 22:13:35.418')

2026/07/26 22:13:35 [32mD:/Develop/Project_pos_mahenz/BE/domain/auth/repo/auth_repo.go:46
[0m[33m[0.506ms] [34;1m[rows:1][0m SELECT id, user_id, user_role, token, device_info, expires_at FROM sessions WHERE token = 'eyJhbGciOiJIUzI1NiIsInR5cCI6IkpXVCJ9.eyJhcHBzIjoiIiwiZXhwIjoxNzg1MTA3NjE1LCJmdWxsX25hbWUiOiJBZG1pbmlzdHJhdG9yIiwicm9sZSI6ImFkbWluIiwidXNlcl9pZCI6MiwidXNlcm5hbWUiOiJhZG1pbiJ9.y_p7dxEV2d3jX0WybXdPmRHTxAwa0uw75VrUwZMCsAo' LIMIT 1

2026/07/26 22:13:35 [32mD:/Develop/Project_pos_mahenz/BE/domain/supplier_purchase/repo/purchase_repo.go:205
[0m[33m[0.000ms] [34;1m[rows:1][0m SELECT id, purchase_code, invoice_number, supplier_id, purchase_date, discount_amount, total_amount, payment_status, paid_amount, remaining_amount, status, user_id, notes FROM purchases WHERE id = 48
[GIN] 2026/07/26 - 22:13:35 | 400 |      1.6264ms |             ::1 | POST     "/api/supplier-purchases/48/add-items"
Error #01: PO sudah di-void

2026/07/26 22:13:35 [32mD:/Develop/Project_pos_mahenz/BE/repository/log_request_repository.go:32
[0m[33m[1.906ms] [34;1m[rows:1][0m INSERT INTO log_requests (id, method, endpoint, status_code, request_body, response_body, user_id, duration_ms, ip_address, error_message, created_at) VALUES ('ebebffd8-6b09-44d0-9bb5-cfed8800b8fd', 'POST', '/api/supplier-purchases/48/add-items', 400, '{"items":[{"product_id":14,"quantity":1,"unit":"Pieces","conversion_qty":1,"purchase_price":500}]}', '{"code":"40","status":false,"message":"PO sudah di-void","data":null}', 2, 1, '::1', 'PO sudah di-void', '2026-07-26 22:13:35.513')

2026/07/26 22:13:35 [32mD:/Develop/Project_pos_mahenz/BE/domain/auth/repo/auth_repo.go:46
[0m[33m[0.505ms] [34;1m[rows:1][0m SELECT id, user_id, user_role, token, device_info, expires_at FROM sessions WHERE token = 'eyJhbGciOiJIUzI1NiIsInR5cCI6IkpXVCJ9.eyJhcHBzIjoiIiwiZXhwIjoxNzg1MTA3NjE1LCJmdWxsX25hbWUiOiJBZG1pbmlzdHJhdG9yIiwicm9sZSI6ImFkbWluIiwidXNlcl9pZCI6MiwidXNlcm5hbWUiOiJhZG1pbiJ9.y_p7dxEV2d3jX0WybXdPmRHTxAwa0uw75VrUwZMCsAo' LIMIT 1

2026/07/26 22:13:35 [32mD:/Develop/Project_pos_mahenz/BE/domain/supplier_purchase/repo/purchase_repo.go:563
[0m[33m[0.000ms] [34;1m[rows:1][0m SELECT COUNT(*) FROM payment_methods WHERE code = 'cash' AND is_active = 1

2026/07/26 22:13:35 [32mD:/Develop/Project_pos_mahenz/BE/domain/supplier_purchase/repo/purchase_repo.go:318
[0m[33m[0.574ms] [34;1m[rows:1][0m SELECT COUNT(*) FROM purchases WHERE DATE(purchase_date) = '2026-07-26'

2026/07/26 22:13:35 [32mD:/Develop/Project_pos_mahenz/BE/domain/supplier_purchase/repo/purchase_repo.go:338
[0m[33m[0.641ms] [34;1m[rows:1][0m INSERT INTO purchases (purchase_code, invoice_number, supplier_id, purchase_date, discount_amount, total_amount, payment_status, paid_amount, remaining_amount, user_id, notes) VALUES ('PO-20260726-038', 'REG-ADDITEMS-DUP', 1, '2026-07-26', 0, 2000, 'paid', 2000, 0, 2, '')

2026/07/26 22:13:35 [32mD:/Develop/Project_pos_mahenz/BE/domain/supplier_purchase/repo/purchase_repo.go:345
[0m[33m[0.000ms] [34;1m[rows:1][0m SELECT LAST_INSERT_ID()

2026/07/26 22:13:35 [32mD:/Develop/Project_pos_mahenz/BE/domain/supplier_purchase/repo/purchase_repo.go:354
[0m[33m[0.720ms] [34;1m[rows:1][0m INSERT INTO purchase_payments (purchase_id, payment_date, amount, payment_method, notes, user_id) VALUES (49, '2026-07-26', 2000, 'cash', '', 2)

2026/07/26 22:13:35 [32mD:/Develop/Project_pos_mahenz/BE/domain/supplier_purchase/repo/purchase_repo.go:366
[0m[33m[0.622ms] [34;1m[rows:1][0m INSERT INTO purchase_items (purchase_id, product_id, quantity, unit, conversion_qty, purchase_price, subtotal) VALUES (49, 12, 2, 'Batang', 1, 1000, 2000)

2026/07/26 22:13:35 [32mD:/Develop/Project_pos_mahenz/BE/domain/supplier_purchase/repo/purchase_repo.go:384
[0m[33m[2.109ms] [34;1m[rows:1][0m SELECT stock FROM products WHERE id = 12 LIMIT 1

2026/07/26 22:13:35 [32mD:/Develop/Project_pos_mahenz/BE/domain/supplier_purchase/repo/purchase_repo.go:388
[0m[33m[0.830ms] [34;1m[rows:1][0m UPDATE products SET stock = stock + 2, updated_at = NOW() WHERE id = 12

2026/07/26 22:13:35 [32mD:/Develop/Project_pos_mahenz/BE/domain/supplier_purchase/repo/purchase_repo.go:394
[0m[33m[0.656ms] [34;1m[rows:1][0m INSERT INTO stock_mutations (product_id, mutation_type, quantity, stock_before, stock_after, reference_type, reference_id, notes, user_id) VALUES (12, 'in', 2, 3094, 3096, 'purchase', 49, 'Purchase Order PO-20260726-038', 2)

2026/07/26 22:13:35 [32mD:/Develop/Project_pos_mahenz/BE/domain/supplier_purchase/repo/purchase_repo.go:174
[0m[33m[0.000ms] [34;1m[rows:-][0m SELECT p.id, p.purchase_code, p.invoice_number, p.supplier_id, COALESCE(s.name, '') as supplier_name, p.purchase_date, p.discount_amount, p.total_amount, p.payment_status, p.paid_amount, p.remaining_amount, p.status, COALESCE(u.full_name, '') as user_name, p.notes FROM purchases p LEFT JOIN users u ON p.user_id = u.id LEFT JOIN suppliers s ON p.supplier_id = s.id WHERE p.id = 49

2026/07/26 22:13:35 [32mD:/Develop/Project_pos_mahenz/BE/domain/supplier_purchase/repo/purchase_repo.go:216
[0m[33m[0.000ms] [34;1m[rows:-][0m SELECT pi.id, pi.product_id, COALESCE(p.name, '') as product_name, pi.quantity, pi.unit, COALESCE(pi.conversion_qty, 1) as conversion_qty, pi.purchase_price, pi.subtotal FROM purchase_items pi LEFT JOIN products p ON pi.product_id = p.id WHERE pi.purchase_id = 49

2026/07/26 22:13:35 [32mD:/Develop/Project_pos_mahenz/BE/domain/supplier_purchase/repo/purchase_repo.go:250
[0m[33m[0.000ms] [34;1m[rows:0][0m SELECT qty, expired_date FROM product_expiry_batches WHERE purchase_item_id = 67 ORDER BY expired_date ASC
[GIN] 2026/07/26 - 22:13:35 | 201 |     11.9889ms |             ::1 | POST     "/api/supplier-purchases/create"

2026/07/26 22:13:35 [32mD:/Develop/Project_pos_mahenz/BE/repository/log_request_repository.go:32
[0m[33m[2.245ms] [34;1m[rows:1][0m INSERT INTO log_requests (id, method, endpoint, status_code, request_body, response_body, user_id, duration_ms, ip_address, error_message, created_at) VALUES ('349941b8-10ed-4403-9b6f-ec2168d1b296', 'POST', '/api/supplier-purchases/create', 201, '{"invoice_number":"REG-ADDITEMS-DUP","supplier_id":1,"purchase_date":"2026-07-26","discount_amount":0,"payment_status":"paid","payment_method":"cash","items":[{"product_id":12,"quantity":2,"unit":"Batang","conversion_qty":1,"purchase_price":1000}]}', '{"code":"21","status":true,"message":"Purchase order berhasil dibuat","data":{"id":49,"purchase_code":"PO-20260726-038","invoice_number":"REG-ADDITEMS-DUP","supplier_id":1,"supplier_name":"Supplier Test Fase14","purchase_date":"2026-07-26T00:00:00+07:00","discount_amount":0,"total_amount":2000,"payment_status":"paid","paid_amount":2000,"remaining_amount":0,"status":"active","user_name":"Administrator","notes":"","items":[{"id":67,"product_id":12,"product_name":"Rokok Test Berantai","quantity":2,"unit":"Batang","conversion_qty":1,"purchase_price":1000,"subtotal":2000}]}}', 2, 11, '::1', NULL, '2026-07-26 22:13:35.661')

2026/07/26 22:13:36 [32mD:/Develop/Project_pos_mahenz/BE/domain/auth/repo/auth_repo.go:46
[0m[33m[0.603ms] [34;1m[rows:1][0m SELECT id, user_id, user_role, token, device_info, expires_at FROM sessions WHERE token = 'eyJhbGciOiJIUzI1NiIsInR5cCI6IkpXVCJ9.eyJhcHBzIjoiIiwiZXhwIjoxNzg1MTA3NjE1LCJmdWxsX25hbWUiOiJBZG1pbmlzdHJhdG9yIiwicm9sZSI6ImFkbWluIiwidXNlcl9pZCI6MiwidXNlcm5hbWUiOiJhZG1pbiJ9.y_p7dxEV2d3jX0WybXdPmRHTxAwa0uw75VrUwZMCsAo' LIMIT 1

2026/07/26 22:13:36 [32mD:/Develop/Project_pos_mahenz/BE/domain/supplier_purchase/repo/purchase_repo.go:205
[0m[33m[0.000ms] [34;1m[rows:1][0m SELECT id, purchase_code, invoice_number, supplier_id, purchase_date, discount_amount, total_amount, payment_status, paid_amount, remaining_amount, status, user_id, notes FROM purchases WHERE id = 49
[GIN] 2026/07/26 - 22:13:36 | 400 |      1.7216ms |             ::1 | POST     "/api/supplier-purchases/49/add-items"
Error #01: Item ke-2: produk sudah dipilih di baris lain

2026/07/26 22:13:36 [32mD:/Develop/Project_pos_mahenz/BE/repository/log_request_repository.go:32
[0m[33m[2.086ms] [34;1m[rows:1][0m INSERT INTO log_requests (id, method, endpoint, status_code, request_body, response_body, user_id, duration_ms, ip_address, error_message, created_at) VALUES ('33c1243e-b011-42a3-a7f9-957d3ab7f1cb', 'POST', '/api/supplier-purchases/49/add-items', 400, '{"items":[{"product_id":13,"quantity":1,"unit":"Pieces","conversion_qty":1,"purchase_price":500},{"product_id":13,"quantity":2,"unit":"Pieces","conversion_qty":1,"purchase_price":500}]}', '{"code":"40","status":false,"message":"Item ke-2: produk sudah dipilih di baris lain","data":null}', 2, 1, '::1', 'Item ke-2: produk sudah dipilih di baris lain', '2026-07-26 22:13:36.008')

2026/07/26 22:14:21 [32mD:/Develop/Project_pos_mahenz/BE/domain/auth/repo/auth_repo.go:17
[0m[33m[0.506ms] [34;1m[rows:1][0m SELECT u.id, u.username, u.password, u.full_name, u.role_id, r.name AS role_name, u.is_active FROM users u INNER JOIN roles r ON r.id = u.role_id WHERE u.username = 'admin' LIMIT 1

2026/07/26 22:14:22 [32mD:/Develop/Project_pos_mahenz/BE/domain/auth/repo/auth_repo.go:67
[0m[33m[5.970ms] [34;1m[rows:1][0m DELETE FROM sessions WHERE user_id = 2

2026/07/26 22:14:22 [32mD:/Develop/Project_pos_mahenz/BE/domain/auth/repo/auth_repo.go:38
[0m[33m[3.389ms] [34;1m[rows:1][0m INSERT INTO sessions (user_id, user_role, token, refresh_token, device_info, ip_address, expires_at) VALUES (2, 'admin', 'eyJhbGciOiJIUzI1NiIsInR5cCI6IkpXVCJ9.eyJhcHBzIjoiIiwiZXhwIjoxNzg1MTA3NjYyLCJmdWxsX25hbWUiOiJBZG1pbmlzdHJhdG9yIiwicm9sZSI6ImFkbWluIiwidXNlcl9pZCI6MiwidXNlcm5hbWUiOiJhZG1pbiJ9.H_JQeor--vaOp12BaaECVPhwNlBhk9Yvbfbbn1HtrPw', '208ead5cb99bb5505affb5bdf2162fc2aaccdde980d0bc81067062d8d003ae2f', '', '::1', '2026-08-02 22:14:22.06') ON DUPLICATE KEY UPDATE user_role=VALUES(user_role), token=VALUES(token), refresh_token=VALUES(refresh_token), device_info=VALUES(device_info), ip_address=VALUES(ip_address), expires_at=VALUES(expires_at), created_at=NOW()
[GIN] 2026/07/26 - 22:14:22 | 200 |       83.75ms |             ::1 | POST     "/api/auth/login"

2026/07/26 22:14:22 [32mD:/Develop/Project_pos_mahenz/BE/repository/log_request_repository.go:32
[0m[33m[2.078ms] [34;1m[rows:1][0m INSERT INTO log_requests (id, method, endpoint, status_code, request_body, response_body, user_id, duration_ms, ip_address, error_message, created_at) VALUES ('0c873122-1a7a-4047-8697-f1fafa52f754', 'POST', '/api/auth/login', 200, '{"username":"admin","password":"admin123"}', '{"code":"00","status":true,"message":"Login berhasil","data":{"token":"eyJhbGciOiJIUzI1NiIsInR5cCI6IkpXVCJ9.eyJhcHBzIjoiIiwiZXhwIjoxNzg1MTA3NjYyLCJmdWxsX25hbWUiOiJBZG1pbmlzdHJhdG9yIiwicm9sZSI6ImFkbWluIiwidXNlcl9pZCI6MiwidXNlcm5hbWUiOiJhZG1pbiJ9.H_JQeor--vaOp12BaaECVPhwNlBhk9Yvbfbbn1HtrPw","refresh_token":"208ead5cb99bb5505affb5bdf2162fc2aaccdde980d0bc81067062d8d003ae2f","expires_at":"2026-08-02T22:14:22.0609902+07:00","user":{"id":2,"username":"admin","full_name":"Administrator","role_id":2,"role_name":"admin"}}}', NULL, 83, '::1', NULL, '2026-07-26 22:14:22.07')

2026/07/26 22:14:22 [32mD:/Develop/Project_pos_mahenz/BE/domain/auth/repo/auth_repo.go:46
[0m[33m[1.226ms] [34;1m[rows:1][0m SELECT id, user_id, user_role, token, device_info, expires_at FROM sessions WHERE token = 'eyJhbGciOiJIUzI1NiIsInR5cCI6IkpXVCJ9.eyJhcHBzIjoiIiwiZXhwIjoxNzg1MTA3NjYyLCJmdWxsX25hbWUiOiJBZG1pbmlzdHJhdG9yIiwicm9sZSI6ImFkbWluIiwidXNlcl9pZCI6MiwidXNlcm5hbWUiOiJhZG1pbiJ9.H_JQeor--vaOp12BaaECVPhwNlBhk9Yvbfbbn1HtrPw' LIMIT 1

2026/07/26 22:14:22 [32mD:/Develop/Project_pos_mahenz/BE/domain/supplier_purchase/repo/purchase_repo.go:132
[0m[33m[0.794ms] [34;1m[rows:1][0m SELECT COUNT(*) FROM purchases p WHERE 1=1 AND p.payment_status = 'paid'

2026/07/26 22:14:22 [32mD:/Develop/Project_pos_mahenz/BE/domain/supplier_purchase/repo/purchase_repo.go:149
[0m[33m[1.247ms] [34;1m[rows:-][0m SELECT p.id, p.purchase_code, p.invoice_number, p.supplier_id, COALESCE(s.name, '') as supplier_name, p.purchase_date, p.discount_amount, p.total_amount, p.payment_status, p.paid_amount, p.remaining_amount, p.status, COALESCE(u.full_name, '') as user_name, p.notes FROM purchases p LEFT JOIN users u ON p.user_id = u.id LEFT JOIN suppliers s ON p.supplier_id = s.id WHERE 1=1 AND p.payment_status = 'paid' ORDER BY p.purchase_date DESC, p.id DESC LIMIT 5 OFFSET 0
[GIN] 2026/07/26 - 22:14:22 | 200 |      4.9064ms |             ::1 | POST     "/api/supplier-purchases/list"

2026/07/26 22:14:22 [32mD:/Develop/Project_pos_mahenz/BE/repository/log_request_repository.go:32
[0m[33m[4.085ms] [34;1m[rows:1][0m INSERT INTO log_requests (id, method, endpoint, status_code, request_body, response_body, user_id, duration_ms, ip_address, error_message, created_at) VALUES ('4827ce8a-a4cd-4914-b2cd-67cea3df6f7c', 'POST', '/api/supplier-purchases/list', 200, '{"page":1,"limit":5,"payment_status":"paid"}', '{"code":"00","status":true,"message":"Daftar purchase order","data":[{"id":49,"purchase_code":"PO-20260726-038","invoice_number":"REG-ADDITEMS-DUP","supplier_id":1,"supplier_name":"Supplier Test Fase14","purchase_date":"2026-07-26T00:00:00+07:00","discount_amount":0,"total_amount":2000,"payment_status":"paid","paid_amount":2000,"remaining_amount":0,"status":"active","user_name":"Administrator","notes":""},{"id":44,"purchase_code":"PO-20260726-033","invoice_number":"REG-PAY-1","supplier_id":1,"supplier_name":"Supplier Test Fase14","purchase_date":"2026-07-26T00:00:00+07:00","discount_amount":0,"total_amount":5000,"payment_status":"paid","paid_amount":5000,"remaining_amount":0,"status":"active","user_name":"Administrator","notes":""},{"id":35,"purchase_code":"PO-20260726-025","invoice_number":"REG-EDIT-PARTIAL","supplier_id":1,"supplier_name":"Supplier Test Fase14","purchase_date":"2026-07-26T00:00:00+07:00","discount_amount":0,"total_amount":1500,"payment_status":"paid","paid_amount":1500,"remaining_amount":0,"status":"active","user_name":"Administrator","notes":""},{"id":14,"purchase_code":"PO-20260726-010","invoice_number":"AUTO-PO-20260726-010","supplier_id":1,"supplier_name":"Supplier Test Fase14","purchase_date":"2026-07-26T00:00:00+07:00","discount_amount":0,"total_amount":800,"payment_status":"paid","paid_amount":800,"remaining_amount":0,"status":"active","user_name":"Administrator","notes":""},{"id":8,"purchase_code":"PO-20260726-005","invoice_number":"INV-QA-DBLCLICK","supplier_id":1,"supplier_name":"Supplier Test Fase14","purchase_date":"2026-07-26T00:00:00+07:00","discount_amount":0,"total_amount":800,"payment_status":"paid","paid_amount":800,"remaining_amount":0,"status":"active","user_name":"Administrator","notes":""}],"pagination":{"page":1,"per_page":5,"total":5,"total_pages":1}}', 2, 4, '::1', NULL, '2026-07-26 22:14:22.272')

2026/07/26 22:14:22 [32mD:/Develop/Project_pos_mahenz/BE/domain/auth/repo/auth_repo.go:46
[0m[33m[0.506ms] [34;1m[rows:1][0m SELECT id, user_id, user_role, token, device_info, expires_at FROM sessions WHERE token = 'eyJhbGciOiJIUzI1NiIsInR5cCI6IkpXVCJ9.eyJhcHBzIjoiIiwiZXhwIjoxNzg1MTA3NjYyLCJmdWxsX25hbWUiOiJBZG1pbmlzdHJhdG9yIiwicm9sZSI6ImFkbWluIiwidXNlcl9pZCI6MiwidXNlcm5hbWUiOiJhZG1pbiJ9.H_JQeor--vaOp12BaaECVPhwNlBhk9Yvbfbbn1HtrPw' LIMIT 1

2026/07/26 22:14:22 [32mD:/Develop/Project_pos_mahenz/BE/domain/supplier_purchase/repo/purchase_repo.go:132
[0m[33m[0.000ms] [34;1m[rows:1][0m SELECT COUNT(*) FROM purchases p WHERE 1=1 AND p.supplier_id = 1

2026/07/26 22:14:22 [32mD:/Develop/Project_pos_mahenz/BE/domain/supplier_purchase/repo/purchase_repo.go:149
[0m[33m[0.523ms] [34;1m[rows:-][0m SELECT p.id, p.purchase_code, p.invoice_number, p.supplier_id, COALESCE(s.name, '') as supplier_name, p.purchase_date, p.discount_amount, p.total_amount, p.payment_status, p.paid_amount, p.remaining_amount, p.status, COALESCE(u.full_name, '') as user_name, p.notes FROM purchases p LEFT JOIN users u ON p.user_id = u.id LEFT JOIN suppliers s ON p.supplier_id = s.id WHERE 1=1 AND p.supplier_id = 1 ORDER BY p.purchase_date DESC, p.id DESC LIMIT 5 OFFSET 0
[GIN] 2026/07/26 - 22:14:22 | 200 |      2.4759ms |             ::1 | POST     "/api/supplier-purchases/list"

2026/07/26 22:14:22 [32mD:/Develop/Project_pos_mahenz/BE/repository/log_request_repository.go:32
[0m[33m[2.136ms] [34;1m[rows:1][0m INSERT INTO log_requests (id, method, endpoint, status_code, request_body, response_body, user_id, duration_ms, ip_address, error_message, created_at) VALUES ('46dc933e-d975-4037-a98e-5a9de1a8eba2', 'POST', '/api/supplier-purchases/list', 200, '{"page":1,"limit":5,"supplier_id":1}', '{"code":"00","status":true,"message":"Daftar purchase order","data":[{"id":49,"purchase_code":"PO-20260726-038","invoice_number":"REG-ADDITEMS-DUP","supplier_id":1,"supplier_name":"Supplier Test Fase14","purchase_date":"2026-07-26T00:00:00+07:00","discount_amount":0,"total_amount":2000,"payment_status":"paid","paid_amount":2000,"remaining_amount":0,"status":"active","user_name":"Administrator","notes":""},{"id":48,"purchase_code":"PO-20260726-037","invoice_number":"REG-ADDITEMS-PARTIAL","supplier_id":1,"supplier_name":"Supplier Test Fase14","purchase_date":"2026-07-26T00:00:00+07:00","discount_amount":0,"total_amount":2500,"payment_status":"partial","paid_amount":1000,"remaining_amount":0,"status":"void","user_name":"Administrator","notes":""},{"id":47,"purchase_code":"PO-20260726-036","invoice_number":"REG-ADDITEMS-UNPAID","supplier_id":1,"supplier_name":"Supplier Test Fase14","purchase_date":"2026-07-26T00:00:00+07:00","discount_amount":0,"total_amount":2000,"payment_status":"unpaid","paid_amount":0,"remaining_amount":2000,"status":"active","user_name":"Administrator","notes":""},{"id":46,"purchase_code":"PO-20260726-035","invoice_number":"REG-PAY-BADMETHOD","supplier_id":1,"supplier_name":"Supplier Test Fase14","purchase_date":"2026-07-26T00:00:00+07:00","discount_amount":0,"total_amount":1000,"payment_status":"unpaid","paid_amount":0,"remaining_amount":1000,"status":"active","user_name":"Administrator","notes":""},{"id":45,"purchase_code":"PO-20260726-034","invoice_number":"REG-PAY-VOID","supplier_id":1,"supplier_name":"Supplier Test Fase14","purchase_date":"2026-07-26T00:00:00+07:00","discount_amount":0,"total_amount":1000,"payment_status":"unpaid","paid_amount":0,"remaining_amount":0,"status":"void","user_name":"Administrator","notes":""}],"pagination":{"page":1,"per_page":5,"total":39,"total_pages":8}}', 2, 2, '::1', NULL, '2026-07-26 22:14:22.376')

2026/07/26 22:14:22 [32mD:/Develop/Project_pos_mahenz/BE/domain/auth/repo/auth_repo.go:46
[0m[33m[0.508ms] [34;1m[rows:1][0m SELECT id, user_id, user_role, token, device_info, expires_at FROM sessions WHERE token = 'eyJhbGciOiJIUzI1NiIsInR5cCI6IkpXVCJ9.eyJhcHBzIjoiIiwiZXhwIjoxNzg1MTA3NjYyLCJmdWxsX25hbWUiOiJBZG1pbmlzdHJhdG9yIiwicm9sZSI6ImFkbWluIiwidXNlcl9pZCI6MiwidXNlcm5hbWUiOiJhZG1pbiJ9.H_JQeor--vaOp12BaaECVPhwNlBhk9Yvbfbbn1HtrPw' LIMIT 1

2026/07/26 22:14:22 [32mD:/Develop/Project_pos_mahenz/BE/domain/supplier_purchase/repo/purchase_repo.go:132
[0m[33m[1.159ms] [34;1m[rows:1][0m SELECT COUNT(*) FROM purchases p WHERE 1=1

2026/07/26 22:14:22 [32mD:/Develop/Project_pos_mahenz/BE/domain/supplier_purchase/repo/purchase_repo.go:149
[0m[33m[1.086ms] [34;1m[rows:-][0m SELECT p.id, p.purchase_code, p.invoice_number, p.supplier_id, COALESCE(s.name, '') as supplier_name, p.purchase_date, p.discount_amount, p.total_amount, p.payment_status, p.paid_amount, p.remaining_amount, p.status, COALESCE(u.full_name, '') as user_name, p.notes FROM purchases p LEFT JOIN users u ON p.user_id = u.id LEFT JOIN suppliers s ON p.supplier_id = s.id WHERE 1=1 ORDER BY p.total_amount DESC LIMIT 3 OFFSET 0
[GIN] 2026/07/26 - 22:14:22 | 200 |      4.0336ms |             ::1 | POST     "/api/supplier-purchases/list"

2026/07/26 22:14:22 [32mD:/Develop/Project_pos_mahenz/BE/repository/log_request_repository.go:32
[0m[33m[2.524ms] [34;1m[rows:1][0m INSERT INTO log_requests (id, method, endpoint, status_code, request_body, response_body, user_id, duration_ms, ip_address, error_message, created_at) VALUES ('03bd8e3d-3172-4294-b92b-77d49df9bcc6', 'POST', '/api/supplier-purchases/list', 200, '{"page":1,"limit":3,"sort_by":"total_amount","sort_order":"desc"}', '{"code":"00","status":true,"message":"Daftar purchase order","data":[{"id":15,"purchase_code":"PO-20260726-011","invoice_number":"AUTO-PO-20260726-011","supplier_id":1,"supplier_name":"Supplier Test Fase14","purchase_date":"2026-07-26T00:00:00+07:00","discount_amount":0,"total_amount":1420000,"payment_status":"partial","paid_amount":400000,"remaining_amount":1020000,"status":"active","user_name":"Owner","notes":""},{"id":24,"purchase_code":"PO-20260726-014","invoice_number":"INV-EDIT-STOCKSWAP","supplier_id":1,"supplier_name":"Supplier Test Fase14","purchase_date":"2026-07-26T00:00:00+07:00","discount_amount":0,"total_amount":10000,"payment_status":"unpaid","paid_amount":0,"remaining_amount":10000,"status":"active","user_name":"Administrator","notes":""},{"id":30,"purchase_code":"PO-20260726-020","invoice_number":"INV-EDIT-SWAP-B","supplier_id":1,"supplier_name":"Supplier Test Fase14","purchase_date":"2026-07-26T00:00:00+07:00","discount_amount":0,"total_amount":10000,"payment_status":"unpaid","paid_amount":0,"remaining_amount":10000,"status":"active","user_name":"Administrator","notes":""}],"pagination":{"page":1,"per_page":3,"total":40,"total_pages":14}}', 2, 4, '::1', NULL, '2026-07-26 22:14:22.501')

2026/07/26 22:14:22 [32mD:/Develop/Project_pos_mahenz/BE/domain/auth/repo/auth_repo.go:46
[0m[33m[0.512ms] [34;1m[rows:1][0m SELECT id, user_id, user_role, token, device_info, expires_at FROM sessions WHERE token = 'eyJhbGciOiJIUzI1NiIsInR5cCI6IkpXVCJ9.eyJhcHBzIjoiIiwiZXhwIjoxNzg1MTA3NjYyLCJmdWxsX25hbWUiOiJBZG1pbmlzdHJhdG9yIiwicm9sZSI6ImFkbWluIiwidXNlcl9pZCI6MiwidXNlcm5hbWUiOiJhZG1pbiJ9.H_JQeor--vaOp12BaaECVPhwNlBhk9Yvbfbbn1HtrPw' LIMIT 1

2026/07/26 22:14:22 [32mD:/Develop/Project_pos_mahenz/BE/domain/supplier_purchase/repo/purchase_repo.go:132
[0m[33m[0.000ms] [34;1m[rows:1][0m SELECT COUNT(*) FROM purchases p WHERE 1=1 AND (p.invoice_number LIKE '%ZZZTIDAKADA123%' OR p.purchase_code LIKE '%ZZZTIDAKADA123%')

2026/07/26 22:14:22 [32mD:/Develop/Project_pos_mahenz/BE/domain/supplier_purchase/repo/purchase_repo.go:149
[0m[33m[0.545ms] [34;1m[rows:-][0m SELECT p.id, p.purchase_code, p.invoice_number, p.supplier_id, COALESCE(s.name, '') as supplier_name, p.purchase_date, p.discount_amount, p.total_amount, p.payment_status, p.paid_amount, p.remaining_amount, p.status, COALESCE(u.full_name, '') as user_name, p.notes FROM purchases p LEFT JOIN users u ON p.user_id = u.id LEFT JOIN suppliers s ON p.supplier_id = s.id WHERE 1=1 AND (p.invoice_number LIKE '%ZZZTIDAKADA123%' OR p.purchase_code LIKE '%ZZZTIDAKADA123%') ORDER BY p.purchase_date DESC, p.id DESC LIMIT 5 OFFSET 0
[GIN] 2026/07/26 - 22:14:22 | 200 |      2.3392ms |             ::1 | POST     "/api/supplier-purchases/list"

2026/07/26 22:14:22 [32mD:/Develop/Project_pos_mahenz/BE/repository/log_request_repository.go:32
[0m[33m[2.514ms] [34;1m[rows:1][0m INSERT INTO log_requests (id, method, endpoint, status_code, request_body, response_body, user_id, duration_ms, ip_address, error_message, created_at) VALUES ('ef2e2d2e-6435-4e62-8dc3-2e2d1e684884', 'POST', '/api/supplier-purchases/list', 200, '{"page":1,"limit":5,"search":"ZZZTIDAKADA123"}', '{"code":"00","status":true,"message":"Daftar purchase order","data":[],"pagination":{"page":1,"per_page":5,"total":0,"total_pages":0}}', 2, 2, '::1', NULL, '2026-07-26 22:14:22.61')

2026/07/26 22:14:22 [32mD:/Develop/Project_pos_mahenz/BE/domain/auth/repo/auth_repo.go:46
[0m[33m[2.276ms] [34;1m[rows:1][0m SELECT id, user_id, user_role, token, device_info, expires_at FROM sessions WHERE token = 'eyJhbGciOiJIUzI1NiIsInR5cCI6IkpXVCJ9.eyJhcHBzIjoiIiwiZXhwIjoxNzg1MTA3NjYyLCJmdWxsX25hbWUiOiJBZG1pbmlzdHJhdG9yIiwicm9sZSI6ImFkbWluIiwidXNlcl9pZCI6MiwidXNlcm5hbWUiOiJhZG1pbiJ9.H_JQeor--vaOp12BaaECVPhwNlBhk9Yvbfbbn1HtrPw' LIMIT 1

2026/07/26 22:14:22 [32mD:/Develop/Project_pos_mahenz/BE/domain/supplier_purchase/repo/purchase_repo.go:132
[0m[33m[0.866ms] [34;1m[rows:1][0m SELECT COUNT(*) FROM purchases p WHERE 1=1

2026/07/26 22:14:22 [32mD:/Develop/Project_pos_mahenz/BE/domain/supplier_purchase/repo/purchase_repo.go:149
[0m[33m[1.140ms] [34;1m[rows:-][0m SELECT p.id, p.purchase_code, p.invoice_number, p.supplier_id, COALESCE(s.name, '') as supplier_name, p.purchase_date, p.discount_amount, p.total_amount, p.payment_status, p.paid_amount, p.remaining_amount, p.status, COALESCE(u.full_name, '') as user_name, p.notes FROM purchases p LEFT JOIN users u ON p.user_id = u.id LEFT JOIN suppliers s ON p.supplier_id = s.id WHERE 1=1 ORDER BY p.purchase_date DESC, p.id DESC LIMIT 10 OFFSET 10
[GIN] 2026/07/26 - 22:14:22 | 200 |      5.0177ms |             ::1 | POST     "/api/supplier-purchases/list"

2026/07/26 22:14:22 [32mD:/Develop/Project_pos_mahenz/BE/repository/log_request_repository.go:32
[0m[33m[2.399ms] [34;1m[rows:1][0m INSERT INTO log_requests (id, method, endpoint, status_code, request_body, response_body, user_id, duration_ms, ip_address, error_message, created_at) VALUES ('7c42b08f-9349-4353-ad25-191525fc657b', 'POST', '/api/supplier-purchases/list', 200, '{"page":2,"limit":10}', '{"code":"00","status":true,"message":"Daftar purchase order","data":[{"id":38,"purchase_code":"PO-20260726-028","invoice_number":"REG-RACE-2","supplier_id":1,"supplier_name":"Supplier Test Fase14","purchase_date":"2026-07-26T00:00:00+07:00","discount_amount":0,"total_amount":1000,"payment_status":"unpaid","paid_amount":0,"remaining_amount":1000,"status":"active","user_name":"Administrator","notes":""},{"id":37,"purchase_code":"PO-20260726-027","invoice_number":"REG-RACE-1","supplier_id":1,"supplier_name":"Supplier Test Fase14","purchase_date":"2026-07-26T00:00:00+07:00","discount_amount":0,"total_amount":1000,"payment_status":"unpaid","paid_amount":0,"remaining_amount":1000,"status":"active","user_name":"Administrator","notes":""},{"id":36,"purchase_code":"PO-20260726-026","invoice_number":"REG-EDIT-VOID","supplier_id":1,"supplier_name":"Supplier Test Fase14","purchase_date":"2026-07-26T00:00:00+07:00","discount_amount":0,"total_amount":1000,"payment_status":"unpaid","paid_amount":0,"remaining_amount":0,"status":"void","user_name":"Administrator","notes":""},{"id":35,"purchase_code":"PO-20260726-025","invoice_number":"REG-EDIT-PARTIAL","supplier_id":1,"supplier_name":"Supplier Test Fase14","purchase_date":"2026-07-26T00:00:00+07:00","discount_amount":0,"total_amount":1500,"payment_status":"paid","paid_amount":1500,"remaining_amount":0,"status":"active","user_name":"Administrator","notes":""},{"id":34,"purchase_code":"PO-20260726-024","invoice_number":"REG-EDIT-UNPAID","supplier_id":1,"supplier_name":"Supplier Test Fase14","purchase_date":"2026-07-26T00:00:00+07:00","discount_amount":500,"total_amount":2500,"payment_status":"partial","paid_amount":700,"remaining_amount":1800,"status":"active","user_name":"Administrator","notes":""},{"id":33,"purchase_code":"PO-20260726-023","invoice_number":"REG-C2","supplier_id":1,"supplier_name":"Supplier Test Fase14","purchase_date":"2026-07-26T00:00:00+07:00","discount_amount":0,"total_amount":2500,"payment_status":"unpaid","paid_amount":0,"remaining_amount":2500,"status":"active","user_name":"Administrator","notes":""},{"id":32,"purchase_code":"PO-20260726-022","invoice_number":"REG-C1","supplier_id":1,"supplier_name":"Supplier Test Fase14","purchase_date":"2026-07-26T00:00:00+07:00","discount_amount":0,"total_amount":2000,"payment_status":"unpaid","paid_amount":0,"remaining_amount":2000,"status":"active","user_name":"Administrator","notes":""},{"id":31,"purchase_code":"PO-20260726-021","invoice_number":"INV-BROWSER-EDIT-PAID","supplier_id":1,"supplier_name":"Supplier Test Fase14","purchase_date":"2026-07-26T00:00:00+07:00","discount_amount":0,"total_amount":7000,"payment_status":"partial","paid_amount":4000,"remaining_amount":3000,"status":"active","user_name":"Administrator","notes":""},{"id":30,"purchase_code":"PO-20260726-020","invoice_number":"INV-EDIT-SWAP-B","supplier_id":1,"supplier_name":"Supplier Test Fase14","purchase_date":"2026-07-26T00:00:00+07:00","discount_amount":0,"total_amount":10000,"payment_status":"unpaid","paid_amount":0,"remaining_amount":10000,"status":"active","user_name":"Administrator","notes":""},{"id":29,"purchase_code":"PO-20260726-019","invoice_number":"INV-BASESTOCK-C","supplier_id":1,"supplier_name":"Supplier Test Fase14","purchase_date":"2026-07-26T00:00:00+07:00","discount_amount":0,"total_amount":3000,"payment_status":"unpaid","paid_amount":0,"remaining_amount":3000,"status":"active","user_name":"Administrator","notes":""}],"pagination":{"page":2,"per_page":10,"total":40,"total_pages":4}}', 2, 5, '::1', NULL, '2026-07-26 22:14:22.719')

2026/07/26 22:15:50 [32mD:/Develop/Project_pos_mahenz/BE/domain/auth/repo/auth_repo.go:17
[0m[33m[1.381ms] [34;1m[rows:1][0m SELECT u.id, u.username, u.password, u.full_name, u.role_id, r.name AS role_name, u.is_active FROM users u INNER JOIN roles r ON r.id = u.role_id WHERE u.username = 'admin' LIMIT 1

2026/07/26 22:15:50 [32mD:/Develop/Project_pos_mahenz/BE/domain/auth/repo/auth_repo.go:67
[0m[33m[3.328ms] [34;1m[rows:1][0m DELETE FROM sessions WHERE user_id = 2

2026/07/26 22:15:50 [32mD:/Develop/Project_pos_mahenz/BE/domain/auth/repo/auth_repo.go:38
[0m[33m[1.804ms] [34;1m[rows:1][0m INSERT INTO sessions (user_id, user_role, token, refresh_token, device_info, ip_address, expires_at) VALUES (2, 'admin', 'eyJhbGciOiJIUzI1NiIsInR5cCI6IkpXVCJ9.eyJhcHBzIjoiIiwiZXhwIjoxNzg1MTA3NzUwLCJmdWxsX25hbWUiOiJBZG1pbmlzdHJhdG9yIiwicm9sZSI6ImFkbWluIiwidXNlcl9pZCI6MiwidXNlcm5hbWUiOiJhZG1pbiJ9.A5EMVs2YON94F6YoKGCsBGUIkgYTPjZti2f9nSpFNQ8', '7685349a6576caff626377b0789d2c7bc74141db4706e90da9775dc949cd8587', '', '::1', '2026-08-02 22:15:50.315') ON DUPLICATE KEY UPDATE user_role=VALUES(user_role), token=VALUES(token), refresh_token=VALUES(refresh_token), device_info=VALUES(device_info), ip_address=VALUES(ip_address), expires_at=VALUES(expires_at), created_at=NOW()
[GIN] 2026/07/26 - 22:15:50 | 200 |     87.1961ms |             ::1 | POST     "/api/auth/login"

2026/07/26 22:15:50 [32mD:/Develop/Project_pos_mahenz/BE/repository/log_request_repository.go:32
[0m[33m[11.220ms] [34;1m[rows:1][0m INSERT INTO log_requests (id, method, endpoint, status_code, request_body, response_body, user_id, duration_ms, ip_address, error_message, created_at) VALUES ('d6a1e523-6a9a-4058-9276-ff39f1461656', 'POST', '/api/auth/login', 200, '{"username":"admin","password":"admin123"}', '{"code":"00","status":true,"message":"Login berhasil","data":{"token":"eyJhbGciOiJIUzI1NiIsInR5cCI6IkpXVCJ9.eyJhcHBzIjoiIiwiZXhwIjoxNzg1MTA3NzUwLCJmdWxsX25hbWUiOiJBZG1pbmlzdHJhdG9yIiwicm9sZSI6ImFkbWluIiwidXNlcl9pZCI6MiwidXNlcm5hbWUiOiJhZG1pbiJ9.A5EMVs2YON94F6YoKGCsBGUIkgYTPjZti2f9nSpFNQ8","refresh_token":"7685349a6576caff626377b0789d2c7bc74141db4706e90da9775dc949cd8587","expires_at":"2026-08-02T22:15:50.3159608+07:00","user":{"id":2,"username":"admin","full_name":"Administrator","role_id":2,"role_name":"admin"}}}', NULL, 87, '::1', NULL, '2026-07-26 22:15:50.324')

2026/07/26 22:15:50 [32mD:/Develop/Project_pos_mahenz/BE/domain/auth/repo/auth_repo.go:46
[0m[33m[1.028ms] [34;1m[rows:1][0m SELECT id, user_id, user_role, token, device_info, expires_at FROM sessions WHERE token = 'eyJhbGciOiJIUzI1NiIsInR5cCI6IkpXVCJ9.eyJhcHBzIjoiIiwiZXhwIjoxNzg1MTA3NzUwLCJmdWxsX25hbWUiOiJBZG1pbmlzdHJhdG9yIiwicm9sZSI6ImFkbWluIiwidXNlcl9pZCI6MiwidXNlcm5hbWUiOiJhZG1pbiJ9.A5EMVs2YON94F6YoKGCsBGUIkgYTPjZti2f9nSpFNQ8' LIMIT 1

2026/07/26 22:15:50 [32mD:/Develop/Project_pos_mahenz/BE/domain/supplier/repo/supplier_repo.go:94
[0m[33m[0.524ms] [34;1m[rows:1][0m SELECT id, supplier_code, name, address, phone, email, contact_person, notes, is_active, created_at FROM suppliers WHERE id = 1 LIMIT 1

2026/07/26 22:15:50 [32mD:/Develop/Project_pos_mahenz/BE/domain/supplier/repo/supplier_repo.go:135
[0m[33m[1.041ms] [34;1m[rows:10][0m SELECT id, purchase_code, purchase_date, total_amount, payment_status, remaining_amount FROM purchases WHERE supplier_id = 1 ORDER BY purchase_date DESC LIMIT 10

2026/07/26 22:15:50 [32mD:/Develop/Project_pos_mahenz/BE/domain/supplier/repo/supplier_repo.go:144
[0m[33m[0.520ms] [34;1m[rows:1][0m SELECT id, return_code, return_date, total_return_amount AS total_return, reason, status FROM supplier_returns WHERE supplier_id = 1 ORDER BY return_date DESC LIMIT 10
[GIN] 2026/07/26 - 22:15:50 | 200 |      3.6398ms |             ::1 | POST     "/api/suppliers/detail/1"

2026/07/26 22:15:50 [32mD:/Develop/Project_pos_mahenz/BE/repository/log_request_repository.go:32
[0m[33m[1.604ms] [34;1m[rows:1][0m INSERT INTO log_requests (id, method, endpoint, status_code, request_body, response_body, user_id, duration_ms, ip_address, error_message, created_at) VALUES ('05289b88-2c6b-47e3-a009-4caa90a171fd', 'POST', '/api/suppliers/detail/1', 200, '', '{"code":"00","status":true,"message":"Detail supplier","data":{"id":1,"supplier_code":"SUP-001","name":"Supplier Test Fase14","address":"Jl. Test","phone":"08123456789","email":"","contact_person":"","notes":"","is_active":true,"total_purchases":10,"total_amount":17100,"total_debt":13300,"total_return":1000,"purchase_history":[{"id":49,"purchase_code":"PO-20260726-038","purchase_date":"2026-07-26T00:00:00+07:00","total_amount":2000,"payment_status":"paid","remaining_amount":0},{"id":14,"purchase_code":"PO-20260726-010","purchase_date":"2026-07-26T00:00:00+07:00","total_amount":800,"payment_status":"paid","remaining_amount":0},{"id":3,"purchase_code":"PO-20260726-001","purchase_date":"2026-07-26T00:00:00+07:00","total_amount":0,"payment_status":"unpaid","remaining_amount":0},{"id":4,"purchase_code":"PO-20260726-002","purchase_date":"2026-07-26T00:00:00+07:00","total_amount":8000,"payment_status":"unpaid","remaining_amount":8000},{"id":5,"purchase_code":"PO-20260726-003","purchase_date":"2026-07-26T00:00:00+07:00","total_amount":0,"payment_status":"unpaid","remaining_amount":0},{"id":6,"purchase_code":"PO-20260726-004","purchase_date":"2026-07-26T00:00:00+07:00","total_amount":2500,"payment_status":"unpaid","remaining_amount":2500},{"id":8,"purchase_code":"PO-20260726-005","purchase_date":"2026-07-26T00:00:00+07:00","total_amount":800,"payment_status":"paid","remaining_amount":0},{"id":10,"purchase_code":"PO-20260726-006","purchase_date":"2026-07-26T00:00:00+07:00","total_amount":1000,"payment_status":"unpaid","remaining_amount":1000},{"id":11,"purchase_code":"PO-20260726-007","purchase_date":"2026-07-26T00:00:00+07:00","total_amount":1000,"payment_status":"partial","remaining_amount":800},{"id":12,"purchase_code":"PO-20260726-008","purchase_date":"2026-07-26T00:00:00+07:00","total_amount":1000,"payment_status":"unpaid","remaining_amount":1000}],"return_history":[{"id":1,"return_code":"RTR-20260726-001","return_date":"2026-07-26T00:00:00+07:00","total_return":1000,"reason":"Rusak","status":"pending"}]}}', 2, 3, '::1', NULL, '2026-07-26 22:15:50.521')

2026/07/26 22:15:50 [32mD:/Develop/Project_pos_mahenz/BE/domain/auth/repo/auth_repo.go:46
[0m[33m[0.506ms] [34;1m[rows:1][0m SELECT id, user_id, user_role, token, device_info, expires_at FROM sessions WHERE token = 'eyJhbGciOiJIUzI1NiIsInR5cCI6IkpXVCJ9.eyJhcHBzIjoiIiwiZXhwIjoxNzg1MTA3NzUwLCJmdWxsX25hbWUiOiJBZG1pbmlzdHJhdG9yIiwicm9sZSI6ImFkbWluIiwidXNlcl9pZCI6MiwidXNlcm5hbWUiOiJhZG1pbiJ9.A5EMVs2YON94F6YoKGCsBGUIkgYTPjZti2f9nSpFNQ8' LIMIT 1

2026/07/26 22:15:50 [32mD:/Develop/Project_pos_mahenz/BE/domain/supplier/repo/supplier_repo.go:94
[0m[33m[0.528ms] [34;1m[rows:1][0m SELECT id, supplier_code, name, address, phone, email, contact_person, notes, is_active, created_at FROM suppliers WHERE id = 1 LIMIT 1

2026/07/26 22:15:50 [32mD:/Develop/Project_pos_mahenz/BE/domain/supplier/repo/supplier_repo.go:189
[0m[33m[0.634ms] [34;1m[rows:1][0m SELECT COUNT(*) FROM purchases WHERE supplier_id = 1 AND payment_status != 'paid' AND status != 'void'
[GIN] 2026/07/26 - 22:15:50 | 400 |       2.205ms |             ::1 | POST     "/api/suppliers/toggle-status/1"
Error #01: Supplier tidak bisa dinonaktifkan karena masih memiliki hutang yang belum lunas

2026/07/26 22:15:50 [32mD:/Develop/Project_pos_mahenz/BE/repository/log_request_repository.go:32
[0m[33m[2.604ms] [34;1m[rows:1][0m INSERT INTO log_requests (id, method, endpoint, status_code, request_body, response_body, user_id, duration_ms, ip_address, error_message, created_at) VALUES ('a6eb80c0-a714-4a42-a74b-529b1dc53f7d', 'POST', '/api/suppliers/toggle-status/1', 400, '', '{"code":"40","status":false,"message":"Supplier tidak bisa dinonaktifkan karena masih memiliki hutang yang belum lunas","data":null}', 2, 2, '::1', 'Supplier tidak bisa dinonaktifkan karena masih memiliki hutang yang belum lunas', '2026-07-26 22:15:50.701')

2026/07/26 22:15:50 [32mD:/Develop/Project_pos_mahenz/BE/domain/auth/repo/auth_repo.go:46
[0m[33m[0.527ms] [34;1m[rows:1][0m SELECT id, user_id, user_role, token, device_info, expires_at FROM sessions WHERE token = 'eyJhbGciOiJIUzI1NiIsInR5cCI6IkpXVCJ9.eyJhcHBzIjoiIiwiZXhwIjoxNzg1MTA3NzUwLCJmdWxsX25hbWUiOiJBZG1pbmlzdHJhdG9yIiwicm9sZSI6ImFkbWluIiwidXNlcl9pZCI6MiwidXNlcm5hbWUiOiJhZG1pbiJ9.A5EMVs2YON94F6YoKGCsBGUIkgYTPjZti2f9nSpFNQ8' LIMIT 1

2026/07/26 22:15:50 [32mD:/Develop/Project_pos_mahenz/BE/domain/stock_mutation/repo/stock_mutation_repo.go:73
[0m[33m[1.861ms] [34;1m[rows:42][0m 
		SELECT sm.id, sm.mutation_type, sm.quantity, sm.stock_before, sm.stock_after,
		       sm.reference_type, sm.reference_id, sm.notes, COALESCE(u.full_name, '') as user_name, sm.created_at
		FROM stock_mutations sm
		LEFT JOIN users u ON sm.user_id = u.id
		WHERE sm.product_id = 12
		ORDER BY sm.created_at DESC
[GIN] 2026/07/26 - 22:15:50 | 200 |      3.6158ms |             ::1 | POST     "/api/stock-mutations/product/12"

2026/07/26 22:15:50 [32mD:/Develop/Project_pos_mahenz/BE/repository/log_request_repository.go:32
[0m[33m[6.665ms] [34;1m[rows:1][0m INSERT INTO log_requests (id, method, endpoint, status_code, request_body, response_body, user_id, duration_ms, ip_address, error_message, created_at) VALUES ('3e80d812-6751-45a2-b7df-04a6215243d7', 'POST', '/api/stock-mutations/product/12', 200, '{"page":1,"limit":5}', '{"code":"00","status":true,"message":"Riwayat mutasi stok produk","data":[{"id":71,"mutation_type":"void_purchase","quantity":2,"stock_before":3096,"stock_after":3094,"reference_type":"purchase","reference_id":48,"notes":"Void purchase order ID 48","user_name":"Administrator","created_at":"2026-07-26T22:13:35+07:00"},{"id":73,"mutation_type":"in","quantity":2,"stock_before":3094,"stock_after":3096,"reference_type":"purchase","reference_id":49,"notes":"Purchase Order PO-20260726-038","user_name":"Administrator","created_at":"2026-07-26T22:13:35+07:00"},{"id":69,"mutation_type":"in","quantity":2,"stock_before":3094,"stock_after":3096,"reference_type":"purchase","reference_id":48,"notes":"Purchase Order PO-20260726-037","user_name":"Administrator","created_at":"2026-07-26T22:13:14+07:00"},{"id":68,"mutation_type":"in","quantity":2,"stock_before":3092,"stock_after":3094,"reference_type":"purchase","reference_id":47,"notes":"Purchase Order PO-20260726-036","user_name":"Administrator","created_at":"2026-07-26T22:13:14+07:00"},{"id":66,"mutation_type":"void_purchase","quantity":1,"stock_before":3092,"stock_after":3091,"reference_type":"purchase","reference_id":45,"notes":"Void purchase order ID 45","user_name":"Administrator","created_at":"2026-07-26T22:09:42+07:00"},{"id":67,"mutation_type":"in","quantity":1,"stock_before":3091,"stock_after":3092,"reference_type":"purchase","reference_id":46,"notes":"Purchase Order PO-20260726-035","user_name":"Administrator","created_at":"2026-07-26T22:09:42+07:00"},{"id":65,"mutation_type":"in","quantity":1,"stock_before":3091,"stock_after":3092,"reference_type":"purchase","reference_id":45,"notes":"Purchase Order PO-20260726-034","user_name":"Administrator","created_at":"2026-07-26T22:09:42+07:00"},{"id":64,"mutation_type":"in","quantity":5,"stock_before":3086,"stock_after":3091,"reference_type":"purchase","reference_id":44,"notes":"Purchase Order PO-20260726-033","user_name":"Administrator","created_at":"2026-07-26T22:08:41+07:00"},{"id":61,"mutation_type":"in","quantity":5,"stock_before":3081,"stock_after":3086,"reference_type":"purchase","reference_id":42,"notes":"Purchase Order PO-20260726-032","user_name":"Administrator","created_at":"2026-07-26T22:02:29+07:00"},{"id":59,"mutation_type":"in","quantity":4,"stock_before":3081,"stock_after":3085,"reference_type":"purchase","reference_id":41,"notes":"Purchase Order PO-20260726-031","user_name":"Administrator","created_at":"2026-07-26T22:01:43+07:00"},{"id":60,"mutation_type":"void_purchase","quantity":4,"stock_before":3085,"stock_after":3081,"reference_type":"purchase","reference_id":41,"notes":"Void purchase order ID 41","user_name":"Administrator","created_at":"2026-07-26T22:01:43+07:00"},{"id":58,"mutation_type":"in","quantity":1,"stock_before":3080,"stock_after":3081,"reference_type":"purchase","reference_id":40,"notes":"Purchase Order PO-20260726-030","user_name":"Administrator","created_at":"2026-07-26T22:00:43+07:00"},{"id":57,"mutation_type":"in","quantity":1,"stock_before":3079,"stock_after":3080,"reference_type":"purchase","reference_id":39,"notes":"Purchase Order PO-20260726-029","user_name":"Administrator","created_at":"2026-07-26T22:00:24+07:00"},{"id":56,"mutation_type":"in","quantity":1,"stock_before":3078,"stock_after":3079,"reference_type":"purchase","reference_id":38,"notes":"Purchase Order PO-20260726-028","user_name":"Administrator","created_at":"2026-07-26T22:00:24+07:00"},{"id":55,"mutation_type":"in","quantity":1,"stock_before":3077,"stock_after":3078,"reference_type":"purchase","reference_id":37,"notes":"Purchase Order PO-20260726-027","user_name":"Administrator","created_at":"2026-07-26T22:00:24+07:00"},{"id":54,"mutation_type":"void_purchase","quantity":1,"stock_before":3078,"stock_after":3077,"reference_type":"purchase","reference_id":36,"notes":"Void purchase order ID 36","user_name":"Administrator","created_at":"2026-07-26T21:59:50+07:00"},{"id":53,"mutation_type":"in","quantity":1,"stock_before":3077,"stock_after":3078,"reference_type":"purchase","reference_id":36,"notes":"Purchase Order PO-20260726-026","user_name":"Administrator","created_at":"2026-07-26T21:59:50+07:00"},{"id":52,"mutation_type":"in","quantity":5,"stock_before":3076,"stock_after":3081,"reference_type":"purchase","reference_id":35,"notes":"Purchase Order PO-20260726-025","user_name":"Administrator","created_at":"2026-07-26T21:58:51+07:00"},{"id":51,"mutation_type":"in","quantity":2,"stock_before":3073,"stock_after":3075,"reference_type":"purchase","reference_id":34,"notes":"Purchase Order PO-20260726-024","user_name":"Administrator","created_at":"2026-07-26T21:58:31+07:00"},{"id":48,"mutation_type":"in","quantity":2,"stock_before":3069,"stock_after":3071,"reference_type":"purchase","reference_id":32,"notes":"Purchase Order PO-20260726-022","user_name":"Administrator","created_at":"2026-07-26T21:57:40+07:00"},{"id":49,"mutation_type":"in","quantity":2,"stock_before":3071,"stock_after":3073,"reference_type":"purchase","reference_id":33,"notes":"Purchase Order PO-20260726-023","user_name":"Administrator","created_at":"2026-07-26T21:57:40+07:00"},{"id":47,"mutation_type":"in","quantity":4,"stock_before":3062,"stock_after":3066,"reference_type":"purchase","reference_id":31,"notes":"Purchase Order PO-20260726-021","user_name":"Administrator","created_at":"2026-07-26T16:06:11+07:00"},{"id":35,"mutation_type":"in","quantity":10,"stock_before":3042,"stock_after":3052,"reference_type":"purchase","reference_id":24,"notes":"Purchase Order PO-20260726-014","user_name":"Administrator","created_at":"2026-07-26T15:42:43+07:00"},{"id":34,"mutation_type":"in","quantity":5,"stock_before":3034,"stock_after":3039,"reference_type":"purchase","reference_id":23,"notes":"Purchase Order PO-20260726-013","user_name":"Administrator","created_at":"2026-07-26T15:37:11+07:00"},{"id":31,"mutation_type":"void_purchase","quantity":1,"stock_before":3035,"stock_after":3034,"reference_type":"purchase","reference_id":21,"notes":"Void purchase order ID 21","user_name":"Administrator","created_at":"2026-07-26T10:32:09+07:00"},{"id":30,"mutation_type":"in","quantity":1,"stock_before":3034,"stock_after":3035,"reference_type":"purchase","reference_id":21,"notes":"Purchase Order PO-20260726-012","user_name":"Administrator","created_at":"2026-07-26T10:32:08+07:00"},{"id":19,"mutation_type":"in","quantity":2000,"stock_before":1034,"stock_after":3034,"reference_type":"purchase","reference_id":15,"notes":"Purchase Order PO-20260726-011","user_name":"Owner","created_at":"2026-07-26T08:37:57+07:00"},{"id":16,"mutation_type":"void_purchase","quantity":2,"stock_before":1036,"stock_after":1034,"reference_type":"purchase","reference_id":6,"notes":"Void purchase order ID 6","user_name":"Owner","created_at":"2026-07-26T07:58:27+07:00"},{"id":15,"mutation_type":"in","quantity":1,"stock_before":1035,"stock_after":1036,"reference_type":"purchase","reference_id":14,"notes":"Purchase Order PO-20260726-010","user_name":"Administrator","created_at":"2026-07-26T07:22:41+07:00"},{"id":14,"mutation_type":"in","quantity":7,"stock_before":1028,"stock_after":1035,"reference_type":"purchase","reference_id":13,"notes":"Purchase Order PO-20260726-009","user_name":"Administrator","created_at":"2026-07-26T01:07:08+07:00"},{"id":12,"mutation_type":"in","quantity":1,"stock_before":1026,"stock_after":1027,"reference_type":"purchase","reference_id":11,"notes":"Purchase Order PO-20260726-007","user_name":"Administrator","created_at":"2026-07-26T00:58:06+07:00"},{"id":13,"mutation_type":"in","quantity":1,"stock_before":1027,"stock_after":1028,"reference_type":"purchase","reference_id":12,"notes":"Purchase Order PO-20260726-008","user_name":"Administrator","created_at":"2026-07-26T00:58:06+07:00"},{"id":11,"mutation_type":"in","quantity":1,"stock_before":1025,"stock_after":1026,"reference_type":"purchase","reference_id":10,"notes":"Purchase Order PO-20260726-006","user_name":"Administrator","created_at":"2026-07-26T00:58:06+07:00"},{"id":10,"mutation_type":"in","quantity":1,"stock_before":1024,"stock_after":1025,"reference_type":"purchase","reference_id":8,"notes":"Purchase Order PO-20260726-005","user_name":"Administrator","created_at":"2026-07-26T00:40:56+07:00"},{"id":8,"mutation_type":"in","quantity":2,"stock_before":1022,"stock_after":1024,"reference_type":"purchase","reference_id":6,"notes":"Purchase Order PO-20260726-004","user_name":"Administrator","created_at":"2026-07-26T00:30:50+07:00"},{"id":7,"mutation_type":"in","quantity":2,"stock_before":1020,"stock_after":1022,"reference_type":"purchase","reference_id":5,"notes":"Purchase Order PO-20260726-003","user_name":"Administrator","created_at":"2026-07-26T00:30:50+07:00"},{"id":6,"mutation_type":"in","quantity":5,"stock_before":1015,"stock_after":1020,"reference_type":"purchase","reference_id":4,"notes":"Purchase Order PO-20260726-002","user_name":"Administrator","created_at":"2026-07-26T00:28:27+07:00"},{"id":5,"mutation_type":"in","quantity":3,"stock_before":1012,"stock_after":1015,"reference_type":"purchase","reference_id":4,"notes":"Purchase Order PO-20260726-002","user_name":"Administrator","created_at":"2026-07-26T00:28:27+07:00"},{"id":4,"mutation_type":"in","quantity":2,"stock_before":1010,"stock_after":1012,"reference_type":"purchase","reference_id":3,"notes":"Purchase Order PO-20260726-001","user_name":"Administrator","created_at":"2026-07-26T00:27:43+07:00"},{"id":3,"mutation_type":"expired","quantity":5,"stock_before":1015,"stock_after":1010,"reference_type":"expiry_batch","reference_id":7,"notes":"Write-off batch expired 2026-07-01","user_name":"Administrator","created_at":"2026-07-26T00:09:44+07:00"},{"id":2,"mutation_type":"in","quantity":5,"stock_before":1010,"stock_after":1015,"reference_type":"purchase","reference_id":2,"notes":"Purchase Order PO-20260725-002","user_name":"Administrator","created_at":"2026-07-25T23:58:34+07:00"},{"id":1,"mutation_type":"in","quantity":10,"stock_before":1000,"stock_after":1010,"reference_type":"purchase","reference_id":1,"notes":"Purchase Order PO-20260725-001","user_name":"Administrator","created_at":"2026-07-25T23:28:51+07:00"}]}', 2, 3, '::1', NULL, '2026-07-26 22:15:50.842')
[GIN] 2026/07/26 - 22:19:10 | 204 |            0s |             ::1 | OPTIONS  "/api/auth/login"

2026/07/26 22:19:10 [32mD:/Develop/Project_pos_mahenz/BE/domain/auth/repo/auth_repo.go:17
[0m[33m[3.992ms] [34;1m[rows:1][0m SELECT u.id, u.username, u.password, u.full_name, u.role_id, r.name AS role_name, u.is_active FROM users u INNER JOIN roles r ON r.id = u.role_id WHERE u.username = 'admin' LIMIT 1

2026/07/26 22:19:10 [32mD:/Develop/Project_pos_mahenz/BE/domain/auth/repo/auth_repo.go:67
[0m[33m[9.886ms] [34;1m[rows:1][0m DELETE FROM sessions WHERE user_id = 2

2026/07/26 22:19:10 [32mD:/Develop/Project_pos_mahenz/BE/domain/auth/repo/auth_repo.go:38
[0m[33m[3.288ms] [34;1m[rows:1][0m INSERT INTO sessions (user_id, user_role, token, refresh_token, device_info, ip_address, expires_at) VALUES (2, 'admin', 'eyJhbGciOiJIUzI1NiIsInR5cCI6IkpXVCJ9.eyJhcHBzIjoid2ViIiwiZXhwIjoxNzg1MTA3OTUwLCJmdWxsX25hbWUiOiJBZG1pbmlzdHJhdG9yIiwicm9sZSI6ImFkbWluIiwidXNlcl9pZCI6MiwidXNlcm5hbWUiOiJhZG1pbiJ9.3jnc9G4QCaRoGlgYIKIUYz394UNncGKrn_8iIvNZEww', 'e9c187ec11f2943292fb343e0cc45b16823c17c1e6c2595d66505c741fa1a37a', 'web', '::1', '2026-08-02 22:19:10.459') ON DUPLICATE KEY UPDATE user_role=VALUES(user_role), token=VALUES(token), refresh_token=VALUES(refresh_token), device_info=VALUES(device_info), ip_address=VALUES(ip_address), expires_at=VALUES(expires_at), created_at=NOW()
[GIN] 2026/07/26 - 22:19:10 | 200 |    153.8082ms |             ::1 | POST     "/api/auth/login"

2026/07/26 22:19:10 [32mD:/Develop/Project_pos_mahenz/BE/repository/log_request_repository.go:32
[0m[33m[2.248ms] [34;1m[rows:1][0m INSERT INTO log_requests (id, method, endpoint, status_code, request_body, response_body, user_id, duration_ms, ip_address, error_message, created_at) VALUES ('051e1b9f-6d49-41d8-9b34-82c23d62cb30', 'POST', '/api/auth/login', 200, '{"username":"admin","password":"admin123","device_info":"web"}', '{"code":"00","status":true,"message":"Login berhasil","data":{"token":"eyJhbGciOiJIUzI1NiIsInR5cCI6IkpXVCJ9.eyJhcHBzIjoid2ViIiwiZXhwIjoxNzg1MTA3OTUwLCJmdWxsX25hbWUiOiJBZG1pbmlzdHJhdG9yIiwicm9sZSI6ImFkbWluIiwidXNlcl9pZCI6MiwidXNlcm5hbWUiOiJhZG1pbiJ9.3jnc9G4QCaRoGlgYIKIUYz394UNncGKrn_8iIvNZEww","refresh_token":"e9c187ec11f2943292fb343e0cc45b16823c17c1e6c2595d66505c741fa1a37a","expires_at":"2026-08-02T22:19:10.4599509+07:00","user":{"id":2,"username":"admin","full_name":"Administrator","role_id":2,"role_name":"admin"}}}', NULL, 152, '::1', NULL, '2026-07-26 22:19:10.473')
[GIN] 2026/07/26 - 22:19:10 | 204 |            0s |             ::1 | OPTIONS  "/api/menus/my"
[GIN] 2026/07/26 - 22:19:10 | 204 |            0s |             ::1 | OPTIONS  "/api/menus/my"

2026/07/26 22:19:10 [32mD:/Develop/Project_pos_mahenz/BE/domain/auth/repo/auth_repo.go:46
[0m[33m[2.000ms] [34;1m[rows:1][0m SELECT id, user_id, user_role, token, device_info, expires_at FROM sessions WHERE token = 'eyJhbGciOiJIUzI1NiIsInR5cCI6IkpXVCJ9.eyJhcHBzIjoid2ViIiwiZXhwIjoxNzg1MTA3OTUwLCJmdWxsX25hbWUiOiJBZG1pbmlzdHJhdG9yIiwicm9sZSI6ImFkbWluIiwidXNlcl9pZCI6MiwidXNlcm5hbWUiOiJhZG1pbiJ9.3jnc9G4QCaRoGlgYIKIUYz394UNncGKrn_8iIvNZEww' LIMIT 1

2026/07/26 22:19:10 [32mD:/Develop/Project_pos_mahenz/BE/domain/menu/repo/menu_repo.go:121
[0m[33m[2.036ms] [34;1m[rows:-][0m 
		SELECT
			m.id,
			m.parent_id,
			m.key_name,
			m.label,
			m.icon,
			m.path,
			m.order_index,
			COALESCE(rma.can_view,   0),
			COALESCE(rma.can_create, 0),
			COALESCE(rma.can_edit,   0),
			COALESCE(rma.can_delete, 0)
		FROM menus m
		LEFT JOIN role_menu_access rma ON rma.menu_id = m.id
			AND rma.role_id = (SELECT id FROM roles WHERE name = 'admin' AND is_active = 1 LIMIT 1)
		WHERE m.is_active = 1
		ORDER BY m.order_index ASC, m.id ASC
		
[GIN] 2026/07/26 - 22:19:10 | 200 |      5.6409ms |             ::1 | POST     "/api/menus/my"

2026/07/26 22:19:10 [32mD:/Develop/Project_pos_mahenz/BE/repository/log_request_repository.go:32
[0m[33m[2.888ms] [34;1m[rows:1][0m INSERT INTO log_requests (id, method, endpoint, status_code, request_body, response_body, user_id, duration_ms, ip_address, error_message, created_at) VALUES ('b423bb2f-1806-49f4-89c7-a472b55b56ff', 'POST', '/api/menus/my', 200, '{}', '{"code":"00","status":true,"message":"Menu akses","data":[{"key_name":"beranda","label":"Beranda","icon":"Home","path":null,"order_index":1,"permission":{"can_view":true,"can_create":true,"can_edit":true,"can_delete":true},"children":[{"key_name":"beranda.dashboard","label":"Dashboard","icon":"LayoutDashboard","path":"/dashboard","order_index":1,"permission":{"can_view":true,"can_create":true,"can_edit":true,"can_delete":true},"children":[]}]},{"key_name":"penjualan","label":"Penjualan","icon":"ShoppingCart","path":null,"order_index":2,"permission":{"can_view":true,"can_create":true,"can_edit":true,"can_delete":true},"children":[{"key_name":"penjualan.kasir","label":"Kasir","icon":"ShoppingCart","path":"/kasir","order_index":1,"permission":{"can_view":true,"can_create":true,"can_edit":true,"can_delete":true},"children":[]},{"key_name":"penjualan.transaksi","label":"Transaksi","icon":"Receipt","path":"/transactions","order_index":2,"permission":{"can_view":true,"can_create":true,"can_edit":true,"can_delete":true},"children":[]}]},{"key_name":"produk","label":"Produk","icon":"Package","path":null,"order_index":3,"permission":{"can_view":true,"can_create":true,"can_edit":true,"can_delete":true},"children":[{"key_name":"produk.produk","label":"Produk","icon":"Package","path":"/products","order_index":1,"permission":{"can_view":true,"can_create":true,"can_edit":true,"can_delete":true},"children":[]},{"key_name":"produk.kategori","label":"Kategori","icon":"Tag","path":"/products/categories","order_index":2,"permission":{"can_view":true,"can_create":true,"can_edit":true,"can_delete":true},"children":[]},{"key_name":"produk.unit","label":"Unit","icon":"PackageSearch","path":"/products/units","order_index":3,"permission":{"can_view":true,"can_create":true,"can_edit":true,"can_delete":true},"children":[]}]},{"key_name":"pengadaan","label":"Pengadaan","icon":"Truck","path":null,"order_index":4,"permission":{"can_view":true,"can_create":true,"can_edit":true,"can_delete":true},"children":[{"key_name":"pengadaan.supplier","label":"Supplier","icon":"Truck","path":"/suppliers","order_index":1,"permission":{"can_view":true,"can_create":true,"can_edit":true,"can_delete":true},"children":[]},{"key_name":"pengadaan.pembelian","label":"Pembelian","icon":"ShoppingBag","path":"/suppliers/purchases","order_index":2,"permission":{"can_view":true,"can_create":true,"can_edit":true,"can_delete":true},"children":[]},{"key_name":"pengadaan.retur","label":"Retur","icon":"RotateCcw","path":"/suppliers/returns","order_index":3,"permission":{"can_view":true,"can_create":true,"can_edit":true,"can_delete":true},"children":[]}]},{"key_name":"pelanggan","label":"Pelanggan","icon":"Users","path":null,"order_index":5,"permission":{"can_view":true,"can_create":true,"can_edit":true,"can_delete":true},"children":[{"key_name":"pelanggan.pelanggan","label":"Pelanggan","icon":"Users","path":"/customers","order_index":1,"permission":{"can_view":true,"can_create":true,"can_edit":true,"can_delete":true},"children":[]},{"key_name":"pelanggan.piutang","label":"Piutang","icon":"CreditCard","path":"/receivables","order_index":2,"permission":{"can_view":true,"can_create":true,"can_edit":true,"can_delete":true},"children":[]}]},{"key_name":"keuangan","label":"Keuangan","icon":"Wallet","path":null,"order_index":6,"permission":{"can_view":true,"can_create":true,"can_edit":true,"can_delete":true},"children":[{"key_name":"keuangan.dashboard","label":"Dashboard Keuangan","icon":"Wallet","path":"/finance","order_index":1,"permission":{"can_view":true,"can_create":true,"can_edit":true,"can_delete":true},"children":[]},{"key_name":"keuangan.kas_harian","label":"Kas Harian","icon":"Landmark","path":"/finance/cash-drawer","order_index":2,"permission":{"can_view":true,"can_create":true,"can_edit":true,"can_delete":true},"children":[]},{"key_name":"keuangan.pengeluaran","label":"Pengeluaran","icon":"TrendingDown","path":"/finance/expenses","order_index":3,"permission":{"can_view":true,"can_create":true,"can_edit":true,"can_delete":true},"children":[]},{"key_name":"keuangan.kas_saya","label":"Kas Saya","icon":"Wallet","path":"/finance/my-cash","order_index":4,"permission":{"can_view":true,"can_create":true,"can_edit":true,"can_delete":true},"children":[]}]},{"key_name":"pelaporan","label":"Pelaporan","icon":"BarChart2","path":null,"order_index":7,"permission":{"can_view":true,"can_create":true,"can_edit":true,"can_delete":true},"children":[{"key_name":"pelaporan.penjualan","label":"Penjualan","icon":"TrendingUp","path":"/reports/sales","order_index":1,"permission":{"can_view":true,"can_create":true,"can_edit":true,"can_delete":true},"children":[]},{"key_name":"pelaporan.laba_rugi","label":"Laba Rugi","icon":"LineChart","path":"/reports/profit-loss","order_index":2,"permission":{"can_view":true,"can_create":true,"can_edit":true,"can_delete":true},"children":[]},{"key_name":"pelaporan.stok","label":"Stok","icon":"PackageSearch","path":"/reports/stock","order_index":3,"permission":{"can_view":true,"can_create":true,"can_edit":true,"can_delete":true},"children":[]},{"key_name":"pelaporan.kinerja_kasir","label":"Kinerja Kasir","icon":"BarChart2","path":"/reports/cashier","order_index":4,"permission":{"can_view":true,"can_create":true,"can_edit":true,"can_delete":true},"children":[]},{"key_name":"pelaporan.ringkasan_bisnis","label":"Ringkasan Bisnis","icon":"BarChart3","path":"/reports/business-summary","order_index":5,"permission":{"can_view":true,"can_create":true,"can_edit":true,"can_delete":true},"children":[]}]},{"key_name":"operasional","label":"Operasional","icon":"Clock","path":null,"order_index":8,"permission":{"can_view":true,"can_create":true,"can_edit":true,"can_delete":true},"children":[{"key_name":"operasional.shift","label":"Shift","icon":"Clock","path":"/shifts","order_index":1,"permission":{"can_view":true,"can_create":true,"can_edit":true,"can_delete":true},"children":[]},{"key_name":"operasional.sync","label":"Sync Center","icon":"RefreshCw","path":"/sync","order_index":2,"permission":{"can_view":true,"can_create":true,"can_edit":true,"can_delete":true},"children":[]}]},{"key_name":"sistem","label":"Sistem","icon":"Settings","path":null,"order_index":9,"permission":{"can_view":true,"can_create":true,"can_edit":true,"can_delete":true},"children":[{"key_name":"sistem.profil_toko","label":"Profil Toko","icon":"Settings","path":"/settings/store","order_index":1,"permission":{"can_view":true,"can_create":true,"can_edit":true,"can_delete":true},"children":[]},{"key_name":"sistem.users","label":"Manajemen User","icon":"Users","path":"/settings/users","order_index":2,"permission":{"can_view":true,"can_create":true,"can_edit":true,"can_delete":true},"children":[]},{"key_name":"sistem.roles","label":"Manajemen Role","icon":"Shield","path":"/settings/roles","order_index":3,"permission":{"can_view":true,"can_create":true,"can_edit":true,"can_delete":true},"children":[]},{"key_name":"sistem.menus","label":"Manajemen Menu","icon":"LayoutList","path":"/settings/menus","order_index":4,"permission":{"can_view":true,"can_create":true,"can_edit":true,"can_delete":true},"children":[]},{"key_name":"sistem.printer","label":"Printer","icon":"Printer","path":"/settings/printer","order_index":5,"permission":{"can_view":true,"can_create":true,"can_edit":true,"can_delete":true},"children":[]},{"key_name":"sistem.versi","label":"Versi Aplikasi","icon":"RefreshCw","path":"/settings/versions","order_index":6,"permission":{"can_view":true,"can_create":true,"can_edit":true,"can_delete":true},"children":[]},{"key_name":"sistem.backup","label":"Backup \u0026 Restore","icon":"DatabaseBackup","path":"/settings/backup","order_index":7,"permission":{"can_view":true,"can_create":true,"can_edit":true,"can_delete":true},"children":[]}]}]}', 2, 5, '::1', NULL, '2026-07-26 22:19:10.491')

2026/07/26 22:19:10 [32mD:/Develop/Project_pos_mahenz/BE/domain/auth/repo/auth_repo.go:46
[0m[33m[8.078ms] [34;1m[rows:1][0m SELECT id, user_id, user_role, token, device_info, expires_at FROM sessions WHERE token = 'eyJhbGciOiJIUzI1NiIsInR5cCI6IkpXVCJ9.eyJhcHBzIjoid2ViIiwiZXhwIjoxNzg1MTA3OTUwLCJmdWxsX25hbWUiOiJBZG1pbmlzdHJhdG9yIiwicm9sZSI6ImFkbWluIiwidXNlcl9pZCI6MiwidXNlcm5hbWUiOiJhZG1pbiJ9.3jnc9G4QCaRoGlgYIKIUYz394UNncGKrn_8iIvNZEww' LIMIT 1

2026/07/26 22:19:10 [32mD:/Develop/Project_pos_mahenz/BE/domain/menu/repo/menu_repo.go:121
[0m[33m[4.613ms] [34;1m[rows:-][0m 
		SELECT
			m.id,
			m.parent_id,
			m.key_name,
			m.label,
			m.icon,
			m.path,
			m.order_index,
			COALESCE(rma.can_view,   0),
			COALESCE(rma.can_create, 0),
			COALESCE(rma.can_edit,   0),
			COALESCE(rma.can_delete, 0)
		FROM menus m
		LEFT JOIN role_menu_access rma ON rma.menu_id = m.id
			AND rma.role_id = (SELECT id FROM roles WHERE name = 'admin' AND is_active = 1 LIMIT 1)
		WHERE m.is_active = 1
		ORDER BY m.order_index ASC, m.id ASC
		
[GIN] 2026/07/26 - 22:19:10 | 200 |     14.2069ms |             ::1 | POST     "/api/menus/my"

2026/07/26 22:19:10 [32mD:/Develop/Project_pos_mahenz/BE/repository/log_request_repository.go:32
[0m[33m[4.178ms] [34;1m[rows:1][0m INSERT INTO log_requests (id, method, endpoint, status_code, request_body, response_body, user_id, duration_ms, ip_address, error_message, created_at) VALUES ('0a0e2183-8a07-4eb6-a1d8-027080ead111', 'POST', '/api/menus/my', 200, '{}', '{"code":"00","status":true,"message":"Menu akses","data":[{"key_name":"beranda","label":"Beranda","icon":"Home","path":null,"order_index":1,"permission":{"can_view":true,"can_create":true,"can_edit":true,"can_delete":true},"children":[{"key_name":"beranda.dashboard","label":"Dashboard","icon":"LayoutDashboard","path":"/dashboard","order_index":1,"permission":{"can_view":true,"can_create":true,"can_edit":true,"can_delete":true},"children":[]}]},{"key_name":"penjualan","label":"Penjualan","icon":"ShoppingCart","path":null,"order_index":2,"permission":{"can_view":true,"can_create":true,"can_edit":true,"can_delete":true},"children":[{"key_name":"penjualan.kasir","label":"Kasir","icon":"ShoppingCart","path":"/kasir","order_index":1,"permission":{"can_view":true,"can_create":true,"can_edit":true,"can_delete":true},"children":[]},{"key_name":"penjualan.transaksi","label":"Transaksi","icon":"Receipt","path":"/transactions","order_index":2,"permission":{"can_view":true,"can_create":true,"can_edit":true,"can_delete":true},"children":[]}]},{"key_name":"produk","label":"Produk","icon":"Package","path":null,"order_index":3,"permission":{"can_view":true,"can_create":true,"can_edit":true,"can_delete":true},"children":[{"key_name":"produk.produk","label":"Produk","icon":"Package","path":"/products","order_index":1,"permission":{"can_view":true,"can_create":true,"can_edit":true,"can_delete":true},"children":[]},{"key_name":"produk.kategori","label":"Kategori","icon":"Tag","path":"/products/categories","order_index":2,"permission":{"can_view":true,"can_create":true,"can_edit":true,"can_delete":true},"children":[]},{"key_name":"produk.unit","label":"Unit","icon":"PackageSearch","path":"/products/units","order_index":3,"permission":{"can_view":true,"can_create":true,"can_edit":true,"can_delete":true},"children":[]}]},{"key_name":"pengadaan","label":"Pengadaan","icon":"Truck","path":null,"order_index":4,"permission":{"can_view":true,"can_create":true,"can_edit":true,"can_delete":true},"children":[{"key_name":"pengadaan.supplier","label":"Supplier","icon":"Truck","path":"/suppliers","order_index":1,"permission":{"can_view":true,"can_create":true,"can_edit":true,"can_delete":true},"children":[]},{"key_name":"pengadaan.pembelian","label":"Pembelian","icon":"ShoppingBag","path":"/suppliers/purchases","order_index":2,"permission":{"can_view":true,"can_create":true,"can_edit":true,"can_delete":true},"children":[]},{"key_name":"pengadaan.retur","label":"Retur","icon":"RotateCcw","path":"/suppliers/returns","order_index":3,"permission":{"can_view":true,"can_create":true,"can_edit":true,"can_delete":true},"children":[]}]},{"key_name":"pelanggan","label":"Pelanggan","icon":"Users","path":null,"order_index":5,"permission":{"can_view":true,"can_create":true,"can_edit":true,"can_delete":true},"children":[{"key_name":"pelanggan.pelanggan","label":"Pelanggan","icon":"Users","path":"/customers","order_index":1,"permission":{"can_view":true,"can_create":true,"can_edit":true,"can_delete":true},"children":[]},{"key_name":"pelanggan.piutang","label":"Piutang","icon":"CreditCard","path":"/receivables","order_index":2,"permission":{"can_view":true,"can_create":true,"can_edit":true,"can_delete":true},"children":[]}]},{"key_name":"keuangan","label":"Keuangan","icon":"Wallet","path":null,"order_index":6,"permission":{"can_view":true,"can_create":true,"can_edit":true,"can_delete":true},"children":[{"key_name":"keuangan.dashboard","label":"Dashboard Keuangan","icon":"Wallet","path":"/finance","order_index":1,"permission":{"can_view":true,"can_create":true,"can_edit":true,"can_delete":true},"children":[]},{"key_name":"keuangan.kas_harian","label":"Kas Harian","icon":"Landmark","path":"/finance/cash-drawer","order_index":2,"permission":{"can_view":true,"can_create":true,"can_edit":true,"can_delete":true},"children":[]},{"key_name":"keuangan.pengeluaran","label":"Pengeluaran","icon":"TrendingDown","path":"/finance/expenses","order_index":3,"permission":{"can_view":true,"can_create":true,"can_edit":true,"can_delete":true},"children":[]},{"key_name":"keuangan.kas_saya","label":"Kas Saya","icon":"Wallet","path":"/finance/my-cash","order_index":4,"permission":{"can_view":true,"can_create":true,"can_edit":true,"can_delete":true},"children":[]}]},{"key_name":"pelaporan","label":"Pelaporan","icon":"BarChart2","path":null,"order_index":7,"permission":{"can_view":true,"can_create":true,"can_edit":true,"can_delete":true},"children":[{"key_name":"pelaporan.penjualan","label":"Penjualan","icon":"TrendingUp","path":"/reports/sales","order_index":1,"permission":{"can_view":true,"can_create":true,"can_edit":true,"can_delete":true},"children":[]},{"key_name":"pelaporan.laba_rugi","label":"Laba Rugi","icon":"LineChart","path":"/reports/profit-loss","order_index":2,"permission":{"can_view":true,"can_create":true,"can_edit":true,"can_delete":true},"children":[]},{"key_name":"pelaporan.stok","label":"Stok","icon":"PackageSearch","path":"/reports/stock","order_index":3,"permission":{"can_view":true,"can_create":true,"can_edit":true,"can_delete":true},"children":[]},{"key_name":"pelaporan.kinerja_kasir","label":"Kinerja Kasir","icon":"BarChart2","path":"/reports/cashier","order_index":4,"permission":{"can_view":true,"can_create":true,"can_edit":true,"can_delete":true},"children":[]},{"key_name":"pelaporan.ringkasan_bisnis","label":"Ringkasan Bisnis","icon":"BarChart3","path":"/reports/business-summary","order_index":5,"permission":{"can_view":true,"can_create":true,"can_edit":true,"can_delete":true},"children":[]}]},{"key_name":"operasional","label":"Operasional","icon":"Clock","path":null,"order_index":8,"permission":{"can_view":true,"can_create":true,"can_edit":true,"can_delete":true},"children":[{"key_name":"operasional.shift","label":"Shift","icon":"Clock","path":"/shifts","order_index":1,"permission":{"can_view":true,"can_create":true,"can_edit":true,"can_delete":true},"children":[]},{"key_name":"operasional.sync","label":"Sync Center","icon":"RefreshCw","path":"/sync","order_index":2,"permission":{"can_view":true,"can_create":true,"can_edit":true,"can_delete":true},"children":[]}]},{"key_name":"sistem","label":"Sistem","icon":"Settings","path":null,"order_index":9,"permission":{"can_view":true,"can_create":true,"can_edit":true,"can_delete":true},"children":[{"key_name":"sistem.profil_toko","label":"Profil Toko","icon":"Settings","path":"/settings/store","order_index":1,"permission":{"can_view":true,"can_create":true,"can_edit":true,"can_delete":true},"children":[]},{"key_name":"sistem.users","label":"Manajemen User","icon":"Users","path":"/settings/users","order_index":2,"permission":{"can_view":true,"can_create":true,"can_edit":true,"can_delete":true},"children":[]},{"key_name":"sistem.roles","label":"Manajemen Role","icon":"Shield","path":"/settings/roles","order_index":3,"permission":{"can_view":true,"can_create":true,"can_edit":true,"can_delete":true},"children":[]},{"key_name":"sistem.menus","label":"Manajemen Menu","icon":"LayoutList","path":"/settings/menus","order_index":4,"permission":{"can_view":true,"can_create":true,"can_edit":true,"can_delete":true},"children":[]},{"key_name":"sistem.printer","label":"Printer","icon":"Printer","path":"/settings/printer","order_index":5,"permission":{"can_view":true,"can_create":true,"can_edit":true,"can_delete":true},"children":[]},{"key_name":"sistem.versi","label":"Versi Aplikasi","icon":"RefreshCw","path":"/settings/versions","order_index":6,"permission":{"can_view":true,"can_create":true,"can_edit":true,"can_delete":true},"children":[]},{"key_name":"sistem.backup","label":"Backup \u0026 Restore","icon":"DatabaseBackup","path":"/settings/backup","order_index":7,"permission":{"can_view":true,"can_create":true,"can_edit":true,"can_delete":true},"children":[]}]}]}', 2, 13, '::1', NULL, '2026-07-26 22:19:10.503')

2026/07/26 22:19:10 [32mD:/Develop/Project_pos_mahenz/BE/domain/auth/repo/auth_repo.go:46
[0m[33m[0.663ms] [34;1m[rows:1][0m SELECT id, user_id, user_role, token, device_info, expires_at FROM sessions WHERE token = 'eyJhbGciOiJIUzI1NiIsInR5cCI6IkpXVCJ9.eyJhcHBzIjoid2ViIiwiZXhwIjoxNzg1MTA3OTUwLCJmdWxsX25hbWUiOiJBZG1pbmlzdHJhdG9yIiwicm9sZSI6ImFkbWluIiwidXNlcl9pZCI6MiwidXNlcm5hbWUiOiJhZG1pbiJ9.3jnc9G4QCaRoGlgYIKIUYz394UNncGKrn_8iIvNZEww' LIMIT 1

2026/07/26 22:19:10 [32mD:/Develop/Project_pos_mahenz/BE/domain/menu/repo/menu_repo.go:121
[0m[33m[1.756ms] [34;1m[rows:-][0m 
		SELECT
			m.id,
			m.parent_id,
			m.key_name,
			m.label,
			m.icon,
			m.path,
			m.order_index,
			COALESCE(rma.can_view,   0),
			COALESCE(rma.can_create, 0),
			COALESCE(rma.can_edit,   0),
			COALESCE(rma.can_delete, 0)
		FROM menus m
		LEFT JOIN role_menu_access rma ON rma.menu_id = m.id
			AND rma.role_id = (SELECT id FROM roles WHERE name = 'admin' AND is_active = 1 LIMIT 1)
		WHERE m.is_active = 1
		ORDER BY m.order_index ASC, m.id ASC
		
[GIN] 2026/07/26 - 22:19:10 | 200 |     17.0138ms |             ::1 | POST     "/api/menus/my"
Error #01: write tcp [::1]:8080->[::1]:8168: wsasend: An established connection was aborted by the software in your host machine.
Error #02: write tcp [::1]:8080->[::1]:8168: wsasend: An established connection was aborted by the software in your host machine.

2026/07/26 22:19:10 [32mD:/Develop/Project_pos_mahenz/BE/repository/log_request_repository.go:32
[0m[33m[3.030ms] [34;1m[rows:1][0m INSERT INTO log_requests (id, method, endpoint, status_code, request_body, response_body, user_id, duration_ms, ip_address, error_message, created_at) VALUES ('d214cd8e-b007-4d4d-bb74-46f7587b74b0', 'POST', '/api/menus/my', 200, '{}', '{"code":"00","status":true,"message":"Menu akses","data":[{"key_name":"beranda","label":"Beranda","icon":"Home","path":null,"order_index":1,"permission":{"can_view":true,"can_create":true,"can_edit":true,"can_delete":true},"children":[{"key_name":"beranda.dashboard","label":"Dashboard","icon":"LayoutDashboard","path":"/dashboard","order_index":1,"permission":{"can_view":true,"can_create":true,"can_edit":true,"can_delete":true},"children":[]}]},{"key_name":"penjualan","label":"Penjualan","icon":"ShoppingCart","path":null,"order_index":2,"permission":{"can_view":true,"can_create":true,"can_edit":true,"can_delete":true},"children":[{"key_name":"penjualan.kasir","label":"Kasir","icon":"ShoppingCart","path":"/kasir","order_index":1,"permission":{"can_view":true,"can_create":true,"can_edit":true,"can_delete":true},"children":[]},{"key_name":"penjualan.transaksi","label":"Transaksi","icon":"Receipt","path":"/transactions","order_index":2,"permission":{"can_view":true,"can_create":true,"can_edit":true,"can_delete":true},"children":[]}]},{"key_name":"produk","label":"Produk","icon":"Package","path":null,"order_index":3,"permission":{"can_view":true,"can_create":true,"can_edit":true,"can_delete":true},"children":[{"key_name":"produk.produk","label":"Produk","icon":"Package","path":"/products","order_index":1,"permission":{"can_view":true,"can_create":true,"can_edit":true,"can_delete":true},"children":[]},{"key_name":"produk.kategori","label":"Kategori","icon":"Tag","path":"/products/categories","order_index":2,"permission":{"can_view":true,"can_create":true,"can_edit":true,"can_delete":true},"children":[]},{"key_name":"produk.unit","label":"Unit","icon":"PackageSearch","path":"/products/units","order_index":3,"permission":{"can_view":true,"can_create":true,"can_edit":true,"can_delete":true},"children":[]}]},{"key_name":"pengadaan","label":"Pengadaan","icon":"Truck","path":null,"order_index":4,"permission":{"can_view":true,"can_create":true,"can_edit":true,"can_delete":true},"children":[{"key_name":"pengadaan.supplier","label":"Supplier","icon":"Truck","path":"/suppliers","order_index":1,"permission":{"can_view":true,"can_create":true,"can_edit":true,"can_delete":true},"children":[]},{"key_name":"pengadaan.pembelian","label":"Pembelian","icon":"ShoppingBag","path":"/suppliers/purchases","order_index":2,"permission":{"can_view":true,"can_create":true,"can_edit":true,"can_delete":true},"children":[]},{"key_name":"pengadaan.retur","label":"Retur","icon":"RotateCcw","path":"/suppliers/returns","order_index":3,"permission":{"can_view":true,"can_create":true,"can_edit":true,"can_delete":true},"children":[]}]},{"key_name":"pelanggan","label":"Pelanggan","icon":"Users","path":null,"order_index":5,"permission":{"can_view":true,"can_create":true,"can_edit":true,"can_delete":true},"children":[{"key_name":"pelanggan.pelanggan","label":"Pelanggan","icon":"Users","path":"/customers","order_index":1,"permission":{"can_view":true,"can_create":true,"can_edit":true,"can_delete":true},"children":[]},{"key_name":"pelanggan.piutang","label":"Piutang","icon":"CreditCard","path":"/receivables","order_index":2,"permission":{"can_view":true,"can_create":true,"can_edit":true,"can_delete":true},"children":[]}]},{"key_name":"keuangan","label":"Keuangan","icon":"Wallet","path":null,"order_index":6,"permission":{"can_view":true,"can_create":true,"can_edit":true,"can_delete":true},"children":[{"key_name":"keuangan.dashboard","label":"Dashboard Keuangan","icon":"Wallet","path":"/finance","order_index":1,"permission":{"can_view":true,"can_create":true,"can_edit":true,"can_delete":true},"children":[]},{"key_name":"keuangan.kas_harian","label":"Kas Harian","icon":"Landmark","path":"/finance/cash-drawer","order_index":2,"permission":{"can_view":true,"can_create":true,"can_edit":true,"can_delete":true},"children":[]},{"key_name":"keuangan.pengeluaran","label":"Pengeluaran","icon":"TrendingDown","path":"/finance/expenses","order_index":3,"permission":{"can_view":true,"can_create":true,"can_edit":true,"can_delete":true},"children":[]},{"key_name":"keuangan.kas_saya","label":"Kas Saya","icon":"Wallet","path":"/finance/my-cash","order_index":4,"permission":{"can_view":true,"can_create":true,"can_edit":true,"can_delete":true},"children":[]}]},{"key_name":"pelaporan","label":"Pelaporan","icon":"BarChart2","path":null,"order_index":7,"permission":{"can_view":true,"can_create":true,"can_edit":true,"can_delete":true},"children":[{"key_name":"pelaporan.penjualan","label":"Penjualan","icon":"TrendingUp","path":"/reports/sales","order_index":1,"permission":{"can_view":true,"can_create":true,"can_edit":true,"can_delete":true},"children":[]},{"key_name":"pelaporan.laba_rugi","label":"Laba Rugi","icon":"LineChart","path":"/reports/profit-loss","order_index":2,"permission":{"can_view":true,"can_create":true,"can_edit":true,"can_delete":true},"children":[]},{"key_name":"pelaporan.stok","label":"Stok","icon":"PackageSearch","path":"/reports/stock","order_index":3,"permission":{"can_view":true,"can_create":true,"can_edit":true,"can_delete":true},"children":[]},{"key_name":"pelaporan.kinerja_kasir","label":"Kinerja Kasir","icon":"BarChart2","path":"/reports/cashier","order_index":4,"permission":{"can_view":true,"can_create":true,"can_edit":true,"can_delete":true},"children":[]},{"key_name":"pelaporan.ringkasan_bisnis","label":"Ringkasan Bisnis","icon":"BarChart3","path":"/reports/business-summary","order_index":5,"permission":{"can_view":true,"can_create":true,"can_edit":true,"can_delete":true},"children":[]}]},{"key_name":"operasional","label":"Operasional","icon":"Clock","path":null,"order_index":8,"permission":{"can_view":true,"can_create":true,"can_edit":true,"can_delete":true},"children":[{"key_name":"operasional.shift","label":"Shift","icon":"Clock","path":"/shifts","order_index":1,"permission":{"can_view":true,"can_create":true,"can_edit":true,"can_delete":true},"children":[]},{"key_name":"operasional.sync","label":"Sync Center","icon":"RefreshCw","path":"/sync","order_index":2,"permission":{"can_view":true,"can_create":true,"can_edit":true,"can_delete":true},"children":[]}]},{"key_name":"sistem","label":"Sistem","icon":"Settings","path":null,"order_index":9,"permission":{"can_view":true,"can_create":true,"can_edit":true,"can_delete":true},"children":[{"key_name":"sistem.profil_toko","label":"Profil Toko","icon":"Settings","path":"/settings/store","order_index":1,"permission":{"can_view":true,"can_create":true,"can_edit":true,"can_delete":true},"children":[]},{"key_name":"sistem.users","label":"Manajemen User","icon":"Users","path":"/settings/users","order_index":2,"permission":{"can_view":true,"can_create":true,"can_edit":true,"can_delete":true},"children":[]},{"key_name":"sistem.roles","label":"Manajemen Role","icon":"Shield","path":"/settings/roles","order_index":3,"permission":{"can_view":true,"can_create":true,"can_edit":true,"can_delete":true},"children":[]},{"key_name":"sistem.menus","label":"Manajemen Menu","icon":"LayoutList","path":"/settings/menus","order_index":4,"permission":{"can_view":true,"can_create":true,"can_edit":true,"can_delete":true},"children":[]},{"key_name":"sistem.printer","label":"Printer","icon":"Printer","path":"/settings/printer","order_index":5,"permission":{"can_view":true,"can_create":true,"can_edit":true,"can_delete":true},"children":[]},{"key_name":"sistem.versi","label":"Versi Aplikasi","icon":"RefreshCw","path":"/settings/versions","order_index":6,"permission":{"can_view":true,"can_create":true,"can_edit":true,"can_delete":true},"children":[]},{"key_name":"sistem.backup","label":"Backup \u0026 Restore","icon":"DatabaseBackup","path":"/settings/backup","order_index":7,"permission":{"can_view":true,"can_create":true,"can_edit":true,"can_delete":true},"children":[]}]}]}{"code":"50","status":false,"trace_id":"d214cd8e-b007-4d4d-bb74-46f7587b74b0","message":"Internal Server Error","data":null}', 2, 17, '::1', NULL, '2026-07-26 22:19:10.786')

2026/07/26 22:19:10 [32mD:/Develop/Project_pos_mahenz/BE/domain/auth/repo/auth_repo.go:46
[0m[33m[0.525ms] [34;1m[rows:1][0m SELECT id, user_id, user_role, token, device_info, expires_at FROM sessions WHERE token = 'eyJhbGciOiJIUzI1NiIsInR5cCI6IkpXVCJ9.eyJhcHBzIjoid2ViIiwiZXhwIjoxNzg1MTA3OTUwLCJmdWxsX25hbWUiOiJBZG1pbmlzdHJhdG9yIiwicm9sZSI6ImFkbWluIiwidXNlcl9pZCI6MiwidXNlcm5hbWUiOiJhZG1pbiJ9.3jnc9G4QCaRoGlgYIKIUYz394UNncGKrn_8iIvNZEww' LIMIT 1

2026/07/26 22:19:10 [32mD:/Develop/Project_pos_mahenz/BE/domain/menu/repo/menu_repo.go:121
[0m[33m[1.549ms] [34;1m[rows:-][0m 
		SELECT
			m.id,
			m.parent_id,
			m.key_name,
			m.label,
			m.icon,
			m.path,
			m.order_index,
			COALESCE(rma.can_view,   0),
			COALESCE(rma.can_create, 0),
			COALESCE(rma.can_edit,   0),
			COALESCE(rma.can_delete, 0)
		FROM menus m
		LEFT JOIN role_menu_access rma ON rma.menu_id = m.id
			AND rma.role_id = (SELECT id FROM roles WHERE name = 'admin' AND is_active = 1 LIMIT 1)
		WHERE m.is_active = 1
		ORDER BY m.order_index ASC, m.id ASC
		
[GIN] 2026/07/26 - 22:19:10 | 200 |      2.9961ms |             ::1 | POST     "/api/menus/my"

2026/07/26 22:19:10 [32mD:/Develop/Project_pos_mahenz/BE/repository/log_request_repository.go:32
[0m[33m[2.888ms] [34;1m[rows:1][0m INSERT INTO log_requests (id, method, endpoint, status_code, request_body, response_body, user_id, duration_ms, ip_address, error_message, created_at) VALUES ('a95ba101-0c18-40df-8715-85d608271c51', 'POST', '/api/menus/my', 200, '{}', '{"code":"00","status":true,"message":"Menu akses","data":[{"key_name":"beranda","label":"Beranda","icon":"Home","path":null,"order_index":1,"permission":{"can_view":true,"can_create":true,"can_edit":true,"can_delete":true},"children":[{"key_name":"beranda.dashboard","label":"Dashboard","icon":"LayoutDashboard","path":"/dashboard","order_index":1,"permission":{"can_view":true,"can_create":true,"can_edit":true,"can_delete":true},"children":[]}]},{"key_name":"penjualan","label":"Penjualan","icon":"ShoppingCart","path":null,"order_index":2,"permission":{"can_view":true,"can_create":true,"can_edit":true,"can_delete":true},"children":[{"key_name":"penjualan.kasir","label":"Kasir","icon":"ShoppingCart","path":"/kasir","order_index":1,"permission":{"can_view":true,"can_create":true,"can_edit":true,"can_delete":true},"children":[]},{"key_name":"penjualan.transaksi","label":"Transaksi","icon":"Receipt","path":"/transactions","order_index":2,"permission":{"can_view":true,"can_create":true,"can_edit":true,"can_delete":true},"children":[]}]},{"key_name":"produk","label":"Produk","icon":"Package","path":null,"order_index":3,"permission":{"can_view":true,"can_create":true,"can_edit":true,"can_delete":true},"children":[{"key_name":"produk.produk","label":"Produk","icon":"Package","path":"/products","order_index":1,"permission":{"can_view":true,"can_create":true,"can_edit":true,"can_delete":true},"children":[]},{"key_name":"produk.kategori","label":"Kategori","icon":"Tag","path":"/products/categories","order_index":2,"permission":{"can_view":true,"can_create":true,"can_edit":true,"can_delete":true},"children":[]},{"key_name":"produk.unit","label":"Unit","icon":"PackageSearch","path":"/products/units","order_index":3,"permission":{"can_view":true,"can_create":true,"can_edit":true,"can_delete":true},"children":[]}]},{"key_name":"pengadaan","label":"Pengadaan","icon":"Truck","path":null,"order_index":4,"permission":{"can_view":true,"can_create":true,"can_edit":true,"can_delete":true},"children":[{"key_name":"pengadaan.supplier","label":"Supplier","icon":"Truck","path":"/suppliers","order_index":1,"permission":{"can_view":true,"can_create":true,"can_edit":true,"can_delete":true},"children":[]},{"key_name":"pengadaan.pembelian","label":"Pembelian","icon":"ShoppingBag","path":"/suppliers/purchases","order_index":2,"permission":{"can_view":true,"can_create":true,"can_edit":true,"can_delete":true},"children":[]},{"key_name":"pengadaan.retur","label":"Retur","icon":"RotateCcw","path":"/suppliers/returns","order_index":3,"permission":{"can_view":true,"can_create":true,"can_edit":true,"can_delete":true},"children":[]}]},{"key_name":"pelanggan","label":"Pelanggan","icon":"Users","path":null,"order_index":5,"permission":{"can_view":true,"can_create":true,"can_edit":true,"can_delete":true},"children":[{"key_name":"pelanggan.pelanggan","label":"Pelanggan","icon":"Users","path":"/customers","order_index":1,"permission":{"can_view":true,"can_create":true,"can_edit":true,"can_delete":true},"children":[]},{"key_name":"pelanggan.piutang","label":"Piutang","icon":"CreditCard","path":"/receivables","order_index":2,"permission":{"can_view":true,"can_create":true,"can_edit":true,"can_delete":true},"children":[]}]},{"key_name":"keuangan","label":"Keuangan","icon":"Wallet","path":null,"order_index":6,"permission":{"can_view":true,"can_create":true,"can_edit":true,"can_delete":true},"children":[{"key_name":"keuangan.dashboard","label":"Dashboard Keuangan","icon":"Wallet","path":"/finance","order_index":1,"permission":{"can_view":true,"can_create":true,"can_edit":true,"can_delete":true},"children":[]},{"key_name":"keuangan.kas_harian","label":"Kas Harian","icon":"Landmark","path":"/finance/cash-drawer","order_index":2,"permission":{"can_view":true,"can_create":true,"can_edit":true,"can_delete":true},"children":[]},{"key_name":"keuangan.pengeluaran","label":"Pengeluaran","icon":"TrendingDown","path":"/finance/expenses","order_index":3,"permission":{"can_view":true,"can_create":true,"can_edit":true,"can_delete":true},"children":[]},{"key_name":"keuangan.kas_saya","label":"Kas Saya","icon":"Wallet","path":"/finance/my-cash","order_index":4,"permission":{"can_view":true,"can_create":true,"can_edit":true,"can_delete":true},"children":[]}]},{"key_name":"pelaporan","label":"Pelaporan","icon":"BarChart2","path":null,"order_index":7,"permission":{"can_view":true,"can_create":true,"can_edit":true,"can_delete":true},"children":[{"key_name":"pelaporan.penjualan","label":"Penjualan","icon":"TrendingUp","path":"/reports/sales","order_index":1,"permission":{"can_view":true,"can_create":true,"can_edit":true,"can_delete":true},"children":[]},{"key_name":"pelaporan.laba_rugi","label":"Laba Rugi","icon":"LineChart","path":"/reports/profit-loss","order_index":2,"permission":{"can_view":true,"can_create":true,"can_edit":true,"can_delete":true},"children":[]},{"key_name":"pelaporan.stok","label":"Stok","icon":"PackageSearch","path":"/reports/stock","order_index":3,"permission":{"can_view":true,"can_create":true,"can_edit":true,"can_delete":true},"children":[]},{"key_name":"pelaporan.kinerja_kasir","label":"Kinerja Kasir","icon":"BarChart2","path":"/reports/cashier","order_index":4,"permission":{"can_view":true,"can_create":true,"can_edit":true,"can_delete":true},"children":[]},{"key_name":"pelaporan.ringkasan_bisnis","label":"Ringkasan Bisnis","icon":"BarChart3","path":"/reports/business-summary","order_index":5,"permission":{"can_view":true,"can_create":true,"can_edit":true,"can_delete":true},"children":[]}]},{"key_name":"operasional","label":"Operasional","icon":"Clock","path":null,"order_index":8,"permission":{"can_view":true,"can_create":true,"can_edit":true,"can_delete":true},"children":[{"key_name":"operasional.shift","label":"Shift","icon":"Clock","path":"/shifts","order_index":1,"permission":{"can_view":true,"can_create":true,"can_edit":true,"can_delete":true},"children":[]},{"key_name":"operasional.sync","label":"Sync Center","icon":"RefreshCw","path":"/sync","order_index":2,"permission":{"can_view":true,"can_create":true,"can_edit":true,"can_delete":true},"children":[]}]},{"key_name":"sistem","label":"Sistem","icon":"Settings","path":null,"order_index":9,"permission":{"can_view":true,"can_create":true,"can_edit":true,"can_delete":true},"children":[{"key_name":"sistem.profil_toko","label":"Profil Toko","icon":"Settings","path":"/settings/store","order_index":1,"permission":{"can_view":true,"can_create":true,"can_edit":true,"can_delete":true},"children":[]},{"key_name":"sistem.users","label":"Manajemen User","icon":"Users","path":"/settings/users","order_index":2,"permission":{"can_view":true,"can_create":true,"can_edit":true,"can_delete":true},"children":[]},{"key_name":"sistem.roles","label":"Manajemen Role","icon":"Shield","path":"/settings/roles","order_index":3,"permission":{"can_view":true,"can_create":true,"can_edit":true,"can_delete":true},"children":[]},{"key_name":"sistem.menus","label":"Manajemen Menu","icon":"LayoutList","path":"/settings/menus","order_index":4,"permission":{"can_view":true,"can_create":true,"can_edit":true,"can_delete":true},"children":[]},{"key_name":"sistem.printer","label":"Printer","icon":"Printer","path":"/settings/printer","order_index":5,"permission":{"can_view":true,"can_create":true,"can_edit":true,"can_delete":true},"children":[]},{"key_name":"sistem.versi","label":"Versi Aplikasi","icon":"RefreshCw","path":"/settings/versions","order_index":6,"permission":{"can_view":true,"can_create":true,"can_edit":true,"can_delete":true},"children":[]},{"key_name":"sistem.backup","label":"Backup \u0026 Restore","icon":"DatabaseBackup","path":"/settings/backup","order_index":7,"permission":{"can_view":true,"can_create":true,"can_edit":true,"can_delete":true},"children":[]}]}]}', 2, 2, '::1', NULL, '2026-07-26 22:19:10.955')
[GIN] 2026/07/26 - 22:19:11 | 204 |            0s |             ::1 | OPTIONS  "/api/sync/conflicts/count"

2026/07/26 22:19:11 [32mD:/Develop/Project_pos_mahenz/BE/domain/auth/repo/auth_repo.go:46
[0m[33m[2.216ms] [34;1m[rows:1][0m SELECT id, user_id, user_role, token, device_info, expires_at FROM sessions WHERE token = 'eyJhbGciOiJIUzI1NiIsInR5cCI6IkpXVCJ9.eyJhcHBzIjoid2ViIiwiZXhwIjoxNzg1MTA3OTUwLCJmdWxsX25hbWUiOiJBZG1pbmlzdHJhdG9yIiwicm9sZSI6ImFkbWluIiwidXNlcl9pZCI6MiwidXNlcm5hbWUiOiJhZG1pbiJ9.3jnc9G4QCaRoGlgYIKIUYz394UNncGKrn_8iIvNZEww' LIMIT 1

2026/07/26 22:19:11 [32mD:/Develop/Project_pos_mahenz/BE/domain/access/repo/access_repo.go:55
[0m[33m[1.851ms] [34;1m[rows:38][0m 
SELECT
    m.key_name,
    COALESCE(rma.can_view,   0) AS can_view,
    COALESCE(rma.can_create, 0) AS can_create,
    COALESCE(rma.can_edit,   0) AS can_edit,
    COALESCE(rma.can_delete, 0) AS can_delete
FROM menus m
LEFT JOIN role_menu_access rma ON rma.menu_id = m.id
    AND rma.role_id = (SELECT id FROM roles WHERE name = 'admin' AND is_active = 1 LIMIT 1)
WHERE m.is_active = 1
ORDER BY m.id ASC

2026/07/26 22:19:11 [32mD:/Develop/Project_pos_mahenz/BE/domain/sync/repo/sync_repo.go:84
[0m[33m[1.585ms] [34;1m[rows:1][0m SELECT COUNT(*) FROM sync_conflicts WHERE status = 'pending'
[GIN] 2026/07/26 - 22:19:11 | 200 |      7.9003ms |             ::1 | GET      "/api/sync/conflicts/count"

2026/07/26 22:19:11 [32mD:/Develop/Project_pos_mahenz/BE/repository/log_request_repository.go:32
[0m[33m[4.526ms] [34;1m[rows:1][0m INSERT INTO log_requests (id, method, endpoint, status_code, request_body, response_body, user_id, duration_ms, ip_address, error_message, created_at) VALUES ('7e268e16-49ce-44ac-b109-7b7bf191e020', 'GET', '/api/sync/conflicts/count', 200, '', '{"code":"00","status":true,"message":"Jumlah konflik pending","data":{"count":0}}', 2, 7, '::1', NULL, '2026-07-26 22:19:11.058')
[GIN] 2026/07/26 - 22:19:11 | 204 |            0s |             ::1 | OPTIONS  "/api/suppliers/list"
[GIN] 2026/07/26 - 22:19:11 | 204 |            0s |             ::1 | OPTIONS  "/api/products/list"

2026/07/26 22:19:11 [32mD:/Develop/Project_pos_mahenz/BE/domain/auth/repo/auth_repo.go:46
[0m[33m[1.061ms] [34;1m[rows:1][0m SELECT id, user_id, user_role, token, device_info, expires_at FROM sessions WHERE token = 'eyJhbGciOiJIUzI1NiIsInR5cCI6IkpXVCJ9.eyJhcHBzIjoid2ViIiwiZXhwIjoxNzg1MTA3OTUwLCJmdWxsX25hbWUiOiJBZG1pbmlzdHJhdG9yIiwicm9sZSI6ImFkbWluIiwidXNlcl9pZCI6MiwidXNlcm5hbWUiOiJhZG1pbiJ9.3jnc9G4QCaRoGlgYIKIUYz394UNncGKrn_8iIvNZEww' LIMIT 1

2026/07/26 22:19:11 [32mD:/Develop/Project_pos_mahenz/BE/domain/supplier/repo/supplier_repo.go:48
[0m[33m[1.544ms] [34;1m[rows:1][0m SELECT COUNT(*) FROM suppliers WHERE 1=1

2026/07/26 22:19:11 [32mD:/Develop/Project_pos_mahenz/BE/domain/auth/repo/auth_repo.go:46
[0m[33m[2.500ms] [34;1m[rows:1][0m SELECT id, user_id, user_role, token, device_info, expires_at FROM sessions WHERE token = 'eyJhbGciOiJIUzI1NiIsInR5cCI6IkpXVCJ9.eyJhcHBzIjoid2ViIiwiZXhwIjoxNzg1MTA3OTUwLCJmdWxsX25hbWUiOiJBZG1pbmlzdHJhdG9yIiwicm9sZSI6ImFkbWluIiwidXNlcl9pZCI6MiwidXNlcm5hbWUiOiJhZG1pbiJ9.3jnc9G4QCaRoGlgYIKIUYz394UNncGKrn_8iIvNZEww' LIMIT 1

2026/07/26 22:19:11 [32mD:/Develop/Project_pos_mahenz/BE/domain/supplier/repo/supplier_repo.go:71
[0m[33m[1.760ms] [34;1m[rows:1][0m SELECT id, supplier_code, name, address, phone, email, contact_person, notes, is_active, created_at FROM suppliers WHERE 1=1 ORDER BY name ASC LIMIT 1 OFFSET 0
[GIN] 2026/07/26 - 22:19:11 | 200 |       6.405ms |             ::1 | POST     "/api/suppliers/list"

2026/07/26 22:19:11 [32mD:/Develop/Project_pos_mahenz/BE/domain/product/repo/product_repo.go:100
[0m[33m[0.614ms] [34;1m[rows:1][0m SELECT COUNT(*) FROM products p WHERE 1=1

2026/07/26 22:19:11 [32mD:/Develop/Project_pos_mahenz/BE/repository/log_request_repository.go:32
[0m[33m[3.871ms] [34;1m[rows:1][0m INSERT INTO log_requests (id, method, endpoint, status_code, request_body, response_body, user_id, duration_ms, ip_address, error_message, created_at) VALUES ('d83b06fd-947a-4531-a0ec-7945dbcfcf23', 'POST', '/api/suppliers/list', 200, '{"page":1,"limit":1,"search":""}', '{"code":"00","status":true,"message":"Daftar supplier","data":[{"id":1,"supplier_code":"SUP-001","name":"Supplier Test Fase14","address":"Jl. Test","phone":"08123456789","email":"","contact_person":"","notes":"","is_active":true,"created_at":"2026-07-25T13:19:10+07:00"}],"pagination":{"page":1,"per_page":1,"total":2,"total_pages":2}}', 2, 6, '::1', NULL, '2026-07-26 22:19:11.726')

2026/07/26 22:19:11 [32mD:/Develop/Project_pos_mahenz/BE/domain/product/repo/product_repo.go:119
[0m[33m[2.620ms] [34;1m[rows:1][0m 
		SELECT p.id, p.barcode, COALESCE(p.sku, '') as sku, p.name, p.category_id, COALESCE(c.name, '') as category_name,
		       p.purchase_price, p.selling_price, p.stock, p.reserved_qty, p.min_stock,
		       COALESCE(p.unit_id, 0) as unit_id, COALESCE(u.name, '') as unit_name, COALESCE(u.abbreviation, '') as unit_abbreviation,
		       p.is_active,
		       (SELECT COUNT(*) FROM product_packages pp WHERE pp.product_id = p.id AND pp.is_default = 0) AS extra_packages,
		       (SELECT COUNT(*) FROM product_prices pr WHERE pr.product_id = p.id) AS price_tiers_count
		FROM products p
		LEFT JOIN categories c ON p.category_id = c.id
		LEFT JOIN units u ON u.id = p.unit_id
		WHERE 1=1 ORDER BY p.name ASC LIMIT 1 OFFSET 0
[GIN] 2026/07/26 - 22:19:11 | 200 |     10.1114ms |             ::1 | POST     "/api/products/list"

2026/07/26 22:19:11 [32mD:/Develop/Project_pos_mahenz/BE/repository/log_request_repository.go:32
[0m[33m[3.183ms] [34;1m[rows:1][0m INSERT INTO log_requests (id, method, endpoint, status_code, request_body, response_body, user_id, duration_ms, ip_address, error_message, created_at) VALUES ('3d6219b1-7839-4f4a-9c4a-338e402e483f', 'POST', '/api/products/list', 200, '{"page":1,"limit":1,"search":""}', '{"code":"00","status":true,"message":"Daftar produk","data":[{"id":4,"barcode":"8992260464338","sku":"SEM-0003","name":"Gula Pasir 1kg","category_id":1,"category_name":"Sembako Test","purchase_price":0,"selling_price":15000,"stock":50,"reserved_qty":0,"min_stock":5,"unit_id":1,"unit_name":"Pieces","unit_abbreviation":"Pcs","is_active":false,"extra_packages":0,"price_tiers_count":0}],"pagination":{"page":1,"per_page":1,"total":13,"total_pages":13}}', 2, 10, '::1', NULL, '2026-07-26 22:19:11.731')
[GIN] 2026/07/26 - 22:19:11 | 204 |            0s |             ::1 | OPTIONS  "/api/suppliers/options"
[GIN] 2026/07/26 - 22:19:11 | 204 |            0s |             ::1 | OPTIONS  "/api/payment-statuses/list"
[GIN] 2026/07/26 - 22:19:11 | 204 |            0s |             ::1 | OPTIONS  "/api/payment-methods/list"

2026/07/26 22:19:11 [32mD:/Develop/Project_pos_mahenz/BE/domain/auth/repo/auth_repo.go:46
[0m[33m[1.944ms] [34;1m[rows:1][0m SELECT id, user_id, user_role, token, device_info, expires_at FROM sessions WHERE token = 'eyJhbGciOiJIUzI1NiIsInR5cCI6IkpXVCJ9.eyJhcHBzIjoid2ViIiwiZXhwIjoxNzg1MTA3OTUwLCJmdWxsX25hbWUiOiJBZG1pbmlzdHJhdG9yIiwicm9sZSI6ImFkbWluIiwidXNlcl9pZCI6MiwidXNlcm5hbWUiOiJhZG1pbiJ9.3jnc9G4QCaRoGlgYIKIUYz394UNncGKrn_8iIvNZEww' LIMIT 1
[GIN] 2026/07/26 - 22:19:11 | 204 |            0s |             ::1 | OPTIONS  "/api/settings/pagination_sizes"

2026/07/26 22:19:11 [32mD:/Develop/Project_pos_mahenz/BE/domain/supplier/repo/supplier_repo.go:85
[0m[33m[1.337ms] [34;1m[rows:1][0m SELECT id, supplier_code, name FROM suppliers WHERE is_active = 1 ORDER BY name
[GIN] 2026/07/26 - 22:19:11 | 200 |      4.5102ms |             ::1 | POST     "/api/suppliers/options"
[GIN] 2026/07/26 - 22:19:11 | 204 |            0s |             ::1 | OPTIONS  "/api/supplier-purchases/list"

2026/07/26 22:19:11 [32mD:/Develop/Project_pos_mahenz/BE/domain/auth/repo/auth_repo.go:46
[0m[33m[1.120ms] [34;1m[rows:1][0m SELECT id, user_id, user_role, token, device_info, expires_at FROM sessions WHERE token = 'eyJhbGciOiJIUzI1NiIsInR5cCI6IkpXVCJ9.eyJhcHBzIjoid2ViIiwiZXhwIjoxNzg1MTA3OTUwLCJmdWxsX25hbWUiOiJBZG1pbmlzdHJhdG9yIiwicm9sZSI6ImFkbWluIiwidXNlcl9pZCI6MiwidXNlcm5hbWUiOiJhZG1pbiJ9.3jnc9G4QCaRoGlgYIKIUYz394UNncGKrn_8iIvNZEww' LIMIT 1

2026/07/26 22:19:11 [32mD:/Develop/Project_pos_mahenz/BE/domain/auth/repo/auth_repo.go:46
[0m[33m[1.396ms] [34;1m[rows:1][0m SELECT id, user_id, user_role, token, device_info, expires_at FROM sessions WHERE token = 'eyJhbGciOiJIUzI1NiIsInR5cCI6IkpXVCJ9.eyJhcHBzIjoid2ViIiwiZXhwIjoxNzg1MTA3OTUwLCJmdWxsX25hbWUiOiJBZG1pbmlzdHJhdG9yIiwicm9sZSI6ImFkbWluIiwidXNlcl9pZCI6MiwidXNlcm5hbWUiOiJhZG1pbiJ9.3jnc9G4QCaRoGlgYIKIUYz394UNncGKrn_8iIvNZEww' LIMIT 1

2026/07/26 22:19:11 [32mD:/Develop/Project_pos_mahenz/BE/repository/log_request_repository.go:32
[0m[33m[3.958ms] [34;1m[rows:1][0m INSERT INTO log_requests (id, method, endpoint, status_code, request_body, response_body, user_id, duration_ms, ip_address, error_message, created_at) VALUES ('d84e7ae3-c9bb-4c4b-974b-04e09c86980c', 'POST', '/api/suppliers/options', 200, '{"search":""}', '{"code":"00","status":true,"message":"Opsi supplier","data":[{"id":1,"supplier_code":"SUP-001","name":"Supplier Test Fase14"}]}', 2, 4, '::1', NULL, '2026-07-26 22:19:11.913')

2026/07/26 22:19:11 [32mD:/Develop/Project_pos_mahenz/BE/domain/payment_method/repo/payment_method_repo.go:9
[0m[33m[0.507ms] [34;1m[rows:5][0m SELECT id, code, label, is_active, sort_order FROM payment_methods WHERE is_active = 1 ORDER BY sort_order ASC
[GIN] 2026/07/26 - 22:19:11 | 200 |      3.6103ms |             ::1 | POST     "/api/payment-methods/list"

2026/07/26 22:19:11 [32mD:/Develop/Project_pos_mahenz/BE/domain/supplier/repo/supplier_repo.go:48
[0m[33m[5.911ms] [34;1m[rows:1][0m SELECT COUNT(*) FROM suppliers WHERE 1=1

2026/07/26 22:19:11 [32mD:/Develop/Project_pos_mahenz/BE/repository/log_request_repository.go:32
[0m[33m[4.230ms] [34;1m[rows:1][0m INSERT INTO log_requests (id, method, endpoint, status_code, request_body, response_body, user_id, duration_ms, ip_address, error_message, created_at) VALUES ('ade98adf-2166-4306-b9fc-e0ba5bccb5d4', 'POST', '/api/payment-methods/list', 200, '{}', '{"code":"00","status":true,"message":"Daftar metode pembayaran","data":[{"id":1,"code":"cash","label":"Tunai","is_active":1,"sort_order":1},{"id":2,"code":"transfer","label":"Transfer Bank","is_active":1,"sort_order":2},{"id":3,"code":"card","label":"Kartu","is_active":1,"sort_order":3},{"id":4,"code":"qris","label":"QRIS","is_active":1,"sort_order":4},{"id":5,"code":"kredit","label":"Kredit","is_active":1,"sort_order":5}]}', 2, 3, '::1', NULL, '2026-07-26 22:19:11.918')

2026/07/26 22:19:11 [32mD:/Develop/Project_pos_mahenz/BE/domain/auth/repo/auth_repo.go:46
[0m[33m[8.409ms] [34;1m[rows:1][0m SELECT id, user_id, user_role, token, device_info, expires_at FROM sessions WHERE token = 'eyJhbGciOiJIUzI1NiIsInR5cCI6IkpXVCJ9.eyJhcHBzIjoid2ViIiwiZXhwIjoxNzg1MTA3OTUwLCJmdWxsX25hbWUiOiJBZG1pbmlzdHJhdG9yIiwicm9sZSI6ImFkbWluIiwidXNlcl9pZCI6MiwidXNlcm5hbWUiOiJhZG1pbiJ9.3jnc9G4QCaRoGlgYIKIUYz394UNncGKrn_8iIvNZEww' LIMIT 1

2026/07/26 22:19:11 [32mD:/Develop/Project_pos_mahenz/BE/domain/supplier/repo/supplier_repo.go:71
[0m[33m[1.891ms] [34;1m[rows:2][0m SELECT id, supplier_code, name, address, phone, email, contact_person, notes, is_active, created_at FROM suppliers WHERE 1=1 ORDER BY name ASC LIMIT 10 OFFSET 0
[GIN] 2026/07/26 - 22:19:11 | 200 |     11.8776ms |             ::1 | POST     "/api/suppliers/list"

2026/07/26 22:19:11 [32mD:/Develop/Project_pos_mahenz/BE/domain/payment_status/repo/payment_status_repo.go:9
[0m[33m[2.133ms] [34;1m[rows:3][0m SELECT id, code, label, is_active, sort_order FROM payment_statuses WHERE is_active = 1 ORDER BY sort_order ASC
[GIN] 2026/07/26 - 22:19:11 | 200 |     20.5785ms |             ::1 | POST     "/api/payment-statuses/list"

2026/07/26 22:19:11 [32mD:/Develop/Project_pos_mahenz/BE/repository/log_request_repository.go:32
[0m[33m[8.143ms] [34;1m[rows:1][0m INSERT INTO log_requests (id, method, endpoint, status_code, request_body, response_body, user_id, duration_ms, ip_address, error_message, created_at) VALUES ('c0f94c04-2a59-4b5c-b32a-7c9b430784a8', 'POST', '/api/suppliers/list', 200, '{"page":1,"limit":200,"search":""}', '{"code":"00","status":true,"message":"Daftar supplier","data":[{"id":1,"supplier_code":"SUP-001","name":"Supplier Test Fase14","address":"Jl. Test","phone":"08123456789","email":"","contact_person":"","notes":"","is_active":true,"created_at":"2026-07-25T13:19:10+07:00"},{"id":3,"supplier_code":"SUP-002","name":"Supplier Test Void Debt","address":"","phone":"","email":"","contact_person":"","notes":"","is_active":false,"created_at":"2026-07-26T10:32:08+07:00"}],"pagination":{"page":1,"per_page":200,"total":2,"total_pages":1}}', 2, 11, '::1', NULL, '2026-07-26 22:19:11.927')

2026/07/26 22:19:11 [32mD:/Develop/Project_pos_mahenz/BE/domain/auth/repo/auth_repo.go:46
[0m[33m[1.385ms] [34;1m[rows:1][0m SELECT id, user_id, user_role, token, device_info, expires_at FROM sessions WHERE token = 'eyJhbGciOiJIUzI1NiIsInR5cCI6IkpXVCJ9.eyJhcHBzIjoid2ViIiwiZXhwIjoxNzg1MTA3OTUwLCJmdWxsX25hbWUiOiJBZG1pbmlzdHJhdG9yIiwicm9sZSI6ImFkbWluIiwidXNlcl9pZCI6MiwidXNlcm5hbWUiOiJhZG1pbiJ9.3jnc9G4QCaRoGlgYIKIUYz394UNncGKrn_8iIvNZEww' LIMIT 1

2026/07/26 22:19:11 [32mD:/Develop/Project_pos_mahenz/BE/domain/auth/repo/auth_repo.go:46
[0m[33m[2.508ms] [34;1m[rows:1][0m SELECT id, user_id, user_role, token, device_info, expires_at FROM sessions WHERE token = 'eyJhbGciOiJIUzI1NiIsInR5cCI6IkpXVCJ9.eyJhcHBzIjoid2ViIiwiZXhwIjoxNzg1MTA3OTUwLCJmdWxsX25hbWUiOiJBZG1pbmlzdHJhdG9yIiwicm9sZSI6ImFkbWluIiwidXNlcl9pZCI6MiwidXNlcm5hbWUiOiJhZG1pbiJ9.3jnc9G4QCaRoGlgYIKIUYz394UNncGKrn_8iIvNZEww' LIMIT 1

2026/07/26 22:19:11 [32mD:/Develop/Project_pos_mahenz/BE/domain/setting/repo/setting_repo.go:32
[0m[33m[1.524ms] [34;1m[rows:-][0m SELECT setting_key, setting_value FROM settings WHERE setting_key = 'pagination_sizes'

2026/07/26 22:19:11 [32mD:/Develop/Project_pos_mahenz/BE/domain/supplier_purchase/repo/purchase_repo.go:132
[0m[33m[1.010ms] [34;1m[rows:1][0m SELECT COUNT(*) FROM purchases p WHERE 1=1 AND DATE(p.purchase_date) >= '2026-07-01' AND DATE(p.purchase_date) <= '2026-07-26'
[GIN] 2026/07/26 - 22:19:11 | 200 |     15.6919ms |             ::1 | GET      "/api/settings/pagination_sizes"

2026/07/26 22:19:11 [32mD:/Develop/Project_pos_mahenz/BE/repository/log_request_repository.go:32
[0m[33m[3.067ms] [34;1m[rows:1][0m INSERT INTO log_requests (id, method, endpoint, status_code, request_body, response_body, user_id, duration_ms, ip_address, error_message, created_at) VALUES ('bb7279e9-0d72-4c41-8406-e08cfbc1d266', 'POST', '/api/payment-statuses/list', 200, '{}', '{"code":"00","status":true,"message":"Daftar status pembayaran","data":[{"id":1,"code":"unpaid","label":"Hutang","is_active":1,"sort_order":1},{"id":2,"code":"partial","label":"Bayar Sebagian","is_active":1,"sort_order":2},{"id":3,"code":"paid","label":"Lunas","is_active":1,"sort_order":3}]}', 2, 20, '::1', NULL, '2026-07-26 22:19:11.936')

2026/07/26 22:19:11 [32mD:/Develop/Project_pos_mahenz/BE/domain/supplier_purchase/repo/purchase_repo.go:149
[0m[33m[2.261ms] [34;1m[rows:-][0m SELECT p.id, p.purchase_code, p.invoice_number, p.supplier_id, COALESCE(s.name, '') as supplier_name, p.purchase_date, p.discount_amount, p.total_amount, p.payment_status, p.paid_amount, p.remaining_amount, p.status, COALESCE(u.full_name, '') as user_name, p.notes FROM purchases p LEFT JOIN users u ON p.user_id = u.id LEFT JOIN suppliers s ON p.supplier_id = s.id WHERE 1=1 AND DATE(p.purchase_date) >= '2026-07-01' AND DATE(p.purchase_date) <= '2026-07-26' ORDER BY p.purchase_date DESC, p.id DESC LIMIT 10 OFFSET 0
[GIN] 2026/07/26 - 22:19:11 | 200 |     18.4617ms |             ::1 | POST     "/api/supplier-purchases/list"

2026/07/26 22:19:11 [32mD:/Develop/Project_pos_mahenz/BE/repository/log_request_repository.go:32
[0m[33m[2.770ms] [34;1m[rows:1][0m INSERT INTO log_requests (id, method, endpoint, status_code, request_body, response_body, user_id, duration_ms, ip_address, error_message, created_at) VALUES ('245860db-3b24-4b28-af96-c0b44014da1c', 'GET', '/api/settings/pagination_sizes', 200, '', '{"code":"00","status":true,"message":"Detail pengaturan","data":{"key":"pagination_sizes","value":"[10,20,50]"}}', 2, 15, '::1', NULL, '2026-07-26 22:19:11.938')

2026/07/26 22:19:11 [32mD:/Develop/Project_pos_mahenz/BE/repository/log_request_repository.go:32
[0m[33m[4.076ms] [34;1m[rows:1][0m INSERT INTO log_requests (id, method, endpoint, status_code, request_body, response_body, user_id, duration_ms, ip_address, error_message, created_at) VALUES ('f1453b76-1e14-4e5d-badc-f4e20793d95a', 'POST', '/api/supplier-purchases/list', 200, '{"page":1,"limit":10,"start_date":"2026-07-01","end_date":"2026-07-26"}', '{"code":"00","status":true,"message":"Daftar purchase order","data":[{"id":49,"purchase_code":"PO-20260726-038","invoice_number":"REG-ADDITEMS-DUP","supplier_id":1,"supplier_name":"Supplier Test Fase14","purchase_date":"2026-07-26T00:00:00+07:00","discount_amount":0,"total_amount":2000,"payment_status":"paid","paid_amount":2000,"remaining_amount":0,"status":"active","user_name":"Administrator","notes":""},{"id":48,"purchase_code":"PO-20260726-037","invoice_number":"REG-ADDITEMS-PARTIAL","supplier_id":1,"supplier_name":"Supplier Test Fase14","purchase_date":"2026-07-26T00:00:00+07:00","discount_amount":0,"total_amount":2500,"payment_status":"partial","paid_amount":1000,"remaining_amount":0,"status":"void","user_name":"Administrator","notes":""},{"id":47,"purchase_code":"PO-20260726-036","invoice_number":"REG-ADDITEMS-UNPAID","supplier_id":1,"supplier_name":"Supplier Test Fase14","purchase_date":"2026-07-26T00:00:00+07:00","discount_amount":0,"total_amount":2000,"payment_status":"unpaid","paid_amount":0,"remaining_amount":2000,"status":"active","user_name":"Administrator","notes":""},{"id":46,"purchase_code":"PO-20260726-035","invoice_number":"REG-PAY-BADMETHOD","supplier_id":1,"supplier_name":"Supplier Test Fase14","purchase_date":"2026-07-26T00:00:00+07:00","discount_amount":0,"total_amount":1000,"payment_status":"unpaid","paid_amount":0,"remaining_amount":1000,"status":"active","user_name":"Administrator","notes":""},{"id":45,"purchase_code":"PO-20260726-034","invoice_number":"REG-PAY-VOID","supplier_id":1,"supplier_name":"Supplier Test Fase14","purchase_date":"2026-07-26T00:00:00+07:00","discount_amount":0,"total_amount":1000,"payment_status":"unpaid","paid_amount":0,"remaining_amount":0,"status":"void","user_name":"Administrator","notes":""},{"id":44,"purchase_code":"PO-20260726-033","invoice_number":"REG-PAY-1","supplier_id":1,"supplier_name":"Supplier Test Fase14","purchase_date":"2026-07-26T00:00:00+07:00","discount_amount":0,"total_amount":5000,"payment_status":"paid","paid_amount":5000,"remaining_amount":0,"status":"active","user_name":"Administrator","notes":""},{"id":42,"purchase_code":"PO-20260726-032","invoice_number":"REG-VOID-RETUR","supplier_id":1,"supplier_name":"Supplier Test Fase14","purchase_date":"2026-07-26T00:00:00+07:00","discount_amount":0,"total_amount":5000,"payment_status":"unpaid","paid_amount":0,"remaining_amount":5000,"status":"active","user_name":"Administrator","notes":""},{"id":41,"purchase_code":"PO-20260726-031","invoice_number":"REG-VOID-DBL","supplier_id":1,"supplier_name":"Supplier Test Fase14","purchase_date":"2026-07-26T00:00:00+07:00","discount_amount":0,"total_amount":4000,"payment_status":"unpaid","paid_amount":0,"remaining_amount":0,"status":"void","user_name":"Administrator","notes":""},{"id":40,"purchase_code":"PO-20260726-030","invoice_number":"INV-MANUAL-NOW","supplier_id":1,"supplier_name":"Supplier Test Fase14","purchase_date":"2026-07-26T00:00:00+07:00","discount_amount":0,"total_amount":1000,"payment_status":"unpaid","paid_amount":0,"remaining_amount":1000,"status":"active","user_name":"Administrator","notes":""},{"id":39,"purchase_code":"PO-20260726-029","invoice_number":"REG-RACE-3","supplier_id":1,"supplier_name":"Supplier Test Fase14","purchase_date":"2026-07-26T00:00:00+07:00","discount_amount":0,"total_amount":1000,"payment_status":"unpaid","paid_amount":0,"remaining_amount":1000,"status":"active","user_name":"Administrator","notes":""}],"pagination":{"page":1,"per_page":10,"total":40,"total_pages":4}}', 2, 17, '::1', NULL, '2026-07-26 22:19:11.941')

2026/07/26 22:19:13 [32mD:/Develop/Project_pos_mahenz/BE/domain/auth/repo/auth_repo.go:46
[0m[33m[1.183ms] [34;1m[rows:1][0m SELECT id, user_id, user_role, token, device_info, expires_at FROM sessions WHERE token = 'eyJhbGciOiJIUzI1NiIsInR5cCI6IkpXVCJ9.eyJhcHBzIjoid2ViIiwiZXhwIjoxNzg1MTA3OTUwLCJmdWxsX25hbWUiOiJBZG1pbmlzdHJhdG9yIiwicm9sZSI6ImFkbWluIiwidXNlcl9pZCI6MiwidXNlcm5hbWUiOiJhZG1pbiJ9.3jnc9G4QCaRoGlgYIKIUYz394UNncGKrn_8iIvNZEww' LIMIT 1

2026/07/26 22:19:13 [32mD:/Develop/Project_pos_mahenz/BE/domain/supplier_purchase/repo/purchase_repo.go:132
[0m[33m[1.181ms] [34;1m[rows:1][0m SELECT COUNT(*) FROM purchases p WHERE 1=1 AND DATE(p.purchase_date) >= '2026-07-01' AND DATE(p.purchase_date) <= '2026-07-26' AND p.payment_status = 'partial'

2026/07/26 22:19:13 [32mD:/Develop/Project_pos_mahenz/BE/domain/supplier_purchase/repo/purchase_repo.go:149
[0m[33m[1.666ms] [34;1m[rows:-][0m SELECT p.id, p.purchase_code, p.invoice_number, p.supplier_id, COALESCE(s.name, '') as supplier_name, p.purchase_date, p.discount_amount, p.total_amount, p.payment_status, p.paid_amount, p.remaining_amount, p.status, COALESCE(u.full_name, '') as user_name, p.notes FROM purchases p LEFT JOIN users u ON p.user_id = u.id LEFT JOIN suppliers s ON p.supplier_id = s.id WHERE 1=1 AND DATE(p.purchase_date) >= '2026-07-01' AND DATE(p.purchase_date) <= '2026-07-26' AND p.payment_status = 'partial' ORDER BY p.purchase_date DESC, p.id DESC LIMIT 10 OFFSET 0
[GIN] 2026/07/26 - 22:19:13 | 200 |      4.0303ms |             ::1 | POST     "/api/supplier-purchases/list"

2026/07/26 22:19:13 [32mD:/Develop/Project_pos_mahenz/BE/repository/log_request_repository.go:32
[0m[33m[11.298ms] [34;1m[rows:1][0m INSERT INTO log_requests (id, method, endpoint, status_code, request_body, response_body, user_id, duration_ms, ip_address, error_message, created_at) VALUES ('68f17ad1-5132-428d-a9b4-a1e1b2f9564f', 'POST', '/api/supplier-purchases/list', 200, '{"page":1,"limit":10,"start_date":"2026-07-01","end_date":"2026-07-26","payment_status":"partial"}', '{"code":"00","status":true,"message":"Daftar purchase order","data":[{"id":48,"purchase_code":"PO-20260726-037","invoice_number":"REG-ADDITEMS-PARTIAL","supplier_id":1,"supplier_name":"Supplier Test Fase14","purchase_date":"2026-07-26T00:00:00+07:00","discount_amount":0,"total_amount":2500,"payment_status":"partial","paid_amount":1000,"remaining_amount":0,"status":"void","user_name":"Administrator","notes":""},{"id":34,"purchase_code":"PO-20260726-024","invoice_number":"REG-EDIT-UNPAID","supplier_id":1,"supplier_name":"Supplier Test Fase14","purchase_date":"2026-07-26T00:00:00+07:00","discount_amount":500,"total_amount":2500,"payment_status":"partial","paid_amount":700,"remaining_amount":1800,"status":"active","user_name":"Administrator","notes":""},{"id":31,"purchase_code":"PO-20260726-021","invoice_number":"INV-BROWSER-EDIT-PAID","supplier_id":1,"supplier_name":"Supplier Test Fase14","purchase_date":"2026-07-26T00:00:00+07:00","discount_amount":0,"total_amount":7000,"payment_status":"partial","paid_amount":4000,"remaining_amount":3000,"status":"active","user_name":"Administrator","notes":""},{"id":23,"purchase_code":"PO-20260726-013","invoice_number":"INV-EDIT-PAID","supplier_id":1,"supplier_name":"Supplier Test Fase14","purchase_date":"2026-07-26T00:00:00+07:00","discount_amount":0,"total_amount":8000,"payment_status":"partial","paid_amount":5000,"remaining_amount":3000,"status":"active","user_name":"Administrator","notes":""},{"id":21,"purchase_code":"PO-20260726-012","invoice_number":"INV-QA-DEBT-TEST","supplier_id":3,"supplier_name":"Supplier Test Void Debt","purchase_date":"2026-07-26T00:00:00+07:00","discount_amount":0,"total_amount":1000,"payment_status":"partial","paid_amount":500,"remaining_amount":0,"status":"void","user_name":"Administrator","notes":""},{"id":15,"purchase_code":"PO-20260726-011","invoice_number":"AUTO-PO-20260726-011","supplier_id":1,"supplier_name":"Supplier Test Fase14","purchase_date":"2026-07-26T00:00:00+07:00","discount_amount":0,"total_amount":1420000,"payment_status":"partial","paid_amount":400000,"remaining_amount":1020000,"status":"active","user_name":"Owner","notes":""},{"id":11,"purchase_code":"PO-20260726-007","invoice_number":"INV-QA-RACE-2","supplier_id":1,"supplier_name":"Supplier Test Fase14","purchase_date":"2026-07-26T00:00:00+07:00","discount_amount":0,"total_amount":1000,"payment_status":"partial","paid_amount":200,"remaining_amount":800,"status":"active","user_name":"Administrator","notes":""}],"pagination":{"page":1,"per_page":10,"total":7,"total_pages":1}}', 2, 4, '::1', NULL, '2026-07-26 22:19:13.466')
exit status 1
