
2026/07/23 10:08:43 [32mD:/Develop/Project_pos_mahenz/BE/database/migrate.go:99
[0m[33m[1.575ms] [34;1m[rows:0][0m CREATE TABLE IF NOT EXISTS migrations_history (
		id          INT AUTO_INCREMENT PRIMARY KEY,
		filename    VARCHAR(255) UNIQUE NOT NULL,
		executed_at DATETIME DEFAULT CURRENT_TIMESTAMP
	) DEFAULT CHARSET=utf8

2026/07/23 10:08:43 [32mD:/Develop/Project_pos_mahenz/BE/database/migrate.go:27
[0m[33m[0.505ms] [34;1m[rows:1][0m SELECT COUNT(*) FROM migrations_history

2026/07/23 10:08:43 [32mD:/Develop/Project_pos_mahenz/BE/database/migrate.go:28 [33mSLOW SQL >= 200ms
[0m[31;1m[561.062ms] [33m[rows:1][35m SELECT COUNT(*) FROM information_schema.tables WHERE table_schema = DATABASE() AND table_name != 'migrations_history'[0m

2026/07/23 10:08:43 [32mD:/Develop/Project_pos_mahenz/BE/database/migrate.go:104
[0m[33m[0.530ms] [34;1m[rows:1][0m SELECT COUNT(*) FROM migrations_history WHERE filename = '001_init_schema.sql'

2026/07/23 10:08:43 [32mD:/Develop/Project_pos_mahenz/BE/database/migrate.go:104
[0m[33m[0.302ms] [34;1m[rows:1][0m SELECT COUNT(*) FROM migrations_history WHERE filename = '002_seed_data.sql'
2026/07/23 10:08:43 [37mServer running on port[0m :8080
2026/07/23 10:08:43 [37mRoutes:[0m
2026/07/23 10:08:43 [32mPOST[0m   [34m/api/supplier-purchases/detail/:id           [0m   [37mpos_api/domain/supplier_purchase/handler.(*PurchaseHandler).GetByID-fm[0m
2026/07/23 10:08:43 [32mPOST[0m   [34m/api/supplier-purchases/delete/:id           [0m   [37mpos_api/domain/supplier_purchase/handler.(*PurchaseHandler).Delete-fm[0m
2026/07/23 10:08:43 [32mPOST[0m   [34m/api/supplier-purchases/generate-code        [0m   [37mpos_api/domain/supplier_purchase/handler.(*PurchaseHandler).GenerateCode-fm[0m
2026/07/23 10:08:43 [32mPOST[0m   [34m/api/supplier-purchases/list                 [0m   [37mpos_api/domain/supplier_purchase/handler.(*PurchaseHandler).GetAll-fm[0m
2026/07/23 10:08:43 [32mPOST[0m   [34m/api/supplier-purchases/create               [0m   [37mpos_api/domain/supplier_purchase/handler.(*PurchaseHandler).Create-fm[0m
2026/07/23 10:08:43 [32mPOST[0m   [34m/api/supplier-purchases/update/:id           [0m   [37mpos_api/domain/supplier_purchase/handler.(*PurchaseHandler).Update-fm[0m
2026/07/23 10:08:43 [32mPOST[0m   [34m/api/supplier-purchases/pay/:id              [0m   [37mpos_api/domain/supplier_purchase/handler.(*PurchaseHandler).Pay-fm[0m
2026/07/23 10:08:43 [32mPOST[0m   [34m/api/supplier-purchases/void/:id             [0m   [37mpos_api/domain/supplier_purchase/handler.(*PurchaseHandler).Void-fm[0m
2026/07/23 10:08:43 [32mPOST[0m   [34m/api/supplier-purchases/:id/payments         [0m   [37mpos_api/domain/supplier_purchase/handler.(*PurchaseHandler).GetPayments-fm[0m
2026/07/23 10:08:43 [32mPOST[0m   [34m/api/supplier-purchases/:id/add-items        [0m   [37mpos_api/domain/supplier_purchase/handler.(*PurchaseHandler).AddItems-fm[0m
2026/07/23 10:08:43 [32mPOST[0m   [34m/api/supplier-returns/detail/:id             [0m   [37mpos_api/domain/supplier_return/handler.(*SupplierReturnHandler).GetByID-fm[0m
2026/07/23 10:08:43 [32mPOST[0m   [34m/api/supplier-returns/delete/:id             [0m   [37mpos_api/domain/supplier_return/handler.(*SupplierReturnHandler).Delete-fm[0m
2026/07/23 10:08:43 [32mPOST[0m   [34m/api/supplier-returns/list                   [0m   [37mpos_api/domain/supplier_return/handler.(*SupplierReturnHandler).GetAll-fm[0m
2026/07/23 10:08:43 [32mPOST[0m   [34m/api/supplier-returns/create                 [0m   [37mpos_api/domain/supplier_return/handler.(*SupplierReturnHandler).Create-fm[0m
2026/07/23 10:08:43 [32mPOST[0m   [34m/api/supplier-returns/update-status/:id      [0m   [37mpos_api/domain/supplier_return/handler.(*SupplierReturnHandler).UpdateStatus-fm[0m
2026/07/23 10:08:43 [32mPOST[0m   [34m/api/suppliers/detail/:id                    [0m   [37mpos_api/domain/supplier/handler.(*SupplierHandler).GetDetail-fm[0m
2026/07/23 10:08:43 [32mPOST[0m   [34m/api/suppliers/delete/:id                    [0m   [37mpos_api/domain/supplier/handler.(*SupplierHandler).Delete-fm[0m
2026/07/23 10:08:43 [32mPOST[0m   [34m/api/suppliers/list                          [0m   [37mpos_api/domain/supplier/handler.(*SupplierHandler).GetAll-fm[0m
2026/07/23 10:08:43 [32mPOST[0m   [34m/api/suppliers/options                       [0m   [37mpos_api/domain/supplier/handler.(*SupplierHandler).GetOptions-fm[0m
2026/07/23 10:08:43 [32mPOST[0m   [34m/api/suppliers/create                        [0m   [37mpos_api/domain/supplier/handler.(*SupplierHandler).Create-fm[0m
2026/07/23 10:08:43 [32mPOST[0m   [34m/api/suppliers/update/:id                    [0m   [37mpos_api/domain/supplier/handler.(*SupplierHandler).Update-fm[0m
2026/07/23 10:08:43 [32mPOST[0m   [34m/api/suppliers/toggle-status/:id             [0m   [37mpos_api/domain/supplier/handler.(*SupplierHandler).ToggleStatus-fm[0m
2026/07/23 10:08:43 [32mPOST[0m   [34m/api/shifts/detail/:id                       [0m   [37mpos_api/domain/shift/handler.(*ShiftHandler).GetByID-fm[0m
2026/07/23 10:08:43 [32mPOST[0m   [34m/api/shifts/delete/:id                       [0m   [37mpos_api/domain/shift/handler.(*ShiftHandler).Delete-fm[0m
2026/07/23 10:08:43 [32mPOST[0m   [34m/api/shifts/list                             [0m   [37mpos_api/domain/shift/handler.(*ShiftHandler).GetAll-fm[0m
2026/07/23 10:08:43 [32mPOST[0m   [34m/api/shifts/active                           [0m   [37mpos_api/domain/shift/handler.(*ShiftHandler).GetOptions-fm[0m
2026/07/23 10:08:43 [32mPOST[0m   [34m/api/shifts/summary                          [0m   [37mpos_api/domain/shift/handler.(*ShiftHandler).GetSummary-fm[0m
2026/07/23 10:08:43 [32mPOST[0m   [34m/api/shifts/create                           [0m   [37mpos_api/domain/shift/handler.(*ShiftHandler).Create-fm[0m
2026/07/23 10:08:43 [32mPOST[0m   [34m/api/shifts/update/:id                       [0m   [37mpos_api/domain/shift/handler.(*ShiftHandler).Update-fm[0m
2026/07/23 10:08:43 [32mPOST[0m   [34m/api/shifts/toggle-status/:id                [0m   [37mpos_api/domain/shift/handler.(*ShiftHandler).ToggleStatus-fm[0m
2026/07/23 10:08:43 [32mPOST[0m   [34m/api/settings                                [0m   [37mpos_api/domain/setting/handler.(*SettingHandler).Save-fm[0m
2026/07/23 10:08:43 [32mPOST[0m   [34m/api/settings/reset                          [0m   [37mpos_api/domain/setting/handler.(*SettingHandler).Reset-fm[0m
2026/07/23 10:08:43 [32mPOST[0m   [34m/api/settings/store                          [0m   [37mpos_api/domain/setting/handler.(*SettingHandler).UpdateStoreProfile-fm[0m
2026/07/23 10:08:43 [32mPOST[0m   [34m/api/settings/printer                        [0m   [37mpos_api/domain/setting/handler.(*SettingHandler).UpdatePrinterSettings-fm[0m
2026/07/23 10:08:43 [32mPOST[0m   [34m/api/stock-mutations/list                    [0m   [37mpos_api/domain/stock_mutation/handler.(*StockMutationHandler).GetAll-fm[0m
2026/07/23 10:08:43 [32mPOST[0m   [34m/api/stock-mutations/product/:product_id     [0m   [37mpos_api/domain/stock_mutation/handler.(*StockMutationHandler).GetByProduct-fm[0m
2026/07/23 10:08:43 [32mPOST[0m   [34m/api/sync/conflicts/:id/resolve              [0m   [37mpos_api/domain/sync/handler.(*SyncHandler).ResolveConflict-fm[0m
2026/07/23 10:08:43 [32mPOST[0m   [34m/api/sync/push                               [0m   [37mpos_api/domain/sync/handler.(*SyncHandler).PushSync-fm[0m
2026/07/23 10:08:43 [32mPOST[0m   [34m/api/products/import-preview                 [0m   [37mpos_api/domain/product/handler.(*ProductImportHandler).ImportPreview-fm[0m
2026/07/23 10:08:43 [32mPOST[0m   [34m/api/products/import-bulk                    [0m   [37mpos_api/domain/product/handler.(*ProductImportHandler).ImportBulk-fm[0m
2026/07/23 10:08:43 [32mPOST[0m   [34m/api/products/import-template                [0m   [37mpos_api/domain/product/handler.(*ProductImportHandler).DownloadImportTemplate-fm[0m
2026/07/23 10:08:43 [32mPOST[0m   [34m/api/products/detail/:id                     [0m   [37mpos_api/domain/product/handler.(*ProductHandler).GetByID-fm[0m
2026/07/23 10:08:43 [32mPOST[0m   [34m/api/products/delete/:id                     [0m   [37mpos_api/domain/product/handler.(*ProductHandler).Delete-fm[0m
2026/07/23 10:08:43 [32mPOST[0m   [34m/api/products/generate-barcode               [0m   [37mpos_api/domain/product/handler.(*ProductGenerateHandler).GenerateBarcode-fm[0m
2026/07/23 10:08:43 [32mPOST[0m   [34m/api/products/generate-sku                   [0m   [37mpos_api/domain/product/handler.(*ProductGenerateHandler).GenerateSku-fm[0m
2026/07/23 10:08:43 [32mPOST[0m   [34m/api/products/list                           [0m   [37mpos_api/domain/product/handler.(*ProductHandler).GetAll-fm[0m
2026/07/23 10:08:43 [32mPOST[0m   [34m/api/products/options                        [0m   [37mpos_api/domain/product/handler.(*ProductHandler).GetOptions-fm[0m
2026/07/23 10:08:43 [32mPOST[0m   [34m/api/products/search                         [0m   [37mpos_api/domain/product/handler.(*ProductHandler).Search-fm[0m
2026/07/23 10:08:43 [32mPOST[0m   [34m/api/products/by-barcode/:barcode            [0m   [37mpos_api/domain/product/handler.(*ProductHandler).GetByBarcode-fm[0m
2026/07/23 10:08:43 [32mPOST[0m   [34m/api/products/create                         [0m   [37mpos_api/domain/product/handler.(*ProductHandler).Create-fm[0m
2026/07/23 10:08:43 [32mPOST[0m   [34m/api/products/update/:id                     [0m   [37mpos_api/domain/product/handler.(*ProductHandler).Update-fm[0m
2026/07/23 10:08:43 [32mPOST[0m   [34m/api/products/toggle-status/:id              [0m   [37mpos_api/domain/product/handler.(*ProductHandler).ToggleStatus-fm[0m
2026/07/23 10:08:43 [32mPOST[0m   [34m/api/products/:id/packages/list              [0m   [37mpos_api/domain/product/handler.(*ProductPackageHandler).GetPackagesByProduct-fm[0m
2026/07/23 10:08:43 [32mPOST[0m   [34m/api/products/:id/packages/create            [0m   [37mpos_api/domain/product/handler.(*ProductPackageHandler).CreatePackage-fm[0m
2026/07/23 10:08:43 [32mPOST[0m   [34m/api/products/:id/packages/update/:package_id[0m   [37mpos_api/domain/product/handler.(*ProductPackageHandler).UpdatePackage-fm[0m
2026/07/23 10:08:43 [32mPOST[0m   [34m/api/products/:id/packages/delete/:package_id[0m   [37mpos_api/domain/product/handler.(*ProductPackageHandler).DeletePackage-fm[0m
2026/07/23 10:08:43 [32mPOST[0m   [34m/api/products/:id/prices/list                [0m   [37mpos_api/domain/product/handler.(*ProductPriceHandler).GetPricesByProduct-fm[0m
2026/07/23 10:08:43 [32mPOST[0m   [34m/api/products/:id/prices/save                [0m   [37mpos_api/domain/product/handler.(*ProductPriceHandler).SavePrices-fm[0m
2026/07/23 10:08:43 [32mPOST[0m   [34m/api/pin/set                                 [0m   [37mpos_api/domain/pin/handler.(*PinHandler).SetPin-fm[0m
2026/07/23 10:08:43 [32mPOST[0m   [34m/api/pin/verify                              [0m   [37mpos_api/domain/pin/handler.(*PinHandler).VerifyPin-fm[0m
2026/07/23 10:08:43 [32mPOST[0m   [34m/api/pin/change                              [0m   [37mpos_api/domain/pin/handler.(*PinHandler).ChangePin-fm[0m
2026/07/23 10:08:43 [32mPOST[0m   [34m/api/payment-statuses/list                   [0m   [37mpos_api/domain/payment_status/handler.(*PaymentStatusHandler).GetAll-fm[0m
2026/07/23 10:08:43 [32mPOST[0m   [34m/api/payment-methods/list                    [0m   [37mpos_api/domain/payment_method/handler.(*PaymentMethodHandler).GetAll-fm[0m
2026/07/23 10:08:43 [32mPOST[0m   [34m/api/cash-drawer/current                     [0m   [37mpos_api/domain/cash_drawer/handler.(*CashDrawerHandler).GetCurrent-fm[0m
2026/07/23 10:08:43 [32mPOST[0m   [34m/api/cash-drawer/close/:id                   [0m   [37mpos_api/domain/cash_drawer/handler.(*CashDrawerHandler).Close-fm[0m
2026/07/23 10:08:43 [32mPOST[0m   [34m/api/cash-drawer/update-sales/:id            [0m   [37mpos_api/domain/cash_drawer/handler.(*CashDrawerHandler).UpdateSales-fm[0m
2026/07/23 10:08:43 [32mPOST[0m   [34m/api/cash-drawer/update-expenses/:id         [0m   [37mpos_api/domain/cash_drawer/handler.(*CashDrawerHandler).UpdateExpenses-fm[0m
2026/07/23 10:08:43 [32mPOST[0m   [34m/api/cash-drawer/my-cash                     [0m   [37mpos_api/domain/cash_drawer/handler.(*CashDrawerHandler).GetMyCash-fm[0m
2026/07/23 10:08:43 [32mPOST[0m   [34m/api/cash-drawer/list                        [0m   [37mpos_api/domain/cash_drawer/handler.(*CashDrawerHandler).GetHistory-fm[0m
2026/07/23 10:08:43 [32mPOST[0m   [34m/api/cash-drawer/summary                     [0m   [37mpos_api/domain/cash_drawer/handler.(*CashDrawerHandler).GetSummary-fm[0m
2026/07/23 10:08:43 [32mPOST[0m   [34m/api/cash-drawer/kasir-options               [0m   [37mpos_api/domain/cash_drawer/handler.(*CashDrawerHandler).GetKasirOptions-fm[0m
2026/07/23 10:08:43 [32mPOST[0m   [34m/api/cash-drawer/detail/:id                  [0m   [37mpos_api/domain/cash_drawer/handler.(*CashDrawerHandler).GetByID-fm[0m
2026/07/23 10:08:43 [32mPOST[0m   [34m/api/cash-drawer/open                        [0m   [37mpos_api/domain/cash_drawer/handler.(*CashDrawerHandler).Open-fm[0m
2026/07/23 10:08:43 [32mPOST[0m   [34m/api/categories/detail/:id                   [0m   [37mpos_api/domain/product_category/handler.(*CategoryHandler).GetByID-fm[0m
2026/07/23 10:08:43 [32mPOST[0m   [34m/api/categories/delete/:id                   [0m   [37mpos_api/domain/product_category/handler.(*CategoryHandler).Delete-fm[0m
2026/07/23 10:08:43 [32mPOST[0m   [34m/api/categories/list                         [0m   [37mpos_api/domain/product_category/handler.(*CategoryHandler).GetAll-fm[0m
2026/07/23 10:08:43 [32mPOST[0m   [34m/api/categories/options                      [0m   [37mpos_api/domain/product_category/handler.(*CategoryHandler).GetOptions-fm[0m
2026/07/23 10:08:43 [32mPOST[0m   [34m/api/categories/create                       [0m   [37mpos_api/domain/product_category/handler.(*CategoryHandler).Create-fm[0m
2026/07/23 10:08:43 [32mPOST[0m   [34m/api/categories/update/:id                   [0m   [37mpos_api/domain/product_category/handler.(*CategoryHandler).Update-fm[0m
2026/07/23 10:08:43 [32mPOST[0m   [34m/api/categories/toggle-status/:id            [0m   [37mpos_api/domain/product_category/handler.(*CategoryHandler).ToggleStatus-fm[0m
2026/07/23 10:08:43 [32mPOST[0m   [34m/api/customers/detail/:id                    [0m   [37mpos_api/domain/customer/handler.(*CustomerHandler).GetByID-fm[0m
2026/07/23 10:08:43 [32mPOST[0m   [34m/api/customers/delete/:id                    [0m   [37mpos_api/domain/customer/handler.(*CustomerHandler).Delete-fm[0m
2026/07/23 10:08:43 [32mPOST[0m   [34m/api/customers/list                          [0m   [37mpos_api/domain/customer/handler.(*CustomerHandler).GetAll-fm[0m
2026/07/23 10:08:43 [32mPOST[0m   [34m/api/customers/active                        [0m   [37mpos_api/domain/customer/handler.(*CustomerHandler).GetOptions-fm[0m
2026/07/23 10:08:43 [32mPOST[0m   [34m/api/customers/create                        [0m   [37mpos_api/domain/customer/handler.(*CustomerHandler).Create-fm[0m
2026/07/23 10:08:43 [32mPOST[0m   [34m/api/customers/update/:id                    [0m   [37mpos_api/domain/customer/handler.(*CustomerHandler).Update-fm[0m
2026/07/23 10:08:43 [32mPOST[0m   [34m/api/customers/toggle-status/:id             [0m   [37mpos_api/domain/customer/handler.(*CustomerHandler).ToggleStatus-fm[0m
2026/07/23 10:08:43 [32mPOST[0m   [34m/api/reports/sales/list                      [0m   [37mpos_api/domain/report/handler.(*ReportHandler).GetSalesList-fm[0m
2026/07/23 10:08:43 [32mPOST[0m   [34m/api/reports/sales/summary                   [0m   [37mpos_api/domain/report/handler.(*ReportHandler).GetSalesSummaryData-fm[0m
2026/07/23 10:08:43 [32mPOST[0m   [34m/api/reports/stock/list                      [0m   [37mpos_api/domain/report/handler.(*ReportHandler).GetStockList-fm[0m
2026/07/23 10:08:43 [32mPOST[0m   [34m/api/reports/stock/summary                   [0m   [37mpos_api/domain/report/handler.(*ReportHandler).GetStockSummaryData-fm[0m
2026/07/23 10:08:43 [32mPOST[0m   [34m/api/reports/profit-loss/data                [0m   [37mpos_api/domain/report/handler.(*ReportHandler).GetProfitLossData-fm[0m
2026/07/23 10:08:43 [32mPOST[0m   [34m/api/reports/cashier/list                    [0m   [37mpos_api/domain/report/handler.(*ReportHandler).GetCashierList-fm[0m
2026/07/23 10:08:43 [32mPOST[0m   [34m/api/receivables/payments/:id                [0m   [37mpos_api/domain/receivable/handler.(*ReceivableHandler).GetPayments-fm[0m
2026/07/23 10:08:43 [32mPOST[0m   [34m/api/receivables/pay/:id                     [0m   [37mpos_api/domain/receivable/handler.(*ReceivableHandler).Pay-fm[0m
2026/07/23 10:08:43 [32mPOST[0m   [34m/api/receivables/list                        [0m   [37mpos_api/domain/receivable/handler.(*ReceivableHandler).GetAll-fm[0m
2026/07/23 10:08:43 [32mPOST[0m   [34m/api/receivables/summary                     [0m   [37mpos_api/domain/receivable/handler.(*ReceivableHandler).GetSummary-fm[0m
2026/07/23 10:08:43 [32mPOST[0m   [34m/api/receivables/detail/:id                  [0m   [37mpos_api/domain/receivable/handler.(*ReceivableHandler).GetByID-fm[0m
2026/07/23 10:08:43 [32mPOST[0m   [34m/api/restore                                 [0m   [37mpos_api/domain/backup/handler.(*BackupHandler).Restore-fm[0m
2026/07/23 10:08:43 [32mPOST[0m   [34m/api/roles/detail/:id                        [0m   [37mpos_api/domain/role/handler.(*RoleHandler).GetByID-fm[0m
2026/07/23 10:08:43 [32mPOST[0m   [34m/api/roles/delete/:id                        [0m   [37mpos_api/domain/role/handler.(*RoleHandler).Delete-fm[0m
2026/07/23 10:08:43 [32mPOST[0m   [34m/api/roles/list                              [0m   [37mpos_api/domain/role/handler.(*RoleHandler).GetAll-fm[0m
2026/07/23 10:08:43 [32mPOST[0m   [34m/api/roles/options                           [0m   [37mpos_api/domain/role/handler.(*RoleHandler).GetOptions-fm[0m
2026/07/23 10:08:43 [32mPOST[0m   [34m/api/roles/create                            [0m   [37mpos_api/domain/role/handler.(*RoleHandler).Create-fm[0m
2026/07/23 10:08:43 [32mPOST[0m   [34m/api/roles/update/:id                        [0m   [37mpos_api/domain/role/handler.(*RoleHandler).Update-fm[0m
2026/07/23 10:08:43 [32mPOST[0m   [34m/api/roles/toggle-status/:id                 [0m   [37mpos_api/domain/role/handler.(*RoleHandler).ToggleStatus-fm[0m
2026/07/23 10:08:43 [32mPOST[0m   [34m/api/roles/:id/menus/list                    [0m   [37mpos_api/domain/access/handler.(*AccessHandler).GetByRoleID-fm[0m
2026/07/23 10:08:43 [32mPOST[0m   [34m/api/roles/:id/menus/set                     [0m   [37mpos_api/domain/access/handler.(*AccessHandler).SetRoleAccess-fm[0m
2026/07/23 10:08:43 [32mPOST[0m   [34m/api/route-registry/options                  [0m   [37mpos_api/domain/route_registry/handler.(*RouteRegistryHandler).GetOptions-fm[0m
2026/07/23 10:08:43 [32mPOST[0m   [34m/api/users/create                            [0m   [37mpos_api/domain/user/handler.(*UserHandler).Create-fm[0m
2026/07/23 10:08:43 [32mPOST[0m   [34m/api/users/change-password/:id               [0m   [37mpos_api/domain/user/handler.(*UserHandler).ChangePassword-fm[0m
2026/07/23 10:08:43 [32mPOST[0m   [34m/api/users/detail/:id                        [0m   [37mpos_api/domain/user/handler.(*UserHandler).GetByID-fm[0m
2026/07/23 10:08:43 [32mPOST[0m   [34m/api/users/delete/:id                        [0m   [37mpos_api/domain/user/handler.(*UserHandler).Delete-fm[0m
2026/07/23 10:08:43 [32mPOST[0m   [34m/api/users/list                              [0m   [37mpos_api/domain/user/handler.(*UserHandler).GetAll-fm[0m
2026/07/23 10:08:43 [32mPOST[0m   [34m/api/users/update/:id                        [0m   [37mpos_api/domain/user/handler.(*UserHandler).Update-fm[0m
2026/07/23 10:08:43 [32mPOST[0m   [34m/api/users/toggle-status/:id                 [0m   [37mpos_api/domain/user/handler.(*UserHandler).ToggleStatus-fm[0m
2026/07/23 10:08:43 [32mPOST[0m   [34m/api/units/detail/:id                        [0m   [37mpos_api/domain/product_unit/handler.(*UnitHandler).GetByID-fm[0m
2026/07/23 10:08:43 [32mPOST[0m   [34m/api/units/delete/:id                        [0m   [37mpos_api/domain/product_unit/handler.(*UnitHandler).Delete-fm[0m
2026/07/23 10:08:43 [32mPOST[0m   [34m/api/units/list                              [0m   [37mpos_api/domain/product_unit/handler.(*UnitHandler).GetAll-fm[0m
2026/07/23 10:08:43 [32mPOST[0m   [34m/api/units/options                           [0m   [37mpos_api/domain/product_unit/handler.(*UnitHandler).GetOptions-fm[0m
2026/07/23 10:08:43 [32mPOST[0m   [34m/api/units/create                            [0m   [37mpos_api/domain/product_unit/handler.(*UnitHandler).Create-fm[0m
2026/07/23 10:08:43 [32mPOST[0m   [34m/api/units/update/:id                        [0m   [37mpos_api/domain/product_unit/handler.(*UnitHandler).Update-fm[0m
2026/07/23 10:08:43 [32mPOST[0m   [34m/api/units/toggle-status/:id                 [0m   [37mpos_api/domain/product_unit/handler.(*UnitHandler).ToggleStatus-fm[0m
2026/07/23 10:08:43 [32mPOST[0m   [34m/api/menus/detail/:id                        [0m   [37mpos_api/domain/menu/handler.(*MenuHandler).GetByID-fm[0m
2026/07/23 10:08:43 [32mPOST[0m   [34m/api/menus/delete/:id                        [0m   [37mpos_api/domain/menu/handler.(*MenuHandler).Delete-fm[0m
2026/07/23 10:08:43 [32mPOST[0m   [34m/api/menus/my                                [0m   [37mpos_api/domain/menu/handler.(*MenuHandler).GetMyMenus-fm[0m
2026/07/23 10:08:43 [32mPOST[0m   [34m/api/menus/options                           [0m   [37mpos_api/domain/menu/handler.(*MenuHandler).GetOptions-fm[0m
2026/07/23 10:08:43 [32mPOST[0m   [34m/api/menus/list                              [0m   [37mpos_api/domain/menu/handler.(*MenuHandler).GetAll-fm[0m
2026/07/23 10:08:43 [32mPOST[0m   [34m/api/menus/create                            [0m   [37mpos_api/domain/menu/handler.(*MenuHandler).Create-fm[0m
2026/07/23 10:08:43 [32mPOST[0m   [34m/api/menus/update/:id                        [0m   [37mpos_api/domain/menu/handler.(*MenuHandler).Update-fm[0m
2026/07/23 10:08:43 [32mPOST[0m   [34m/api/menus/reorder                           [0m   [37mpos_api/domain/menu/handler.(*MenuHandler).Reorder-fm[0m
2026/07/23 10:08:43 [32mPOST[0m   [34m/api/auth/login                              [0m   [37mpos_api/domain/auth/handler.(*AuthHandler).Login-fm[0m
2026/07/23 10:08:43 [32mPOST[0m   [34m/api/auth/logout                             [0m   [37mpos_api/domain/auth/handler.(*AuthHandler).Logout-fm[0m
2026/07/23 10:08:43 [32mPOST[0m   [34m/api/auth/refresh                            [0m   [37mpos_api/domain/auth/handler.(*AuthHandler).RefreshToken-fm[0m
2026/07/23 10:08:43 [32mPOST[0m   [34m/api/auth/verify-token                       [0m   [37mpos_api/domain/auth/handler.(*AuthHandler).VerifyToken-fm[0m
2026/07/23 10:08:43 [32mPOST[0m   [34m/api/auth/me                                 [0m   [37mpos_api/domain/auth/handler.(*AuthHandler).GetMe-fm[0m
2026/07/23 10:08:43 [32mPOST[0m   [34m/api/expenses/detail/:id                     [0m   [37mpos_api/domain/expense/handler.(*ExpenseHandler).GetByID-fm[0m
2026/07/23 10:08:43 [32mPOST[0m   [34m/api/expenses/delete/:id                     [0m   [37mpos_api/domain/expense/handler.(*ExpenseHandler).Delete-fm[0m
2026/07/23 10:08:43 [32mPOST[0m   [34m/api/expenses/list                           [0m   [37mpos_api/domain/expense/handler.(*ExpenseHandler).GetAll-fm[0m
2026/07/23 10:08:43 [32mPOST[0m   [34m/api/expenses/create                         [0m   [37mpos_api/domain/expense/handler.(*ExpenseHandler).Create-fm[0m
2026/07/23 10:08:43 [32mPOST[0m   [34m/api/expenses/update/:id                     [0m   [37mpos_api/domain/expense/handler.(*ExpenseHandler).Update-fm[0m
2026/07/23 10:08:43 [32mPOST[0m   [34m/api/transactions/list                       [0m   [37mpos_api/domain/transaction/handler.(*TransactionHandler).GetAll-fm[0m
2026/07/23 10:08:43 [32mPOST[0m   [34m/api/transactions/detail/:id                 [0m   [37mpos_api/domain/transaction/handler.(*TransactionHandler).GetByID-fm[0m
2026/07/23 10:08:43 [32mPOST[0m   [34m/api/transactions/create                     [0m   [37mpos_api/domain/transaction/handler.(*TransactionHandler).Create-fm[0m
2026/07/23 10:08:43 [32mPOST[0m   [34m/api/transactions/void/:id                   [0m   [37mpos_api/domain/transaction/handler.(*TransactionHandler).Void-fm[0m
2026/07/23 10:08:43 [32mPOST[0m   [34m/api/finance/summary                         [0m   [37mpos_api/domain/finance/handler.(*FinanceHandler).GetSummary-fm[0m
2026/07/23 10:08:43 [32mPOST[0m   [34m/api/finance/cashflow                        [0m   [37mpos_api/domain/finance/handler.(*FinanceHandler).GetCashflow-fm[0m
2026/07/23 10:08:43 [32mPOST[0m   [34m/api/version/list                            [0m   [37mpos_api/domain/version/handler.(*VersionHandler).GetAll-fm[0m
2026/07/23 10:08:43 [32mPOST[0m   [34m/api/version/android                         [0m   [37mpos_api/domain/version/handler.(*VersionHandler).UpdateAndroidVersion-fm[0m
2026/07/23 10:08:43 [32mPOST[0m   [34m/api/backup                                  [0m   [37mpos_api/domain/backup/handler.(*BackupHandler).Create-fm[0m
2026/07/23 10:08:43 [32mGET [0m   [34m/api/reports/sales                           [0m   [37mpos_api/domain/report/handler.(*ReportHandler).GetSalesReport-fm[0m
2026/07/23 10:08:43 [32mGET [0m   [34m/api/reports/sales/chart                     [0m   [37mpos_api/domain/report/handler.(*ReportHandler).GetSalesChart-fm[0m
2026/07/23 10:08:43 [32mGET [0m   [34m/api/reports/sales/export                    [0m   [37mpos_api/domain/report/handler.(*ReportHandler).ExportSalesReport-fm[0m
2026/07/23 10:08:43 [32mGET [0m   [34m/api/reports/stock                           [0m   [37mpos_api/domain/report/handler.(*ReportHandler).GetStockReport-fm[0m
2026/07/23 10:08:43 [32mGET [0m   [34m/api/reports/stock/export                    [0m   [37mpos_api/domain/report/handler.(*ReportHandler).ExportStockReport-fm[0m
2026/07/23 10:08:43 [32mGET [0m   [34m/api/reports/profit-loss                     [0m   [37mpos_api/domain/report/handler.(*ReportHandler).GetProfitLoss-fm[0m
2026/07/23 10:08:43 [32mGET [0m   [34m/api/reports/profit-loss/export              [0m   [37mpos_api/domain/report/handler.(*ReportHandler).ExportProfitLoss-fm[0m
2026/07/23 10:08:43 [32mGET [0m   [34m/api/reports/cashier                         [0m   [37mpos_api/domain/report/handler.(*ReportHandler).GetCashierReport-fm[0m
2026/07/23 10:08:43 [32mGET [0m   [34m/api/reports/cashier/export                  [0m   [37mpos_api/domain/report/handler.(*ReportHandler).ExportCashierReport-fm[0m
2026/07/23 10:08:43 [32mGET [0m   [34m/api/settings                                [0m   [37mpos_api/domain/setting/handler.(*SettingHandler).GetAll-fm[0m
2026/07/23 10:08:43 [32mGET [0m   [34m/api/settings/store                          [0m   [37mpos_api/domain/setting/handler.(*SettingHandler).GetStoreProfile-fm[0m
2026/07/23 10:08:43 [32mGET [0m   [34m/api/settings/printer                        [0m   [37mpos_api/domain/setting/handler.(*SettingHandler).GetPrinterSettings-fm[0m
2026/07/23 10:08:43 [32mGET [0m   [34m/api/settings/:key                           [0m   [37mpos_api/domain/setting/handler.(*SettingHandler).GetByKey-fm[0m
2026/07/23 10:08:43 [32mGET [0m   [34m/api/sync/conflicts                          [0m   [37mpos_api/domain/sync/handler.(*SyncHandler).GetConflicts-fm[0m
2026/07/23 10:08:43 [32mGET [0m   [34m/api/sync/conflicts/count                    [0m   [37mpos_api/domain/sync/handler.(*SyncHandler).GetConflictCount-fm[0m
2026/07/23 10:08:43 [32mGET [0m   [34m/api/sync/queue                              [0m   [37mpos_api/domain/sync/handler.(*SyncHandler).GetQueue-fm[0m
2026/07/23 10:08:43 [32mGET [0m   [34m/api/sync/history                            [0m   [37mpos_api/domain/sync/handler.(*SyncHandler).GetHistory-fm[0m
2026/07/23 10:08:43 [32mGET [0m   [34m/api/dashboard/stats                         [0m   [37mpos_api/domain/dashboard/handler.(*DashboardHandler).GetStats-fm[0m
2026/07/23 10:08:43 [32mGET [0m   [34m/api/dashboard/sales-trend                   [0m   [37mpos_api/domain/dashboard/handler.(*DashboardHandler).GetSalesTrend-fm[0m
2026/07/23 10:08:43 [32mGET [0m   [34m/api/dashboard/summary-extra                 [0m   [37mpos_api/domain/dashboard/handler.(*DashboardHandler).GetSummaryExtra-fm[0m
2026/07/23 10:08:43 [32mGET [0m   [34m/api/dashboard/top-products                  [0m   [37mpos_api/domain/dashboard/handler.(*DashboardHandler).GetTopProducts-fm[0m
2026/07/23 10:08:43 [32mGET [0m   [34m/api/dashboard/top-categories                [0m   [37mpos_api/domain/dashboard/handler.(*DashboardHandler).GetTopCategories-fm[0m
2026/07/23 10:08:43 [32mGET [0m   [34m/api/dashboard/payment-methods               [0m   [37mpos_api/domain/dashboard/handler.(*DashboardHandler).GetPaymentMethods-fm[0m
2026/07/23 10:08:43 [32mGET [0m   [34m/api/backup/list                             [0m   [37mpos_api/domain/backup/handler.(*BackupHandler).GetList-fm[0m
2026/07/23 10:08:43 [32mGET [0m   [34m/api/backup/download/:filename               [0m   [37mpos_api/domain/backup/handler.(*BackupHandler).Download-fm[0m
2026/07/23 10:08:43 [32mGET [0m   [34m/api/version/android                         [0m   [37mpos_api/domain/version/handler.(*VersionHandler).CheckAndroid-fm[0m
2026/07/23 10:08:43 [32mGET [0m   [34m/api/health                                  [0m   [37mpos_api/routes.publicRoutes.func1[0m
2026/07/23 10:08:43 [32mGET [0m   [34m/api/pin/check                               [0m   [37mpos_api/domain/pin/handler.(*PinHandler).CheckPin-fm[0m
[GIN] 2026/07/23 - 10:08:52 | 200 |       521.5¬µs |             ::1 | GET      "/api/health"

2026/07/23 10:08:52 [32mD:/Develop/Project_pos_mahenz/BE/repository/log_request_repository.go:32
[0m[33m[107.363ms] [34;1m[rows:1][0m INSERT INTO log_requests (id, method, endpoint, status_code, request_body, response_body, user_id, duration_ms, ip_address, error_message, created_at) VALUES ('8ece68ed-502e-4531-b5d0-a967261af54b', 'GET', '/api/health', 200, '', '{"code":"00","data":null,"message":"OK","status":true}', NULL, 0, '::1', NULL, '2026-07-23 10:08:52.384')

2026/07/23 10:09:07 [32mD:/Develop/Project_pos_mahenz/BE/domain/auth/repo/auth_repo.go:17
[0m[33m[1.425ms] [34;1m[rows:1][0m SELECT u.id, u.username, u.password, u.full_name, u.role_id, r.name AS role_name, u.is_active FROM users u INNER JOIN roles r ON r.id = u.role_id WHERE u.username = 'admin' LIMIT 1

2026/07/23 10:09:07 [32mD:/Develop/Project_pos_mahenz/BE/domain/auth/repo/auth_repo.go:67
[0m[33m[0.000ms] [34;1m[rows:1][0m DELETE FROM sessions WHERE user_id = 2

2026/07/23 10:09:07 [32mD:/Develop/Project_pos_mahenz/BE/domain/auth/repo/auth_repo.go:38
[0m[33m[0.000ms] [34;1m[rows:1][0m INSERT INTO sessions (user_id, user_role, token, refresh_token, device_info, ip_address, expires_at) VALUES (2, 'admin', 'eyJhbGciOiJIUzI1NiIsInR5cCI6IkpXVCJ9.eyJhcHBzIjoiIiwiZXhwIjoxNzg0ODA0OTQ3LCJmdWxsX25hbWUiOiJBZG1pbmlzdHJhdG9yIiwicm9sZSI6ImFkbWluIiwidXNlcl9pZCI6MiwidXNlcm5hbWUiOiJhZG1pbiJ9.QlBbw00mQQgMh9xk3zOIyH2J3elix-jMLixwoheM14A', '48a4ebed78858e79b06a684fe06244b299712d46b3e8e97d587bdd8d7f46a738', '', '::1', '2026-07-30 10:09:07.524') ON DUPLICATE KEY UPDATE user_role=VALUES(user_role), token=VALUES(token), refresh_token=VALUES(refresh_token), device_info=VALUES(device_info), ip_address=VALUES(ip_address), expires_at=VALUES(expires_at), created_at=NOW()
[GIN] 2026/07/23 - 10:09:07 | 200 |     95.1551ms |             ::1 | POST     "/api/auth/login"

2026/07/23 10:09:07 [32mD:/Develop/Project_pos_mahenz/BE/repository/log_request_repository.go:32
[0m[33m[0.000ms] [34;1m[rows:1][0m INSERT INTO log_requests (id, method, endpoint, status_code, request_body, response_body, user_id, duration_ms, ip_address, error_message, created_at) VALUES ('bf9c5901-5ef4-40f1-bc68-76b8fea137df', 'POST', '/api/auth/login', 200, '{"username":"admin","password":"admin123"}', '{"code":"00","status":true,"message":"Login berhasil","data":{"token":"eyJhbGciOiJIUzI1NiIsInR5cCI6IkpXVCJ9.eyJhcHBzIjoiIiwiZXhwIjoxNzg0ODA0OTQ3LCJmdWxsX25hbWUiOiJBZG1pbmlzdHJhdG9yIiwicm9sZSI6ImFkbWluIiwidXNlcl9pZCI6MiwidXNlcm5hbWUiOiJhZG1pbiJ9.QlBbw00mQQgMh9xk3zOIyH2J3elix-jMLixwoheM14A","refresh_token":"48a4ebed78858e79b06a684fe06244b299712d46b3e8e97d587bdd8d7f46a738","expires_at":"2026-07-30T10:09:07.524618+07:00","user":{"id":2,"username":"admin","full_name":"Administrator","role_id":2,"role_name":"admin"}}}', NULL, 95, '::1', NULL, '2026-07-23 10:09:07.525')

2026/07/23 10:09:07 [32mD:/Develop/Project_pos_mahenz/BE/domain/auth/repo/auth_repo.go:46
[0m[33m[0.764ms] [34;1m[rows:1][0m SELECT id, user_id, user_role, token, device_info, expires_at FROM sessions WHERE token = 'eyJhbGciOiJIUzI1NiIsInR5cCI6IkpXVCJ9.eyJhcHBzIjoiIiwiZXhwIjoxNzg0ODA0OTQ3LCJmdWxsX25hbWUiOiJBZG1pbmlzdHJhdG9yIiwicm9sZSI6ImFkbWluIiwidXNlcl9pZCI6MiwidXNlcm5hbWUiOiJhZG1pbiJ9.QlBbw00mQQgMh9xk3zOIyH2J3elix-jMLixwoheM14A' LIMIT 1

2026/07/23 10:09:07 [32mD:/Develop/Project_pos_mahenz/BE/domain/access/repo/access_repo.go:55
[0m[33m[1.226ms] [34;1m[rows:37][0m 
SELECT
    m.key_name,
    COALESCE(rma.can_view,   0) AS can_view,
    COALESCE(rma.can_create, 0) AS can_create,
    COALESCE(rma.can_edit,   0) AS can_edit,
    COALESCE(rma.can_delete, 0) AS can_delete
FROM menus m
LEFT JOIN role_menu_access rma ON rma.menu_id = m.id
    AND rma.role_id = (SELECT id FROM roles WHERE name = 'admin' AND is_active = 1 LIMIT 1)
WHERE m.is_active = 1
ORDER BY m.id ASC

2026/07/23 10:09:07 [32mD:/Develop/Project_pos_mahenz/BE/domain/product_category/repo/product_category_repo.go:79
[0m[33m[1.618ms] [34;1m[rows:1][0m SELECT c.id, c.name, COALESCE(c.code, '') as code, c.description, COALESCE(c.is_active, 1) as is_active, (SELECT COUNT(*) FROM products p WHERE p.category_id = c.id) AS product_count, (SELECT COUNT(*) FROM products p WHERE p.category_id = c.id AND p.is_active = 1) AS active_product_count, c.created_at FROM categories c WHERE c.id = 1 LIMIT 1

2026/07/23 10:09:07 [32mD:/Develop/Project_pos_mahenz/BE/domain/product/repo/product_generate_repo.go:39
[0m[33m[0.576ms] [34;1m[rows:1][0m SELECT COUNT(*) FROM products WHERE category_id = 1

2026/07/23 10:09:07 [32mD:/Develop/Project_pos_mahenz/BE/domain/product/repo/product_generate_repo.go:21
[0m[33m[0.563ms] [34;1m[rows:0][0m SELECT id FROM products WHERE sku = 'MIN-0006' AND id != 0 LIMIT 1
[GIN] 2026/07/23 - 10:09:07 | 200 |      8.3892ms |             ::1 | POST     "/api/products/generate-sku"

2026/07/23 10:09:07 [32mD:/Develop/Project_pos_mahenz/BE/repository/log_request_repository.go:32
[0m[33m[2.280ms] [34;1m[rows:1][0m INSERT INTO log_requests (id, method, endpoint, status_code, request_body, response_body, user_id, duration_ms, ip_address, error_message, created_at) VALUES ('dfb3d157-68f8-44e3-ac88-c09380050199', 'POST', '/api/products/generate-sku', 200, '{"category_id":1}', '{"code":"00","status":true,"message":"SKU berhasil digenerate","data":{"sku":"MIN-0006"}}', 2, 8, '::1', NULL, '2026-07-23 10:09:07.647')

2026/07/23 10:09:07 [32mD:/Develop/Project_pos_mahenz/BE/domain/auth/repo/auth_repo.go:46
[0m[33m[2.006ms] [34;1m[rows:1][0m SELECT id, user_id, user_role, token, device_info, expires_at FROM sessions WHERE token = 'eyJhbGciOiJIUzI1NiIsInR5cCI6IkpXVCJ9.eyJhcHBzIjoiIiwiZXhwIjoxNzg0ODA0OTQ3LCJmdWxsX25hbWUiOiJBZG1pbmlzdHJhdG9yIiwicm9sZSI6ImFkbWluIiwidXNlcl9pZCI6MiwidXNlcm5hbWUiOiJhZG1pbiJ9.QlBbw00mQQgMh9xk3zOIyH2J3elix-jMLixwoheM14A' LIMIT 1

2026/07/23 10:09:07 [32mD:/Develop/Project_pos_mahenz/BE/domain/product_category/repo/product_category_repo.go:79
[0m[33m[2.508ms] [34;1m[rows:1][0m SELECT c.id, c.name, COALESCE(c.code, '') as code, c.description, COALESCE(c.is_active, 1) as is_active, (SELECT COUNT(*) FROM products p WHERE p.category_id = c.id) AS product_count, (SELECT COUNT(*) FROM products p WHERE p.category_id = c.id AND p.is_active = 1) AS active_product_count, c.created_at FROM categories c WHERE c.id = 1 LIMIT 1

2026/07/23 10:09:07 [32mD:/Develop/Project_pos_mahenz/BE/domain/product/repo/product_generate_repo.go:39
[0m[33m[1.125ms] [34;1m[rows:1][0m SELECT COUNT(*) FROM products WHERE category_id = 1

2026/07/23 10:09:07 [32mD:/Develop/Project_pos_mahenz/BE/domain/product/repo/product_generate_repo.go:21
[0m[33m[6.442ms] [34;1m[rows:0][0m SELECT id FROM products WHERE sku = 'MIN-0006' AND id != 0 LIMIT 1
[GIN] 2026/07/23 - 10:09:07 | 200 |     13.3816ms |             ::1 | POST     "/api/products/generate-sku"

2026/07/23 10:09:07 [32mD:/Develop/Project_pos_mahenz/BE/repository/log_request_repository.go:32
[0m[33m[7.241ms] [34;1m[rows:1][0m INSERT INTO log_requests (id, method, endpoint, status_code, request_body, response_body, user_id, duration_ms, ip_address, error_message, created_at) VALUES ('6ac9a0d5-c194-45e1-a575-cdbd37a99d47', 'POST', '/api/products/generate-sku', 200, '{"category_id":1}', '{"code":"00","status":true,"message":"SKU berhasil digenerate","data":{"sku":"MIN-0006"}}', 2, 13, '::1', NULL, '2026-07-23 10:09:07.748')

2026/07/23 10:09:07 [32mD:/Develop/Project_pos_mahenz/BE/domain/auth/repo/auth_repo.go:46
[0m[33m[1.507ms] [34;1m[rows:1][0m SELECT id, user_id, user_role, token, device_info, expires_at FROM sessions WHERE token = 'eyJhbGciOiJIUzI1NiIsInR5cCI6IkpXVCJ9.eyJhcHBzIjoiIiwiZXhwIjoxNzg0ODA0OTQ3LCJmdWxsX25hbWUiOiJBZG1pbmlzdHJhdG9yIiwicm9sZSI6ImFkbWluIiwidXNlcl9pZCI6MiwidXNlcm5hbWUiOiJhZG1pbiJ9.QlBbw00mQQgMh9xk3zOIyH2J3elix-jMLixwoheM14A' LIMIT 1

2026/07/23 10:09:07 [32mD:/Develop/Project_pos_mahenz/BE/domain/product_category/repo/product_category_repo.go:79
[0m[33m[1.056ms] [34;1m[rows:1][0m SELECT c.id, c.name, COALESCE(c.code, '') as code, c.description, COALESCE(c.is_active, 1) as is_active, (SELECT COUNT(*) FROM products p WHERE p.category_id = c.id) AS product_count, (SELECT COUNT(*) FROM products p WHERE p.category_id = c.id AND p.is_active = 1) AS active_product_count, c.created_at FROM categories c WHERE c.id = 1 LIMIT 1

2026/07/23 10:09:07 [32mD:/Develop/Project_pos_mahenz/BE/domain/product/repo/product_generate_repo.go:39
[0m[33m[0.738ms] [34;1m[rows:1][0m SELECT COUNT(*) FROM products WHERE category_id = 1

2026/07/23 10:09:07 [32mD:/Develop/Project_pos_mahenz/BE/domain/product/repo/product_generate_repo.go:21
[0m[33m[0.000ms] [34;1m[rows:0][0m SELECT id FROM products WHERE sku = 'MIN-0006' AND id != 0 LIMIT 1
[GIN] 2026/07/23 - 10:09:07 | 200 |      4.3307ms |             ::1 | POST     "/api/products/generate-sku"

2026/07/23 10:09:07 [32mD:/Develop/Project_pos_mahenz/BE/repository/log_request_repository.go:32
[0m[33m[4.156ms] [34;1m[rows:1][0m INSERT INTO log_requests (id, method, endpoint, status_code, request_body, response_body, user_id, duration_ms, ip_address, error_message, created_at) VALUES ('8c616bef-bab3-45f8-9c02-4994183e58eb', 'POST', '/api/products/generate-sku', 200, '{"category_id":1}', '{"code":"00","status":true,"message":"SKU berhasil digenerate","data":{"sku":"MIN-0006"}}', 2, 4, '::1', NULL, '2026-07-23 10:09:07.778')

2026/07/23 10:09:07 [32mD:/Develop/Project_pos_mahenz/BE/domain/auth/repo/auth_repo.go:46
[0m[33m[0.837ms] [34;1m[rows:1][0m SELECT id, user_id, user_role, token, device_info, expires_at FROM sessions WHERE token = 'eyJhbGciOiJIUzI1NiIsInR5cCI6IkpXVCJ9.eyJhcHBzIjoiIiwiZXhwIjoxNzg0ODA0OTQ3LCJmdWxsX25hbWUiOiJBZG1pbmlzdHJhdG9yIiwicm9sZSI6ImFkbWluIiwidXNlcl9pZCI6MiwidXNlcm5hbWUiOiJhZG1pbiJ9.QlBbw00mQQgMh9xk3zOIyH2J3elix-jMLixwoheM14A' LIMIT 1

2026/07/23 10:09:07 [32mD:/Develop/Project_pos_mahenz/BE/domain/product_category/repo/product_category_repo.go:79
[0m[33m[0.526ms] [34;1m[rows:1][0m SELECT c.id, c.name, COALESCE(c.code, '') as code, c.description, COALESCE(c.is_active, 1) as is_active, (SELECT COUNT(*) FROM products p WHERE p.category_id = c.id) AS product_count, (SELECT COUNT(*) FROM products p WHERE p.category_id = c.id AND p.is_active = 1) AS active_product_count, c.created_at FROM categories c WHERE c.id = 1 LIMIT 1

2026/07/23 10:09:07 [32mD:/Develop/Project_pos_mahenz/BE/domain/product/repo/product_generate_repo.go:39
[0m[33m[0.000ms] [34;1m[rows:1][0m SELECT COUNT(*) FROM products WHERE category_id = 1

2026/07/23 10:09:07 [32mD:/Develop/Project_pos_mahenz/BE/domain/product/repo/product_generate_repo.go:21
[0m[33m[0.000ms] [34;1m[rows:0][0m SELECT id FROM products WHERE sku = 'MIN-0006' AND id != 0 LIMIT 1
[GIN] 2026/07/23 - 10:09:07 | 200 |      2.5103ms |             ::1 | POST     "/api/products/generate-sku"

2026/07/23 10:09:07 [32mD:/Develop/Project_pos_mahenz/BE/repository/log_request_repository.go:32
[0m[33m[1.728ms] [34;1m[rows:1][0m INSERT INTO log_requests (id, method, endpoint, status_code, request_body, response_body, user_id, duration_ms, ip_address, error_message, created_at) VALUES ('aa3c98e2-5469-475e-a459-bc0226e7b304', 'POST', '/api/products/generate-sku', 200, '{"category_id":1}', '{"code":"00","status":true,"message":"SKU berhasil digenerate","data":{"sku":"MIN-0006"}}', 2, 2, '::1', NULL, '2026-07-23 10:09:07.822')

2026/07/23 10:09:07 [32mD:/Develop/Project_pos_mahenz/BE/domain/auth/repo/auth_repo.go:46
[0m[33m[0.505ms] [34;1m[rows:1][0m SELECT id, user_id, user_role, token, device_info, expires_at FROM sessions WHERE token = 'eyJhbGciOiJIUzI1NiIsInR5cCI6IkpXVCJ9.eyJhcHBzIjoiIiwiZXhwIjoxNzg0ODA0OTQ3LCJmdWxsX25hbWUiOiJBZG1pbmlzdHJhdG9yIiwicm9sZSI6ImFkbWluIiwidXNlcl9pZCI6MiwidXNlcm5hbWUiOiJhZG1pbiJ9.QlBbw00mQQgMh9xk3zOIyH2J3elix-jMLixwoheM14A' LIMIT 1

2026/07/23 10:09:07 [32mD:/Develop/Project_pos_mahenz/BE/domain/product_category/repo/product_category_repo.go:79
[0m[33m[0.523ms] [34;1m[rows:1][0m SELECT c.id, c.name, COALESCE(c.code, '') as code, c.description, COALESCE(c.is_active, 1) as is_active, (SELECT COUNT(*) FROM products p WHERE p.category_id = c.id) AS product_count, (SELECT COUNT(*) FROM products p WHERE p.category_id = c.id AND p.is_active = 1) AS active_product_count, c.created_at FROM categories c WHERE c.id = 1 LIMIT 1

2026/07/23 10:09:07 [32mD:/Develop/Project_pos_mahenz/BE/domain/product/repo/product_generate_repo.go:39
[0m[33m[0.000ms] [34;1m[rows:1][0m SELECT COUNT(*) FROM products WHERE category_id = 1

2026/07/23 10:09:07 [32mD:/Develop/Project_pos_mahenz/BE/domain/product/repo/product_generate_repo.go:21
[0m[33m[0.510ms] [34;1m[rows:0][0m SELECT id FROM products WHERE sku = 'MIN-0006' AND id != 0 LIMIT 1
[GIN] 2026/07/23 - 10:09:07 | 200 |      2.0807ms |             ::1 | POST     "/api/products/generate-sku"

2026/07/23 10:09:07 [32mD:/Develop/Project_pos_mahenz/BE/repository/log_request_repository.go:32
[0m[33m[8.161ms] [34;1m[rows:1][0m INSERT INTO log_requests (id, method, endpoint, status_code, request_body, response_body, user_id, duration_ms, ip_address, error_message, created_at) VALUES ('3344a732-430b-4b46-aaa0-dacefb456c19', 'POST', '/api/products/generate-sku', 200, '{"category_id":1}', '{"code":"00","status":true,"message":"SKU berhasil digenerate","data":{"sku":"MIN-0006"}}', 2, 2, '::1', NULL, '2026-07-23 10:09:07.835')

2026/07/23 10:09:07 [32mD:/Develop/Project_pos_mahenz/BE/domain/auth/repo/auth_repo.go:46
[0m[33m[0.507ms] [34;1m[rows:1][0m SELECT id, user_id, user_role, token, device_info, expires_at FROM sessions WHERE token = 'eyJhbGciOiJIUzI1NiIsInR5cCI6IkpXVCJ9.eyJhcHBzIjoiIiwiZXhwIjoxNzg0ODA0OTQ3LCJmdWxsX25hbWUiOiJBZG1pbmlzdHJhdG9yIiwicm9sZSI6ImFkbWluIiwidXNlcl9pZCI6MiwidXNlcm5hbWUiOiJhZG1pbiJ9.QlBbw00mQQgMh9xk3zOIyH2J3elix-jMLixwoheM14A' LIMIT 1

2026/07/23 10:09:07 [32mD:/Develop/Project_pos_mahenz/BE/domain/product_category/repo/product_category_repo.go:79
[0m[33m[0.568ms] [34;1m[rows:1][0m SELECT c.id, c.name, COALESCE(c.code, '') as code, c.description, COALESCE(c.is_active, 1) as is_active, (SELECT COUNT(*) FROM products p WHERE p.category_id = c.id) AS product_count, (SELECT COUNT(*) FROM products p WHERE p.category_id = c.id AND p.is_active = 1) AS active_product_count, c.created_at FROM categories c WHERE c.id = 1 LIMIT 1

2026/07/23 10:09:07 [32mD:/Develop/Project_pos_mahenz/BE/domain/product/repo/product_generate_repo.go:39
[0m[33m[0.664ms] [34;1m[rows:1][0m SELECT COUNT(*) FROM products WHERE category_id = 1

2026/07/23 10:09:07 [32mD:/Develop/Project_pos_mahenz/BE/domain/product/repo/product_generate_repo.go:21
[0m[33m[0.000ms] [34;1m[rows:0][0m SELECT id FROM products WHERE sku = 'MIN-0006' AND id != 0 LIMIT 1
[GIN] 2026/07/23 - 10:09:07 | 200 |      2.9688ms |             ::1 | POST     "/api/products/generate-sku"

2026/07/23 10:09:07 [32mD:/Develop/Project_pos_mahenz/BE/repository/log_request_repository.go:32
[0m[33m[1.263ms] [34;1m[rows:1][0m INSERT INTO log_requests (id, method, endpoint, status_code, request_body, response_body, user_id, duration_ms, ip_address, error_message, created_at) VALUES ('460ab84a-7186-42a6-bd91-0c4be82159c7', 'POST', '/api/products/generate-sku', 200, '{"category_id":1}', '{"code":"00","status":true,"message":"SKU berhasil digenerate","data":{"sku":"MIN-0006"}}', 2, 2, '::1', NULL, '2026-07-23 10:09:07.936')
[GIN] 2026/07/23 - 10:09:59 | 204 |            0s |             ::1 | OPTIONS  "/api/auth/login"

2026/07/23 10:09:59 [32mD:/Develop/Project_pos_mahenz/BE/domain/auth/repo/auth_repo.go:17
[0m[33m[1.146ms] [34;1m[rows:1][0m SELECT u.id, u.username, u.password, u.full_name, u.role_id, r.name AS role_name, u.is_active FROM users u INNER JOIN roles r ON r.id = u.role_id WHERE u.username = 'admin' LIMIT 1

2026/07/23 10:10:00 [32mD:/Develop/Project_pos_mahenz/BE/domain/auth/repo/auth_repo.go:67
[0m[33m[3.050ms] [34;1m[rows:1][0m DELETE FROM sessions WHERE user_id = 2

2026/07/23 10:10:00 [32mD:/Develop/Project_pos_mahenz/BE/domain/auth/repo/auth_repo.go:38
[0m[33m[1.938ms] [34;1m[rows:1][0m INSERT INTO sessions (user_id, user_role, token, refresh_token, device_info, ip_address, expires_at) VALUES (2, 'admin', 'eyJhbGciOiJIUzI1NiIsInR5cCI6IkpXVCJ9.eyJhcHBzIjoid2ViIiwiZXhwIjoxNzg0ODA1MDAwLCJmdWxsX25hbWUiOiJBZG1pbmlzdHJhdG9yIiwicm9sZSI6ImFkbWluIiwidXNlcl9pZCI6MiwidXNlcm5hbWUiOiJhZG1pbiJ9.Vt0XM8kgV6tns-6OZk0XzXG0XtcxVAQG2b0VK2IdR9o', '2f81b4d43c3f7ad3d1fb6722db274845cfc70952f955d3049da02b2566ecdea6', 'web', '::1', '2026-07-30 10:10:00.031') ON DUPLICATE KEY UPDATE user_role=VALUES(user_role), token=VALUES(token), refresh_token=VALUES(refresh_token), device_info=VALUES(device_info), ip_address=VALUES(ip_address), expires_at=VALUES(expires_at), created_at=NOW()
[GIN] 2026/07/23 - 10:10:00 | 200 |     59.1175ms |             ::1 | POST     "/api/auth/login"

2026/07/23 10:10:00 [32mD:/Develop/Project_pos_mahenz/BE/repository/log_request_repository.go:32
[0m[33m[1.365ms] [34;1m[rows:1][0m INSERT INTO log_requests (id, method, endpoint, status_code, request_body, response_body, user_id, duration_ms, ip_address, error_message, created_at) VALUES ('16877c2a-3a1c-4ca0-8809-471d9941c3f3', 'POST', '/api/auth/login', 200, '{"username":"admin","password":"admin123","device_info":"web"}', '{"code":"00","status":true,"message":"Login berhasil","data":{"token":"eyJhbGciOiJIUzI1NiIsInR5cCI6IkpXVCJ9.eyJhcHBzIjoid2ViIiwiZXhwIjoxNzg0ODA1MDAwLCJmdWxsX25hbWUiOiJBZG1pbmlzdHJhdG9yIiwicm9sZSI6ImFkbWluIiwidXNlcl9pZCI6MiwidXNlcm5hbWUiOiJhZG1pbiJ9.Vt0XM8kgV6tns-6OZk0XzXG0XtcxVAQG2b0VK2IdR9o","refresh_token":"2f81b4d43c3f7ad3d1fb6722db274845cfc70952f955d3049da02b2566ecdea6","expires_at":"2026-07-30T10:10:00.0315756+07:00","user":{"id":2,"username":"admin","full_name":"Administrator","role_id":2,"role_name":"admin"}}}', NULL, 59, '::1', NULL, '2026-07-23 10:10:00.038')
[GIN] 2026/07/23 - 10:10:00 | 204 |            0s |             ::1 | OPTIONS  "/api/menus/my"
[GIN] 2026/07/23 - 10:10:00 | 204 |            0s |             ::1 | OPTIONS  "/api/menus/my"

2026/07/23 10:10:00 [32mD:/Develop/Project_pos_mahenz/BE/domain/auth/repo/auth_repo.go:46
[0m[33m[0.507ms] [34;1m[rows:1][0m SELECT id, user_id, user_role, token, device_info, expires_at FROM sessions WHERE token = 'eyJhbGciOiJIUzI1NiIsInR5cCI6IkpXVCJ9.eyJhcHBzIjoid2ViIiwiZXhwIjoxNzg0ODA1MDAwLCJmdWxsX25hbWUiOiJBZG1pbmlzdHJhdG9yIiwicm9sZSI6ImFkbWluIiwidXNlcl9pZCI6MiwidXNlcm5hbWUiOiJhZG1pbiJ9.Vt0XM8kgV6tns-6OZk0XzXG0XtcxVAQG2b0VK2IdR9o' LIMIT 1

2026/07/23 10:10:00 [32mD:/Develop/Project_pos_mahenz/BE/domain/menu/repo/menu_repo.go:121
[0m[33m[1.084ms] [34;1m[rows:-][0m 
		SELECT
			m.id,
			m.parent_id,
			m.key_name,
			m.label,
			m.icon,
			m.path,
			m.order_index,
			COALESCE(rma.can_view,   0),
			COALESCE(rma.can_create, 0),
			COALESCE(rma.can_edit,   0),
			COALESCE(rma.can_delete, 0)
		FROM menus m
		LEFT JOIN role_menu_access rma ON rma.menu_id = m.id
			AND rma.role_id = (SELECT id FROM roles WHERE name = 'admin' AND is_active = 1 LIMIT 1)
		WHERE m.is_active = 1
		ORDER BY m.order_index ASC, m.id ASC
		
[GIN] 2026/07/23 - 10:10:00 | 200 |      2.6625ms |             ::1 | POST     "/api/menus/my"

2026/07/23 10:10:00 [32mD:/Develop/Project_pos_mahenz/BE/domain/auth/repo/auth_repo.go:46
[0m[33m[2.824ms] [34;1m[rows:1][0m SELECT id, user_id, user_role, token, device_info, expires_at FROM sessions WHERE token = 'eyJhbGciOiJIUzI1NiIsInR5cCI6IkpXVCJ9.eyJhcHBzIjoid2ViIiwiZXhwIjoxNzg0ODA1MDAwLCJmdWxsX25hbWUiOiJBZG1pbmlzdHJhdG9yIiwicm9sZSI6ImFkbWluIiwidXNlcl9pZCI6MiwidXNlcm5hbWUiOiJhZG1pbiJ9.Vt0XM8kgV6tns-6OZk0XzXG0XtcxVAQG2b0VK2IdR9o' LIMIT 1

2026/07/23 10:10:00 [32mD:/Develop/Project_pos_mahenz/BE/repository/log_request_repository.go:32
[0m[33m[2.882ms] [34;1m[rows:1][0m INSERT INTO log_requests (id, method, endpoint, status_code, request_body, response_body, user_id, duration_ms, ip_address, error_message, created_at) VALUES ('1c6a4ade-c6a9-417d-8171-e400d3dc581a', 'POST', '/api/menus/my', 200, '{}', '{"code":"00","status":true,"message":"Menu akses","data":[{"key_name":"beranda","label":"Beranda","icon":"Home","path":null,"order_index":1,"permission":{"can_view":true,"can_create":true,"can_edit":true,"can_delete":false},"children":[{"key_name":"beranda.dashboard","label":"Dashboard","icon":"LayoutDashboard","path":"/dashboard","order_index":1,"permission":{"can_view":true,"can_create":true,"can_edit":true,"can_delete":false},"children":[]}]},{"key_name":"penjualan","label":"Penjualan","icon":"ShoppingCart","path":null,"order_index":2,"permission":{"can_view":true,"can_create":true,"can_edit":true,"can_delete":false},"children":[{"key_name":"penjualan.kasir","label":"Kasir","icon":"ShoppingCart","path":"/kasir","order_index":1,"permission":{"can_view":true,"can_create":true,"can_edit":true,"can_delete":false},"children":[]},{"key_name":"penjualan.transaksi","label":"Transaksi","icon":"Receipt","path":"/transactions","order_index":2,"permission":{"can_view":true,"can_create":true,"can_edit":true,"can_delete":false},"children":[]}]},{"key_name":"produk","label":"Produk","icon":"Package","path":null,"order_index":3,"permission":{"can_view":true,"can_create":true,"can_edit":true,"can_delete":false},"children":[{"key_name":"produk.produk","label":"Produk","icon":"Package","path":"/products","order_index":1,"permission":{"can_view":true,"can_create":true,"can_edit":true,"can_delete":false},"children":[]},{"key_name":"produk.kategori","label":"Kategori","icon":"Tag","path":"/products/categories","order_index":2,"permission":{"can_view":true,"can_create":true,"can_edit":true,"can_delete":false},"children":[]},{"key_name":"produk.unit","label":"Unit","icon":"PackageSearch","path":"/products/units","order_index":3,"permission":{"can_view":true,"can_create":true,"can_edit":true,"can_delete":false},"children":[]}]},{"key_name":"pengadaan","label":"Pengadaan","icon":"Truck","path":null,"order_index":4,"permission":{"can_view":true,"can_create":true,"can_edit":true,"can_delete":false},"children":[{"key_name":"pengadaan.supplier","label":"Supplier","icon":"Truck","path":"/suppliers","order_index":1,"permission":{"can_view":true,"can_create":true,"can_edit":true,"can_delete":false},"children":[]},{"key_name":"pengadaan.pembelian","label":"Pembelian","icon":"ShoppingBag","path":"/suppliers/purchases","order_index":2,"permission":{"can_view":true,"can_create":true,"can_edit":true,"can_delete":false},"children":[]},{"key_name":"pengadaan.retur","label":"Retur","icon":"RotateCcw","path":"/suppliers/returns","order_index":3,"permission":{"can_view":true,"can_create":true,"can_edit":true,"can_delete":false},"children":[]}]},{"key_name":"pelanggan","label":"Pelanggan","icon":"Users","path":null,"order_index":5,"permission":{"can_view":true,"can_create":true,"can_edit":true,"can_delete":false},"children":[{"key_name":"pelanggan.pelanggan","label":"Pelanggan","icon":"Users","path":"/customers","order_index":1,"permission":{"can_view":true,"can_create":true,"can_edit":true,"can_delete":false},"children":[]},{"key_name":"pelanggan.piutang","label":"Piutang","icon":"CreditCard","path":"/receivables","order_index":2,"permission":{"can_view":true,"can_create":true,"can_edit":true,"can_delete":false},"children":[]}]},{"key_name":"keuangan","label":"Keuangan","icon":"Wallet","path":null,"order_index":6,"permission":{"can_view":true,"can_create":true,"can_edit":true,"can_delete":false},"children":[{"key_name":"keuangan.dashboard","label":"Dashboard Keuangan","icon":"Wallet","path":"/finance","order_index":1,"permission":{"can_view":true,"can_create":true,"can_edit":true,"can_delete":false},"children":[]},{"key_name":"keuangan.kas_harian","label":"Kas Harian","icon":"Landmark","path":"/finance/cash-drawer","order_index":2,"permission":{"can_view":true,"can_create":true,"can_edit":true,"can_delete":false},"children":[]},{"key_name":"keuangan.pengeluaran","label":"Pengeluaran","icon":"TrendingDown","path":"/finance/expenses","order_index":3,"permission":{"can_view":true,"can_create":true,"can_edit":true,"can_delete":false},"children":[]},{"key_name":"keuangan.kas_saya","label":"Kas Saya","icon":"Wallet","path":"/finance/my-cash","order_index":4,"permission":{"can_view":true,"can_create":true,"can_edit":true,"can_delete":false},"children":[]}]},{"key_name":"pelaporan","label":"Pelaporan","icon":"BarChart2","path":null,"order_index":7,"permission":{"can_view":true,"can_create":true,"can_edit":true,"can_delete":false},"children":[{"key_name":"pelaporan.penjualan","label":"Penjualan","icon":"TrendingUp","path":"/reports/sales","order_index":1,"permission":{"can_view":true,"can_create":true,"can_edit":true,"can_delete":false},"children":[]},{"key_name":"pelaporan.laba_rugi","label":"Laba Rugi","icon":"LineChart","path":"/reports/profit-loss","order_index":2,"permission":{"can_view":true,"can_create":true,"can_edit":true,"can_delete":false},"children":[]},{"key_name":"pelaporan.stok","label":"Stok","icon":"PackageSearch","path":"/reports/stock","order_index":3,"permission":{"can_view":true,"can_create":true,"can_edit":true,"can_delete":false},"children":[]},{"key_name":"pelaporan.kinerja_kasir","label":"Kinerja Kasir","icon":"BarChart2","path":"/reports/cashier","order_index":4,"permission":{"can_view":true,"can_create":true,"can_edit":true,"can_delete":false},"children":[]}]},{"key_name":"operasional","label":"Operasional","icon":"Clock","path":null,"order_index":8,"permission":{"can_view":true,"can_create":true,"can_edit":true,"can_delete":false},"children":[{"key_name":"operasional.shift","label":"Shift","icon":"Clock","path":"/shifts","order_index":1,"permission":{"can_view":true,"can_create":true,"can_edit":true,"can_delete":false},"children":[]},{"key_name":"operasional.sync","label":"Sync Center","icon":"RefreshCw","path":"/sync","order_index":2,"permission":{"can_view":true,"can_create":true,"can_edit":true,"can_delete":false},"children":[]}]},{"key_name":"sistem","label":"Sistem","icon":"Settings","path":null,"order_index":9,"permission":{"can_view":true,"can_create":true,"can_edit":true,"can_delete":false},"children":[{"key_name":"sistem.profil_toko","label":"Profil Toko","icon":"Settings","path":"/settings/store","order_index":1,"permission":{"can_view":true,"can_create":true,"can_edit":true,"can_delete":false},"children":[]},{"key_name":"sistem.roles","label":"Manajemen Role","icon":"Shield","path":"/settings/roles","order_index":3,"permission":{"can_view":true,"can_create":false,"can_edit":false,"can_delete":false},"children":[]},{"key_name":"sistem.menus","label":"Manajemen Menu","icon":"LayoutList","path":"/settings/menus","order_index":4,"permission":{"can_view":true,"can_create":false,"can_edit":false,"can_delete":false},"children":[]},{"key_name":"sistem.printer","label":"Printer","icon":"Printer","path":"/settings/printer","order_index":5,"permission":{"can_view":true,"can_create":true,"can_edit":true,"can_delete":false},"children":[]},{"key_name":"sistem.versi","label":"Versi Aplikasi","icon":"RefreshCw","path":"/settings/versions","order_index":6,"permission":{"can_view":true,"can_create":false,"can_edit":false,"can_delete":false},"children":[]},{"key_name":"sistem.backup","label":"Backup \u0026 Restore","icon":"DatabaseBackup","path":"/settings/backup","order_index":7,"permission":{"can_view":true,"can_create":true,"can_edit":true,"can_delete":false},"children":[]}]}]}', 2, 2, '::1', NULL, '2026-07-23 10:10:00.052')

2026/07/23 10:10:00 [32mD:/Develop/Project_pos_mahenz/BE/domain/menu/repo/menu_repo.go:121
[0m[33m[1.276ms] [34;1m[rows:-][0m 
		SELECT
			m.id,
			m.parent_id,
			m.key_name,
			m.label,
			m.icon,
			m.path,
			m.order_index,
			COALESCE(rma.can_view,   0),
			COALESCE(rma.can_create, 0),
			COALESCE(rma.can_edit,   0),
			COALESCE(rma.can_delete, 0)
		FROM menus m
		LEFT JOIN role_menu_access rma ON rma.menu_id = m.id
			AND rma.role_id = (SELECT id FROM roles WHERE name = 'admin' AND is_active = 1 LIMIT 1)
		WHERE m.is_active = 1
		ORDER BY m.order_index ASC, m.id ASC
		
[GIN] 2026/07/23 - 10:10:00 | 200 |       6.193ms |             ::1 | POST     "/api/menus/my"

2026/07/23 10:10:00 [32mD:/Develop/Project_pos_mahenz/BE/repository/log_request_repository.go:32
[0m[33m[3.418ms] [34;1m[rows:1][0m INSERT INTO log_requests (id, method, endpoint, status_code, request_body, response_body, user_id, duration_ms, ip_address, error_message, created_at) VALUES ('2d1de4f9-6a16-4609-8367-50f799d48f45', 'POST', '/api/menus/my', 200, '{}', '{"code":"00","status":true,"message":"Menu akses","data":[{"key_name":"beranda","label":"Beranda","icon":"Home","path":null,"order_index":1,"permission":{"can_view":true,"can_create":true,"can_edit":true,"can_delete":false},"children":[{"key_name":"beranda.dashboard","label":"Dashboard","icon":"LayoutDashboard","path":"/dashboard","order_index":1,"permission":{"can_view":true,"can_create":true,"can_edit":true,"can_delete":false},"children":[]}]},{"key_name":"penjualan","label":"Penjualan","icon":"ShoppingCart","path":null,"order_index":2,"permission":{"can_view":true,"can_create":true,"can_edit":true,"can_delete":false},"children":[{"key_name":"penjualan.kasir","label":"Kasir","icon":"ShoppingCart","path":"/kasir","order_index":1,"permission":{"can_view":true,"can_create":true,"can_edit":true,"can_delete":false},"children":[]},{"key_name":"penjualan.transaksi","label":"Transaksi","icon":"Receipt","path":"/transactions","order_index":2,"permission":{"can_view":true,"can_create":true,"can_edit":true,"can_delete":false},"children":[]}]},{"key_name":"produk","label":"Produk","icon":"Package","path":null,"order_index":3,"permission":{"can_view":true,"can_create":true,"can_edit":true,"can_delete":false},"children":[{"key_name":"produk.produk","label":"Produk","icon":"Package","path":"/products","order_index":1,"permission":{"can_view":true,"can_create":true,"can_edit":true,"can_delete":false},"children":[]},{"key_name":"produk.kategori","label":"Kategori","icon":"Tag","path":"/products/categories","order_index":2,"permission":{"can_view":true,"can_create":true,"can_edit":true,"can_delete":false},"children":[]},{"key_name":"produk.unit","label":"Unit","icon":"PackageSearch","path":"/products/units","order_index":3,"permission":{"can_view":true,"can_create":true,"can_edit":true,"can_delete":false},"children":[]}]},{"key_name":"pengadaan","label":"Pengadaan","icon":"Truck","path":null,"order_index":4,"permission":{"can_view":true,"can_create":true,"can_edit":true,"can_delete":false},"children":[{"key_name":"pengadaan.supplier","label":"Supplier","icon":"Truck","path":"/suppliers","order_index":1,"permission":{"can_view":true,"can_create":true,"can_edit":true,"can_delete":false},"children":[]},{"key_name":"pengadaan.pembelian","label":"Pembelian","icon":"ShoppingBag","path":"/suppliers/purchases","order_index":2,"permission":{"can_view":true,"can_create":true,"can_edit":true,"can_delete":false},"children":[]},{"key_name":"pengadaan.retur","label":"Retur","icon":"RotateCcw","path":"/suppliers/returns","order_index":3,"permission":{"can_view":true,"can_create":true,"can_edit":true,"can_delete":false},"children":[]}]},{"key_name":"pelanggan","label":"Pelanggan","icon":"Users","path":null,"order_index":5,"permission":{"can_view":true,"can_create":true,"can_edit":true,"can_delete":false},"children":[{"key_name":"pelanggan.pelanggan","label":"Pelanggan","icon":"Users","path":"/customers","order_index":1,"permission":{"can_view":true,"can_create":true,"can_edit":true,"can_delete":false},"children":[]},{"key_name":"pelanggan.piutang","label":"Piutang","icon":"CreditCard","path":"/receivables","order_index":2,"permission":{"can_view":true,"can_create":true,"can_edit":true,"can_delete":false},"children":[]}]},{"key_name":"keuangan","label":"Keuangan","icon":"Wallet","path":null,"order_index":6,"permission":{"can_view":true,"can_create":true,"can_edit":true,"can_delete":false},"children":[{"key_name":"keuangan.dashboard","label":"Dashboard Keuangan","icon":"Wallet","path":"/finance","order_index":1,"permission":{"can_view":true,"can_create":true,"can_edit":true,"can_delete":false},"children":[]},{"key_name":"keuangan.kas_harian","label":"Kas Harian","icon":"Landmark","path":"/finance/cash-drawer","order_index":2,"permission":{"can_view":true,"can_create":true,"can_edit":true,"can_delete":false},"children":[]},{"key_name":"keuangan.pengeluaran","label":"Pengeluaran","icon":"TrendingDown","path":"/finance/expenses","order_index":3,"permission":{"can_view":true,"can_create":true,"can_edit":true,"can_delete":false},"children":[]},{"key_name":"keuangan.kas_saya","label":"Kas Saya","icon":"Wallet","path":"/finance/my-cash","order_index":4,"permission":{"can_view":true,"can_create":true,"can_edit":true,"can_delete":false},"children":[]}]},{"key_name":"pelaporan","label":"Pelaporan","icon":"BarChart2","path":null,"order_index":7,"permission":{"can_view":true,"can_create":true,"can_edit":true,"can_delete":false},"children":[{"key_name":"pelaporan.penjualan","label":"Penjualan","icon":"TrendingUp","path":"/reports/sales","order_index":1,"permission":{"can_view":true,"can_create":true,"can_edit":true,"can_delete":false},"children":[]},{"key_name":"pelaporan.laba_rugi","label":"Laba Rugi","icon":"LineChart","path":"/reports/profit-loss","order_index":2,"permission":{"can_view":true,"can_create":true,"can_edit":true,"can_delete":false},"children":[]},{"key_name":"pelaporan.stok","label":"Stok","icon":"PackageSearch","path":"/reports/stock","order_index":3,"permission":{"can_view":true,"can_create":true,"can_edit":true,"can_delete":false},"children":[]},{"key_name":"pelaporan.kinerja_kasir","label":"Kinerja Kasir","icon":"BarChart2","path":"/reports/cashier","order_index":4,"permission":{"can_view":true,"can_create":true,"can_edit":true,"can_delete":false},"children":[]}]},{"key_name":"operasional","label":"Operasional","icon":"Clock","path":null,"order_index":8,"permission":{"can_view":true,"can_create":true,"can_edit":true,"can_delete":false},"children":[{"key_name":"operasional.shift","label":"Shift","icon":"Clock","path":"/shifts","order_index":1,"permission":{"can_view":true,"can_create":true,"can_edit":true,"can_delete":false},"children":[]},{"key_name":"operasional.sync","label":"Sync Center","icon":"RefreshCw","path":"/sync","order_index":2,"permission":{"can_view":true,"can_create":true,"can_edit":true,"can_delete":false},"children":[]}]},{"key_name":"sistem","label":"Sistem","icon":"Settings","path":null,"order_index":9,"permission":{"can_view":true,"can_create":true,"can_edit":true,"can_delete":false},"children":[{"key_name":"sistem.profil_toko","label":"Profil Toko","icon":"Settings","path":"/settings/store","order_index":1,"permission":{"can_view":true,"can_create":true,"can_edit":true,"can_delete":false},"children":[]},{"key_name":"sistem.roles","label":"Manajemen Role","icon":"Shield","path":"/settings/roles","order_index":3,"permission":{"can_view":true,"can_create":false,"can_edit":false,"can_delete":false},"children":[]},{"key_name":"sistem.menus","label":"Manajemen Menu","icon":"LayoutList","path":"/settings/menus","order_index":4,"permission":{"can_view":true,"can_create":false,"can_edit":false,"can_delete":false},"children":[]},{"key_name":"sistem.printer","label":"Printer","icon":"Printer","path":"/settings/printer","order_index":5,"permission":{"can_view":true,"can_create":true,"can_edit":true,"can_delete":false},"children":[]},{"key_name":"sistem.versi","label":"Versi Aplikasi","icon":"RefreshCw","path":"/settings/versions","order_index":6,"permission":{"can_view":true,"can_create":false,"can_edit":false,"can_delete":false},"children":[]},{"key_name":"sistem.backup","label":"Backup \u0026 Restore","icon":"DatabaseBackup","path":"/settings/backup","order_index":7,"permission":{"can_view":true,"can_create":true,"can_edit":true,"can_delete":false},"children":[]}]}]}', 2, 5, '::1', NULL, '2026-07-23 10:10:00.056')

2026/07/23 10:10:00 [32mD:/Develop/Project_pos_mahenz/BE/domain/auth/repo/auth_repo.go:46
[0m[33m[1.134ms] [34;1m[rows:1][0m SELECT id, user_id, user_role, token, device_info, expires_at FROM sessions WHERE token = 'eyJhbGciOiJIUzI1NiIsInR5cCI6IkpXVCJ9.eyJhcHBzIjoid2ViIiwiZXhwIjoxNzg0ODA1MDAwLCJmdWxsX25hbWUiOiJBZG1pbmlzdHJhdG9yIiwicm9sZSI6ImFkbWluIiwidXNlcl9pZCI6MiwidXNlcm5hbWUiOiJhZG1pbiJ9.Vt0XM8kgV6tns-6OZk0XzXG0XtcxVAQG2b0VK2IdR9o' LIMIT 1

2026/07/23 10:10:00 [32mD:/Develop/Project_pos_mahenz/BE/domain/menu/repo/menu_repo.go:121
[0m[33m[0.532ms] [34;1m[rows:-][0m 
		SELECT
			m.id,
			m.parent_id,
			m.key_name,
			m.label,
			m.icon,
			m.path,
			m.order_index,
			COALESCE(rma.can_view,   0),
			COALESCE(rma.can_create, 0),
			COALESCE(rma.can_edit,   0),
			COALESCE(rma.can_delete, 0)
		FROM menus m
		LEFT JOIN role_menu_access rma ON rma.menu_id = m.id
			AND rma.role_id = (SELECT id FROM roles WHERE name = 'admin' AND is_active = 1 LIMIT 1)
		WHERE m.is_active = 1
		ORDER BY m.order_index ASC, m.id ASC
		
[GIN] 2026/07/23 - 10:10:00 | 200 |      2.3852ms |             ::1 | POST     "/api/menus/my"

2026/07/23 10:10:00 [32mD:/Develop/Project_pos_mahenz/BE/repository/log_request_repository.go:32
[0m[33m[2.798ms] [34;1m[rows:1][0m INSERT INTO log_requests (id, method, endpoint, status_code, request_body, response_body, user_id, duration_ms, ip_address, error_message, created_at) VALUES ('08faf37d-7e0c-46b7-8eb1-07e612a4070e', 'POST', '/api/menus/my', 200, '{}', '{"code":"00","status":true,"message":"Menu akses","data":[{"key_name":"beranda","label":"Beranda","icon":"Home","path":null,"order_index":1,"permission":{"can_view":true,"can_create":true,"can_edit":true,"can_delete":false},"children":[{"key_name":"beranda.dashboard","label":"Dashboard","icon":"LayoutDashboard","path":"/dashboard","order_index":1,"permission":{"can_view":true,"can_create":true,"can_edit":true,"can_delete":false},"children":[]}]},{"key_name":"penjualan","label":"Penjualan","icon":"ShoppingCart","path":null,"order_index":2,"permission":{"can_view":true,"can_create":true,"can_edit":true,"can_delete":false},"children":[{"key_name":"penjualan.kasir","label":"Kasir","icon":"ShoppingCart","path":"/kasir","order_index":1,"permission":{"can_view":true,"can_create":true,"can_edit":true,"can_delete":false},"children":[]},{"key_name":"penjualan.transaksi","label":"Transaksi","icon":"Receipt","path":"/transactions","order_index":2,"permission":{"can_view":true,"can_create":true,"can_edit":true,"can_delete":false},"children":[]}]},{"key_name":"produk","label":"Produk","icon":"Package","path":null,"order_index":3,"permission":{"can_view":true,"can_create":true,"can_edit":true,"can_delete":false},"children":[{"key_name":"produk.produk","label":"Produk","icon":"Package","path":"/products","order_index":1,"permission":{"can_view":true,"can_create":true,"can_edit":true,"can_delete":false},"children":[]},{"key_name":"produk.kategori","label":"Kategori","icon":"Tag","path":"/products/categories","order_index":2,"permission":{"can_view":true,"can_create":true,"can_edit":true,"can_delete":false},"children":[]},{"key_name":"produk.unit","label":"Unit","icon":"PackageSearch","path":"/products/units","order_index":3,"permission":{"can_view":true,"can_create":true,"can_edit":true,"can_delete":false},"children":[]}]},{"key_name":"pengadaan","label":"Pengadaan","icon":"Truck","path":null,"order_index":4,"permission":{"can_view":true,"can_create":true,"can_edit":true,"can_delete":false},"children":[{"key_name":"pengadaan.supplier","label":"Supplier","icon":"Truck","path":"/suppliers","order_index":1,"permission":{"can_view":true,"can_create":true,"can_edit":true,"can_delete":false},"children":[]},{"key_name":"pengadaan.pembelian","label":"Pembelian","icon":"ShoppingBag","path":"/suppliers/purchases","order_index":2,"permission":{"can_view":true,"can_create":true,"can_edit":true,"can_delete":false},"children":[]},{"key_name":"pengadaan.retur","label":"Retur","icon":"RotateCcw","path":"/suppliers/returns","order_index":3,"permission":{"can_view":true,"can_create":true,"can_edit":true,"can_delete":false},"children":[]}]},{"key_name":"pelanggan","label":"Pelanggan","icon":"Users","path":null,"order_index":5,"permission":{"can_view":true,"can_create":true,"can_edit":true,"can_delete":false},"children":[{"key_name":"pelanggan.pelanggan","label":"Pelanggan","icon":"Users","path":"/customers","order_index":1,"permission":{"can_view":true,"can_create":true,"can_edit":true,"can_delete":false},"children":[]},{"key_name":"pelanggan.piutang","label":"Piutang","icon":"CreditCard","path":"/receivables","order_index":2,"permission":{"can_view":true,"can_create":true,"can_edit":true,"can_delete":false},"children":[]}]},{"key_name":"keuangan","label":"Keuangan","icon":"Wallet","path":null,"order_index":6,"permission":{"can_view":true,"can_create":true,"can_edit":true,"can_delete":false},"children":[{"key_name":"keuangan.dashboard","label":"Dashboard Keuangan","icon":"Wallet","path":"/finance","order_index":1,"permission":{"can_view":true,"can_create":true,"can_edit":true,"can_delete":false},"children":[]},{"key_name":"keuangan.kas_harian","label":"Kas Harian","icon":"Landmark","path":"/finance/cash-drawer","order_index":2,"permission":{"can_view":true,"can_create":true,"can_edit":true,"can_delete":false},"children":[]},{"key_name":"keuangan.pengeluaran","label":"Pengeluaran","icon":"TrendingDown","path":"/finance/expenses","order_index":3,"permission":{"can_view":true,"can_create":true,"can_edit":true,"can_delete":false},"children":[]},{"key_name":"keuangan.kas_saya","label":"Kas Saya","icon":"Wallet","path":"/finance/my-cash","order_index":4,"permission":{"can_view":true,"can_create":true,"can_edit":true,"can_delete":false},"children":[]}]},{"key_name":"pelaporan","label":"Pelaporan","icon":"BarChart2","path":null,"order_index":7,"permission":{"can_view":true,"can_create":true,"can_edit":true,"can_delete":false},"children":[{"key_name":"pelaporan.penjualan","label":"Penjualan","icon":"TrendingUp","path":"/reports/sales","order_index":1,"permission":{"can_view":true,"can_create":true,"can_edit":true,"can_delete":false},"children":[]},{"key_name":"pelaporan.laba_rugi","label":"Laba Rugi","icon":"LineChart","path":"/reports/profit-loss","order_index":2,"permission":{"can_view":true,"can_create":true,"can_edit":true,"can_delete":false},"children":[]},{"key_name":"pelaporan.stok","label":"Stok","icon":"PackageSearch","path":"/reports/stock","order_index":3,"permission":{"can_view":true,"can_create":true,"can_edit":true,"can_delete":false},"children":[]},{"key_name":"pelaporan.kinerja_kasir","label":"Kinerja Kasir","icon":"BarChart2","path":"/reports/cashier","order_index":4,"permission":{"can_view":true,"can_create":true,"can_edit":true,"can_delete":false},"children":[]}]},{"key_name":"operasional","label":"Operasional","icon":"Clock","path":null,"order_index":8,"permission":{"can_view":true,"can_create":true,"can_edit":true,"can_delete":false},"children":[{"key_name":"operasional.shift","label":"Shift","icon":"Clock","path":"/shifts","order_index":1,"permission":{"can_view":true,"can_create":true,"can_edit":true,"can_delete":false},"children":[]},{"key_name":"operasional.sync","label":"Sync Center","icon":"RefreshCw","path":"/sync","order_index":2,"permission":{"can_view":true,"can_create":true,"can_edit":true,"can_delete":false},"children":[]}]},{"key_name":"sistem","label":"Sistem","icon":"Settings","path":null,"order_index":9,"permission":{"can_view":true,"can_create":true,"can_edit":true,"can_delete":false},"children":[{"key_name":"sistem.profil_toko","label":"Profil Toko","icon":"Settings","path":"/settings/store","order_index":1,"permission":{"can_view":true,"can_create":true,"can_edit":true,"can_delete":false},"children":[]},{"key_name":"sistem.roles","label":"Manajemen Role","icon":"Shield","path":"/settings/roles","order_index":3,"permission":{"can_view":true,"can_create":false,"can_edit":false,"can_delete":false},"children":[]},{"key_name":"sistem.menus","label":"Manajemen Menu","icon":"LayoutList","path":"/settings/menus","order_index":4,"permission":{"can_view":true,"can_create":false,"can_edit":false,"can_delete":false},"children":[]},{"key_name":"sistem.printer","label":"Printer","icon":"Printer","path":"/settings/printer","order_index":5,"permission":{"can_view":true,"can_create":true,"can_edit":true,"can_delete":false},"children":[]},{"key_name":"sistem.versi","label":"Versi Aplikasi","icon":"RefreshCw","path":"/settings/versions","order_index":6,"permission":{"can_view":true,"can_create":false,"can_edit":false,"can_delete":false},"children":[]},{"key_name":"sistem.backup","label":"Backup \u0026 Restore","icon":"DatabaseBackup","path":"/settings/backup","order_index":7,"permission":{"can_view":true,"can_create":true,"can_edit":true,"can_delete":false},"children":[]}]}]}', 2, 2, '::1', NULL, '2026-07-23 10:10:00.292')
[GIN] 2026/07/23 - 10:10:00 | 204 |            0s |             ::1 | OPTIONS  "/api/sync/conflicts/count"

2026/07/23 10:10:00 [32mD:/Develop/Project_pos_mahenz/BE/domain/auth/repo/auth_repo.go:46
[0m[33m[0.505ms] [34;1m[rows:1][0m SELECT id, user_id, user_role, token, device_info, expires_at FROM sessions WHERE token = 'eyJhbGciOiJIUzI1NiIsInR5cCI6IkpXVCJ9.eyJhcHBzIjoid2ViIiwiZXhwIjoxNzg0ODA1MDAwLCJmdWxsX25hbWUiOiJBZG1pbmlzdHJhdG9yIiwicm9sZSI6ImFkbWluIiwidXNlcl9pZCI6MiwidXNlcm5hbWUiOiJhZG1pbiJ9.Vt0XM8kgV6tns-6OZk0XzXG0XtcxVAQG2b0VK2IdR9o' LIMIT 1

2026/07/23 10:10:00 [32mD:/Develop/Project_pos_mahenz/BE/domain/sync/repo/sync_repo.go:84
[0m[33m[0.658ms] [34;1m[rows:1][0m SELECT COUNT(*) FROM sync_conflicts WHERE status = 'pending'
[GIN] 2026/07/23 - 10:10:00 | 200 |      1.5094ms |             ::1 | GET      "/api/sync/conflicts/count"

2026/07/23 10:10:00 [32mD:/Develop/Project_pos_mahenz/BE/repository/log_request_repository.go:32
[0m[33m[3.296ms] [34;1m[rows:1][0m INSERT INTO log_requests (id, method, endpoint, status_code, request_body, response_body, user_id, duration_ms, ip_address, error_message, created_at) VALUES ('9955dfaf-8024-49b1-922c-92c9f3eccf77', 'GET', '/api/sync/conflicts/count', 200, '', '{"code":"00","status":true,"message":"Jumlah konflik pending","data":{"count":0}}', 2, 1, '::1', NULL, '2026-07-23 10:10:00.345')
[GIN] 2026/07/23 - 10:10:00 | 204 |            0s |             ::1 | OPTIONS  "/api/dashboard/stats?period=today"
[GIN] 2026/07/23 - 10:10:00 | 204 |            0s |             ::1 | OPTIONS  "/api/dashboard/sales-trend?period=7days"
[GIN] 2026/07/23 - 10:10:00 | 204 |            0s |             ::1 | OPTIONS  "/api/dashboard/top-products?start_date=2026-07-17&end_date=2026-07-23&limit=10"

2026/07/23 10:10:00 [32mD:/Develop/Project_pos_mahenz/BE/domain/auth/repo/auth_repo.go:46
[0m[33m[1.051ms] [34;1m[rows:1][0m SELECT id, user_id, user_role, token, device_info, expires_at FROM sessions WHERE token = 'eyJhbGciOiJIUzI1NiIsInR5cCI6IkpXVCJ9.eyJhcHBzIjoid2ViIiwiZXhwIjoxNzg0ODA1MDAwLCJmdWxsX25hbWUiOiJBZG1pbmlzdHJhdG9yIiwicm9sZSI6ImFkbWluIiwidXNlcl9pZCI6MiwidXNlcm5hbWUiOiJhZG1pbiJ9.Vt0XM8kgV6tns-6OZk0XzXG0XtcxVAQG2b0VK2IdR9o' LIMIT 1

2026/07/23 10:10:00 [32mD:/Develop/Project_pos_mahenz/BE/domain/auth/repo/auth_repo.go:46
[0m[33m[1.262ms] [34;1m[rows:1][0m SELECT id, user_id, user_role, token, device_info, expires_at FROM sessions WHERE token = 'eyJhbGciOiJIUzI1NiIsInR5cCI6IkpXVCJ9.eyJhcHBzIjoid2ViIiwiZXhwIjoxNzg0ODA1MDAwLCJmdWxsX25hbWUiOiJBZG1pbmlzdHJhdG9yIiwicm9sZSI6ImFkbWluIiwidXNlcl9pZCI6MiwidXNlcm5hbWUiOiJhZG1pbiJ9.Vt0XM8kgV6tns-6OZk0XzXG0XtcxVAQG2b0VK2IdR9o' LIMIT 1

2026/07/23 10:10:00 [32mD:/Develop/Project_pos_mahenz/BE/domain/dashboard/repo/dashboard_repo.go:124
[0m[33m[0.524ms] [34;1m[rows:-][0m 
		SELECT COUNT(*) as total_transactions, COALESCE(SUM(total_amount),0) as total_sales,
		       COALESCE(SUM(discount),0) as total_discount
		FROM transactions WHERE DATE(transaction_date) BETWEEN '2026-07-23' AND '2026-07-23' AND status = 'completed'

2026/07/23 10:10:00 [32mD:/Develop/Project_pos_mahenz/BE/domain/dashboard/repo/dashboard_repo.go:177
[0m[33m[1.050ms] [34;1m[rows:-][0m 
		SELECT DATE_FORMAT(transaction_date, '%Y-%m-%d') as label,
		       COALESCE(SUM(total_amount),0) as total_sales,
		       COUNT(*) as total_transactions
		FROM transactions
		WHERE transaction_date >= DATE_SUB(NOW(), INTERVAL 7 DAY) AND status = 'completed'
		GROUP BY DATE(transaction_date) ORDER BY label
[GIN] 2026/07/23 - 10:10:00 | 200 |      2.8546ms |             ::1 | GET      "/api/dashboard/sales-trend?period=7days"

2026/07/23 10:10:00 [32mD:/Develop/Project_pos_mahenz/BE/domain/dashboard/repo/dashboard_repo.go:133
[0m[33m[0.527ms] [34;1m[rows:-][0m SELECT COALESCE(SUM(amount),0) as total FROM expenses WHERE expense_date BETWEEN '2026-07-23' AND '2026-07-23'

2026/07/23 10:10:00 [32mD:/Develop/Project_pos_mahenz/BE/domain/dashboard/repo/dashboard_repo.go:142
[0m[33m[0.529ms] [34;1m[rows:-][0m 
		SELECT COUNT(*) as total_transactions, COALESCE(SUM(total_amount),0) as total_sales
		FROM transactions WHERE MONTH(transaction_date) = MONTH(NOW())
		AND YEAR(transaction_date) = YEAR(NOW()) AND status = 'completed'

2026/07/23 10:10:00 [32mD:/Develop/Project_pos_mahenz/BE/domain/dashboard/repo/dashboard_repo.go:151
[0m[33m[0.000ms] [34;1m[rows:-][0m 
		SELECT COALESCE(SUM(amount),0) as total FROM expenses
		WHERE MONTH(expense_date) = MONTH(NOW()) AND YEAR(expense_date) = YEAR(NOW())

2026/07/23 10:10:00 [32mD:/Develop/Project_pos_mahenz/BE/domain/dashboard/repo/dashboard_repo.go:160
[0m[33m[0.687ms] [34;1m[rows:-][0m SELECT COUNT(*) FROM products WHERE stock <= min_stock AND is_active = 1

2026/07/23 10:10:00 [32mD:/Develop/Project_pos_mahenz/BE/domain/auth/repo/auth_repo.go:46
[0m[33m[2.788ms] [34;1m[rows:1][0m SELECT id, user_id, user_role, token, device_info, expires_at FROM sessions WHERE token = 'eyJhbGciOiJIUzI1NiIsInR5cCI6IkpXVCJ9.eyJhcHBzIjoid2ViIiwiZXhwIjoxNzg0ODA1MDAwLCJmdWxsX25hbWUiOiJBZG1pbmlzdHJhdG9yIiwicm9sZSI6ImFkbWluIiwidXNlcl9pZCI6MiwidXNlcm5hbWUiOiJhZG1pbiJ9.Vt0XM8kgV6tns-6OZk0XzXG0XtcxVAQG2b0VK2IdR9o' LIMIT 1

2026/07/23 10:10:00 [32mD:/Develop/Project_pos_mahenz/BE/domain/dashboard/repo/dashboard_repo.go:169
[0m[33m[0.519ms] [34;1m[rows:-][0m SELECT COUNT(*) FROM receivables WHERE status != 'paid'
[GIN] 2026/07/23 - 10:10:00 | 200 |       5.623ms |             ::1 | GET      "/api/dashboard/stats?period=today"

2026/07/23 10:10:00 [32mD:/Develop/Project_pos_mahenz/BE/domain/dashboard/repo/dashboard_repo.go:199
[0m[33m[1.228ms] [34;1m[rows:-][0m 
		SELECT ti.product_id, p.name as product_name,
		       SUM(ti.quantity) as total_qty,
		       SUM(ti.subtotal) as total_value
		FROM transaction_items ti
		LEFT JOIN products p ON ti.product_id = p.id
		LEFT JOIN transactions t ON ti.transaction_id = t.id
		WHERE DATE(t.transaction_date) BETWEEN '2026-07-17' AND '2026-07-23' AND t.status = 'completed'
		GROUP BY ti.product_id, p.name
		ORDER BY total_qty DESC LIMIT 10
[GIN] 2026/07/23 - 10:10:00 | 200 |      4.5343ms |             ::1 | GET      "/api/dashboard/top-products?start_date=2026-07-17&end_date=2026-07-23&limit=10"

2026/07/23 10:10:00 [32mD:/Develop/Project_pos_mahenz/BE/repository/log_request_repository.go:32
[0m[33m[9.004ms] [34;1m[rows:1][0m INSERT INTO log_requests (id, method, endpoint, status_code, request_body, response_body, user_id, duration_ms, ip_address, error_message, created_at) VALUES ('1c68d983-dadd-446a-b861-5594d5681f13', 'GET', '/api/dashboard/sales-trend?period=7days', 200, '', '{"code":"00","status":true,"message":"Tren penjualan","data":[]}', 2, 2, '::1', NULL, '2026-07-23 10:10:00.649')

2026/07/23 10:10:00 [32mD:/Develop/Project_pos_mahenz/BE/repository/log_request_repository.go:32
[0m[33m[8.566ms] [34;1m[rows:1][0m INSERT INTO log_requests (id, method, endpoint, status_code, request_body, response_body, user_id, duration_ms, ip_address, error_message, created_at) VALUES ('6298a4d3-74ed-4802-af5f-9b6a6a4fba8c', 'GET', '/api/dashboard/stats?period=today', 200, '', '{"code":"00","status":true,"message":"Statistik dashboard","data":{"today":{"total_transactions":0,"total_sales":0,"total_discount":0,"total_expenses":0,"gross_profit":0},"this_month":{"total_transactions":0,"total_sales":0,"total_expenses":0,"gross_profit":0},"low_stock_count":4,"open_receivables":0}}', 2, 5, '::1', NULL, '2026-07-23 10:10:00.652')

2026/07/23 10:10:00 [32mD:/Develop/Project_pos_mahenz/BE/repository/log_request_repository.go:32
[0m[33m[6.819ms] [34;1m[rows:1][0m INSERT INTO log_requests (id, method, endpoint, status_code, request_body, response_body, user_id, duration_ms, ip_address, error_message, created_at) VALUES ('23a287a6-2970-4a7b-804a-fedd7bb29054', 'GET', '/api/dashboard/top-products?start_date=2026-07-17&end_date=2026-07-23&limit=10', 200, '', '{"code":"00","status":true,"message":"Produk terlaris","data":[]}', 2, 4, '::1', NULL, '2026-07-23 10:10:00.653')

2026/07/23 10:10:00 [32mD:/Develop/Project_pos_mahenz/BE/domain/auth/repo/auth_repo.go:46
[0m[33m[0.515ms] [34;1m[rows:1][0m SELECT id, user_id, user_role, token, device_info, expires_at FROM sessions WHERE token = 'eyJhbGciOiJIUzI1NiIsInR5cCI6IkpXVCJ9.eyJhcHBzIjoid2ViIiwiZXhwIjoxNzg0ODA1MDAwLCJmdWxsX25hbWUiOiJBZG1pbmlzdHJhdG9yIiwicm9sZSI6ImFkbWluIiwidXNlcl9pZCI6MiwidXNlcm5hbWUiOiJhZG1pbiJ9.Vt0XM8kgV6tns-6OZk0XzXG0XtcxVAQG2b0VK2IdR9o' LIMIT 1

2026/07/23 10:10:00 [32mD:/Develop/Project_pos_mahenz/BE/domain/menu/repo/menu_repo.go:121
[0m[33m[1.429ms] [34;1m[rows:-][0m 
		SELECT
			m.id,
			m.parent_id,
			m.key_name,
			m.label,
			m.icon,
			m.path,
			m.order_index,
			COALESCE(rma.can_view,   0),
			COALESCE(rma.can_create, 0),
			COALESCE(rma.can_edit,   0),
			COALESCE(rma.can_delete, 0)
		FROM menus m
		LEFT JOIN role_menu_access rma ON rma.menu_id = m.id
			AND rma.role_id = (SELECT id FROM roles WHERE name = 'admin' AND is_active = 1 LIMIT 1)
		WHERE m.is_active = 1
		ORDER BY m.order_index ASC, m.id ASC
		
[GIN] 2026/07/23 - 10:10:00 | 200 |      1.9447ms |             ::1 | POST     "/api/menus/my"

2026/07/23 10:10:00 [32mD:/Develop/Project_pos_mahenz/BE/repository/log_request_repository.go:32
[0m[33m[3.646ms] [34;1m[rows:1][0m INSERT INTO log_requests (id, method, endpoint, status_code, request_body, response_body, user_id, duration_ms, ip_address, error_message, created_at) VALUES ('50818e83-11a1-4ca0-94c7-7daf6948b271', 'POST', '/api/menus/my', 200, '{}', '{"code":"00","status":true,"message":"Menu akses","data":[{"key_name":"beranda","label":"Beranda","icon":"Home","path":null,"order_index":1,"permission":{"can_view":true,"can_create":true,"can_edit":true,"can_delete":false},"children":[{"key_name":"beranda.dashboard","label":"Dashboard","icon":"LayoutDashboard","path":"/dashboard","order_index":1,"permission":{"can_view":true,"can_create":true,"can_edit":true,"can_delete":false},"children":[]}]},{"key_name":"penjualan","label":"Penjualan","icon":"ShoppingCart","path":null,"order_index":2,"permission":{"can_view":true,"can_create":true,"can_edit":true,"can_delete":false},"children":[{"key_name":"penjualan.kasir","label":"Kasir","icon":"ShoppingCart","path":"/kasir","order_index":1,"permission":{"can_view":true,"can_create":true,"can_edit":true,"can_delete":false},"children":[]},{"key_name":"penjualan.transaksi","label":"Transaksi","icon":"Receipt","path":"/transactions","order_index":2,"permission":{"can_view":true,"can_create":true,"can_edit":true,"can_delete":false},"children":[]}]},{"key_name":"produk","label":"Produk","icon":"Package","path":null,"order_index":3,"permission":{"can_view":true,"can_create":true,"can_edit":true,"can_delete":false},"children":[{"key_name":"produk.produk","label":"Produk","icon":"Package","path":"/products","order_index":1,"permission":{"can_view":true,"can_create":true,"can_edit":true,"can_delete":false},"children":[]},{"key_name":"produk.kategori","label":"Kategori","icon":"Tag","path":"/products/categories","order_index":2,"permission":{"can_view":true,"can_create":true,"can_edit":true,"can_delete":false},"children":[]},{"key_name":"produk.unit","label":"Unit","icon":"PackageSearch","path":"/products/units","order_index":3,"permission":{"can_view":true,"can_create":true,"can_edit":true,"can_delete":false},"children":[]}]},{"key_name":"pengadaan","label":"Pengadaan","icon":"Truck","path":null,"order_index":4,"permission":{"can_view":true,"can_create":true,"can_edit":true,"can_delete":false},"children":[{"key_name":"pengadaan.supplier","label":"Supplier","icon":"Truck","path":"/suppliers","order_index":1,"permission":{"can_view":true,"can_create":true,"can_edit":true,"can_delete":false},"children":[]},{"key_name":"pengadaan.pembelian","label":"Pembelian","icon":"ShoppingBag","path":"/suppliers/purchases","order_index":2,"permission":{"can_view":true,"can_create":true,"can_edit":true,"can_delete":false},"children":[]},{"key_name":"pengadaan.retur","label":"Retur","icon":"RotateCcw","path":"/suppliers/returns","order_index":3,"permission":{"can_view":true,"can_create":true,"can_edit":true,"can_delete":false},"children":[]}]},{"key_name":"pelanggan","label":"Pelanggan","icon":"Users","path":null,"order_index":5,"permission":{"can_view":true,"can_create":true,"can_edit":true,"can_delete":false},"children":[{"key_name":"pelanggan.pelanggan","label":"Pelanggan","icon":"Users","path":"/customers","order_index":1,"permission":{"can_view":true,"can_create":true,"can_edit":true,"can_delete":false},"children":[]},{"key_name":"pelanggan.piutang","label":"Piutang","icon":"CreditCard","path":"/receivables","order_index":2,"permission":{"can_view":true,"can_create":true,"can_edit":true,"can_delete":false},"children":[]}]},{"key_name":"keuangan","label":"Keuangan","icon":"Wallet","path":null,"order_index":6,"permission":{"can_view":true,"can_create":true,"can_edit":true,"can_delete":false},"children":[{"key_name":"keuangan.dashboard","label":"Dashboard Keuangan","icon":"Wallet","path":"/finance","order_index":1,"permission":{"can_view":true,"can_create":true,"can_edit":true,"can_delete":false},"children":[]},{"key_name":"keuangan.kas_harian","label":"Kas Harian","icon":"Landmark","path":"/finance/cash-drawer","order_index":2,"permission":{"can_view":true,"can_create":true,"can_edit":true,"can_delete":false},"children":[]},{"key_name":"keuangan.pengeluaran","label":"Pengeluaran","icon":"TrendingDown","path":"/finance/expenses","order_index":3,"permission":{"can_view":true,"can_create":true,"can_edit":true,"can_delete":false},"children":[]},{"key_name":"keuangan.kas_saya","label":"Kas Saya","icon":"Wallet","path":"/finance/my-cash","order_index":4,"permission":{"can_view":true,"can_create":true,"can_edit":true,"can_delete":false},"children":[]}]},{"key_name":"pelaporan","label":"Pelaporan","icon":"BarChart2","path":null,"order_index":7,"permission":{"can_view":true,"can_create":true,"can_edit":true,"can_delete":false},"children":[{"key_name":"pelaporan.penjualan","label":"Penjualan","icon":"TrendingUp","path":"/reports/sales","order_index":1,"permission":{"can_view":true,"can_create":true,"can_edit":true,"can_delete":false},"children":[]},{"key_name":"pelaporan.laba_rugi","label":"Laba Rugi","icon":"LineChart","path":"/reports/profit-loss","order_index":2,"permission":{"can_view":true,"can_create":true,"can_edit":true,"can_delete":false},"children":[]},{"key_name":"pelaporan.stok","label":"Stok","icon":"PackageSearch","path":"/reports/stock","order_index":3,"permission":{"can_view":true,"can_create":true,"can_edit":true,"can_delete":false},"children":[]},{"key_name":"pelaporan.kinerja_kasir","label":"Kinerja Kasir","icon":"BarChart2","path":"/reports/cashier","order_index":4,"permission":{"can_view":true,"can_create":true,"can_edit":true,"can_delete":false},"children":[]}]},{"key_name":"operasional","label":"Operasional","icon":"Clock","path":null,"order_index":8,"permission":{"can_view":true,"can_create":true,"can_edit":true,"can_delete":false},"children":[{"key_name":"operasional.shift","label":"Shift","icon":"Clock","path":"/shifts","order_index":1,"permission":{"can_view":true,"can_create":true,"can_edit":true,"can_delete":false},"children":[]},{"key_name":"operasional.sync","label":"Sync Center","icon":"RefreshCw","path":"/sync","order_index":2,"permission":{"can_view":true,"can_create":true,"can_edit":true,"can_delete":false},"children":[]}]},{"key_name":"sistem","label":"Sistem","icon":"Settings","path":null,"order_index":9,"permission":{"can_view":true,"can_create":true,"can_edit":true,"can_delete":false},"children":[{"key_name":"sistem.profil_toko","label":"Profil Toko","icon":"Settings","path":"/settings/store","order_index":1,"permission":{"can_view":true,"can_create":true,"can_edit":true,"can_delete":false},"children":[]},{"key_name":"sistem.roles","label":"Manajemen Role","icon":"Shield","path":"/settings/roles","order_index":3,"permission":{"can_view":true,"can_create":false,"can_edit":false,"can_delete":false},"children":[]},{"key_name":"sistem.menus","label":"Manajemen Menu","icon":"LayoutList","path":"/settings/menus","order_index":4,"permission":{"can_view":true,"can_create":false,"can_edit":false,"can_delete":false},"children":[]},{"key_name":"sistem.printer","label":"Printer","icon":"Printer","path":"/settings/printer","order_index":5,"permission":{"can_view":true,"can_create":true,"can_edit":true,"can_delete":false},"children":[]},{"key_name":"sistem.versi","label":"Versi Aplikasi","icon":"RefreshCw","path":"/settings/versions","order_index":6,"permission":{"can_view":true,"can_create":false,"can_edit":false,"can_delete":false},"children":[]},{"key_name":"sistem.backup","label":"Backup \u0026 Restore","icon":"DatabaseBackup","path":"/settings/backup","order_index":7,"permission":{"can_view":true,"can_create":true,"can_edit":true,"can_delete":false},"children":[]}]}]}', 2, 1, '::1', NULL, '2026-07-23 10:10:00.925')

2026/07/23 10:10:00 [32mD:/Develop/Project_pos_mahenz/BE/domain/auth/repo/auth_repo.go:46
[0m[33m[1.116ms] [34;1m[rows:1][0m SELECT id, user_id, user_role, token, device_info, expires_at FROM sessions WHERE token = 'eyJhbGciOiJIUzI1NiIsInR5cCI6IkpXVCJ9.eyJhcHBzIjoid2ViIiwiZXhwIjoxNzg0ODA1MDAwLCJmdWxsX25hbWUiOiJBZG1pbmlzdHJhdG9yIiwicm9sZSI6ImFkbWluIiwidXNlcl9pZCI6MiwidXNlcm5hbWUiOiJhZG1pbiJ9.Vt0XM8kgV6tns-6OZk0XzXG0XtcxVAQG2b0VK2IdR9o' LIMIT 1

2026/07/23 10:10:00 [32mD:/Develop/Project_pos_mahenz/BE/domain/sync/repo/sync_repo.go:84
[0m[33m[0.000ms] [34;1m[rows:1][0m SELECT COUNT(*) FROM sync_conflicts WHERE status = 'pending'
[GIN] 2026/07/23 - 10:10:00 | 200 |      2.3679ms |             ::1 | GET      "/api/sync/conflicts/count"

2026/07/23 10:10:00 [32mD:/Develop/Project_pos_mahenz/BE/repository/log_request_repository.go:32
[0m[33m[2.484ms] [34;1m[rows:1][0m INSERT INTO log_requests (id, method, endpoint, status_code, request_body, response_body, user_id, duration_ms, ip_address, error_message, created_at) VALUES ('b0ae22d7-b30d-4db6-8156-5d0499f688b9', 'GET', '/api/sync/conflicts/count', 200, '', '{"code":"00","status":true,"message":"Jumlah konflik pending","data":{"count":0}}', 2, 2, '::1', NULL, '2026-07-23 10:10:00.966')
[GIN] 2026/07/23 - 10:10:01 | 204 |            0s |             ::1 | OPTIONS  "/api/categories/options"
[GIN] 2026/07/23 - 10:10:01 | 204 |            0s |             ::1 | OPTIONS  "/api/units/options"

2026/07/23 10:10:01 [32mD:/Develop/Project_pos_mahenz/BE/domain/auth/repo/auth_repo.go:46
[0m[33m[0.628ms] [34;1m[rows:1][0m SELECT id, user_id, user_role, token, device_info, expires_at FROM sessions WHERE token = 'eyJhbGciOiJIUzI1NiIsInR5cCI6IkpXVCJ9.eyJhcHBzIjoid2ViIiwiZXhwIjoxNzg0ODA1MDAwLCJmdWxsX25hbWUiOiJBZG1pbmlzdHJhdG9yIiwicm9sZSI6ImFkbWluIiwidXNlcl9pZCI6MiwidXNlcm5hbWUiOiJhZG1pbiJ9.Vt0XM8kgV6tns-6OZk0XzXG0XtcxVAQG2b0VK2IdR9o' LIMIT 1

2026/07/23 10:10:01 [32mD:/Develop/Project_pos_mahenz/BE/domain/auth/repo/auth_repo.go:46
[0m[33m[0.628ms] [34;1m[rows:1][0m SELECT id, user_id, user_role, token, device_info, expires_at FROM sessions WHERE token = 'eyJhbGciOiJIUzI1NiIsInR5cCI6IkpXVCJ9.eyJhcHBzIjoid2ViIiwiZXhwIjoxNzg0ODA1MDAwLCJmdWxsX25hbWUiOiJBZG1pbmlzdHJhdG9yIiwicm9sZSI6ImFkbWluIiwidXNlcl9pZCI6MiwidXNlcm5hbWUiOiJhZG1pbiJ9.Vt0XM8kgV6tns-6OZk0XzXG0XtcxVAQG2b0VK2IdR9o' LIMIT 1

2026/07/23 10:10:01 [32mD:/Develop/Project_pos_mahenz/BE/domain/product_unit/repo/unit_repo.go:72
[0m[33m[0.527ms] [34;1m[rows:1][0m SELECT id, name, abbreviation FROM units WHERE is_active = 1 ORDER BY name

2026/07/23 10:10:01 [32mD:/Develop/Project_pos_mahenz/BE/domain/product_category/repo/product_category_repo.go:70
[0m[33m[0.527ms] [34;1m[rows:2][0m SELECT id, name FROM categories WHERE is_active = 1 ORDER BY name
[GIN] 2026/07/23 - 10:10:01 | 200 |      1.6865ms |             ::1 | POST     "/api/units/options"
[GIN] 2026/07/23 - 10:10:01 | 200 |      2.2185ms |             ::1 | POST     "/api/categories/options"

2026/07/23 10:10:01 [32mD:/Develop/Project_pos_mahenz/BE/repository/log_request_repository.go:32
[0m[33m[2.190ms] [34;1m[rows:1][0m INSERT INTO log_requests (id, method, endpoint, status_code, request_body, response_body, user_id, duration_ms, ip_address, error_message, created_at) VALUES ('715363e3-500d-4365-a451-317c40dbbc89', 'POST', '/api/units/options', 200, '{}', '{"code":"00","status":true,"message":"Opsi satuan","data":[{"id":1,"name":"Pcs","abbreviation":"pcs"}]}', 2, 1, '::1', NULL, '2026-07-23 10:10:01.275')

2026/07/23 10:10:01 [32mD:/Develop/Project_pos_mahenz/BE/repository/log_request_repository.go:32
[0m[33m[2.510ms] [34;1m[rows:1][0m INSERT INTO log_requests (id, method, endpoint, status_code, request_body, response_body, user_id, duration_ms, ip_address, error_message, created_at) VALUES ('0b96bab2-219f-4226-84a5-605f1b5e7556', 'POST', '/api/categories/options', 200, '{}', '{"code":"00","status":true,"message":"Opsi kategori","data":[{"id":2,"name":"Makanan"},{"id":1,"name":"Minuman"}]}', 2, 2, '::1', NULL, '2026-07-23 10:10:01.275')
[GIN] 2026/07/23 - 10:10:01 | 204 |            0s |             ::1 | OPTIONS  "/api/products/list"
[GIN] 2026/07/23 - 10:10:01 | 204 |            0s |             ::1 | OPTIONS  "/api/settings/pagination_sizes"

2026/07/23 10:10:01 [32mD:/Develop/Project_pos_mahenz/BE/domain/auth/repo/auth_repo.go:46
[0m[33m[0.749ms] [34;1m[rows:1][0m SELECT id, user_id, user_role, token, device_info, expires_at FROM sessions WHERE token = 'eyJhbGciOiJIUzI1NiIsInR5cCI6IkpXVCJ9.eyJhcHBzIjoid2ViIiwiZXhwIjoxNzg0ODA1MDAwLCJmdWxsX25hbWUiOiJBZG1pbmlzdHJhdG9yIiwicm9sZSI6ImFkbWluIiwidXNlcl9pZCI6MiwidXNlcm5hbWUiOiJhZG1pbiJ9.Vt0XM8kgV6tns-6OZk0XzXG0XtcxVAQG2b0VK2IdR9o' LIMIT 1

2026/07/23 10:10:01 [32mD:/Develop/Project_pos_mahenz/BE/domain/auth/repo/auth_repo.go:46
[0m[33m[0.749ms] [34;1m[rows:1][0m SELECT id, user_id, user_role, token, device_info, expires_at FROM sessions WHERE token = 'eyJhbGciOiJIUzI1NiIsInR5cCI6IkpXVCJ9.eyJhcHBzIjoid2ViIiwiZXhwIjoxNzg0ODA1MDAwLCJmdWxsX25hbWUiOiJBZG1pbmlzdHJhdG9yIiwicm9sZSI6ImFkbWluIiwidXNlcl9pZCI6MiwidXNlcm5hbWUiOiJhZG1pbiJ9.Vt0XM8kgV6tns-6OZk0XzXG0XtcxVAQG2b0VK2IdR9o' LIMIT 1

2026/07/23 10:10:01 [32mD:/Develop/Project_pos_mahenz/BE/domain/product/repo/product_repo.go:100
[0m[33m[0.000ms] [34;1m[rows:1][0m SELECT COUNT(*) FROM products p WHERE 1=1

2026/07/23 10:10:01 [32mD:/Develop/Project_pos_mahenz/BE/domain/setting/repo/setting_repo.go:32
[0m[33m[0.614ms] [34;1m[rows:-][0m SELECT setting_key, setting_value FROM settings WHERE setting_key = 'pagination_sizes'
[GIN] 2026/07/23 - 10:10:01 | 200 |      2.6185ms |             ::1 | GET      "/api/settings/pagination_sizes"

2026/07/23 10:10:01 [32mD:/Develop/Project_pos_mahenz/BE/domain/product/repo/product_repo.go:119
[0m[33m[2.409ms] [34;1m[rows:5][0m 
		SELECT p.id, p.barcode, COALESCE(p.sku, '') as sku, p.name, p.category_id, COALESCE(c.name, '') as category_name,
		       p.purchase_price, p.selling_price, p.stock, p.reserved_qty, p.min_stock,
		       COALESCE(p.unit_id, 0) as unit_id, COALESCE(u.name, '') as unit_name, COALESCE(u.abbreviation, '') as unit_abbreviation,
		       p.is_active,
		       (SELECT COUNT(*) FROM product_packages pp WHERE pp.product_id = p.id AND pp.is_default = 0) AS extra_packages,
		       (SELECT COUNT(*) FROM product_prices pr WHERE pr.product_id = p.id) AS price_tiers_count
		FROM products p
		LEFT JOIN categories c ON p.category_id = c.id
		LEFT JOIN units u ON u.id = p.unit_id
		WHERE 1=1 ORDER BY p.name ASC LIMIT 10 OFFSET 0
[GIN] 2026/07/23 - 10:10:01 | 200 |      5.6768ms |             ::1 | POST     "/api/products/list"

2026/07/23 10:10:01 [32mD:/Develop/Project_pos_mahenz/BE/repository/log_request_repository.go:32
[0m[33m[2.389ms] [34;1m[rows:1][0m INSERT INTO log_requests (id, method, endpoint, status_code, request_body, response_body, user_id, duration_ms, ip_address, error_message, created_at) VALUES ('dd1e5e86-1748-4871-9ec7-d3805d0282f3', 'GET', '/api/settings/pagination_sizes', 200, '', '{"code":"00","status":true,"message":"Detail pengaturan","data":{"key":"pagination_sizes","value":"[10,20,50]"}}', 2, 2, '::1', NULL, '2026-07-23 10:10:01.404')

2026/07/23 10:10:01 [32mD:/Develop/Project_pos_mahenz/BE/repository/log_request_repository.go:32
[0m[33m[2.741ms] [34;1m[rows:1][0m INSERT INTO log_requests (id, method, endpoint, status_code, request_body, response_body, user_id, duration_ms, ip_address, error_message, created_at) VALUES ('2343eea5-50fe-4324-824c-28c4c4fec878', 'POST', '/api/products/list', 200, '{"page":1,"limit":10,"search":""}', '{"code":"00","status":true,"message":"Daftar produk","data":[{"id":7,"barcode":"7777777777777","sku":"MIN-0005","name":"Manual SKU Jump Test","category_id":1,"category_name":"Minuman","purchase_price":0,"selling_price":1000,"stock":0,"reserved_qty":0,"min_stock":0,"unit_id":1,"unit_name":"Pcs","unit_abbreviation":"pcs","is_active":true,"extra_packages":0,"price_tiers_count":0},{"id":5,"barcode":"5555555555555","sku":"MIN-BYP1","name":"Owner Bypass Stock Test","category_id":1,"category_name":"Minuman","purchase_price":0,"selling_price":1000,"stock":0,"reserved_qty":0,"min_stock":0,"unit_id":1,"unit_name":"Pcs","unit_abbreviation":"pcs","is_active":true,"extra_packages":0,"price_tiers_count":0},{"id":6,"barcode":"6666666666666","sku":"MIN-SPF1","name":"Owner Spoof Role Test","category_id":1,"category_name":"Minuman","purchase_price":0,"selling_price":1000,"stock":0,"reserved_qty":0,"min_stock":0,"unit_id":1,"unit_name":"Pcs","unit_abbreviation":"pcs","is_active":true,"extra_packages":0,"price_tiers_count":0},{"id":4,"barcode":"4444444444444","sku":"MIN-5555","name":"Sanity Check Product","category_id":1,"category_name":"Minuman","purchase_price":0,"selling_price":1000,"stock":0,"reserved_qty":0,"min_stock":0,"unit_id":1,"unit_name":"Pcs","unit_abbreviation":"pcs","is_active":true,"extra_packages":0,"price_tiers_count":0},{"id":1,"barcode":"8990874779046","sku":"MIN-0001","name":"Teh Botol Sosro 350ml (Edited)","category_id":1,"category_name":"Minuman","purchase_price":3500,"selling_price":5800,"stock":50,"reserved_qty":0,"min_stock":10,"unit_id":1,"unit_name":"Pcs","unit_abbreviation":"pcs","is_active":true,"extra_packages":0,"price_tiers_count":0}],"pagination":{"page":1,"per_page":10,"total":5,"total_pages":1}}', 2, 5, '::1', NULL, '2026-07-23 10:10:01.406')
[GIN] 2026/07/23 - 10:10:03 | 204 |            0s |             ::1 | OPTIONS  "/api/products/import-preview"

2026/07/23 10:10:03 [32mD:/Develop/Project_pos_mahenz/BE/domain/auth/repo/auth_repo.go:46
[0m[33m[0.532ms] [34;1m[rows:1][0m SELECT id, user_id, user_role, token, device_info, expires_at FROM sessions WHERE token = 'eyJhbGciOiJIUzI1NiIsInR5cCI6IkpXVCJ9.eyJhcHBzIjoid2ViIiwiZXhwIjoxNzg0ODA1MDAwLCJmdWxsX25hbWUiOiJBZG1pbmlzdHJhdG9yIiwicm9sZSI6ImFkbWluIiwidXNlcl9pZCI6MiwidXNlcm5hbWUiOiJhZG1pbiJ9.Vt0XM8kgV6tns-6OZk0XzXG0XtcxVAQG2b0VK2IdR9o' LIMIT 1

2026/07/23 10:10:03 [32mD:/Develop/Project_pos_mahenz/BE/domain/product_category/repo/product_category_repo.go:70
[0m[33m[0.584ms] [34;1m[rows:2][0m SELECT id, name FROM categories WHERE is_active = 1 ORDER BY name

2026/07/23 10:10:03 [32mD:/Develop/Project_pos_mahenz/BE/domain/product_unit/repo/unit_repo.go:72
[0m[33m[0.588ms] [34;1m[rows:1][0m SELECT id, name, abbreviation FROM units WHERE is_active = 1 ORDER BY name

2026/07/23 10:10:03 [32mD:/Develop/Project_pos_mahenz/BE/domain/product/repo/product_generate_repo.go:30
[0m[33m[0.605ms] [34;1m[rows:0][0m SELECT id FROM products WHERE LOWER(TRIM(name)) = LOWER(TRIM('Import Kopi Sachet 3in1')) AND id != 0 LIMIT 1

2026/07/23 10:10:03 [32mD:/Develop/Project_pos_mahenz/BE/domain/product/repo/product_generate_repo.go:30
[0m[33m[0.549ms] [34;1m[rows:0][0m SELECT id FROM products WHERE LOWER(TRIM(name)) = LOWER(TRIM('Import Gula Pasir 1kg')) AND id != 0 LIMIT 1

2026/07/23 10:10:03 [32mD:/Develop/Project_pos_mahenz/BE/domain/product/repo/product_generate_repo.go:12
[0m[33m[0.545ms] [34;1m[rows:0][0m SELECT id FROM products WHERE barcode = '9990001112223' AND id != 0 LIMIT 1

2026/07/23 10:10:03 [32mD:/Develop/Project_pos_mahenz/BE/domain/product/repo/product_generate_repo.go:12
[0m[33m[0.595ms] [34;1m[rows:0][0m SELECT id FROM products WHERE barcode = '9990001112224' AND id != 0 LIMIT 1

2026/07/23 10:10:03 [32mD:/Develop/Project_pos_mahenz/BE/domain/product/repo/product_generate_repo.go:30
[0m[33m[0.538ms] [34;1m[rows:0][0m SELECT id FROM products WHERE LOWER(TRIM(name)) = LOWER(TRIM('Import Harga Rugi')) AND id != 0 LIMIT 1

2026/07/23 10:10:03 [32mD:/Develop/Project_pos_mahenz/BE/domain/product/repo/product_generate_repo.go:12
[0m[33m[0.522ms] [34;1m[rows:0][0m SELECT id FROM products WHERE barcode = '9990001112225' AND id != 0 LIMIT 1

2026/07/23 10:10:03 [32mD:/Develop/Project_pos_mahenz/BE/domain/product/repo/product_generate_repo.go:30
[0m[33m[0.554ms] [34;1m[rows:1][0m SELECT id FROM products WHERE LOWER(TRIM(name)) = LOWER(TRIM('Teh Botol Sosro 350ml (Edited)')) AND id != 0 LIMIT 1

2026/07/23 10:10:03 [32mD:/Develop/Project_pos_mahenz/BE/domain/product/repo/product_generate_repo.go:12
[0m[33m[0.525ms] [34;1m[rows:0][0m SELECT id FROM products WHERE barcode = '9990001112226' AND id != 0 LIMIT 1

2026/07/23 10:10:03 [32mD:/Develop/Project_pos_mahenz/BE/domain/product/repo/product_generate_repo.go:30
[0m[33m[0.549ms] [34;1m[rows:0][0m SELECT id FROM products WHERE LOWER(TRIM(name)) = LOWER(TRIM('Import Satuan Ngasal')) AND id != 0 LIMIT 1

2026/07/23 10:10:03 [32mD:/Develop/Project_pos_mahenz/BE/domain/product/repo/product_generate_repo.go:12
[0m[33m[0.000ms] [34;1m[rows:0][0m SELECT id FROM products WHERE barcode = '9990001112227' AND id != 0 LIMIT 1

2026/07/23 10:10:03 [32mD:/Develop/Project_pos_mahenz/BE/domain/product/repo/product_generate_repo.go:12
[0m[33m[0.000ms] [34;1m[rows:0][0m SELECT id FROM products WHERE barcode = '9990001112228' AND id != 0 LIMIT 1

2026/07/23 10:10:03 [32mD:/Develop/Project_pos_mahenz/BE/domain/product/repo/product_generate_repo.go:30
[0m[33m[0.438ms] [34;1m[rows:0][0m SELECT id FROM products WHERE LOWER(TRIM(name)) = LOWER(TRIM('Import Barcode Duplikat A')) AND id != 0 LIMIT 1

2026/07/23 10:10:03 [32mD:/Develop/Project_pos_mahenz/BE/domain/product/repo/product_generate_repo.go:12
[0m[33m[0.564ms] [34;1m[rows:0][0m SELECT id FROM products WHERE barcode = '9990001112229' AND id != 0 LIMIT 1

2026/07/23 10:10:03 [32mD:/Develop/Project_pos_mahenz/BE/domain/product/repo/product_generate_repo.go:30
[0m[33m[0.000ms] [34;1m[rows:0][0m SELECT id FROM products WHERE LOWER(TRIM(name)) = LOWER(TRIM('Import Barcode Duplikat B')) AND id != 0 LIMIT 1

2026/07/23 10:10:03 [32mD:/Develop/Project_pos_mahenz/BE/domain/product/repo/product_generate_repo.go:30
[0m[33m[0.000ms] [34;1m[rows:0][0m SELECT id FROM products WHERE LOWER(TRIM(name)) = LOWER(TRIM('Import Stok Negatif')) AND id != 0 LIMIT 1

2026/07/23 10:10:03 [32mD:/Develop/Project_pos_mahenz/BE/domain/product/repo/product_generate_repo.go:12
[0m[33m[0.520ms] [34;1m[rows:0][0m SELECT id FROM products WHERE barcode = '9990001112230' AND id != 0 LIMIT 1
[GIN] 2026/07/23 - 10:10:03 | 200 |      12.565ms |             ::1 | POST     "/api/products/import-preview"

2026/07/23 10:10:03 [31;1mD:/Develop/Project_pos_mahenz/BE/repository/log_request_repository.go:32 [35;1mError 3988 (HY000): Conversion from collation utf8mb3_general_ci into utf8mb4_0900_ai_ci impossible for parameter
[0m[33m[1.077ms] [34;1m[rows:0][0m INSERT INTO log_requests (id, method, endpoint, status_code, request_body, response_body, user_id, duration_ms, ip_address, error_message, created_at) VALUES ('7864dc9e-da03-4bf3-b7c0-bc56677ad0e3', 'POST', '/api/products/import-preview', 200, '------WebKitFormBoundaryyIg5cWem8Zar0JZB
Content-Disposition: form-data; name="file"; filename="import_test_full.xlsx"
Content-Type: application/vnd.openxmlformats-officedocument.spreadsheetml.sheet

PK         Òa<''B  B     xl/_rels/workbook.xml.rels<?xml version="1.0" encoding="UTF-8" standalone="yes"?>
<Relationships xmlns="http://schemas.openxmlformats.org/package/2006/relationships"><Relationship Id="rId1" Type="http://schemas.openxmlformats.org/officeDocument/2006/relationships/worksheet" Target="worksheets/sheet1.xml"/><Relationship Id="rId2" Type="http://schemas.openxmlformats.org/officeDocument/2006/relationships/worksheet" Target="worksheets/sheet2.xml"/><Relationship Id="rId3" Type="http://schemas.openxmlformats.org/officeDocument/2006/relationships/theme" Target="theme/theme1.xml"/><Relationship Id="rId4" Type="http://schemas.openxmlformats.org/officeDocument/2006/relationships/styles" Target="styles.xml"/><Relationship Id="rId5" Type="http://schemas.openxmlformats.org/officeDocument/2006/relationships/sheetMetadata" Target="metadata.xml"/></Relationships>PK         0àkﬁ  ﬁ     xl/theme/theme1.xml<?xml version="1.0" encoding="UTF-8" standalone="yes"?>
<a:theme xmlns:a="http://schemas.openxmlformats.org/drawingml/2006/main" name="Office Theme"><a:themeElements><a:clrScheme name="Office"><a:dk1><a:sysClr val="windowText" lastClr="000000"/></a:dk1><a:lt1><a:sysClr val="window" lastClr="FFFFFF"/></a:lt1><a:dk2><a:srgbClr val="1F497D"/></a:dk2><a:lt2><a:srgbClr val="EEECE1"/></a:lt2><a:accent1><a:srgbClr val="4F81BD"/></a:accent1><a:accent2><a:srgbClr val="C0504D"/></a:accent2><a:accent3><a:srgbClr val="9BBB59"/></a:accent3><a:accent4><a:srgbClr val="8064A2"/></a:accent4><a:accent5><a:srgbClr val="4BACC6"/></a:accent5><a:accent6><a:srgbClr val="F79646"/></a:accent6><a:hlink><a:srgbClr val="0000FF"/></a:hlink><a:folHlink><a:srgbClr val="800080"/></a:folHlink></a:clrScheme><a:fontScheme name="Office"><a:majorFont><a:latin typeface="Cambria"/><a:ea typeface=""/><a:cs typeface=""/><a:font script="Jpan" typeface="Ôº≠Ôº≥ Ôº∞„Ç¥„Ç∑„ÉÉ„ÇØ"/><a:font script="Hang" typeface="ÎßëÏùÄ Í≥†Îîï"/><a:font script="Hans" typeface="ÂÆã‰Ωì"/><a:font script="Hant" typeface="Êñ∞Á¥∞ÊòéÈ´î"/><a:font script="Arab" typeface="Times New Roman"/><a:font script="Hebr" typeface="Times New Roman"/><a:font script="Thai" typeface="Tahoma"/><a:font script="Ethi" typeface="Nyala"/><a:font script="Beng" typeface="Vrinda"/><a:font script="Gujr" typeface="Shruti"/><a:font script="Khmr" typeface="MoolBoran"/><a:font script="Knda" typeface="Tunga"/><a:font script="Guru" typeface="Raavi"/><a:font script="Cans" typeface="Euphemia"/><a:font script="Cher" typeface="Plantagenet Cherokee"/><a:font script="Yiii" typeface="Microsoft Yi Baiti"/><a:font script="Tibt" typeface="Microsoft Himalaya"/><a:font script="Thaa" typeface="MV Boli"/><a:font script="Deva" typeface="Mangal"/><a:font script="Telu" typeface="Gautami"/><a:font script="Taml" typeface="Latha"/><a:font script="Syrc" typeface="Estrangelo Edessa"/><a:font script="Orya" typeface="Kalinga"/><a:font script="Mlym" typeface="Kartika"/><a:font script="Laoo" typeface="DokChampa"/><a:font script="Sinh" typeface="Iskoola Pota"/><a:font script="Mong" typeface="Mongolian Baiti"/><a:font script="Viet" typeface="Times New Roman"/><a:font script="Uigh" typeface="Microsoft Uighur"/><a:font script="Geor" typeface="Sylfaen"/></a:majorFont><a:minorFont><a:latin typeface="Calibri"/><a:ea typeface=""/><a:cs typeface=""/><a:font script="Jpan" typeface="Ôº≠Ôº≥ Ôº∞„Ç¥„Ç∑„ÉÉ„ÇØ"/><a:font script="Hang" typeface="ÎßëÏùÄ Í≥†Îîï"/><a:font script="Hans" typeface="ÂÆã‰Ωì"/><a:font script="Hant" typeface="Êñ∞Á¥∞ÊòéÈ´î"/><a:font script="Arab" typeface="Arial"/><a:font script="Hebr" typeface="Arial"/><a:font script="Thai" typeface="Tahoma"/><a:font script="Ethi" typeface="Nyala"/><a:font script="Beng" typeface="Vrinda"/><a:font script="Gujr" typeface="Shruti"/><a:font script="Khmr" typeface="DaunPenh"/><a:font script="Knda" typeface="Tunga"/><a:font script="Guru" typeface="Raavi"/><a:font script="Cans" typeface="Euphemia"/><a:font script="Cher" typeface="Plantagenet Cherokee"/><a:font script="Yiii" typeface="Microsoft Yi Baiti"/><a:font script="Tibt" typeface="Microsoft Himalaya"/><a:font script="Thaa" typeface="MV Boli"/><a:font script="Deva" typeface="Mangal"/><a:font script="Telu" typeface="Gautami"/><a:font script="Taml" typeface="Latha"/><a:font script="Syrc" typeface="Estrangelo Edessa"/><a:font script="Orya" typeface="Kalinga"/><a:font script="Mlym" typeface="Kartika"/><a:font script="Laoo" typeface="DokChampa"/><a:font script="Sinh" typeface="Iskoola Pota"/><a:font script="Mong" typeface="Mongolian Baiti"/><a:font script="Viet" typeface="Arial"/><a:font script="Uigh" typeface="Microsoft Uighur"/><a:font script="Geor" typeface="Sylfaen"/></a:minorFont></a:fontScheme><a:fmtScheme name="Office"><a:fillStyleLst><a:solidFill><a:schemeClr val="phClr"/></a:solidFill><a:gradFill rotWithShape="1"><a:gsLst><a:gs pos="0"><a:schemeClr val="phClr"><a:tint val="50000"/><a:satMod val="300000"/></a:schemeClr></a:gs><a:gs pos="35000"><a:schemeClr val="phClr"><a:tint val="37000"/><a:satMod val="300000"/></a:schemeClr></a:gs><a:gs pos="100000"><a:schemeClr val="phClr"><a:tint val="15000"/><a:satMod val="350000"/></a:schemeClr></a:gs></a:gsLst><a:lin ang="16200000" scaled="1"/></a:gradFill><a:gradFill rotWithShape="1"><a:gsLst><a:gs pos="0"><a:schemeClr val="phClr"><a:tint val="100000"/><a:shade val="100000"/><a:satMod val="130000"/></a:schemeClr></a:gs><a:gs pos="100000"><a:schemeClr val="phClr"><a:tint val="50000"/><a:shade val="100000"/><a:satMod val="350000"/></a:schemeClr></a:gs></a:gsLst><a:lin ang="16200000" scaled="0"/></a:gradFill></a:fillStyleLst><a:lnStyleLst><a:ln w="9525" cap="flat" cmpd="sng" algn="ctr"><a:solidFill><a:schemeClr val="phClr"><a:shade val="95000"/><a:satMod val="105000"/></a:schemeClr></a:solidFill><a:prstDash val="solid"/></a:ln><a:ln w="25400" cap="flat" cmpd="sng" algn="ctr"><a:solidFill><a:schemeClr val="phClr"/></a:solidFill><a:prstDash val="solid"/></a:ln><a:ln w="38100" cap="flat" cmpd="sng" algn="ctr"><a:solidFill><a:schemeClr val="phClr"/></a:solidFill><a:prstDash val="solid"/></a:ln></a:lnStyleLst><a:effectStyleLst><a:effectStyle><a:effectLst><a:outerShdw blurRad="40000" dist="20000" dir="5400000" rotWithShape="0"><a:srgbClr val="000000"><a:alpha val="38000"/></a:srgbClr></a:outerShdw></a:effectLst></a:effectStyle><a:effectStyle><a:effectLst><a:outerShdw blurRad="40000" dist="23000" dir="5400000" rotWithShape="0"><a:srgbClr val="000000"><a:alpha val="35000"/></a:srgbClr></a:outerShdw></a:effectLst></a:effectStyle><a:effectStyle><a:effectLst><a:outerShdw blurRad="40000" dist="23000" dir="5400000" rotWithShape="0"><a:srgbClr val="000000"><a:alpha val="35000"/></a:srgbClr></a:outerShdw></a:effectLst><a:scene3d><a:camera prst="orthographicFront"><a:rot lat="0" lon="0" rev="0"/></a:camera><a:lightRig rig="threePt" dir="t"><a:rot lat="0" lon="0" rev="1200000"/></a:lightRig></a:scene3d><a:sp3d><a:bevelT w="63500" h="25400"/></a:sp3d></a:effectStyle></a:effectStyleLst><a:bgFillStyleLst><a:solidFill><a:schemeClr val="phClr"/></a:solidFill><a:gradFill rotWithShape="1"><a:gsLst><a:gs pos="0"><a:schemeClr val="phClr"><a:tint val="40000"/><a:satMod val="350000"/></a:schemeClr></a:gs><a:gs pos="40000"><a:schemeClr val="phClr"><a:tint val="45000"/><a:shade val="99000"/><a:satMod val="350000"/></a:schemeClr></a:gs><a:gs pos="100000"><a:schemeClr val="phClr"><a:shade val="20000"/><a:satMod val="255000"/></a:schemeClr></a:gs></a:gsLst><a:path path="circle"><a:fillToRect l="50000" t="-80000" r="50000" b="180000"/></a:path></a:gradFill><a:gradFill rotWithShape="1"><a:gsLst><a:gs pos="0"><a:schemeClr val="phClr"><a:tint val="80000"/><a:satMod val="300000"/></a:schemeClr></a:gs><a:gs pos="100000"><a:schemeClr val="phClr"><a:shade val="30000"/><a:satMod val="200000"/></a:schemeClr></a:gs></a:gsLst><a:path path="circle"><a:fillToRect l="50000" t="50000" r="50000" b="50000"/></a:path></a:gradFill></a:bgFillStyleLst></a:fmtScheme></a:themeElements><a:objectDefaults><a:spDef><a:spPr/><a:bodyPr/><a:lstStyle/><a:style><a:lnRef idx="1"><a:schemeClr val="accent1"/></a:lnRef><a:fillRef idx="3"><a:schemeClr val="accent1"/></a:fillRef><a:effectRef idx="2"><a:schemeClr val="accent1"/></a:effectRef><a:fontRef idx="minor"><a:schemeClr val="lt1"/></a:fontRef></a:style></a:spDef><a:lnDef><a:spPr/><a:bodyPr/><a:lstStyle/><a:style><a:lnRef idx="2"><a:schemeClr val="accent1"/></a:lnRef><a:fillRef idx="0"><a:schemeClr val="accent1"/></a:fillRef><a:effectRef idx="1"><a:schemeClr val="accent1"/></a:effectRef><a:fontRef idx="minor"><a:schemeClr val="tx1"/></a:fontRef></a:style></a:lnDef></a:objectDefaults><a:extraClrSchemeLst/></a:theme>PK         UÙîZ  Z     xl/styles.xml<?xml version="1.0" encoding="UTF-8" standalone="yes"?>
<styleSheet xmlns="http://schemas.openxmlformats.org/spreadsheetml/2006/main" xmlns:vt="http://schemas.openxmlformats.org/officeDocument/2006/docPropsVTypes"><numFmts count="1"><numFmt numFmtId="56" formatCode="&quot;‰∏äÂçà/‰∏ãÂçà &quot;hh&quot;ÊôÇ&quot;mm&quot;ÂàÜ&quot;ss&quot;Áßí &quot;"/></numFmts><fonts count="1"><font><sz val="12"/><color theme="1"/><name val="Calibri"/><family val="2"/><scheme val="minor"/></font></fonts><fills count="2"><fill><patternFill patternType="none"/></fill><fill><patternFill patternType="gray125"/></fill></fills><borders count="1"><border><left/><right/><top/><bottom/><diagonal/></border></borders><cellStyleXfs count="1"><xf numFmtId="0" fontId="0" fillId="0" borderId="0"/></cellStyleXfs><cellXfs count="1"><xf numFmtId="0" fontId="0" fillId="0" borderId="0" xfId="0" applyNumberFormat="1"/></cellXfs><cellStyles count="1"><cellStyle name="Normal" xfId="0" builtinId="0"/></cellStyles><dxfs count="0"/><tableStyles count="0" defaultTableStyle="TableStyleMedium9" defaultPivotStyle="PivotStyleMedium4"/></styleSheet>PK         m(ã≠w  w     xl/worksheets/sheet1.xml<?xml version="1.0" encoding="UTF-8" standalone="yes"?>
<worksheet xmlns="http://schemas.openxmlformats.org/spreadsheetml/2006/main" xmlns:r="http://schemas.openxmlformats.org/officeDocument/2006/relationships"><dimension ref="A1:I11"/><sheetViews><sheetView workbookViewId="0"/></sheetViews><sheetData><row r="1"><c r="A1" t="str"><v>No</v></c><c r="B1" t="str"><v>Produk</v></c><c r="C1" t="str"><v>Barcode</v></c><c r="D1" t="str"><v>Kategori</v></c><c r="E1" t="str"><v>Harga Beli</v></c><c r="F1" t="str"><v>Harga Jual</v></c><c r="G1" t="str"><v>Stok</v></c><c r="H1" t="str"><v>Stok Minimum</v></c><c r="I1" t="str"><v>Satuan</v></c></row><row r="2"><c r="A2"><v>1</v></c><c r="B2" t="str"><v>Import Kopi Sachet 3in1</v></c><c r="C2" t="str"><v></v></c><c r="D2" t="str"><v>Makanan</v></c><c r="E2"><v>1200</v></c><c r="F2"><v>1800</v></c><c r="G2"><v>20</v></c><c r="H2"><v>5</v></c><c r="I2" t="str"><v>Pcs</v></c></row><row r="3"><c r="A3"><v>2</v></c><c r="B3" t="str"><v>Import Gula Pasir 1kg</v></c><c r="C3" t="str"><v>9990001112223</v></c><c r="D3" t="str"><v>Makanan</v></c><c r="E3"><v>13000</v></c><c r="F3"><v>15000</v></c><c r="G3"><v>10</v></c><c r="H3"><v>2</v></c><c r="I3" t="str"><v>Pcs</v></c></row><row r="4"><c r="A4"><v>3</v></c><c r="B4" t="str"><v></v></c><c r="C4" t="str"><v>9990001112224</v></c><c r="D4" t="str"><v>Makanan</v></c><c r="E4"><v>5000</v></c><c r="F4"><v>6000</v></c><c r="G4"><v>5</v></c><c r="H4"><v>1</v></c><c r="I4" t="str"><v>Pcs</v></c></row><row r="5"><c r="A5"><v>4</v></c><c r="B5" t="str"><v>Import Harga Rugi</v></c><c r="C5" t="str"><v>9990001112225</v></c><c r="D5" t="str"><v>Makanan</v></c><c r="E5"><v>10000</v></c><c r="F5"><v>8000</v></c><c r="G5"><v>5</v></c><c r="H5"><v>1</v></c><c r="I5" t="str"><v>Pcs</v></c></row><row r="6"><c r="A6"><v>5</v></c><c r="B6" t="str"><v>Teh Botol Sosro 350ml (Edited)</v></c><c r="C6" t="str"><v>9990001112226</v></c><c r="D6" t="str"><v>Minuman</v></c><c r="E6"><v>3000</v></c><c r="F6"><v>4000</v></c><c r="G6"><v>5</v></c><c r="H6"><v>1</v></c><c r="I6" t="str"><v>Pcs</v></c></row><row r="7"><c r="A7"><v>6</v></c><c r="B7" t="str"><v>Import Satuan Ngasal</v></c><c r="C7" t="str"><v>9990001112227</v></c><c r="D7" t="str"><v>Makanan</v></c><c r="E7"><v>1000</v></c><c r="F7"><v>2000</v></c><c r="G7"><v>5</v></c><c r="H7"><v>1</v></c><c r="I7" t="str"><v>SatuanTidakAda</v></c></row><row r="8"><c r="A8"><v>7</v></c><c r="B8" t="str"><v>Import Kopi Sachet 3in1</v></c><c r="C8" t="str"><v>9990001112228</v></c><c r="D8" t="str"><v>Makanan</v></c><c r="E8"><v>1200</v></c><c r="F8"><v>1800</v></c><c r="G8"><v>5</v></c><c r="H8"><v>1</v></c><c r="I8" t="str"><v>Pcs</v></c></row><row r="9"><c r="A9"><v>8</v></c><c r="B9" t="str"><v>Import Barcode Duplikat A</v></c><c r="C9" t="str"><v>9990001112229</v></c><c r="D9" t="str"><v>Makanan</v></c><c r="E9"><v>1000</v></c><c r="F9"><v>2000</v></c><c r="G9"><v>5</v></c><c r="H9"><v>1</v></c><c r="I9" t="str"><v>Pcs</v></c></row><row r="10"><c r="A10"><v>9</v></c><c r="B10" t="str"><v>Import Barcode Duplikat B</v></c><c r="C10" t="str"><v>9990001112229</v></c><c r="D10" t="str"><v>Makanan</v></c><c r="E10"><v>1000</v></c><c r="F10"><v>2000</v></c><c r="G10"><v>5</v></c><c r="H10"><v>1</v></c><c r="I10" t="str"><v>Pcs</v></c></row><row r="11"><c r="A11"><v>10</v></c><c r="B11" t="str"><v>Import Stok Negatif</v></c><c r="C11" t="str"><v>9990001112230</v></c><c r="D11" t="str"><v>Makanan</v></c><c r="E11"><v>1000</v></c><c r="F11"><v>2000</v></c><c r="G11"><v>-5</v></c><c r="H11"><v>1</v></c><c r="I11" t="str"><v>Pcs</v></c></row></sheetData><ignoredErrors><ignoredError numberStoredAsText="1" sqref="A1:I11"/></ignoredErrors></worksheet>PK         |≥ı—       xl/worksheets/sheet2.xml<?xml version="1.0" encoding="UTF-8" standalone="yes"?>
<worksheet xmlns="http://schemas.openxmlformats.org/spreadsheetml/2006/main" xmlns:r="http://schemas.openxmlformats.org/officeDocument/2006/relationships"><dimension ref="A1:I3"/><sheetViews><sheetView workbookViewId="0"/></sheetViews><sheetData><row r="1"><c r="A1" t="str"><v>No Produk</v></c><c r="B1" t="str"><v>Nama Paket</v></c><c r="C1" t="str"><v>Satuan</v></c><c r="D1" t="str"><v>Qty</v></c><c r="E1" t="str"><v>Qty Acuan</v></c><c r="F1" t="str"><v>Ref Harga Beli</v></c><c r="G1" t="str"><v>Harga Beli</v></c><c r="H1" t="str"><v>Ref Harga Jual</v></c><c r="I1" t="str"><v>Harga Jual</v></c></row><row r="2"><c r="A2"><v>1</v></c><c r="B2" t="str"><v>Renceng</v></c><c r="C2" t="str"><v>Pack</v></c><c r="D2"><v>10</v></c><c r="E2"><v>1</v></c><c r="F2"><v>1200</v></c><c r="G2"><v>11000</v></c><c r="H2"><v>1800</v></c><c r="I2"><v>17000</v></c></row><row r="3"><c r="A3"><v>99</v></c><c r="B3" t="str"><v>Invalid Ref</v></c><c r="C3" t="str"><v>Pack</v></c><c r="D3"><v>10</v></c><c r="E3"><v>1</v></c><c r="F3"><v>1000</v></c><c r="G3"><v>9000</v></c><c r="H3"><v>2000</v></c><c r="I3"><v>18000</v></c></row></sheetData><ignoredErrors><ignoredError numberStoredAsText="1" sqref="A1:I3"/></ignoredErrors></worksheet>PK         `Ä Åà  à     xl/metadata.xml<?xml version="1.0" encoding="UTF-8" standalone="yes"?>
<metadata xmlns="http://schemas.openxmlformats.org/spreadsheetml/2006/main" xmlns:xlrd="http://schemas.microsoft.com/office/spreadsheetml/2017/richdata" xmlns:xda="http://schemas.microsoft.com/office/spreadsheetml/2017/dynamicarray">
  <metadataTypes count="1">
    <metadataType name="XLDAPR" minSupportedVersion="120000" copy="1" pasteAll="1" pasteValues="1" merge="1" splitFirst="1" rowColShift="1" clearFormats="1" clearComments="1" assign="1" coerce="1" cellMeta="1"/>
  </metadataTypes>
  <futureMetadata name="XLDAPR" count="1">
    <bk>
      <extLst>
        <ext uri="{bdbb8cdc-fa1e-496e-a857-3c3f30c029c3}">
          <xda:dynamicArrayProperties fDynamic="1" fCollapsed="0"/>
        </ext>
      </extLst>
    </bk>
  </futureMetadata>
  <cellMetadata count="1">
    <bk>
      <rc t="1" v="0"/>
    </bk>
  </cellMetadata>
</metadata>PK         drñp  p     xl/workbook.xml<?xml version="1.0" encoding="UTF-8" standalone="yes"?>
<workbook xmlns="http://schemas.openxmlformats.org/spreadsheetml/2006/main" xmlns:r="http://schemas.openxmlformats.org/officeDocument/2006/relationships"><workbookPr codeName="ThisWorkbook"/><sheets><sheet name="Produk" sheetId="1" r:id="rId1"/><sheet name="Grosir" sheetId="2" r:id="rId2"/></sheets></workbook>PK         Jj˘L  L     _rels/.rels<?xml version="1.0" encoding="UTF-8" standalone="yes"?>
<Relationships xmlns="http://schemas.openxmlformats.org/package/2006/relationships"><Relationship Id="rId2" Type="http://schemas.openxmlformats.org/package/2006/relationships/metadata/core-properties" Target="docProps/core.xml"/><Relationship Id="rId3" Type="http://schemas.openxmlformats.org/officeDocument/2006/relationships/extended-properties" Target="docProps/app.xml"/><Relationship Id="rId1" Type="http://schemas.openxmlformats.org/officeDocument/2006/relationships/officeDocument" Target="xl/workbook.xml"/></Relationships>PK         Ô7◊KM  M     docProps/app.xml<?xml version="1.0" encoding="UTF-8" standalone="yes"?>
<Properties xmlns="http://schemas.openxmlformats.org/officeDocument/2006/extended-properties" xmlns:vt="http://schemas.openxmlformats.org/officeDocument/2006/docPropsVTypes"><Application>SheetJS</Application><HeadingPairs><vt:vector size="2" baseType="variant"><vt:variant><vt:lpstr>Worksheets</vt:lpstr></vt:variant><vt:variant><vt:i4>2</vt:i4></vt:variant></vt:vector></HeadingPairs><TitlesOfParts><vt:vector size="2" baseType="lpstr"><vt:lpstr>Produk</vt:lpstr><vt:lpstr>Grosir</vt:lpstr></vt:vector></TitlesOfParts></Properties>PK         ÷í|Z  Z     docProps/core.xml<?xml version="1.0" encoding="UTF-8" standalone="yes"?>
<cp:coreProperties xmlns:cp="http://schemas.openxmlformats.org/package/2006/metadata/core-properties" xmlns:dc="http://purl.org/dc/elements/1.1/" xmlns:dcterms="http://purl.org/dc/terms/" xmlns:dcmitype="http://purl.org/dc/dcmitype/" xmlns:xsi="http://www.w3.org/2001/XMLSchema-instance"/>PK         «u…çù  ù     [Content_Types].xml<?xml version="1.0" encoding="UTF-8" standalone="yes"?>
<Types xmlns="http://schemas.openxmlformats.org/package/2006/content-types" xmlns:xsd="http://www.w3.org/2001/XMLSchema" xmlns:xsi="http://www.w3.org/2001/XMLSchema-instance"><Default Extension="xml" ContentType="application/xml"/><Default Extension="bin" ContentType="application/vnd.ms-excel.sheet.binary.macroEnabled.main"/><Default Extension="vml" ContentType="application/vnd.openxmlformats-officedocument.vmlDrawing"/><Default Extension="data" ContentType="application/vnd.openxmlformats-officedocument.model+data"/><Default Extension="bmp" ContentType="image/bmp"/><Default Extension="png" ContentType="image/png"/><Default Extension="gif" ContentType="image/gif"/><Default Extension="emf" ContentType="image/x-emf"/><Default Extension="wmf" ContentType="image/x-wmf"/><Default Extension="jpg" ContentType="image/jpeg"/><Default Extension="jpeg" ContentType="image/jpeg"/><Default Extension="tif" ContentType="image/tiff"/><Default Extension="tiff" ContentType="image/tiff"/><Default Extension="pdf" ContentType="application/pdf"/><Default Extension="rels" ContentType="application/vnd.openxmlformats-package.relationships+xml"/><Override PartName="/xl/workbook.xml" ContentType="application/vnd.openxmlformats-officedocument.spreadsheetml.sheet.main+xml"/><Override PartName="/xl/worksheets/sheet1.xml" ContentType="application/vnd.openxmlformats-officedocument.spreadsheetml.worksheet+xml"/><Override PartName="/xl/worksheets/sheet2.xml" ContentType="application/vnd.openxmlformats-officedocument.spreadsheetml.worksheet+xml"/><Override PartName="/xl/theme/theme1.xml" ContentType="application/vnd.openxmlformats-officedocument.theme+xml"/><Override PartName="/xl/styles.xml" ContentType="application/vnd.openxmlformats-officedocument.spreadsheetml.styles+xml"/><Override PartName="/docProps/core.xml" ContentType="application/vnd.openxmlformats-package.core-properties+xml"/><Override PartName="/docProps/app.xml" ContentType="application/vnd.openxmlformats-officedocument.extended-properties+xml"/><Override PartName="/xl/metadata.xml" ContentType="application/vnd.openxmlformats-officedocument.spreadsheetml.sheetMetadata+xml"/></Types>PK           Òa<''B  B                   xl/_rels/workbook.xml.relsPK           0àkﬁ  ﬁ               z  xl/theme/theme1.xmlPK           UÙîZ  Z               â!  xl/styles.xmlPK           m(ã≠w  w               &  xl/worksheets/sheet1.xmlPK           |≥ı—                 ª4  xl/worksheets/sheet2.xmlPK           `Ä Åà  à               ¯9  xl/metadata.xmlPK           drñp  p               ≠=  xl/workbook.xmlPK           Jj˘L  L               J?  _rels/.relsPK           Ô7◊KM  M               øA  docProps/app.xmlPK           ÷í|Z  Z               :D  docProps/core.xmlPK           «u…çù  ù               √E  [Content_Types].xmlPK      ¡  ëN    
------WebKitFormBoundaryyIg5cWem8Zar0JZB--
', '{"code":"00","status":true,"message":"Preview berhasil","data":{"rows":[{"no":1,"nama":"Import Kopi Sachet 3in1","barcode":"8995612916912","kategori":"Makanan","harga_beli":1200,"harga_jual":1800,"margin":33,"stok":20,"stok_minimum":5,"satuan":"Pcs","satuan_id":1,"valid":true,"errors":[],"warnings":["Barcode kosong ‚Äî di-generate otomatis"]},{"no":2,"nama":"Import Gula Pasir 1kg","barcode":"9990001112223","kategori":"Makanan","harga_beli":13000,"harga_jual":15000,"margin":13,"stok":10,"stok_minimum":2,"satuan":"Pcs","satuan_id":1,"valid":true,"errors":[],"warnings":[]},{"no":3,"nama":"","barcode":"9990001112224","kategori":"Makanan","harga_beli":5000,"harga_jual":6000,"margin":17,"stok":5,"stok_minimum":1,"satuan":"Pcs","satuan_id":1,"valid":false,"errors":["Nama produk wajib diisi"],"warnings":[]},{"no":4,"nama":"Import Harga Rugi","barcode":"9990001112225","kategori":"Makanan","harga_beli":10000,"harga_jual":8000,"margin":-25,"stok":5,"stok_minimum":1,"satuan":"Pcs","satuan_id":1,"valid":false,"errors":["Harga jual tidak boleh lebih rendah dari harga beli"],"warnings":[]},{"no":5,"nama":"Teh Botol Sosro 350ml (Edited)","barcode":"9990001112226","kategori":"Minuman","harga_beli":3000,"harga_jual":4000,"margin":25,"stok":5,"stok_minimum":1,"satuan":"Pcs","satuan_id":1,"valid":false,"errors":["Nama produk \"Teh Botol Sosro 350ml (Edited)\" sudah digunakan produk lain"],"warnings":[]},{"no":6,"nama":"Import Satuan Ngasal","barcode":"9990001112227","kategori":"Makanan","harga_beli":1000,"harga_jual":2000,"margin":50,"stok":5,"stok_minimum":1,"satuan":"SatuanTidakAda","satuan_id":0,"valid":false,"errors":["Satuan \"SatuanTidakAda\" tidak ditemukan di master data"],"warnings":[]},{"no":7,"nama":"Import Kopi Sachet 3in1","barcode":"9990001112228","kategori":"Makanan","harga_beli":1200,"harga_jual":1800,"margin":33,"stok":5,"stok_minimum":1,"satuan":"Pcs","satuan_id":1,"valid":false,"errors":["Nama produk \"Import Kopi Sachet 3in1\" duplikat dalam file"],"warnings":[]},{"no":8,"nama":"Import Barcode Duplikat A","barcode":"9990001112229","kategori":"Makanan","harga_beli":1000,"harga_jual":2000,"margin":50,"stok":5,"stok_minimum":1,"satuan":"Pcs","satuan_id":1,"valid":true,"errors":[],"warnings":[]},{"no":9,"nama":"Import Barcode Duplikat B","barcode":"9990001112229","kategori":"Makanan","harga_beli":1000,"harga_jual":2000,"margin":50,"stok":5,"stok_minimum":1,"satuan":"Pcs","satuan_id":1,"valid":false,"errors":["Barcode \"9990001112229\" duplikat dalam file"],"warnings":[]},{"no":10,"nama":"Import Stok Negatif","barcode":"9990001112230","kategori":"Makanan","harga_beli":1000,"harga_jual":2000,"margin":50,"stok":-5,"stok_minimum":1,"satuan":"Pcs","satuan_id":1,"valid":false,"errors":["Stok tidak boleh negatif"],"warnings":[]}],"grosir":[{"no_produk":1,"nama_paket":"Renceng","satuan":"Pack","satuan_id":0,"qty":10,"ref_qty":1,"harga_beli":11000,"harga_jual":17000,"valid":false,"errors":["Satuan \"Pack\" tidak ditemukan di master data"]},{"no_produk":99,"nama_paket":"Invalid Ref","satuan":"Pack","satuan_id":0,"qty":10,"ref_qty":1,"harga_beli":9000,"harga_jual":18000,"valid":false,"errors":["No produk 99 tidak ditemukan atau tidak valid di sheet Produk","Satuan \"Pack\" tidak ditemukan di master data"]}]}}', 2, 12, '::1', NULL, '2026-07-23 10:10:03.242')
[GIN] 2026/07/23 - 10:10:37 | 204 |            0s |             ::1 | OPTIONS  "/api/auth/login"

2026/07/23 10:10:37 [32mD:/Develop/Project_pos_mahenz/BE/domain/auth/repo/auth_repo.go:17
[0m[33m[0.507ms] [34;1m[rows:1][0m SELECT u.id, u.username, u.password, u.full_name, u.role_id, r.name AS role_name, u.is_active FROM users u INNER JOIN roles r ON r.id = u.role_id WHERE u.username = 'admin' LIMIT 1

2026/07/23 10:10:37 [32mD:/Develop/Project_pos_mahenz/BE/domain/auth/repo/auth_repo.go:67
[0m[33m[2.771ms] [34;1m[rows:1][0m DELETE FROM sessions WHERE user_id = 2

2026/07/23 10:10:37 [32mD:/Develop/Project_pos_mahenz/BE/domain/auth/repo/auth_repo.go:38
[0m[33m[3.006ms] [34;1m[rows:1][0m INSERT INTO sessions (user_id, user_role, token, refresh_token, device_info, ip_address, expires_at) VALUES (2, 'admin', 'eyJhbGciOiJIUzI1NiIsInR5cCI6IkpXVCJ9.eyJhcHBzIjoid2ViIiwiZXhwIjoxNzg0ODA1MDM3LCJmdWxsX25hbWUiOiJBZG1pbmlzdHJhdG9yIiwicm9sZSI6ImFkbWluIiwidXNlcl9pZCI6MiwidXNlcm5hbWUiOiJhZG1pbiJ9.fLxoLM2MufECl5_zeeJWifXHN7bCP6pKlUTKr1Kffns', '1b0ccb3c369f6e03fd2485b7598966aba789c545fd3686498b86c7f774e7f5e6', 'web', '::1', '2026-07-30 10:10:37.828') ON DUPLICATE KEY UPDATE user_role=VALUES(user_role), token=VALUES(token), refresh_token=VALUES(refresh_token), device_info=VALUES(device_info), ip_address=VALUES(ip_address), expires_at=VALUES(expires_at), created_at=NOW()
[GIN] 2026/07/23 - 10:10:37 | 200 |     54.5484ms |             ::1 | POST     "/api/auth/login"

2026/07/23 10:10:37 [32mD:/Develop/Project_pos_mahenz/BE/repository/log_request_repository.go:32
[0m[33m[3.066ms] [34;1m[rows:1][0m INSERT INTO log_requests (id, method, endpoint, status_code, request_body, response_body, user_id, duration_ms, ip_address, error_message, created_at) VALUES ('a8476aee-5e0c-4cfd-a4ae-df283254fb32', 'POST', '/api/auth/login', 200, '{"username":"admin","password":"admin123","device_info":"web"}', '{"code":"00","status":true,"message":"Login berhasil","data":{"token":"eyJhbGciOiJIUzI1NiIsInR5cCI6IkpXVCJ9.eyJhcHBzIjoid2ViIiwiZXhwIjoxNzg0ODA1MDM3LCJmdWxsX25hbWUiOiJBZG1pbmlzdHJhdG9yIiwicm9sZSI6ImFkbWluIiwidXNlcl9pZCI6MiwidXNlcm5hbWUiOiJhZG1pbiJ9.fLxoLM2MufECl5_zeeJWifXHN7bCP6pKlUTKr1Kffns","refresh_token":"1b0ccb3c369f6e03fd2485b7598966aba789c545fd3686498b86c7f774e7f5e6","expires_at":"2026-07-30T10:10:37.8288621+07:00","user":{"id":2,"username":"admin","full_name":"Administrator","role_id":2,"role_name":"admin"}}}', NULL, 54, '::1', NULL, '2026-07-23 10:10:37.834')
[GIN] 2026/07/23 - 10:10:37 | 204 |            0s |             ::1 | OPTIONS  "/api/menus/my"
[GIN] 2026/07/23 - 10:10:37 | 204 |            0s |             ::1 | OPTIONS  "/api/menus/my"

2026/07/23 10:10:37 [32mD:/Develop/Project_pos_mahenz/BE/domain/auth/repo/auth_repo.go:46
[0m[33m[0.507ms] [34;1m[rows:1][0m SELECT id, user_id, user_role, token, device_info, expires_at FROM sessions WHERE token = 'eyJhbGciOiJIUzI1NiIsInR5cCI6IkpXVCJ9.eyJhcHBzIjoid2ViIiwiZXhwIjoxNzg0ODA1MDM3LCJmdWxsX25hbWUiOiJBZG1pbmlzdHJhdG9yIiwicm9sZSI6ImFkbWluIiwidXNlcl9pZCI6MiwidXNlcm5hbWUiOiJhZG1pbiJ9.fLxoLM2MufECl5_zeeJWifXHN7bCP6pKlUTKr1Kffns' LIMIT 1

2026/07/23 10:10:37 [32mD:/Develop/Project_pos_mahenz/BE/domain/menu/repo/menu_repo.go:121
[0m[33m[1.228ms] [34;1m[rows:-][0m 
		SELECT
			m.id,
			m.parent_id,
			m.key_name,
			m.label,
			m.icon,
			m.path,
			m.order_index,
			COALESCE(rma.can_view,   0),
			COALESCE(rma.can_create, 0),
			COALESCE(rma.can_edit,   0),
			COALESCE(rma.can_delete, 0)
		FROM menus m
		LEFT JOIN role_menu_access rma ON rma.menu_id = m.id
			AND rma.role_id = (SELECT id FROM roles WHERE name = 'admin' AND is_active = 1 LIMIT 1)
		WHERE m.is_active = 1
		ORDER BY m.order_index ASC, m.id ASC
		

2026/07/23 10:10:37 [32mD:/Develop/Project_pos_mahenz/BE/domain/auth/repo/auth_repo.go:46
[0m[33m[0.696ms] [34;1m[rows:1][0m SELECT id, user_id, user_role, token, device_info, expires_at FROM sessions WHERE token = 'eyJhbGciOiJIUzI1NiIsInR5cCI6IkpXVCJ9.eyJhcHBzIjoid2ViIiwiZXhwIjoxNzg0ODA1MDM3LCJmdWxsX25hbWUiOiJBZG1pbmlzdHJhdG9yIiwicm9sZSI6ImFkbWluIiwidXNlcl9pZCI6MiwidXNlcm5hbWUiOiJhZG1pbiJ9.fLxoLM2MufECl5_zeeJWifXHN7bCP6pKlUTKr1Kffns' LIMIT 1
[GIN] 2026/07/23 - 10:10:37 | 200 |      1.7343ms |             ::1 | POST     "/api/menus/my"

2026/07/23 10:10:37 [32mD:/Develop/Project_pos_mahenz/BE/domain/menu/repo/menu_repo.go:121
[0m[33m[1.334ms] [34;1m[rows:-][0m 
		SELECT
			m.id,
			m.parent_id,
			m.key_name,
			m.label,
			m.icon,
			m.path,
			m.order_index,
			COALESCE(rma.can_view,   0),
			COALESCE(rma.can_create, 0),
			COALESCE(rma.can_edit,   0),
			COALESCE(rma.can_delete, 0)
		FROM menus m
		LEFT JOIN role_menu_access rma ON rma.menu_id = m.id
			AND rma.role_id = (SELECT id FROM roles WHERE name = 'admin' AND is_active = 1 LIMIT 1)
		WHERE m.is_active = 1
		ORDER BY m.order_index ASC, m.id ASC
		
[GIN] 2026/07/23 - 10:10:37 | 200 |      2.6675ms |             ::1 | POST     "/api/menus/my"

2026/07/23 10:10:37 [32mD:/Develop/Project_pos_mahenz/BE/repository/log_request_repository.go:32
[0m[33m[3.122ms] [34;1m[rows:1][0m INSERT INTO log_requests (id, method, endpoint, status_code, request_body, response_body, user_id, duration_ms, ip_address, error_message, created_at) VALUES ('24ffb2a1-1931-43cb-86be-47dea6a2b2dd', 'POST', '/api/menus/my', 200, '{}', '{"code":"00","status":true,"message":"Menu akses","data":[{"key_name":"beranda","label":"Beranda","icon":"Home","path":null,"order_index":1,"permission":{"can_view":true,"can_create":true,"can_edit":true,"can_delete":false},"children":[{"key_name":"beranda.dashboard","label":"Dashboard","icon":"LayoutDashboard","path":"/dashboard","order_index":1,"permission":{"can_view":true,"can_create":true,"can_edit":true,"can_delete":false},"children":[]}]},{"key_name":"penjualan","label":"Penjualan","icon":"ShoppingCart","path":null,"order_index":2,"permission":{"can_view":true,"can_create":true,"can_edit":true,"can_delete":false},"children":[{"key_name":"penjualan.kasir","label":"Kasir","icon":"ShoppingCart","path":"/kasir","order_index":1,"permission":{"can_view":true,"can_create":true,"can_edit":true,"can_delete":false},"children":[]},{"key_name":"penjualan.transaksi","label":"Transaksi","icon":"Receipt","path":"/transactions","order_index":2,"permission":{"can_view":true,"can_create":true,"can_edit":true,"can_delete":false},"children":[]}]},{"key_name":"produk","label":"Produk","icon":"Package","path":null,"order_index":3,"permission":{"can_view":true,"can_create":true,"can_edit":true,"can_delete":false},"children":[{"key_name":"produk.produk","label":"Produk","icon":"Package","path":"/products","order_index":1,"permission":{"can_view":true,"can_create":true,"can_edit":true,"can_delete":false},"children":[]},{"key_name":"produk.kategori","label":"Kategori","icon":"Tag","path":"/products/categories","order_index":2,"permission":{"can_view":true,"can_create":true,"can_edit":true,"can_delete":false},"children":[]},{"key_name":"produk.unit","label":"Unit","icon":"PackageSearch","path":"/products/units","order_index":3,"permission":{"can_view":true,"can_create":true,"can_edit":true,"can_delete":false},"children":[]}]},{"key_name":"pengadaan","label":"Pengadaan","icon":"Truck","path":null,"order_index":4,"permission":{"can_view":true,"can_create":true,"can_edit":true,"can_delete":false},"children":[{"key_name":"pengadaan.supplier","label":"Supplier","icon":"Truck","path":"/suppliers","order_index":1,"permission":{"can_view":true,"can_create":true,"can_edit":true,"can_delete":false},"children":[]},{"key_name":"pengadaan.pembelian","label":"Pembelian","icon":"ShoppingBag","path":"/suppliers/purchases","order_index":2,"permission":{"can_view":true,"can_create":true,"can_edit":true,"can_delete":false},"children":[]},{"key_name":"pengadaan.retur","label":"Retur","icon":"RotateCcw","path":"/suppliers/returns","order_index":3,"permission":{"can_view":true,"can_create":true,"can_edit":true,"can_delete":false},"children":[]}]},{"key_name":"pelanggan","label":"Pelanggan","icon":"Users","path":null,"order_index":5,"permission":{"can_view":true,"can_create":true,"can_edit":true,"can_delete":false},"children":[{"key_name":"pelanggan.pelanggan","label":"Pelanggan","icon":"Users","path":"/customers","order_index":1,"permission":{"can_view":true,"can_create":true,"can_edit":true,"can_delete":false},"children":[]},{"key_name":"pelanggan.piutang","label":"Piutang","icon":"CreditCard","path":"/receivables","order_index":2,"permission":{"can_view":true,"can_create":true,"can_edit":true,"can_delete":false},"children":[]}]},{"key_name":"keuangan","label":"Keuangan","icon":"Wallet","path":null,"order_index":6,"permission":{"can_view":true,"can_create":true,"can_edit":true,"can_delete":false},"children":[{"key_name":"keuangan.dashboard","label":"Dashboard Keuangan","icon":"Wallet","path":"/finance","order_index":1,"permission":{"can_view":true,"can_create":true,"can_edit":true,"can_delete":false},"children":[]},{"key_name":"keuangan.kas_harian","label":"Kas Harian","icon":"Landmark","path":"/finance/cash-drawer","order_index":2,"permission":{"can_view":true,"can_create":true,"can_edit":true,"can_delete":false},"children":[]},{"key_name":"keuangan.pengeluaran","label":"Pengeluaran","icon":"TrendingDown","path":"/finance/expenses","order_index":3,"permission":{"can_view":true,"can_create":true,"can_edit":true,"can_delete":false},"children":[]},{"key_name":"keuangan.kas_saya","label":"Kas Saya","icon":"Wallet","path":"/finance/my-cash","order_index":4,"permission":{"can_view":true,"can_create":true,"can_edit":true,"can_delete":false},"children":[]}]},{"key_name":"pelaporan","label":"Pelaporan","icon":"BarChart2","path":null,"order_index":7,"permission":{"can_view":true,"can_create":true,"can_edit":true,"can_delete":false},"children":[{"key_name":"pelaporan.penjualan","label":"Penjualan","icon":"TrendingUp","path":"/reports/sales","order_index":1,"permission":{"can_view":true,"can_create":true,"can_edit":true,"can_delete":false},"children":[]},{"key_name":"pelaporan.laba_rugi","label":"Laba Rugi","icon":"LineChart","path":"/reports/profit-loss","order_index":2,"permission":{"can_view":true,"can_create":true,"can_edit":true,"can_delete":false},"children":[]},{"key_name":"pelaporan.stok","label":"Stok","icon":"PackageSearch","path":"/reports/stock","order_index":3,"permission":{"can_view":true,"can_create":true,"can_edit":true,"can_delete":false},"children":[]},{"key_name":"pelaporan.kinerja_kasir","label":"Kinerja Kasir","icon":"BarChart2","path":"/reports/cashier","order_index":4,"permission":{"can_view":true,"can_create":true,"can_edit":true,"can_delete":false},"children":[]}]},{"key_name":"operasional","label":"Operasional","icon":"Clock","path":null,"order_index":8,"permission":{"can_view":true,"can_create":true,"can_edit":true,"can_delete":false},"children":[{"key_name":"operasional.shift","label":"Shift","icon":"Clock","path":"/shifts","order_index":1,"permission":{"can_view":true,"can_create":true,"can_edit":true,"can_delete":false},"children":[]},{"key_name":"operasional.sync","label":"Sync Center","icon":"RefreshCw","path":"/sync","order_index":2,"permission":{"can_view":true,"can_create":true,"can_edit":true,"can_delete":false},"children":[]}]},{"key_name":"sistem","label":"Sistem","icon":"Settings","path":null,"order_index":9,"permission":{"can_view":true,"can_create":true,"can_edit":true,"can_delete":false},"children":[{"key_name":"sistem.profil_toko","label":"Profil Toko","icon":"Settings","path":"/settings/store","order_index":1,"permission":{"can_view":true,"can_create":true,"can_edit":true,"can_delete":false},"children":[]},{"key_name":"sistem.roles","label":"Manajemen Role","icon":"Shield","path":"/settings/roles","order_index":3,"permission":{"can_view":true,"can_create":false,"can_edit":false,"can_delete":false},"children":[]},{"key_name":"sistem.menus","label":"Manajemen Menu","icon":"LayoutList","path":"/settings/menus","order_index":4,"permission":{"can_view":true,"can_create":false,"can_edit":false,"can_delete":false},"children":[]},{"key_name":"sistem.printer","label":"Printer","icon":"Printer","path":"/settings/printer","order_index":5,"permission":{"can_view":true,"can_create":true,"can_edit":true,"can_delete":false},"children":[]},{"key_name":"sistem.versi","label":"Versi Aplikasi","icon":"RefreshCw","path":"/settings/versions","order_index":6,"permission":{"can_view":true,"can_create":false,"can_edit":false,"can_delete":false},"children":[]},{"key_name":"sistem.backup","label":"Backup \u0026 Restore","icon":"DatabaseBackup","path":"/settings/backup","order_index":7,"permission":{"can_view":true,"can_create":true,"can_edit":true,"can_delete":false},"children":[]}]}]}', 2, 1, '::1', NULL, '2026-07-23 10:10:37.844')

2026/07/23 10:10:37 [32mD:/Develop/Project_pos_mahenz/BE/repository/log_request_repository.go:32
[0m[33m[2.670ms] [34;1m[rows:1][0m INSERT INTO log_requests (id, method, endpoint, status_code, request_body, response_body, user_id, duration_ms, ip_address, error_message, created_at) VALUES ('d8d0c1c1-02e1-431f-a1df-66655d101841', 'POST', '/api/menus/my', 200, '{}', '{"code":"00","status":true,"message":"Menu akses","data":[{"key_name":"beranda","label":"Beranda","icon":"Home","path":null,"order_index":1,"permission":{"can_view":true,"can_create":true,"can_edit":true,"can_delete":false},"children":[{"key_name":"beranda.dashboard","label":"Dashboard","icon":"LayoutDashboard","path":"/dashboard","order_index":1,"permission":{"can_view":true,"can_create":true,"can_edit":true,"can_delete":false},"children":[]}]},{"key_name":"penjualan","label":"Penjualan","icon":"ShoppingCart","path":null,"order_index":2,"permission":{"can_view":true,"can_create":true,"can_edit":true,"can_delete":false},"children":[{"key_name":"penjualan.kasir","label":"Kasir","icon":"ShoppingCart","path":"/kasir","order_index":1,"permission":{"can_view":true,"can_create":true,"can_edit":true,"can_delete":false},"children":[]},{"key_name":"penjualan.transaksi","label":"Transaksi","icon":"Receipt","path":"/transactions","order_index":2,"permission":{"can_view":true,"can_create":true,"can_edit":true,"can_delete":false},"children":[]}]},{"key_name":"produk","label":"Produk","icon":"Package","path":null,"order_index":3,"permission":{"can_view":true,"can_create":true,"can_edit":true,"can_delete":false},"children":[{"key_name":"produk.produk","label":"Produk","icon":"Package","path":"/products","order_index":1,"permission":{"can_view":true,"can_create":true,"can_edit":true,"can_delete":false},"children":[]},{"key_name":"produk.kategori","label":"Kategori","icon":"Tag","path":"/products/categories","order_index":2,"permission":{"can_view":true,"can_create":true,"can_edit":true,"can_delete":false},"children":[]},{"key_name":"produk.unit","label":"Unit","icon":"PackageSearch","path":"/products/units","order_index":3,"permission":{"can_view":true,"can_create":true,"can_edit":true,"can_delete":false},"children":[]}]},{"key_name":"pengadaan","label":"Pengadaan","icon":"Truck","path":null,"order_index":4,"permission":{"can_view":true,"can_create":true,"can_edit":true,"can_delete":false},"children":[{"key_name":"pengadaan.supplier","label":"Supplier","icon":"Truck","path":"/suppliers","order_index":1,"permission":{"can_view":true,"can_create":true,"can_edit":true,"can_delete":false},"children":[]},{"key_name":"pengadaan.pembelian","label":"Pembelian","icon":"ShoppingBag","path":"/suppliers/purchases","order_index":2,"permission":{"can_view":true,"can_create":true,"can_edit":true,"can_delete":false},"children":[]},{"key_name":"pengadaan.retur","label":"Retur","icon":"RotateCcw","path":"/suppliers/returns","order_index":3,"permission":{"can_view":true,"can_create":true,"can_edit":true,"can_delete":false},"children":[]}]},{"key_name":"pelanggan","label":"Pelanggan","icon":"Users","path":null,"order_index":5,"permission":{"can_view":true,"can_create":true,"can_edit":true,"can_delete":false},"children":[{"key_name":"pelanggan.pelanggan","label":"Pelanggan","icon":"Users","path":"/customers","order_index":1,"permission":{"can_view":true,"can_create":true,"can_edit":true,"can_delete":false},"children":[]},{"key_name":"pelanggan.piutang","label":"Piutang","icon":"CreditCard","path":"/receivables","order_index":2,"permission":{"can_view":true,"can_create":true,"can_edit":true,"can_delete":false},"children":[]}]},{"key_name":"keuangan","label":"Keuangan","icon":"Wallet","path":null,"order_index":6,"permission":{"can_view":true,"can_create":true,"can_edit":true,"can_delete":false},"children":[{"key_name":"keuangan.dashboard","label":"Dashboard Keuangan","icon":"Wallet","path":"/finance","order_index":1,"permission":{"can_view":true,"can_create":true,"can_edit":true,"can_delete":false},"children":[]},{"key_name":"keuangan.kas_harian","label":"Kas Harian","icon":"Landmark","path":"/finance/cash-drawer","order_index":2,"permission":{"can_view":true,"can_create":true,"can_edit":true,"can_delete":false},"children":[]},{"key_name":"keuangan.pengeluaran","label":"Pengeluaran","icon":"TrendingDown","path":"/finance/expenses","order_index":3,"permission":{"can_view":true,"can_create":true,"can_edit":true,"can_delete":false},"children":[]},{"key_name":"keuangan.kas_saya","label":"Kas Saya","icon":"Wallet","path":"/finance/my-cash","order_index":4,"permission":{"can_view":true,"can_create":true,"can_edit":true,"can_delete":false},"children":[]}]},{"key_name":"pelaporan","label":"Pelaporan","icon":"BarChart2","path":null,"order_index":7,"permission":{"can_view":true,"can_create":true,"can_edit":true,"can_delete":false},"children":[{"key_name":"pelaporan.penjualan","label":"Penjualan","icon":"TrendingUp","path":"/reports/sales","order_index":1,"permission":{"can_view":true,"can_create":true,"can_edit":true,"can_delete":false},"children":[]},{"key_name":"pelaporan.laba_rugi","label":"Laba Rugi","icon":"LineChart","path":"/reports/profit-loss","order_index":2,"permission":{"can_view":true,"can_create":true,"can_edit":true,"can_delete":false},"children":[]},{"key_name":"pelaporan.stok","label":"Stok","icon":"PackageSearch","path":"/reports/stock","order_index":3,"permission":{"can_view":true,"can_create":true,"can_edit":true,"can_delete":false},"children":[]},{"key_name":"pelaporan.kinerja_kasir","label":"Kinerja Kasir","icon":"BarChart2","path":"/reports/cashier","order_index":4,"permission":{"can_view":true,"can_create":true,"can_edit":true,"can_delete":false},"children":[]}]},{"key_name":"operasional","label":"Operasional","icon":"Clock","path":null,"order_index":8,"permission":{"can_view":true,"can_create":true,"can_edit":true,"can_delete":false},"children":[{"key_name":"operasional.shift","label":"Shift","icon":"Clock","path":"/shifts","order_index":1,"permission":{"can_view":true,"can_create":true,"can_edit":true,"can_delete":false},"children":[]},{"key_name":"operasional.sync","label":"Sync Center","icon":"RefreshCw","path":"/sync","order_index":2,"permission":{"can_view":true,"can_create":true,"can_edit":true,"can_delete":false},"children":[]}]},{"key_name":"sistem","label":"Sistem","icon":"Settings","path":null,"order_index":9,"permission":{"can_view":true,"can_create":true,"can_edit":true,"can_delete":false},"children":[{"key_name":"sistem.profil_toko","label":"Profil Toko","icon":"Settings","path":"/settings/store","order_index":1,"permission":{"can_view":true,"can_create":true,"can_edit":true,"can_delete":false},"children":[]},{"key_name":"sistem.roles","label":"Manajemen Role","icon":"Shield","path":"/settings/roles","order_index":3,"permission":{"can_view":true,"can_create":false,"can_edit":false,"can_delete":false},"children":[]},{"key_name":"sistem.menus","label":"Manajemen Menu","icon":"LayoutList","path":"/settings/menus","order_index":4,"permission":{"can_view":true,"can_create":false,"can_edit":false,"can_delete":false},"children":[]},{"key_name":"sistem.printer","label":"Printer","icon":"Printer","path":"/settings/printer","order_index":5,"permission":{"can_view":true,"can_create":true,"can_edit":true,"can_delete":false},"children":[]},{"key_name":"sistem.versi","label":"Versi Aplikasi","icon":"RefreshCw","path":"/settings/versions","order_index":6,"permission":{"can_view":true,"can_create":false,"can_edit":false,"can_delete":false},"children":[]},{"key_name":"sistem.backup","label":"Backup \u0026 Restore","icon":"DatabaseBackup","path":"/settings/backup","order_index":7,"permission":{"can_view":true,"can_create":true,"can_edit":true,"can_delete":false},"children":[]}]}]}', 2, 2, '::1', NULL, '2026-07-23 10:10:37.846')

2026/07/23 10:10:38 [32mD:/Develop/Project_pos_mahenz/BE/domain/auth/repo/auth_repo.go:46
[0m[33m[1.232ms] [34;1m[rows:1][0m SELECT id, user_id, user_role, token, device_info, expires_at FROM sessions WHERE token = 'eyJhbGciOiJIUzI1NiIsInR5cCI6IkpXVCJ9.eyJhcHBzIjoid2ViIiwiZXhwIjoxNzg0ODA1MDM3LCJmdWxsX25hbWUiOiJBZG1pbmlzdHJhdG9yIiwicm9sZSI6ImFkbWluIiwidXNlcl9pZCI6MiwidXNlcm5hbWUiOiJhZG1pbiJ9.fLxoLM2MufECl5_zeeJWifXHN7bCP6pKlUTKr1Kffns' LIMIT 1

2026/07/23 10:10:38 [32mD:/Develop/Project_pos_mahenz/BE/domain/menu/repo/menu_repo.go:121
[0m[33m[0.325ms] [34;1m[rows:-][0m 
		SELECT
			m.id,
			m.parent_id,
			m.key_name,
			m.label,
			m.icon,
			m.path,
			m.order_index,
			COALESCE(rma.can_view,   0),
			COALESCE(rma.can_create, 0),
			COALESCE(rma.can_edit,   0),
			COALESCE(rma.can_delete, 0)
		FROM menus m
		LEFT JOIN role_menu_access rma ON rma.menu_id = m.id
			AND rma.role_id = (SELECT id FROM roles WHERE name = 'admin' AND is_active = 1 LIMIT 1)
		WHERE m.is_active = 1
		ORDER BY m.order_index ASC, m.id ASC
		
[GIN] 2026/07/23 - 10:10:38 | 200 |      3.3024ms |             ::1 | POST     "/api/menus/my"

2026/07/23 10:10:38 [32mD:/Develop/Project_pos_mahenz/BE/repository/log_request_repository.go:32
[0m[33m[2.905ms] [34;1m[rows:1][0m INSERT INTO log_requests (id, method, endpoint, status_code, request_body, response_body, user_id, duration_ms, ip_address, error_message, created_at) VALUES ('5f856d35-e513-473b-afce-3db54fbcf68a', 'POST', '/api/menus/my', 200, '{}', '{"code":"00","status":true,"message":"Menu akses","data":[{"key_name":"beranda","label":"Beranda","icon":"Home","path":null,"order_index":1,"permission":{"can_view":true,"can_create":true,"can_edit":true,"can_delete":false},"children":[{"key_name":"beranda.dashboard","label":"Dashboard","icon":"LayoutDashboard","path":"/dashboard","order_index":1,"permission":{"can_view":true,"can_create":true,"can_edit":true,"can_delete":false},"children":[]}]},{"key_name":"penjualan","label":"Penjualan","icon":"ShoppingCart","path":null,"order_index":2,"permission":{"can_view":true,"can_create":true,"can_edit":true,"can_delete":false},"children":[{"key_name":"penjualan.kasir","label":"Kasir","icon":"ShoppingCart","path":"/kasir","order_index":1,"permission":{"can_view":true,"can_create":true,"can_edit":true,"can_delete":false},"children":[]},{"key_name":"penjualan.transaksi","label":"Transaksi","icon":"Receipt","path":"/transactions","order_index":2,"permission":{"can_view":true,"can_create":true,"can_edit":true,"can_delete":false},"children":[]}]},{"key_name":"produk","label":"Produk","icon":"Package","path":null,"order_index":3,"permission":{"can_view":true,"can_create":true,"can_edit":true,"can_delete":false},"children":[{"key_name":"produk.produk","label":"Produk","icon":"Package","path":"/products","order_index":1,"permission":{"can_view":true,"can_create":true,"can_edit":true,"can_delete":false},"children":[]},{"key_name":"produk.kategori","label":"Kategori","icon":"Tag","path":"/products/categories","order_index":2,"permission":{"can_view":true,"can_create":true,"can_edit":true,"can_delete":false},"children":[]},{"key_name":"produk.unit","label":"Unit","icon":"PackageSearch","path":"/products/units","order_index":3,"permission":{"can_view":true,"can_create":true,"can_edit":true,"can_delete":false},"children":[]}]},{"key_name":"pengadaan","label":"Pengadaan","icon":"Truck","path":null,"order_index":4,"permission":{"can_view":true,"can_create":true,"can_edit":true,"can_delete":false},"children":[{"key_name":"pengadaan.supplier","label":"Supplier","icon":"Truck","path":"/suppliers","order_index":1,"permission":{"can_view":true,"can_create":true,"can_edit":true,"can_delete":false},"children":[]},{"key_name":"pengadaan.pembelian","label":"Pembelian","icon":"ShoppingBag","path":"/suppliers/purchases","order_index":2,"permission":{"can_view":true,"can_create":true,"can_edit":true,"can_delete":false},"children":[]},{"key_name":"pengadaan.retur","label":"Retur","icon":"RotateCcw","path":"/suppliers/returns","order_index":3,"permission":{"can_view":true,"can_create":true,"can_edit":true,"can_delete":false},"children":[]}]},{"key_name":"pelanggan","label":"Pelanggan","icon":"Users","path":null,"order_index":5,"permission":{"can_view":true,"can_create":true,"can_edit":true,"can_delete":false},"children":[{"key_name":"pelanggan.pelanggan","label":"Pelanggan","icon":"Users","path":"/customers","order_index":1,"permission":{"can_view":true,"can_create":true,"can_edit":true,"can_delete":false},"children":[]},{"key_name":"pelanggan.piutang","label":"Piutang","icon":"CreditCard","path":"/receivables","order_index":2,"permission":{"can_view":true,"can_create":true,"can_edit":true,"can_delete":false},"children":[]}]},{"key_name":"keuangan","label":"Keuangan","icon":"Wallet","path":null,"order_index":6,"permission":{"can_view":true,"can_create":true,"can_edit":true,"can_delete":false},"children":[{"key_name":"keuangan.dashboard","label":"Dashboard Keuangan","icon":"Wallet","path":"/finance","order_index":1,"permission":{"can_view":true,"can_create":true,"can_edit":true,"can_delete":false},"children":[]},{"key_name":"keuangan.kas_harian","label":"Kas Harian","icon":"Landmark","path":"/finance/cash-drawer","order_index":2,"permission":{"can_view":true,"can_create":true,"can_edit":true,"can_delete":false},"children":[]},{"key_name":"keuangan.pengeluaran","label":"Pengeluaran","icon":"TrendingDown","path":"/finance/expenses","order_index":3,"permission":{"can_view":true,"can_create":true,"can_edit":true,"can_delete":false},"children":[]},{"key_name":"keuangan.kas_saya","label":"Kas Saya","icon":"Wallet","path":"/finance/my-cash","order_index":4,"permission":{"can_view":true,"can_create":true,"can_edit":true,"can_delete":false},"children":[]}]},{"key_name":"pelaporan","label":"Pelaporan","icon":"BarChart2","path":null,"order_index":7,"permission":{"can_view":true,"can_create":true,"can_edit":true,"can_delete":false},"children":[{"key_name":"pelaporan.penjualan","label":"Penjualan","icon":"TrendingUp","path":"/reports/sales","order_index":1,"permission":{"can_view":true,"can_create":true,"can_edit":true,"can_delete":false},"children":[]},{"key_name":"pelaporan.laba_rugi","label":"Laba Rugi","icon":"LineChart","path":"/reports/profit-loss","order_index":2,"permission":{"can_view":true,"can_create":true,"can_edit":true,"can_delete":false},"children":[]},{"key_name":"pelaporan.stok","label":"Stok","icon":"PackageSearch","path":"/reports/stock","order_index":3,"permission":{"can_view":true,"can_create":true,"can_edit":true,"can_delete":false},"children":[]},{"key_name":"pelaporan.kinerja_kasir","label":"Kinerja Kasir","icon":"BarChart2","path":"/reports/cashier","order_index":4,"permission":{"can_view":true,"can_create":true,"can_edit":true,"can_delete":false},"children":[]}]},{"key_name":"operasional","label":"Operasional","icon":"Clock","path":null,"order_index":8,"permission":{"can_view":true,"can_create":true,"can_edit":true,"can_delete":false},"children":[{"key_name":"operasional.shift","label":"Shift","icon":"Clock","path":"/shifts","order_index":1,"permission":{"can_view":true,"can_create":true,"can_edit":true,"can_delete":false},"children":[]},{"key_name":"operasional.sync","label":"Sync Center","icon":"RefreshCw","path":"/sync","order_index":2,"permission":{"can_view":true,"can_create":true,"can_edit":true,"can_delete":false},"children":[]}]},{"key_name":"sistem","label":"Sistem","icon":"Settings","path":null,"order_index":9,"permission":{"can_view":true,"can_create":true,"can_edit":true,"can_delete":false},"children":[{"key_name":"sistem.profil_toko","label":"Profil Toko","icon":"Settings","path":"/settings/store","order_index":1,"permission":{"can_view":true,"can_create":true,"can_edit":true,"can_delete":false},"children":[]},{"key_name":"sistem.roles","label":"Manajemen Role","icon":"Shield","path":"/settings/roles","order_index":3,"permission":{"can_view":true,"can_create":false,"can_edit":false,"can_delete":false},"children":[]},{"key_name":"sistem.menus","label":"Manajemen Menu","icon":"LayoutList","path":"/settings/menus","order_index":4,"permission":{"can_view":true,"can_create":false,"can_edit":false,"can_delete":false},"children":[]},{"key_name":"sistem.printer","label":"Printer","icon":"Printer","path":"/settings/printer","order_index":5,"permission":{"can_view":true,"can_create":true,"can_edit":true,"can_delete":false},"children":[]},{"key_name":"sistem.versi","label":"Versi Aplikasi","icon":"RefreshCw","path":"/settings/versions","order_index":6,"permission":{"can_view":true,"can_create":false,"can_edit":false,"can_delete":false},"children":[]},{"key_name":"sistem.backup","label":"Backup \u0026 Restore","icon":"DatabaseBackup","path":"/settings/backup","order_index":7,"permission":{"can_view":true,"can_create":true,"can_edit":true,"can_delete":false},"children":[]}]}]}', 2, 3, '::1', NULL, '2026-07-23 10:10:38.044')
[GIN] 2026/07/23 - 10:10:38 | 204 |            0s |             ::1 | OPTIONS  "/api/sync/conflicts/count"

2026/07/23 10:10:38 [32mD:/Develop/Project_pos_mahenz/BE/domain/auth/repo/auth_repo.go:46
[0m[33m[0.541ms] [34;1m[rows:1][0m SELECT id, user_id, user_role, token, device_info, expires_at FROM sessions WHERE token = 'eyJhbGciOiJIUzI1NiIsInR5cCI6IkpXVCJ9.eyJhcHBzIjoid2ViIiwiZXhwIjoxNzg0ODA1MDM3LCJmdWxsX25hbWUiOiJBZG1pbmlzdHJhdG9yIiwicm9sZSI6ImFkbWluIiwidXNlcl9pZCI6MiwidXNlcm5hbWUiOiJhZG1pbiJ9.fLxoLM2MufECl5_zeeJWifXHN7bCP6pKlUTKr1Kffns' LIMIT 1

2026/07/23 10:10:38 [32mD:/Develop/Project_pos_mahenz/BE/domain/sync/repo/sync_repo.go:84
[0m[33m[0.723ms] [34;1m[rows:1][0m SELECT COUNT(*) FROM sync_conflicts WHERE status = 'pending'
[GIN] 2026/07/23 - 10:10:38 | 200 |      1.2632ms |             ::1 | GET      "/api/sync/conflicts/count"

2026/07/23 10:10:38 [32mD:/Develop/Project_pos_mahenz/BE/repository/log_request_repository.go:32
[0m[33m[2.425ms] [34;1m[rows:1][0m INSERT INTO log_requests (id, method, endpoint, status_code, request_body, response_body, user_id, duration_ms, ip_address, error_message, created_at) VALUES ('16b348e1-b9ef-43c1-9150-0938e319d815', 'GET', '/api/sync/conflicts/count', 200, '', '{"code":"00","status":true,"message":"Jumlah konflik pending","data":{"count":0}}', 2, 1, '::1', NULL, '2026-07-23 10:10:38.095')
[GIN] 2026/07/23 - 10:10:38 | 204 |            0s |             ::1 | OPTIONS  "/api/dashboard/stats?period=today"
[GIN] 2026/07/23 - 10:10:38 | 204 |            0s |             ::1 | OPTIONS  "/api/dashboard/sales-trend?period=7days"
[GIN] 2026/07/23 - 10:10:38 | 204 |            0s |             ::1 | OPTIONS  "/api/dashboard/top-products?start_date=2026-07-17&end_date=2026-07-23&limit=10"

2026/07/23 10:10:38 [32mD:/Develop/Project_pos_mahenz/BE/domain/auth/repo/auth_repo.go:46
[0m[33m[0.505ms] [34;1m[rows:1][0m SELECT id, user_id, user_role, token, device_info, expires_at FROM sessions WHERE token = 'eyJhbGciOiJIUzI1NiIsInR5cCI6IkpXVCJ9.eyJhcHBzIjoid2ViIiwiZXhwIjoxNzg0ODA1MDM3LCJmdWxsX25hbWUiOiJBZG1pbmlzdHJhdG9yIiwicm9sZSI6ImFkbWluIiwidXNlcl9pZCI6MiwidXNlcm5hbWUiOiJhZG1pbiJ9.fLxoLM2MufECl5_zeeJWifXHN7bCP6pKlUTKr1Kffns' LIMIT 1

2026/07/23 10:10:38 [32mD:/Develop/Project_pos_mahenz/BE/domain/auth/repo/auth_repo.go:46
[0m[33m[1.035ms] [34;1m[rows:1][0m SELECT id, user_id, user_role, token, device_info, expires_at FROM sessions WHERE token = 'eyJhbGciOiJIUzI1NiIsInR5cCI6IkpXVCJ9.eyJhcHBzIjoid2ViIiwiZXhwIjoxNzg0ODA1MDM3LCJmdWxsX25hbWUiOiJBZG1pbmlzdHJhdG9yIiwicm9sZSI6ImFkbWluIiwidXNlcl9pZCI6MiwidXNlcm5hbWUiOiJhZG1pbiJ9.fLxoLM2MufECl5_zeeJWifXHN7bCP6pKlUTKr1Kffns' LIMIT 1

2026/07/23 10:10:38 [32mD:/Develop/Project_pos_mahenz/BE/domain/dashboard/repo/dashboard_repo.go:124
[0m[33m[1.059ms] [34;1m[rows:-][0m 
		SELECT COUNT(*) as total_transactions, COALESCE(SUM(total_amount),0) as total_sales,
		       COALESCE(SUM(discount),0) as total_discount
		FROM transactions WHERE DATE(transaction_date) BETWEEN '2026-07-23' AND '2026-07-23' AND status = 'completed'

2026/07/23 10:10:38 [32mD:/Develop/Project_pos_mahenz/BE/domain/auth/repo/auth_repo.go:46
[0m[33m[1.230ms] [34;1m[rows:1][0m SELECT id, user_id, user_role, token, device_info, expires_at FROM sessions WHERE token = 'eyJhbGciOiJIUzI1NiIsInR5cCI6IkpXVCJ9.eyJhcHBzIjoid2ViIiwiZXhwIjoxNzg0ODA1MDM3LCJmdWxsX25hbWUiOiJBZG1pbmlzdHJhdG9yIiwicm9sZSI6ImFkbWluIiwidXNlcl9pZCI6MiwidXNlcm5hbWUiOiJhZG1pbiJ9.fLxoLM2MufECl5_zeeJWifXHN7bCP6pKlUTKr1Kffns' LIMIT 1

2026/07/23 10:10:38 [32mD:/Develop/Project_pos_mahenz/BE/domain/dashboard/repo/dashboard_repo.go:177
[0m[33m[1.230ms] [34;1m[rows:-][0m 
		SELECT DATE_FORMAT(transaction_date, '%Y-%m-%d') as label,
		       COALESCE(SUM(total_amount),0) as total_sales,
		       COUNT(*) as total_transactions
		FROM transactions
		WHERE transaction_date >= DATE_SUB(NOW(), INTERVAL 7 DAY) AND status = 'completed'
		GROUP BY DATE(transaction_date) ORDER BY label
[GIN] 2026/07/23 - 10:10:38 | 200 |      2.7936ms |             ::1 | GET      "/api/dashboard/sales-trend?period=7days"

2026/07/23 10:10:38 [32mD:/Develop/Project_pos_mahenz/BE/domain/dashboard/repo/dashboard_repo.go:133
[0m[33m[0.528ms] [34;1m[rows:-][0m SELECT COALESCE(SUM(amount),0) as total FROM expenses WHERE expense_date BETWEEN '2026-07-23' AND '2026-07-23'

2026/07/23 10:10:38 [32mD:/Develop/Project_pos_mahenz/BE/domain/dashboard/repo/dashboard_repo.go:199
[0m[33m[1.153ms] [34;1m[rows:-][0m 
		SELECT ti.product_id, p.name as product_name,
		       SUM(ti.quantity) as total_qty,
		       SUM(ti.subtotal) as total_value
		FROM transaction_items ti
		LEFT JOIN products p ON ti.product_id = p.id
		LEFT JOIN transactions t ON ti.transaction_id = t.id
		WHERE DATE(t.transaction_date) BETWEEN '2026-07-17' AND '2026-07-23' AND t.status = 'completed'
		GROUP BY ti.product_id, p.name
		ORDER BY total_qty DESC LIMIT 10

2026/07/23 10:10:38 [32mD:/Develop/Project_pos_mahenz/BE/domain/dashboard/repo/dashboard_repo.go:142
[0m[33m[0.000ms] [34;1m[rows:-][0m 
		SELECT COUNT(*) as total_transactions, COALESCE(SUM(total_amount),0) as total_sales
		FROM transactions WHERE MONTH(transaction_date) = MONTH(NOW())
		AND YEAR(transaction_date) = YEAR(NOW()) AND status = 'completed'
[GIN] 2026/07/23 - 10:10:38 | 200 |      2.3827ms |             ::1 | GET      "/api/dashboard/top-products?start_date=2026-07-17&end_date=2026-07-23&limit=10"

2026/07/23 10:10:38 [32mD:/Develop/Project_pos_mahenz/BE/domain/dashboard/repo/dashboard_repo.go:151
[0m[33m[0.000ms] [34;1m[rows:-][0m 
		SELECT COALESCE(SUM(amount),0) as total FROM expenses
		WHERE MONTH(expense_date) = MONTH(NOW()) AND YEAR(expense_date) = YEAR(NOW())

2026/07/23 10:10:38 [32mD:/Develop/Project_pos_mahenz/BE/domain/dashboard/repo/dashboard_repo.go:160
[0m[33m[0.000ms] [34;1m[rows:-][0m SELECT COUNT(*) FROM products WHERE stock <= min_stock AND is_active = 1

2026/07/23 10:10:38 [32mD:/Develop/Project_pos_mahenz/BE/domain/dashboard/repo/dashboard_repo.go:169
[0m[33m[1.406ms] [34;1m[rows:-][0m SELECT COUNT(*) FROM receivables WHERE status != 'paid'
[GIN] 2026/07/23 - 10:10:38 | 200 |      4.8238ms |             ::1 | GET      "/api/dashboard/stats?period=today"

2026/07/23 10:10:38 [32mD:/Develop/Project_pos_mahenz/BE/repository/log_request_repository.go:32
[0m[33m[9.388ms] [34;1m[rows:1][0m INSERT INTO log_requests (id, method, endpoint, status_code, request_body, response_body, user_id, duration_ms, ip_address, error_message, created_at) VALUES ('3b6e2eb9-937d-4b0b-954b-dc4939914cd9', 'GET', '/api/dashboard/sales-trend?period=7days', 200, '', '{"code":"00","status":true,"message":"Tren penjualan","data":[]}', 2, 2, '::1', NULL, '2026-07-23 10:10:38.399')

2026/07/23 10:10:38 [32mD:/Develop/Project_pos_mahenz/BE/repository/log_request_repository.go:32
[0m[33m[8.764ms] [34;1m[rows:1][0m INSERT INTO log_requests (id, method, endpoint, status_code, request_body, response_body, user_id, duration_ms, ip_address, error_message, created_at) VALUES ('7bb6cfca-4ba0-4051-ada9-ebffa48c6b8b', 'GET', '/api/dashboard/top-products?start_date=2026-07-17&end_date=2026-07-23&limit=10', 200, '', '{"code":"00","status":true,"message":"Produk terlaris","data":[]}', 2, 2, '::1', NULL, '2026-07-23 10:10:38.4')

2026/07/23 10:10:38 [32mD:/Develop/Project_pos_mahenz/BE/repository/log_request_repository.go:32
[0m[33m[6.710ms] [34;1m[rows:1][0m INSERT INTO log_requests (id, method, endpoint, status_code, request_body, response_body, user_id, duration_ms, ip_address, error_message, created_at) VALUES ('86792b3b-5af6-413d-9205-9f7148fe939e', 'GET', '/api/dashboard/stats?period=today', 200, '', '{"code":"00","status":true,"message":"Statistik dashboard","data":{"today":{"total_transactions":0,"total_sales":0,"total_discount":0,"total_expenses":0,"gross_profit":0},"this_month":{"total_transactions":0,"total_sales":0,"total_expenses":0,"gross_profit":0},"low_stock_count":4,"open_receivables":0}}', 2, 4, '::1', NULL, '2026-07-23 10:10:38.402')

2026/07/23 10:10:38 [32mD:/Develop/Project_pos_mahenz/BE/domain/auth/repo/auth_repo.go:46
[0m[33m[0.535ms] [34;1m[rows:1][0m SELECT id, user_id, user_role, token, device_info, expires_at FROM sessions WHERE token = 'eyJhbGciOiJIUzI1NiIsInR5cCI6IkpXVCJ9.eyJhcHBzIjoid2ViIiwiZXhwIjoxNzg0ODA1MDM3LCJmdWxsX25hbWUiOiJBZG1pbmlzdHJhdG9yIiwicm9sZSI6ImFkbWluIiwidXNlcl9pZCI6MiwidXNlcm5hbWUiOiJhZG1pbiJ9.fLxoLM2MufECl5_zeeJWifXHN7bCP6pKlUTKr1Kffns' LIMIT 1

2026/07/23 10:10:38 [32mD:/Develop/Project_pos_mahenz/BE/domain/menu/repo/menu_repo.go:121
[0m[33m[0.523ms] [34;1m[rows:-][0m 
		SELECT
			m.id,
			m.parent_id,
			m.key_name,
			m.label,
			m.icon,
			m.path,
			m.order_index,
			COALESCE(rma.can_view,   0),
			COALESCE(rma.can_create, 0),
			COALESCE(rma.can_edit,   0),
			COALESCE(rma.can_delete, 0)
		FROM menus m
		LEFT JOIN role_menu_access rma ON rma.menu_id = m.id
			AND rma.role_id = (SELECT id FROM roles WHERE name = 'admin' AND is_active = 1 LIMIT 1)
		WHERE m.is_active = 1
		ORDER BY m.order_index ASC, m.id ASC
		
[GIN] 2026/07/23 - 10:10:38 | 200 |      2.5854ms |             ::1 | POST     "/api/menus/my"

2026/07/23 10:10:38 [32mD:/Develop/Project_pos_mahenz/BE/repository/log_request_repository.go:32
[0m[33m[2.758ms] [34;1m[rows:1][0m INSERT INTO log_requests (id, method, endpoint, status_code, request_body, response_body, user_id, duration_ms, ip_address, error_message, created_at) VALUES ('94ed9a7e-2c0b-4aa5-aa4f-4a1f8be90d30', 'POST', '/api/menus/my', 200, '{}', '{"code":"00","status":true,"message":"Menu akses","data":[{"key_name":"beranda","label":"Beranda","icon":"Home","path":null,"order_index":1,"permission":{"can_view":true,"can_create":true,"can_edit":true,"can_delete":false},"children":[{"key_name":"beranda.dashboard","label":"Dashboard","icon":"LayoutDashboard","path":"/dashboard","order_index":1,"permission":{"can_view":true,"can_create":true,"can_edit":true,"can_delete":false},"children":[]}]},{"key_name":"penjualan","label":"Penjualan","icon":"ShoppingCart","path":null,"order_index":2,"permission":{"can_view":true,"can_create":true,"can_edit":true,"can_delete":false},"children":[{"key_name":"penjualan.kasir","label":"Kasir","icon":"ShoppingCart","path":"/kasir","order_index":1,"permission":{"can_view":true,"can_create":true,"can_edit":true,"can_delete":false},"children":[]},{"key_name":"penjualan.transaksi","label":"Transaksi","icon":"Receipt","path":"/transactions","order_index":2,"permission":{"can_view":true,"can_create":true,"can_edit":true,"can_delete":false},"children":[]}]},{"key_name":"produk","label":"Produk","icon":"Package","path":null,"order_index":3,"permission":{"can_view":true,"can_create":true,"can_edit":true,"can_delete":false},"children":[{"key_name":"produk.produk","label":"Produk","icon":"Package","path":"/products","order_index":1,"permission":{"can_view":true,"can_create":true,"can_edit":true,"can_delete":false},"children":[]},{"key_name":"produk.kategori","label":"Kategori","icon":"Tag","path":"/products/categories","order_index":2,"permission":{"can_view":true,"can_create":true,"can_edit":true,"can_delete":false},"children":[]},{"key_name":"produk.unit","label":"Unit","icon":"PackageSearch","path":"/products/units","order_index":3,"permission":{"can_view":true,"can_create":true,"can_edit":true,"can_delete":false},"children":[]}]},{"key_name":"pengadaan","label":"Pengadaan","icon":"Truck","path":null,"order_index":4,"permission":{"can_view":true,"can_create":true,"can_edit":true,"can_delete":false},"children":[{"key_name":"pengadaan.supplier","label":"Supplier","icon":"Truck","path":"/suppliers","order_index":1,"permission":{"can_view":true,"can_create":true,"can_edit":true,"can_delete":false},"children":[]},{"key_name":"pengadaan.pembelian","label":"Pembelian","icon":"ShoppingBag","path":"/suppliers/purchases","order_index":2,"permission":{"can_view":true,"can_create":true,"can_edit":true,"can_delete":false},"children":[]},{"key_name":"pengadaan.retur","label":"Retur","icon":"RotateCcw","path":"/suppliers/returns","order_index":3,"permission":{"can_view":true,"can_create":true,"can_edit":true,"can_delete":false},"children":[]}]},{"key_name":"pelanggan","label":"Pelanggan","icon":"Users","path":null,"order_index":5,"permission":{"can_view":true,"can_create":true,"can_edit":true,"can_delete":false},"children":[{"key_name":"pelanggan.pelanggan","label":"Pelanggan","icon":"Users","path":"/customers","order_index":1,"permission":{"can_view":true,"can_create":true,"can_edit":true,"can_delete":false},"children":[]},{"key_name":"pelanggan.piutang","label":"Piutang","icon":"CreditCard","path":"/receivables","order_index":2,"permission":{"can_view":true,"can_create":true,"can_edit":true,"can_delete":false},"children":[]}]},{"key_name":"keuangan","label":"Keuangan","icon":"Wallet","path":null,"order_index":6,"permission":{"can_view":true,"can_create":true,"can_edit":true,"can_delete":false},"children":[{"key_name":"keuangan.dashboard","label":"Dashboard Keuangan","icon":"Wallet","path":"/finance","order_index":1,"permission":{"can_view":true,"can_create":true,"can_edit":true,"can_delete":false},"children":[]},{"key_name":"keuangan.kas_harian","label":"Kas Harian","icon":"Landmark","path":"/finance/cash-drawer","order_index":2,"permission":{"can_view":true,"can_create":true,"can_edit":true,"can_delete":false},"children":[]},{"key_name":"keuangan.pengeluaran","label":"Pengeluaran","icon":"TrendingDown","path":"/finance/expenses","order_index":3,"permission":{"can_view":true,"can_create":true,"can_edit":true,"can_delete":false},"children":[]},{"key_name":"keuangan.kas_saya","label":"Kas Saya","icon":"Wallet","path":"/finance/my-cash","order_index":4,"permission":{"can_view":true,"can_create":true,"can_edit":true,"can_delete":false},"children":[]}]},{"key_name":"pelaporan","label":"Pelaporan","icon":"BarChart2","path":null,"order_index":7,"permission":{"can_view":true,"can_create":true,"can_edit":true,"can_delete":false},"children":[{"key_name":"pelaporan.penjualan","label":"Penjualan","icon":"TrendingUp","path":"/reports/sales","order_index":1,"permission":{"can_view":true,"can_create":true,"can_edit":true,"can_delete":false},"children":[]},{"key_name":"pelaporan.laba_rugi","label":"Laba Rugi","icon":"LineChart","path":"/reports/profit-loss","order_index":2,"permission":{"can_view":true,"can_create":true,"can_edit":true,"can_delete":false},"children":[]},{"key_name":"pelaporan.stok","label":"Stok","icon":"PackageSearch","path":"/reports/stock","order_index":3,"permission":{"can_view":true,"can_create":true,"can_edit":true,"can_delete":false},"children":[]},{"key_name":"pelaporan.kinerja_kasir","label":"Kinerja Kasir","icon":"BarChart2","path":"/reports/cashier","order_index":4,"permission":{"can_view":true,"can_create":true,"can_edit":true,"can_delete":false},"children":[]}]},{"key_name":"operasional","label":"Operasional","icon":"Clock","path":null,"order_index":8,"permission":{"can_view":true,"can_create":true,"can_edit":true,"can_delete":false},"children":[{"key_name":"operasional.shift","label":"Shift","icon":"Clock","path":"/shifts","order_index":1,"permission":{"can_view":true,"can_create":true,"can_edit":true,"can_delete":false},"children":[]},{"key_name":"operasional.sync","label":"Sync Center","icon":"RefreshCw","path":"/sync","order_index":2,"permission":{"can_view":true,"can_create":true,"can_edit":true,"can_delete":false},"children":[]}]},{"key_name":"sistem","label":"Sistem","icon":"Settings","path":null,"order_index":9,"permission":{"can_view":true,"can_create":true,"can_edit":true,"can_delete":false},"children":[{"key_name":"sistem.profil_toko","label":"Profil Toko","icon":"Settings","path":"/settings/store","order_index":1,"permission":{"can_view":true,"can_create":true,"can_edit":true,"can_delete":false},"children":[]},{"key_name":"sistem.roles","label":"Manajemen Role","icon":"Shield","path":"/settings/roles","order_index":3,"permission":{"can_view":true,"can_create":false,"can_edit":false,"can_delete":false},"children":[]},{"key_name":"sistem.menus","label":"Manajemen Menu","icon":"LayoutList","path":"/settings/menus","order_index":4,"permission":{"can_view":true,"can_create":false,"can_edit":false,"can_delete":false},"children":[]},{"key_name":"sistem.printer","label":"Printer","icon":"Printer","path":"/settings/printer","order_index":5,"permission":{"can_view":true,"can_create":true,"can_edit":true,"can_delete":false},"children":[]},{"key_name":"sistem.versi","label":"Versi Aplikasi","icon":"RefreshCw","path":"/settings/versions","order_index":6,"permission":{"can_view":true,"can_create":false,"can_edit":false,"can_delete":false},"children":[]},{"key_name":"sistem.backup","label":"Backup \u0026 Restore","icon":"DatabaseBackup","path":"/settings/backup","order_index":7,"permission":{"can_view":true,"can_create":true,"can_edit":true,"can_delete":false},"children":[]}]}]}', 2, 2, '::1', NULL, '2026-07-23 10:10:38.759')

2026/07/23 10:10:38 [32mD:/Develop/Project_pos_mahenz/BE/domain/auth/repo/auth_repo.go:46
[0m[33m[1.326ms] [34;1m[rows:1][0m SELECT id, user_id, user_role, token, device_info, expires_at FROM sessions WHERE token = 'eyJhbGciOiJIUzI1NiIsInR5cCI6IkpXVCJ9.eyJhcHBzIjoid2ViIiwiZXhwIjoxNzg0ODA1MDM3LCJmdWxsX25hbWUiOiJBZG1pbmlzdHJhdG9yIiwicm9sZSI6ImFkbWluIiwidXNlcl9pZCI6MiwidXNlcm5hbWUiOiJhZG1pbiJ9.fLxoLM2MufECl5_zeeJWifXHN7bCP6pKlUTKr1Kffns' LIMIT 1

2026/07/23 10:10:38 [32mD:/Develop/Project_pos_mahenz/BE/domain/sync/repo/sync_repo.go:84
[0m[33m[2.006ms] [34;1m[rows:1][0m SELECT COUNT(*) FROM sync_conflicts WHERE status = 'pending'
[GIN] 2026/07/23 - 10:10:38 | 200 |      3.3322ms |             ::1 | GET      "/api/sync/conflicts/count"

2026/07/23 10:10:38 [32mD:/Develop/Project_pos_mahenz/BE/repository/log_request_repository.go:32
[0m[33m[3.791ms] [34;1m[rows:1][0m INSERT INTO log_requests (id, method, endpoint, status_code, request_body, response_body, user_id, duration_ms, ip_address, error_message, created_at) VALUES ('478b3e46-791a-42a9-87b1-f512e0f6bc27', 'GET', '/api/sync/conflicts/count', 200, '', '{"code":"00","status":true,"message":"Jumlah konflik pending","data":{"count":0}}', 2, 3, '::1', NULL, '2026-07-23 10:10:38.808')
[GIN] 2026/07/23 - 10:10:39 | 204 |            0s |             ::1 | OPTIONS  "/api/categories/options"
[GIN] 2026/07/23 - 10:10:39 | 204 |            0s |             ::1 | OPTIONS  "/api/units/options"

2026/07/23 10:10:39 [32mD:/Develop/Project_pos_mahenz/BE/domain/auth/repo/auth_repo.go:46
[0m[33m[1.741ms] [34;1m[rows:1][0m SELECT id, user_id, user_role, token, device_info, expires_at FROM sessions WHERE token = 'eyJhbGciOiJIUzI1NiIsInR5cCI6IkpXVCJ9.eyJhcHBzIjoid2ViIiwiZXhwIjoxNzg0ODA1MDM3LCJmdWxsX25hbWUiOiJBZG1pbmlzdHJhdG9yIiwicm9sZSI6ImFkbWluIiwidXNlcl9pZCI6MiwidXNlcm5hbWUiOiJhZG1pbiJ9.fLxoLM2MufECl5_zeeJWifXHN7bCP6pKlUTKr1Kffns' LIMIT 1

2026/07/23 10:10:39 [32mD:/Develop/Project_pos_mahenz/BE/domain/auth/repo/auth_repo.go:46
[0m[33m[1.939ms] [34;1m[rows:1][0m SELECT id, user_id, user_role, token, device_info, expires_at FROM sessions WHERE token = 'eyJhbGciOiJIUzI1NiIsInR5cCI6IkpXVCJ9.eyJhcHBzIjoid2ViIiwiZXhwIjoxNzg0ODA1MDM3LCJmdWxsX25hbWUiOiJBZG1pbmlzdHJhdG9yIiwicm9sZSI6ImFkbWluIiwidXNlcl9pZCI6MiwidXNlcm5hbWUiOiJhZG1pbiJ9.fLxoLM2MufECl5_zeeJWifXHN7bCP6pKlUTKr1Kffns' LIMIT 1

2026/07/23 10:10:39 [32mD:/Develop/Project_pos_mahenz/BE/domain/product_category/repo/product_category_repo.go:70
[0m[33m[1.281ms] [34;1m[rows:2][0m SELECT id, name FROM categories WHERE is_active = 1 ORDER BY name
[GIN] 2026/07/23 - 10:10:39 | 200 |      3.0215ms |             ::1 | POST     "/api/categories/options"

2026/07/23 10:10:39 [32mD:/Develop/Project_pos_mahenz/BE/domain/product_unit/repo/unit_repo.go:72
[0m[33m[0.565ms] [34;1m[rows:1][0m SELECT id, name, abbreviation FROM units WHERE is_active = 1 ORDER BY name
[GIN] 2026/07/23 - 10:10:39 | 200 |      3.0711ms |             ::1 | POST     "/api/units/options"

2026/07/23 10:10:39 [32mD:/Develop/Project_pos_mahenz/BE/repository/log_request_repository.go:32
[0m[33m[3.999ms] [34;1m[rows:1][0m INSERT INTO log_requests (id, method, endpoint, status_code, request_body, response_body, user_id, duration_ms, ip_address, error_message, created_at) VALUES ('8da146ea-1c7e-4fc2-8e3d-4682fd3f4623', 'POST', '/api/categories/options', 200, '{}', '{"code":"00","status":true,"message":"Opsi kategori","data":[{"id":2,"name":"Makanan"},{"id":1,"name":"Minuman"}]}', 2, 3, '::1', NULL, '2026-07-23 10:10:39.119')

2026/07/23 10:10:39 [32mD:/Develop/Project_pos_mahenz/BE/repository/log_request_repository.go:32
[0m[33m[3.999ms] [34;1m[rows:1][0m INSERT INTO log_requests (id, method, endpoint, status_code, request_body, response_body, user_id, duration_ms, ip_address, error_message, created_at) VALUES ('3e711444-0eba-4404-894c-66e5dbed8fb4', 'POST', '/api/units/options', 200, '{}', '{"code":"00","status":true,"message":"Opsi satuan","data":[{"id":1,"name":"Pcs","abbreviation":"pcs"}]}', 2, 3, '::1', NULL, '2026-07-23 10:10:39.119')
[GIN] 2026/07/23 - 10:10:39 | 204 |            0s |             ::1 | OPTIONS  "/api/settings/pagination_sizes"
[GIN] 2026/07/23 - 10:10:39 | 204 |            0s |             ::1 | OPTIONS  "/api/products/list"

2026/07/23 10:10:39 [32mD:/Develop/Project_pos_mahenz/BE/domain/auth/repo/auth_repo.go:46
[0m[33m[0.505ms] [34;1m[rows:1][0m SELECT id, user_id, user_role, token, device_info, expires_at FROM sessions WHERE token = 'eyJhbGciOiJIUzI1NiIsInR5cCI6IkpXVCJ9.eyJhcHBzIjoid2ViIiwiZXhwIjoxNzg0ODA1MDM3LCJmdWxsX25hbWUiOiJBZG1pbmlzdHJhdG9yIiwicm9sZSI6ImFkbWluIiwidXNlcl9pZCI6MiwidXNlcm5hbWUiOiJhZG1pbiJ9.fLxoLM2MufECl5_zeeJWifXHN7bCP6pKlUTKr1Kffns' LIMIT 1

2026/07/23 10:10:39 [32mD:/Develop/Project_pos_mahenz/BE/domain/auth/repo/auth_repo.go:46
[0m[33m[0.505ms] [34;1m[rows:1][0m SELECT id, user_id, user_role, token, device_info, expires_at FROM sessions WHERE token = 'eyJhbGciOiJIUzI1NiIsInR5cCI6IkpXVCJ9.eyJhcHBzIjoid2ViIiwiZXhwIjoxNzg0ODA1MDM3LCJmdWxsX25hbWUiOiJBZG1pbmlzdHJhdG9yIiwicm9sZSI6ImFkbWluIiwidXNlcl9pZCI6MiwidXNlcm5hbWUiOiJhZG1pbiJ9.fLxoLM2MufECl5_zeeJWifXHN7bCP6pKlUTKr1Kffns' LIMIT 1

2026/07/23 10:10:39 [32mD:/Develop/Project_pos_mahenz/BE/domain/product/repo/product_repo.go:100
[0m[33m[0.000ms] [34;1m[rows:1][0m SELECT COUNT(*) FROM products p WHERE 1=1

2026/07/23 10:10:39 [32mD:/Develop/Project_pos_mahenz/BE/domain/setting/repo/setting_repo.go:32
[0m[33m[0.553ms] [34;1m[rows:-][0m SELECT setting_key, setting_value FROM settings WHERE setting_key = 'pagination_sizes'
[GIN] 2026/07/23 - 10:10:39 | 200 |      1.6044ms |             ::1 | GET      "/api/settings/pagination_sizes"

2026/07/23 10:10:39 [32mD:/Develop/Project_pos_mahenz/BE/domain/product/repo/product_repo.go:119
[0m[33m[1.313ms] [34;1m[rows:5][0m 
		SELECT p.id, p.barcode, COALESCE(p.sku, '') as sku, p.name, p.category_id, COALESCE(c.name, '') as category_name,
		       p.purchase_price, p.selling_price, p.stock, p.reserved_qty, p.min_stock,
		       COALESCE(p.unit_id, 0) as unit_id, COALESCE(u.name, '') as unit_name, COALESCE(u.abbreviation, '') as unit_abbreviation,
		       p.is_active,
		       (SELECT COUNT(*) FROM product_packages pp WHERE pp.product_id = p.id AND pp.is_default = 0) AS extra_packages,
		       (SELECT COUNT(*) FROM product_prices pr WHERE pr.product_id = p.id) AS price_tiers_count
		FROM products p
		LEFT JOIN categories c ON p.category_id = c.id
		LEFT JOIN units u ON u.id = p.unit_id
		WHERE 1=1 ORDER BY p.name ASC LIMIT 10 OFFSET 0
[GIN] 2026/07/23 - 10:10:39 | 200 |      2.3649ms |             ::1 | POST     "/api/products/list"

2026/07/23 10:10:39 [32mD:/Develop/Project_pos_mahenz/BE/repository/log_request_repository.go:32
[0m[33m[2.116ms] [34;1m[rows:1][0m INSERT INTO log_requests (id, method, endpoint, status_code, request_body, response_body, user_id, duration_ms, ip_address, error_message, created_at) VALUES ('bad59213-e7df-4fac-bed8-36a3cf379cce', 'GET', '/api/settings/pagination_sizes', 200, '', '{"code":"00","status":true,"message":"Detail pengaturan","data":{"key":"pagination_sizes","value":"[10,20,50]"}}', 2, 1, '::1', NULL, '2026-07-23 10:10:39.225')

2026/07/23 10:10:39 [32mD:/Develop/Project_pos_mahenz/BE/repository/log_request_repository.go:32
[0m[33m[2.397ms] [34;1m[rows:1][0m INSERT INTO log_requests (id, method, endpoint, status_code, request_body, response_body, user_id, duration_ms, ip_address, error_message, created_at) VALUES ('74fdd480-1eb6-4ba7-a4ef-1617648e8590', 'POST', '/api/products/list', 200, '{"page":1,"limit":10,"search":""}', '{"code":"00","status":true,"message":"Daftar produk","data":[{"id":7,"barcode":"7777777777777","sku":"MIN-0005","name":"Manual SKU Jump Test","category_id":1,"category_name":"Minuman","purchase_price":0,"selling_price":1000,"stock":0,"reserved_qty":0,"min_stock":0,"unit_id":1,"unit_name":"Pcs","unit_abbreviation":"pcs","is_active":true,"extra_packages":0,"price_tiers_count":0},{"id":5,"barcode":"5555555555555","sku":"MIN-BYP1","name":"Owner Bypass Stock Test","category_id":1,"category_name":"Minuman","purchase_price":0,"selling_price":1000,"stock":0,"reserved_qty":0,"min_stock":0,"unit_id":1,"unit_name":"Pcs","unit_abbreviation":"pcs","is_active":true,"extra_packages":0,"price_tiers_count":0},{"id":6,"barcode":"6666666666666","sku":"MIN-SPF1","name":"Owner Spoof Role Test","category_id":1,"category_name":"Minuman","purchase_price":0,"selling_price":1000,"stock":0,"reserved_qty":0,"min_stock":0,"unit_id":1,"unit_name":"Pcs","unit_abbreviation":"pcs","is_active":true,"extra_packages":0,"price_tiers_count":0},{"id":4,"barcode":"4444444444444","sku":"MIN-5555","name":"Sanity Check Product","category_id":1,"category_name":"Minuman","purchase_price":0,"selling_price":1000,"stock":0,"reserved_qty":0,"min_stock":0,"unit_id":1,"unit_name":"Pcs","unit_abbreviation":"pcs","is_active":true,"extra_packages":0,"price_tiers_count":0},{"id":1,"barcode":"8990874779046","sku":"MIN-0001","name":"Teh Botol Sosro 350ml (Edited)","category_id":1,"category_name":"Minuman","purchase_price":3500,"selling_price":5800,"stock":50,"reserved_qty":0,"min_stock":10,"unit_id":1,"unit_name":"Pcs","unit_abbreviation":"pcs","is_active":true,"extra_packages":0,"price_tiers_count":0}],"pagination":{"page":1,"per_page":10,"total":5,"total_pages":1}}', 2, 2, '::1', NULL, '2026-07-23 10:10:39.225')
[GIN] 2026/07/23 - 10:10:40 | 204 |            0s |             ::1 | OPTIONS  "/api/products/import-preview"

2026/07/23 10:10:40 [32mD:/Develop/Project_pos_mahenz/BE/domain/auth/repo/auth_repo.go:46
[0m[33m[1.690ms] [34;1m[rows:1][0m SELECT id, user_id, user_role, token, device_info, expires_at FROM sessions WHERE token = 'eyJhbGciOiJIUzI1NiIsInR5cCI6IkpXVCJ9.eyJhcHBzIjoid2ViIiwiZXhwIjoxNzg0ODA1MDM3LCJmdWxsX25hbWUiOiJBZG1pbmlzdHJhdG9yIiwicm9sZSI6ImFkbWluIiwidXNlcl9pZCI6MiwidXNlcm5hbWUiOiJhZG1pbiJ9.fLxoLM2MufECl5_zeeJWifXHN7bCP6pKlUTKr1Kffns' LIMIT 1

2026/07/23 10:10:40 [32mD:/Develop/Project_pos_mahenz/BE/domain/product_category/repo/product_category_repo.go:70
[0m[33m[0.653ms] [34;1m[rows:2][0m SELECT id, name FROM categories WHERE is_active = 1 ORDER BY name

2026/07/23 10:10:40 [32mD:/Develop/Project_pos_mahenz/BE/domain/product_unit/repo/unit_repo.go:72
[0m[33m[0.000ms] [34;1m[rows:1][0m SELECT id, name, abbreviation FROM units WHERE is_active = 1 ORDER BY name

2026/07/23 10:10:40 [32mD:/Develop/Project_pos_mahenz/BE/domain/product/repo/product_generate_repo.go:30
[0m[33m[0.600ms] [34;1m[rows:0][0m SELECT id FROM products WHERE LOWER(TRIM(name)) = LOWER(TRIM('Import Kopi Sachet 3in1')) AND id != 0 LIMIT 1

2026/07/23 10:10:40 [32mD:/Develop/Project_pos_mahenz/BE/domain/product/repo/product_generate_repo.go:30
[0m[33m[0.580ms] [34;1m[rows:0][0m SELECT id FROM products WHERE LOWER(TRIM(name)) = LOWER(TRIM('Import Gula Pasir 1kg')) AND id != 0 LIMIT 1

2026/07/23 10:10:40 [32mD:/Develop/Project_pos_mahenz/BE/domain/product/repo/product_generate_repo.go:12
[0m[33m[0.000ms] [34;1m[rows:0][0m SELECT id FROM products WHERE barcode = '9990001112223' AND id != 0 LIMIT 1

2026/07/23 10:10:40 [32mD:/Develop/Project_pos_mahenz/BE/domain/product/repo/product_generate_repo.go:12
[0m[33m[0.000ms] [34;1m[rows:0][0m SELECT id FROM products WHERE barcode = '9990001112224' AND id != 0 LIMIT 1

2026/07/23 10:10:40 [32mD:/Develop/Project_pos_mahenz/BE/domain/product/repo/product_generate_repo.go:30
[0m[33m[0.541ms] [34;1m[rows:0][0m SELECT id FROM products WHERE LOWER(TRIM(name)) = LOWER(TRIM('Import Harga Rugi')) AND id != 0 LIMIT 1

2026/07/23 10:10:40 [32mD:/Develop/Project_pos_mahenz/BE/domain/product/repo/product_generate_repo.go:12
[0m[33m[0.692ms] [34;1m[rows:0][0m SELECT id FROM products WHERE barcode = '9990001112225' AND id != 0 LIMIT 1

2026/07/23 10:10:40 [32mD:/Develop/Project_pos_mahenz/BE/domain/product/repo/product_generate_repo.go:30
[0m[33m[0.000ms] [34;1m[rows:1][0m SELECT id FROM products WHERE LOWER(TRIM(name)) = LOWER(TRIM('Teh Botol Sosro 350ml (Edited)')) AND id != 0 LIMIT 1

2026/07/23 10:10:40 [32mD:/Develop/Project_pos_mahenz/BE/domain/product/repo/product_generate_repo.go:12
[0m[33m[0.000ms] [34;1m[rows:0][0m SELECT id FROM products WHERE barcode = '9990001112226' AND id != 0 LIMIT 1

2026/07/23 10:10:40 [32mD:/Develop/Project_pos_mahenz/BE/domain/product/repo/product_generate_repo.go:30
[0m[33m[0.531ms] [34;1m[rows:0][0m SELECT id FROM products WHERE LOWER(TRIM(name)) = LOWER(TRIM('Import Satuan Ngasal')) AND id != 0 LIMIT 1

2026/07/23 10:10:40 [32mD:/Develop/Project_pos_mahenz/BE/domain/product/repo/product_generate_repo.go:12
[0m[33m[0.612ms] [34;1m[rows:0][0m SELECT id FROM products WHERE barcode = '9990001112227' AND id != 0 LIMIT 1

2026/07/23 10:10:40 [32mD:/Develop/Project_pos_mahenz/BE/domain/product/repo/product_generate_repo.go:12
[0m[33m[0.000ms] [34;1m[rows:0][0m SELECT id FROM products WHERE barcode = '9990001112228' AND id != 0 LIMIT 1

2026/07/23 10:10:40 [32mD:/Develop/Project_pos_mahenz/BE/domain/product/repo/product_generate_repo.go:30
[0m[33m[0.000ms] [34;1m[rows:0][0m SELECT id FROM products WHERE LOWER(TRIM(name)) = LOWER(TRIM('Import Barcode Duplikat A')) AND id != 0 LIMIT 1

2026/07/23 10:10:40 [32mD:/Develop/Project_pos_mahenz/BE/domain/product/repo/product_generate_repo.go:12
[0m[33m[0.915ms] [34;1m[rows:0][0m SELECT id FROM products WHERE barcode = '9990001112229' AND id != 0 LIMIT 1

2026/07/23 10:10:40 [32mD:/Develop/Project_pos_mahenz/BE/domain/product/repo/product_generate_repo.go:30
[0m[33m[0.533ms] [34;1m[rows:0][0m SELECT id FROM products WHERE LOWER(TRIM(name)) = LOWER(TRIM('Import Barcode Duplikat B')) AND id != 0 LIMIT 1

2026/07/23 10:10:40 [32mD:/Develop/Project_pos_mahenz/BE/domain/product/repo/product_generate_repo.go:30
[0m[33m[0.664ms] [34;1m[rows:0][0m SELECT id FROM products WHERE LOWER(TRIM(name)) = LOWER(TRIM('Import Stok Negatif')) AND id != 0 LIMIT 1

2026/07/23 10:10:40 [32mD:/Develop/Project_pos_mahenz/BE/domain/product/repo/product_generate_repo.go:12
[0m[33m[0.000ms] [34;1m[rows:0][0m SELECT id FROM products WHERE barcode = '9990001112230' AND id != 0 LIMIT 1
[GIN] 2026/07/23 - 10:10:40 | 200 |     12.3483ms |             ::1 | POST     "/api/products/import-preview"

2026/07/23 10:10:40 [31;1mD:/Develop/Project_pos_mahenz/BE/repository/log_request_repository.go:32 [35;1mError 3988 (HY000): Conversion from collation utf8mb3_general_ci into utf8mb4_0900_ai_ci impossible for parameter
[0m[33m[1.053ms] [34;1m[rows:0][0m INSERT INTO log_requests (id, method, endpoint, status_code, request_body, response_body, user_id, duration_ms, ip_address, error_message, created_at) VALUES ('e6d1b349-e857-480d-ba16-bed52fe24497', 'POST', '/api/products/import-preview', 200, '------WebKitFormBoundaryXlqF8E44yhaexXjr
Content-Disposition: form-data; name="file"; filename="import_test_full.xlsx"
Content-Type: application/vnd.openxmlformats-officedocument.spreadsheetml.sheet

PK         Òa<''B  B     xl/_rels/workbook.xml.rels<?xml version="1.0" encoding="UTF-8" standalone="yes"?>
<Relationships xmlns="http://schemas.openxmlformats.org/package/2006/relationships"><Relationship Id="rId1" Type="http://schemas.openxmlformats.org/officeDocument/2006/relationships/worksheet" Target="worksheets/sheet1.xml"/><Relationship Id="rId2" Type="http://schemas.openxmlformats.org/officeDocument/2006/relationships/worksheet" Target="worksheets/sheet2.xml"/><Relationship Id="rId3" Type="http://schemas.openxmlformats.org/officeDocument/2006/relationships/theme" Target="theme/theme1.xml"/><Relationship Id="rId4" Type="http://schemas.openxmlformats.org/officeDocument/2006/relationships/styles" Target="styles.xml"/><Relationship Id="rId5" Type="http://schemas.openxmlformats.org/officeDocument/2006/relationships/sheetMetadata" Target="metadata.xml"/></Relationships>PK         0àkﬁ  ﬁ     xl/theme/theme1.xml<?xml version="1.0" encoding="UTF-8" standalone="yes"?>
<a:theme xmlns:a="http://schemas.openxmlformats.org/drawingml/2006/main" name="Office Theme"><a:themeElements><a:clrScheme name="Office"><a:dk1><a:sysClr val="windowText" lastClr="000000"/></a:dk1><a:lt1><a:sysClr val="window" lastClr="FFFFFF"/></a:lt1><a:dk2><a:srgbClr val="1F497D"/></a:dk2><a:lt2><a:srgbClr val="EEECE1"/></a:lt2><a:accent1><a:srgbClr val="4F81BD"/></a:accent1><a:accent2><a:srgbClr val="C0504D"/></a:accent2><a:accent3><a:srgbClr val="9BBB59"/></a:accent3><a:accent4><a:srgbClr val="8064A2"/></a:accent4><a:accent5><a:srgbClr val="4BACC6"/></a:accent5><a:accent6><a:srgbClr val="F79646"/></a:accent6><a:hlink><a:srgbClr val="0000FF"/></a:hlink><a:folHlink><a:srgbClr val="800080"/></a:folHlink></a:clrScheme><a:fontScheme name="Office"><a:majorFont><a:latin typeface="Cambria"/><a:ea typeface=""/><a:cs typeface=""/><a:font script="Jpan" typeface="Ôº≠Ôº≥ Ôº∞„Ç¥„Ç∑„ÉÉ„ÇØ"/><a:font script="Hang" typeface="ÎßëÏùÄ Í≥†Îîï"/><a:font script="Hans" typeface="ÂÆã‰Ωì"/><a:font script="Hant" typeface="Êñ∞Á¥∞ÊòéÈ´î"/><a:font script="Arab" typeface="Times New Roman"/><a:font script="Hebr" typeface="Times New Roman"/><a:font script="Thai" typeface="Tahoma"/><a:font script="Ethi" typeface="Nyala"/><a:font script="Beng" typeface="Vrinda"/><a:font script="Gujr" typeface="Shruti"/><a:font script="Khmr" typeface="MoolBoran"/><a:font script="Knda" typeface="Tunga"/><a:font script="Guru" typeface="Raavi"/><a:font script="Cans" typeface="Euphemia"/><a:font script="Cher" typeface="Plantagenet Cherokee"/><a:font script="Yiii" typeface="Microsoft Yi Baiti"/><a:font script="Tibt" typeface="Microsoft Himalaya"/><a:font script="Thaa" typeface="MV Boli"/><a:font script="Deva" typeface="Mangal"/><a:font script="Telu" typeface="Gautami"/><a:font script="Taml" typeface="Latha"/><a:font script="Syrc" typeface="Estrangelo Edessa"/><a:font script="Orya" typeface="Kalinga"/><a:font script="Mlym" typeface="Kartika"/><a:font script="Laoo" typeface="DokChampa"/><a:font script="Sinh" typeface="Iskoola Pota"/><a:font script="Mong" typeface="Mongolian Baiti"/><a:font script="Viet" typeface="Times New Roman"/><a:font script="Uigh" typeface="Microsoft Uighur"/><a:font script="Geor" typeface="Sylfaen"/></a:majorFont><a:minorFont><a:latin typeface="Calibri"/><a:ea typeface=""/><a:cs typeface=""/><a:font script="Jpan" typeface="Ôº≠Ôº≥ Ôº∞„Ç¥„Ç∑„ÉÉ„ÇØ"/><a:font script="Hang" typeface="ÎßëÏùÄ Í≥†Îîï"/><a:font script="Hans" typeface="ÂÆã‰Ωì"/><a:font script="Hant" typeface="Êñ∞Á¥∞ÊòéÈ´î"/><a:font script="Arab" typeface="Arial"/><a:font script="Hebr" typeface="Arial"/><a:font script="Thai" typeface="Tahoma"/><a:font script="Ethi" typeface="Nyala"/><a:font script="Beng" typeface="Vrinda"/><a:font script="Gujr" typeface="Shruti"/><a:font script="Khmr" typeface="DaunPenh"/><a:font script="Knda" typeface="Tunga"/><a:font script="Guru" typeface="Raavi"/><a:font script="Cans" typeface="Euphemia"/><a:font script="Cher" typeface="Plantagenet Cherokee"/><a:font script="Yiii" typeface="Microsoft Yi Baiti"/><a:font script="Tibt" typeface="Microsoft Himalaya"/><a:font script="Thaa" typeface="MV Boli"/><a:font script="Deva" typeface="Mangal"/><a:font script="Telu" typeface="Gautami"/><a:font script="Taml" typeface="Latha"/><a:font script="Syrc" typeface="Estrangelo Edessa"/><a:font script="Orya" typeface="Kalinga"/><a:font script="Mlym" typeface="Kartika"/><a:font script="Laoo" typeface="DokChampa"/><a:font script="Sinh" typeface="Iskoola Pota"/><a:font script="Mong" typeface="Mongolian Baiti"/><a:font script="Viet" typeface="Arial"/><a:font script="Uigh" typeface="Microsoft Uighur"/><a:font script="Geor" typeface="Sylfaen"/></a:minorFont></a:fontScheme><a:fmtScheme name="Office"><a:fillStyleLst><a:solidFill><a:schemeClr val="phClr"/></a:solidFill><a:gradFill rotWithShape="1"><a:gsLst><a:gs pos="0"><a:schemeClr val="phClr"><a:tint val="50000"/><a:satMod val="300000"/></a:schemeClr></a:gs><a:gs pos="35000"><a:schemeClr val="phClr"><a:tint val="37000"/><a:satMod val="300000"/></a:schemeClr></a:gs><a:gs pos="100000"><a:schemeClr val="phClr"><a:tint val="15000"/><a:satMod val="350000"/></a:schemeClr></a:gs></a:gsLst><a:lin ang="16200000" scaled="1"/></a:gradFill><a:gradFill rotWithShape="1"><a:gsLst><a:gs pos="0"><a:schemeClr val="phClr"><a:tint val="100000"/><a:shade val="100000"/><a:satMod val="130000"/></a:schemeClr></a:gs><a:gs pos="100000"><a:schemeClr val="phClr"><a:tint val="50000"/><a:shade val="100000"/><a:satMod val="350000"/></a:schemeClr></a:gs></a:gsLst><a:lin ang="16200000" scaled="0"/></a:gradFill></a:fillStyleLst><a:lnStyleLst><a:ln w="9525" cap="flat" cmpd="sng" algn="ctr"><a:solidFill><a:schemeClr val="phClr"><a:shade val="95000"/><a:satMod val="105000"/></a:schemeClr></a:solidFill><a:prstDash val="solid"/></a:ln><a:ln w="25400" cap="flat" cmpd="sng" algn="ctr"><a:solidFill><a:schemeClr val="phClr"/></a:solidFill><a:prstDash val="solid"/></a:ln><a:ln w="38100" cap="flat" cmpd="sng" algn="ctr"><a:solidFill><a:schemeClr val="phClr"/></a:solidFill><a:prstDash val="solid"/></a:ln></a:lnStyleLst><a:effectStyleLst><a:effectStyle><a:effectLst><a:outerShdw blurRad="40000" dist="20000" dir="5400000" rotWithShape="0"><a:srgbClr val="000000"><a:alpha val="38000"/></a:srgbClr></a:outerShdw></a:effectLst></a:effectStyle><a:effectStyle><a:effectLst><a:outerShdw blurRad="40000" dist="23000" dir="5400000" rotWithShape="0"><a:srgbClr val="000000"><a:alpha val="35000"/></a:srgbClr></a:outerShdw></a:effectLst></a:effectStyle><a:effectStyle><a:effectLst><a:outerShdw blurRad="40000" dist="23000" dir="5400000" rotWithShape="0"><a:srgbClr val="000000"><a:alpha val="35000"/></a:srgbClr></a:outerShdw></a:effectLst><a:scene3d><a:camera prst="orthographicFront"><a:rot lat="0" lon="0" rev="0"/></a:camera><a:lightRig rig="threePt" dir="t"><a:rot lat="0" lon="0" rev="1200000"/></a:lightRig></a:scene3d><a:sp3d><a:bevelT w="63500" h="25400"/></a:sp3d></a:effectStyle></a:effectStyleLst><a:bgFillStyleLst><a:solidFill><a:schemeClr val="phClr"/></a:solidFill><a:gradFill rotWithShape="1"><a:gsLst><a:gs pos="0"><a:schemeClr val="phClr"><a:tint val="40000"/><a:satMod val="350000"/></a:schemeClr></a:gs><a:gs pos="40000"><a:schemeClr val="phClr"><a:tint val="45000"/><a:shade val="99000"/><a:satMod val="350000"/></a:schemeClr></a:gs><a:gs pos="100000"><a:schemeClr val="phClr"><a:shade val="20000"/><a:satMod val="255000"/></a:schemeClr></a:gs></a:gsLst><a:path path="circle"><a:fillToRect l="50000" t="-80000" r="50000" b="180000"/></a:path></a:gradFill><a:gradFill rotWithShape="1"><a:gsLst><a:gs pos="0"><a:schemeClr val="phClr"><a:tint val="80000"/><a:satMod val="300000"/></a:schemeClr></a:gs><a:gs pos="100000"><a:schemeClr val="phClr"><a:shade val="30000"/><a:satMod val="200000"/></a:schemeClr></a:gs></a:gsLst><a:path path="circle"><a:fillToRect l="50000" t="50000" r="50000" b="50000"/></a:path></a:gradFill></a:bgFillStyleLst></a:fmtScheme></a:themeElements><a:objectDefaults><a:spDef><a:spPr/><a:bodyPr/><a:lstStyle/><a:style><a:lnRef idx="1"><a:schemeClr val="accent1"/></a:lnRef><a:fillRef idx="3"><a:schemeClr val="accent1"/></a:fillRef><a:effectRef idx="2"><a:schemeClr val="accent1"/></a:effectRef><a:fontRef idx="minor"><a:schemeClr val="lt1"/></a:fontRef></a:style></a:spDef><a:lnDef><a:spPr/><a:bodyPr/><a:lstStyle/><a:style><a:lnRef idx="2"><a:schemeClr val="accent1"/></a:lnRef><a:fillRef idx="0"><a:schemeClr val="accent1"/></a:fillRef><a:effectRef idx="1"><a:schemeClr val="accent1"/></a:effectRef><a:fontRef idx="minor"><a:schemeClr val="tx1"/></a:fontRef></a:style></a:lnDef></a:objectDefaults><a:extraClrSchemeLst/></a:theme>PK         UÙîZ  Z     xl/styles.xml<?xml version="1.0" encoding="UTF-8" standalone="yes"?>
<styleSheet xmlns="http://schemas.openxmlformats.org/spreadsheetml/2006/main" xmlns:vt="http://schemas.openxmlformats.org/officeDocument/2006/docPropsVTypes"><numFmts count="1"><numFmt numFmtId="56" formatCode="&quot;‰∏äÂçà/‰∏ãÂçà &quot;hh&quot;ÊôÇ&quot;mm&quot;ÂàÜ&quot;ss&quot;Áßí &quot;"/></numFmts><fonts count="1"><font><sz val="12"/><color theme="1"/><name val="Calibri"/><family val="2"/><scheme val="minor"/></font></fonts><fills count="2"><fill><patternFill patternType="none"/></fill><fill><patternFill patternType="gray125"/></fill></fills><borders count="1"><border><left/><right/><top/><bottom/><diagonal/></border></borders><cellStyleXfs count="1"><xf numFmtId="0" fontId="0" fillId="0" borderId="0"/></cellStyleXfs><cellXfs count="1"><xf numFmtId="0" fontId="0" fillId="0" borderId="0" xfId="0" applyNumberFormat="1"/></cellXfs><cellStyles count="1"><cellStyle name="Normal" xfId="0" builtinId="0"/></cellStyles><dxfs count="0"/><tableStyles count="0" defaultTableStyle="TableStyleMedium9" defaultPivotStyle="PivotStyleMedium4"/></styleSheet>PK         m(ã≠w  w     xl/worksheets/sheet1.xml<?xml version="1.0" encoding="UTF-8" standalone="yes"?>
<worksheet xmlns="http://schemas.openxmlformats.org/spreadsheetml/2006/main" xmlns:r="http://schemas.openxmlformats.org/officeDocument/2006/relationships"><dimension ref="A1:I11"/><sheetViews><sheetView workbookViewId="0"/></sheetViews><sheetData><row r="1"><c r="A1" t="str"><v>No</v></c><c r="B1" t="str"><v>Produk</v></c><c r="C1" t="str"><v>Barcode</v></c><c r="D1" t="str"><v>Kategori</v></c><c r="E1" t="str"><v>Harga Beli</v></c><c r="F1" t="str"><v>Harga Jual</v></c><c r="G1" t="str"><v>Stok</v></c><c r="H1" t="str"><v>Stok Minimum</v></c><c r="I1" t="str"><v>Satuan</v></c></row><row r="2"><c r="A2"><v>1</v></c><c r="B2" t="str"><v>Import Kopi Sachet 3in1</v></c><c r="C2" t="str"><v></v></c><c r="D2" t="str"><v>Makanan</v></c><c r="E2"><v>1200</v></c><c r="F2"><v>1800</v></c><c r="G2"><v>20</v></c><c r="H2"><v>5</v></c><c r="I2" t="str"><v>Pcs</v></c></row><row r="3"><c r="A3"><v>2</v></c><c r="B3" t="str"><v>Import Gula Pasir 1kg</v></c><c r="C3" t="str"><v>9990001112223</v></c><c r="D3" t="str"><v>Makanan</v></c><c r="E3"><v>13000</v></c><c r="F3"><v>15000</v></c><c r="G3"><v>10</v></c><c r="H3"><v>2</v></c><c r="I3" t="str"><v>Pcs</v></c></row><row r="4"><c r="A4"><v>3</v></c><c r="B4" t="str"><v></v></c><c r="C4" t="str"><v>9990001112224</v></c><c r="D4" t="str"><v>Makanan</v></c><c r="E4"><v>5000</v></c><c r="F4"><v>6000</v></c><c r="G4"><v>5</v></c><c r="H4"><v>1</v></c><c r="I4" t="str"><v>Pcs</v></c></row><row r="5"><c r="A5"><v>4</v></c><c r="B5" t="str"><v>Import Harga Rugi</v></c><c r="C5" t="str"><v>9990001112225</v></c><c r="D5" t="str"><v>Makanan</v></c><c r="E5"><v>10000</v></c><c r="F5"><v>8000</v></c><c r="G5"><v>5</v></c><c r="H5"><v>1</v></c><c r="I5" t="str"><v>Pcs</v></c></row><row r="6"><c r="A6"><v>5</v></c><c r="B6" t="str"><v>Teh Botol Sosro 350ml (Edited)</v></c><c r="C6" t="str"><v>9990001112226</v></c><c r="D6" t="str"><v>Minuman</v></c><c r="E6"><v>3000</v></c><c r="F6"><v>4000</v></c><c r="G6"><v>5</v></c><c r="H6"><v>1</v></c><c r="I6" t="str"><v>Pcs</v></c></row><row r="7"><c r="A7"><v>6</v></c><c r="B7" t="str"><v>Import Satuan Ngasal</v></c><c r="C7" t="str"><v>9990001112227</v></c><c r="D7" t="str"><v>Makanan</v></c><c r="E7"><v>1000</v></c><c r="F7"><v>2000</v></c><c r="G7"><v>5</v></c><c r="H7"><v>1</v></c><c r="I7" t="str"><v>SatuanTidakAda</v></c></row><row r="8"><c r="A8"><v>7</v></c><c r="B8" t="str"><v>Import Kopi Sachet 3in1</v></c><c r="C8" t="str"><v>9990001112228</v></c><c r="D8" t="str"><v>Makanan</v></c><c r="E8"><v>1200</v></c><c r="F8"><v>1800</v></c><c r="G8"><v>5</v></c><c r="H8"><v>1</v></c><c r="I8" t="str"><v>Pcs</v></c></row><row r="9"><c r="A9"><v>8</v></c><c r="B9" t="str"><v>Import Barcode Duplikat A</v></c><c r="C9" t="str"><v>9990001112229</v></c><c r="D9" t="str"><v>Makanan</v></c><c r="E9"><v>1000</v></c><c r="F9"><v>2000</v></c><c r="G9"><v>5</v></c><c r="H9"><v>1</v></c><c r="I9" t="str"><v>Pcs</v></c></row><row r="10"><c r="A10"><v>9</v></c><c r="B10" t="str"><v>Import Barcode Duplikat B</v></c><c r="C10" t="str"><v>9990001112229</v></c><c r="D10" t="str"><v>Makanan</v></c><c r="E10"><v>1000</v></c><c r="F10"><v>2000</v></c><c r="G10"><v>5</v></c><c r="H10"><v>1</v></c><c r="I10" t="str"><v>Pcs</v></c></row><row r="11"><c r="A11"><v>10</v></c><c r="B11" t="str"><v>Import Stok Negatif</v></c><c r="C11" t="str"><v>9990001112230</v></c><c r="D11" t="str"><v>Makanan</v></c><c r="E11"><v>1000</v></c><c r="F11"><v>2000</v></c><c r="G11"><v>-5</v></c><c r="H11"><v>1</v></c><c r="I11" t="str"><v>Pcs</v></c></row></sheetData><ignoredErrors><ignoredError numberStoredAsText="1" sqref="A1:I11"/></ignoredErrors></worksheet>PK         |≥ı—       xl/worksheets/sheet2.xml<?xml version="1.0" encoding="UTF-8" standalone="yes"?>
<worksheet xmlns="http://schemas.openxmlformats.org/spreadsheetml/2006/main" xmlns:r="http://schemas.openxmlformats.org/officeDocument/2006/relationships"><dimension ref="A1:I3"/><sheetViews><sheetView workbookViewId="0"/></sheetViews><sheetData><row r="1"><c r="A1" t="str"><v>No Produk</v></c><c r="B1" t="str"><v>Nama Paket</v></c><c r="C1" t="str"><v>Satuan</v></c><c r="D1" t="str"><v>Qty</v></c><c r="E1" t="str"><v>Qty Acuan</v></c><c r="F1" t="str"><v>Ref Harga Beli</v></c><c r="G1" t="str"><v>Harga Beli</v></c><c r="H1" t="str"><v>Ref Harga Jual</v></c><c r="I1" t="str"><v>Harga Jual</v></c></row><row r="2"><c r="A2"><v>1</v></c><c r="B2" t="str"><v>Renceng</v></c><c r="C2" t="str"><v>Pack</v></c><c r="D2"><v>10</v></c><c r="E2"><v>1</v></c><c r="F2"><v>1200</v></c><c r="G2"><v>11000</v></c><c r="H2"><v>1800</v></c><c r="I2"><v>17000</v></c></row><row r="3"><c r="A3"><v>99</v></c><c r="B3" t="str"><v>Invalid Ref</v></c><c r="C3" t="str"><v>Pack</v></c><c r="D3"><v>10</v></c><c r="E3"><v>1</v></c><c r="F3"><v>1000</v></c><c r="G3"><v>9000</v></c><c r="H3"><v>2000</v></c><c r="I3"><v>18000</v></c></row></sheetData><ignoredErrors><ignoredError numberStoredAsText="1" sqref="A1:I3"/></ignoredErrors></worksheet>PK         `Ä Åà  à     xl/metadata.xml<?xml version="1.0" encoding="UTF-8" standalone="yes"?>
<metadata xmlns="http://schemas.openxmlformats.org/spreadsheetml/2006/main" xmlns:xlrd="http://schemas.microsoft.com/office/spreadsheetml/2017/richdata" xmlns:xda="http://schemas.microsoft.com/office/spreadsheetml/2017/dynamicarray">
  <metadataTypes count="1">
    <metadataType name="XLDAPR" minSupportedVersion="120000" copy="1" pasteAll="1" pasteValues="1" merge="1" splitFirst="1" rowColShift="1" clearFormats="1" clearComments="1" assign="1" coerce="1" cellMeta="1"/>
  </metadataTypes>
  <futureMetadata name="XLDAPR" count="1">
    <bk>
      <extLst>
        <ext uri="{bdbb8cdc-fa1e-496e-a857-3c3f30c029c3}">
          <xda:dynamicArrayProperties fDynamic="1" fCollapsed="0"/>
        </ext>
      </extLst>
    </bk>
  </futureMetadata>
  <cellMetadata count="1">
    <bk>
      <rc t="1" v="0"/>
    </bk>
  </cellMetadata>
</metadata>PK         drñp  p     xl/workbook.xml<?xml version="1.0" encoding="UTF-8" standalone="yes"?>
<workbook xmlns="http://schemas.openxmlformats.org/spreadsheetml/2006/main" xmlns:r="http://schemas.openxmlformats.org/officeDocument/2006/relationships"><workbookPr codeName="ThisWorkbook"/><sheets><sheet name="Produk" sheetId="1" r:id="rId1"/><sheet name="Grosir" sheetId="2" r:id="rId2"/></sheets></workbook>PK         Jj˘L  L     _rels/.rels<?xml version="1.0" encoding="UTF-8" standalone="yes"?>
<Relationships xmlns="http://schemas.openxmlformats.org/package/2006/relationships"><Relationship Id="rId2" Type="http://schemas.openxmlformats.org/package/2006/relationships/metadata/core-properties" Target="docProps/core.xml"/><Relationship Id="rId3" Type="http://schemas.openxmlformats.org/officeDocument/2006/relationships/extended-properties" Target="docProps/app.xml"/><Relationship Id="rId1" Type="http://schemas.openxmlformats.org/officeDocument/2006/relationships/officeDocument" Target="xl/workbook.xml"/></Relationships>PK         Ô7◊KM  M     docProps/app.xml<?xml version="1.0" encoding="UTF-8" standalone="yes"?>
<Properties xmlns="http://schemas.openxmlformats.org/officeDocument/2006/extended-properties" xmlns:vt="http://schemas.openxmlformats.org/officeDocument/2006/docPropsVTypes"><Application>SheetJS</Application><HeadingPairs><vt:vector size="2" baseType="variant"><vt:variant><vt:lpstr>Worksheets</vt:lpstr></vt:variant><vt:variant><vt:i4>2</vt:i4></vt:variant></vt:vector></HeadingPairs><TitlesOfParts><vt:vector size="2" baseType="lpstr"><vt:lpstr>Produk</vt:lpstr><vt:lpstr>Grosir</vt:lpstr></vt:vector></TitlesOfParts></Properties>PK         ÷í|Z  Z     docProps/core.xml<?xml version="1.0" encoding="UTF-8" standalone="yes"?>
<cp:coreProperties xmlns:cp="http://schemas.openxmlformats.org/package/2006/metadata/core-properties" xmlns:dc="http://purl.org/dc/elements/1.1/" xmlns:dcterms="http://purl.org/dc/terms/" xmlns:dcmitype="http://purl.org/dc/dcmitype/" xmlns:xsi="http://www.w3.org/2001/XMLSchema-instance"/>PK         «u…çù  ù     [Content_Types].xml<?xml version="1.0" encoding="UTF-8" standalone="yes"?>
<Types xmlns="http://schemas.openxmlformats.org/package/2006/content-types" xmlns:xsd="http://www.w3.org/2001/XMLSchema" xmlns:xsi="http://www.w3.org/2001/XMLSchema-instance"><Default Extension="xml" ContentType="application/xml"/><Default Extension="bin" ContentType="application/vnd.ms-excel.sheet.binary.macroEnabled.main"/><Default Extension="vml" ContentType="application/vnd.openxmlformats-officedocument.vmlDrawing"/><Default Extension="data" ContentType="application/vnd.openxmlformats-officedocument.model+data"/><Default Extension="bmp" ContentType="image/bmp"/><Default Extension="png" ContentType="image/png"/><Default Extension="gif" ContentType="image/gif"/><Default Extension="emf" ContentType="image/x-emf"/><Default Extension="wmf" ContentType="image/x-wmf"/><Default Extension="jpg" ContentType="image/jpeg"/><Default Extension="jpeg" ContentType="image/jpeg"/><Default Extension="tif" ContentType="image/tiff"/><Default Extension="tiff" ContentType="image/tiff"/><Default Extension="pdf" ContentType="application/pdf"/><Default Extension="rels" ContentType="application/vnd.openxmlformats-package.relationships+xml"/><Override PartName="/xl/workbook.xml" ContentType="application/vnd.openxmlformats-officedocument.spreadsheetml.sheet.main+xml"/><Override PartName="/xl/worksheets/sheet1.xml" ContentType="application/vnd.openxmlformats-officedocument.spreadsheetml.worksheet+xml"/><Override PartName="/xl/worksheets/sheet2.xml" ContentType="application/vnd.openxmlformats-officedocument.spreadsheetml.worksheet+xml"/><Override PartName="/xl/theme/theme1.xml" ContentType="application/vnd.openxmlformats-officedocument.theme+xml"/><Override PartName="/xl/styles.xml" ContentType="application/vnd.openxmlformats-officedocument.spreadsheetml.styles+xml"/><Override PartName="/docProps/core.xml" ContentType="application/vnd.openxmlformats-package.core-properties+xml"/><Override PartName="/docProps/app.xml" ContentType="application/vnd.openxmlformats-officedocument.extended-properties+xml"/><Override PartName="/xl/metadata.xml" ContentType="application/vnd.openxmlformats-officedocument.spreadsheetml.sheetMetadata+xml"/></Types>PK           Òa<''B  B                   xl/_rels/workbook.xml.relsPK           0àkﬁ  ﬁ               z  xl/theme/theme1.xmlPK           UÙîZ  Z               â!  xl/styles.xmlPK           m(ã≠w  w               &  xl/worksheets/sheet1.xmlPK           |≥ı—                 ª4  xl/worksheets/sheet2.xmlPK           `Ä Åà  à               ¯9  xl/metadata.xmlPK           drñp  p               ≠=  xl/workbook.xmlPK           Jj˘L  L               J?  _rels/.relsPK           Ô7◊KM  M               øA  docProps/app.xmlPK           ÷í|Z  Z               :D  docProps/core.xmlPK           «u…çù  ù               √E  [Content_Types].xmlPK      ¡  ëN    
------WebKitFormBoundaryXlqF8E44yhaexXjr--
', '{"code":"00","status":true,"message":"Preview berhasil","data":{"rows":[{"no":1,"nama":"Import Kopi Sachet 3in1","barcode":"8992258362998","kategori":"Makanan","harga_beli":1200,"harga_jual":1800,"margin":33,"stok":20,"stok_minimum":5,"satuan":"Pcs","satuan_id":1,"valid":true,"errors":[],"warnings":["Barcode kosong ‚Äî di-generate otomatis"]},{"no":2,"nama":"Import Gula Pasir 1kg","barcode":"9990001112223","kategori":"Makanan","harga_beli":13000,"harga_jual":15000,"margin":13,"stok":10,"stok_minimum":2,"satuan":"Pcs","satuan_id":1,"valid":true,"errors":[],"warnings":[]},{"no":3,"nama":"","barcode":"9990001112224","kategori":"Makanan","harga_beli":5000,"harga_jual":6000,"margin":17,"stok":5,"stok_minimum":1,"satuan":"Pcs","satuan_id":1,"valid":false,"errors":["Nama produk wajib diisi"],"warnings":[]},{"no":4,"nama":"Import Harga Rugi","barcode":"9990001112225","kategori":"Makanan","harga_beli":10000,"harga_jual":8000,"margin":-25,"stok":5,"stok_minimum":1,"satuan":"Pcs","satuan_id":1,"valid":false,"errors":["Harga jual tidak boleh lebih rendah dari harga beli"],"warnings":[]},{"no":5,"nama":"Teh Botol Sosro 350ml (Edited)","barcode":"9990001112226","kategori":"Minuman","harga_beli":3000,"harga_jual":4000,"margin":25,"stok":5,"stok_minimum":1,"satuan":"Pcs","satuan_id":1,"valid":false,"errors":["Nama produk \"Teh Botol Sosro 350ml (Edited)\" sudah digunakan produk lain"],"warnings":[]},{"no":6,"nama":"Import Satuan Ngasal","barcode":"9990001112227","kategori":"Makanan","harga_beli":1000,"harga_jual":2000,"margin":50,"stok":5,"stok_minimum":1,"satuan":"SatuanTidakAda","satuan_id":0,"valid":false,"errors":["Satuan \"SatuanTidakAda\" tidak ditemukan di master data"],"warnings":[]},{"no":7,"nama":"Import Kopi Sachet 3in1","barcode":"9990001112228","kategori":"Makanan","harga_beli":1200,"harga_jual":1800,"margin":33,"stok":5,"stok_minimum":1,"satuan":"Pcs","satuan_id":1,"valid":false,"errors":["Nama produk \"Import Kopi Sachet 3in1\" duplikat dalam file"],"warnings":[]},{"no":8,"nama":"Import Barcode Duplikat A","barcode":"9990001112229","kategori":"Makanan","harga_beli":1000,"harga_jual":2000,"margin":50,"stok":5,"stok_minimum":1,"satuan":"Pcs","satuan_id":1,"valid":true,"errors":[],"warnings":[]},{"no":9,"nama":"Import Barcode Duplikat B","barcode":"9990001112229","kategori":"Makanan","harga_beli":1000,"harga_jual":2000,"margin":50,"stok":5,"stok_minimum":1,"satuan":"Pcs","satuan_id":1,"valid":false,"errors":["Barcode \"9990001112229\" duplikat dalam file"],"warnings":[]},{"no":10,"nama":"Import Stok Negatif","barcode":"9990001112230","kategori":"Makanan","harga_beli":1000,"harga_jual":2000,"margin":50,"stok":-5,"stok_minimum":1,"satuan":"Pcs","satuan_id":1,"valid":false,"errors":["Stok tidak boleh negatif"],"warnings":[]}],"grosir":[{"no_produk":1,"nama_paket":"Renceng","satuan":"Pack","satuan_id":0,"qty":10,"ref_qty":1,"harga_beli":11000,"harga_jual":17000,"valid":false,"errors":["Satuan \"Pack\" tidak ditemukan di master data"]},{"no_produk":99,"nama_paket":"Invalid Ref","satuan":"Pack","satuan_id":0,"qty":10,"ref_qty":1,"harga_beli":9000,"harga_jual":18000,"valid":false,"errors":["No produk 99 tidak ditemukan atau tidak valid di sheet Produk","Satuan \"Pack\" tidak ditemukan di master data"]}]}}', 2, 12, '::1', NULL, '2026-07-23 10:10:40.925')

2026/07/23 10:11:08 [32mD:/Develop/Project_pos_mahenz/BE/domain/auth/repo/auth_repo.go:46
[0m[33m[1.531ms] [34;1m[rows:1][0m SELECT id, user_id, user_role, token, device_info, expires_at FROM sessions WHERE token = 'eyJhbGciOiJIUzI1NiIsInR5cCI6IkpXVCJ9.eyJhcHBzIjoid2ViIiwiZXhwIjoxNzg0ODA1MDM3LCJmdWxsX25hbWUiOiJBZG1pbmlzdHJhdG9yIiwicm9sZSI6ImFkbWluIiwidXNlcl9pZCI6MiwidXNlcm5hbWUiOiJhZG1pbiJ9.fLxoLM2MufECl5_zeeJWifXHN7bCP6pKlUTKr1Kffns' LIMIT 1

2026/07/23 10:11:08 [32mD:/Develop/Project_pos_mahenz/BE/domain/sync/repo/sync_repo.go:84
[0m[33m[1.297ms] [34;1m[rows:1][0m SELECT COUNT(*) FROM sync_conflicts WHERE status = 'pending'
[GIN] 2026/07/23 - 10:11:08 | 200 |      3.6136ms |             ::1 | GET      "/api/sync/conflicts/count"

2026/07/23 10:11:08 [32mD:/Develop/Project_pos_mahenz/BE/repository/log_request_repository.go:32
[0m[33m[4.708ms] [34;1m[rows:1][0m INSERT INTO log_requests (id, method, endpoint, status_code, request_body, response_body, user_id, duration_ms, ip_address, error_message, created_at) VALUES ('981d12e9-2eb8-44bd-9903-77af63f1e958', 'GET', '/api/sync/conflicts/count', 200, '', '{"code":"00","status":true,"message":"Jumlah konflik pending","data":{"count":0}}', 2, 3, '::1', NULL, '2026-07-23 10:11:08.833')

2026/07/23 10:11:38 [32mD:/Develop/Project_pos_mahenz/BE/domain/auth/repo/auth_repo.go:46
[0m[33m[1.621ms] [34;1m[rows:1][0m SELECT id, user_id, user_role, token, device_info, expires_at FROM sessions WHERE token = 'eyJhbGciOiJIUzI1NiIsInR5cCI6IkpXVCJ9.eyJhcHBzIjoid2ViIiwiZXhwIjoxNzg0ODA1MDM3LCJmdWxsX25hbWUiOiJBZG1pbmlzdHJhdG9yIiwicm9sZSI6ImFkbWluIiwidXNlcl9pZCI6MiwidXNlcm5hbWUiOiJhZG1pbiJ9.fLxoLM2MufECl5_zeeJWifXHN7bCP6pKlUTKr1Kffns' LIMIT 1

2026/07/23 10:11:38 [32mD:/Develop/Project_pos_mahenz/BE/domain/sync/repo/sync_repo.go:84
[0m[33m[1.056ms] [34;1m[rows:1][0m SELECT COUNT(*) FROM sync_conflicts WHERE status = 'pending'
[GIN] 2026/07/23 - 10:11:38 | 200 |       3.865ms |             ::1 | GET      "/api/sync/conflicts/count"

2026/07/23 10:11:38 [32mD:/Develop/Project_pos_mahenz/BE/repository/log_request_repository.go:32
[0m[33m[3.575ms] [34;1m[rows:1][0m INSERT INTO log_requests (id, method, endpoint, status_code, request_body, response_body, user_id, duration_ms, ip_address, error_message, created_at) VALUES ('7c3056fb-d88d-4f47-8a86-7c4ed3ef5ac6', 'GET', '/api/sync/conflicts/count', 200, '', '{"code":"00","status":true,"message":"Jumlah konflik pending","data":{"count":0}}', 2, 3, '::1', NULL, '2026-07-23 10:11:38.853')
[GIN] 2026/07/23 - 10:11:43 | 204 |            0s |             ::1 | OPTIONS  "/api/products/import-bulk"

2026/07/23 10:11:43 [32mD:/Develop/Project_pos_mahenz/BE/domain/auth/repo/auth_repo.go:46
[0m[33m[0.598ms] [34;1m[rows:1][0m SELECT id, user_id, user_role, token, device_info, expires_at FROM sessions WHERE token = 'eyJhbGciOiJIUzI1NiIsInR5cCI6IkpXVCJ9.eyJhcHBzIjoid2ViIiwiZXhwIjoxNzg0ODA1MDM3LCJmdWxsX25hbWUiOiJBZG1pbmlzdHJhdG9yIiwicm9sZSI6ImFkbWluIiwidXNlcl9pZCI6MiwidXNlcm5hbWUiOiJhZG1pbiJ9.fLxoLM2MufECl5_zeeJWifXHN7bCP6pKlUTKr1Kffns' LIMIT 1

2026/07/23 10:11:43 [32mD:/Develop/Project_pos_mahenz/BE/domain/product_category/repo/product_category_repo.go:121
[0m[33m[0.635ms] [34;1m[rows:1][0m SELECT id, name, COALESCE(code, '') as code, description, COALESCE(is_active, 1) as is_active, created_at FROM categories WHERE name = 'Makanan' LIMIT 1

2026/07/23 10:11:43 [32mD:/Develop/Project_pos_mahenz/BE/domain/product/repo/product_generate_repo.go:12
[0m[33m[0.649ms] [34;1m[rows:0][0m SELECT id FROM products WHERE barcode = '8992258362998' AND id != 0 LIMIT 1

2026/07/23 10:11:43 [32mD:/Develop/Project_pos_mahenz/BE/domain/product_category/repo/product_category_repo.go:79
[0m[33m[0.582ms] [34;1m[rows:1][0m SELECT c.id, c.name, COALESCE(c.code, '') as code, c.description, COALESCE(c.is_active, 1) as is_active, (SELECT COUNT(*) FROM products p WHERE p.category_id = c.id) AS product_count, (SELECT COUNT(*) FROM products p WHERE p.category_id = c.id AND p.is_active = 1) AS active_product_count, c.created_at FROM categories c WHERE c.id = 2 LIMIT 1

2026/07/23 10:11:43 [32mD:/Develop/Project_pos_mahenz/BE/domain/product/repo/product_generate_repo.go:39
[0m[33m[0.000ms] [34;1m[rows:1][0m SELECT COUNT(*) FROM products WHERE category_id = 2

2026/07/23 10:11:43 [32mD:/Develop/Project_pos_mahenz/BE/domain/product/repo/product_generate_repo.go:21
[0m[33m[0.684ms] [34;1m[rows:0][0m SELECT id FROM products WHERE sku = 'MAK-0001' AND id != 0 LIMIT 1

2026/07/23 10:11:43 [32mD:/Develop/Project_pos_mahenz/BE/domain/product/repo/product_repo.go:212
[0m[33m[0.612ms] [34;1m[rows:1][0m INSERT INTO products (barcode, sku, name, category_id, purchase_price, selling_price, stock, min_stock, unit_id) VALUES ('8992258362998', 'MAK-0001', 'Import Kopi Sachet 3in1', 2, 1200, 1800, 20, 5, 1)

2026/07/23 10:11:43 [32mD:/Develop/Project_pos_mahenz/BE/domain/product/repo/product_repo.go:219
[0m[33m[0.000ms] [34;1m[rows:1][0m SELECT LAST_INSERT_ID()

2026/07/23 10:11:43 [32mD:/Develop/Project_pos_mahenz/BE/domain/product/repo/product_repo.go:223
[0m[33m[0.734ms] [34;1m[rows:1][0m INSERT INTO product_packages (product_id, unit_id, purchase_price, selling_price, is_default) VALUES (8, 1, 1200, 1800, 1)

2026/07/23 10:11:43 [32mD:/Develop/Project_pos_mahenz/BE/domain/product/repo/product_repo.go:227
[0m[33m[0.000ms] [34;1m[rows:1][0m SELECT LAST_INSERT_ID()

2026/07/23 10:11:43 [32mD:/Develop/Project_pos_mahenz/BE/domain/product/repo/product_generate_repo.go:12
[0m[33m[0.000ms] [34;1m[rows:0][0m SELECT id FROM products WHERE barcode = '9990001112223' AND id != 0 LIMIT 1

2026/07/23 10:11:43 [32mD:/Develop/Project_pos_mahenz/BE/domain/product_category/repo/product_category_repo.go:79
[0m[33m[0.582ms] [34;1m[rows:1][0m SELECT c.id, c.name, COALESCE(c.code, '') as code, c.description, COALESCE(c.is_active, 1) as is_active, (SELECT COUNT(*) FROM products p WHERE p.category_id = c.id) AS product_count, (SELECT COUNT(*) FROM products p WHERE p.category_id = c.id AND p.is_active = 1) AS active_product_count, c.created_at FROM categories c WHERE c.id = 2 LIMIT 1

2026/07/23 10:11:43 [32mD:/Develop/Project_pos_mahenz/BE/domain/product/repo/product_generate_repo.go:39
[0m[33m[0.719ms] [34;1m[rows:1][0m SELECT COUNT(*) FROM products WHERE category_id = 2

2026/07/23 10:11:43 [32mD:/Develop/Project_pos_mahenz/BE/domain/product/repo/product_generate_repo.go:21
[0m[33m[0.000ms] [34;1m[rows:0][0m SELECT id FROM products WHERE sku = 'MAK-0002' AND id != 0 LIMIT 1

2026/07/23 10:11:43 [32mD:/Develop/Project_pos_mahenz/BE/domain/product/repo/product_repo.go:212
[0m[33m[0.000ms] [34;1m[rows:1][0m INSERT INTO products (barcode, sku, name, category_id, purchase_price, selling_price, stock, min_stock, unit_id) VALUES ('9990001112223', 'MAK-0002', 'Import Gula Pasir 1kg', 2, 13000, 15000, 10, 2, 1)

2026/07/23 10:11:43 [32mD:/Develop/Project_pos_mahenz/BE/domain/product/repo/product_repo.go:219
[0m[33m[0.684ms] [34;1m[rows:1][0m SELECT LAST_INSERT_ID()

2026/07/23 10:11:43 [32mD:/Develop/Project_pos_mahenz/BE/domain/product/repo/product_repo.go:223
[0m[33m[0.000ms] [34;1m[rows:1][0m INSERT INTO product_packages (product_id, unit_id, purchase_price, selling_price, is_default) VALUES (9, 1, 13000, 15000, 1)

2026/07/23 10:11:43 [32mD:/Develop/Project_pos_mahenz/BE/domain/product/repo/product_repo.go:227
[0m[33m[0.000ms] [34;1m[rows:1][0m SELECT LAST_INSERT_ID()

2026/07/23 10:11:43 [32mD:/Develop/Project_pos_mahenz/BE/domain/product/repo/product_generate_repo.go:12
[0m[33m[0.000ms] [34;1m[rows:0][0m SELECT id FROM products WHERE barcode = '9990001112229' AND id != 0 LIMIT 1

2026/07/23 10:11:43 [32mD:/Develop/Project_pos_mahenz/BE/domain/product_category/repo/product_category_repo.go:79
[0m[33m[0.709ms] [34;1m[rows:1][0m SELECT c.id, c.name, COALESCE(c.code, '') as code, c.description, COALESCE(c.is_active, 1) as is_active, (SELECT COUNT(*) FROM products p WHERE p.category_id = c.id) AS product_count, (SELECT COUNT(*) FROM products p WHERE p.category_id = c.id AND p.is_active = 1) AS active_product_count, c.created_at FROM categories c WHERE c.id = 2 LIMIT 1

2026/07/23 10:11:43 [32mD:/Develop/Project_pos_mahenz/BE/domain/product/repo/product_generate_repo.go:39
[0m[33m[0.000ms] [34;1m[rows:1][0m SELECT COUNT(*) FROM products WHERE category_id = 2

2026/07/23 10:11:43 [32mD:/Develop/Project_pos_mahenz/BE/domain/product/repo/product_generate_repo.go:21
[0m[33m[0.678ms] [34;1m[rows:0][0m SELECT id FROM products WHERE sku = 'MAK-0003' AND id != 0 LIMIT 1

2026/07/23 10:11:43 [32mD:/Develop/Project_pos_mahenz/BE/domain/product/repo/product_repo.go:212
[0m[33m[0.000ms] [34;1m[rows:1][0m INSERT INTO products (barcode, sku, name, category_id, purchase_price, selling_price, stock, min_stock, unit_id) VALUES ('9990001112229', 'MAK-0003', 'Import Barcode Duplikat A', 2, 1000, 2000, 5, 1, 1)

2026/07/23 10:11:43 [32mD:/Develop/Project_pos_mahenz/BE/domain/product/repo/product_repo.go:219
[0m[33m[0.000ms] [34;1m[rows:1][0m SELECT LAST_INSERT_ID()

2026/07/23 10:11:43 [32mD:/Develop/Project_pos_mahenz/BE/domain/product/repo/product_repo.go:223
[0m[33m[0.000ms] [34;1m[rows:1][0m INSERT INTO product_packages (product_id, unit_id, purchase_price, selling_price, is_default) VALUES (10, 1, 1000, 2000, 1)

2026/07/23 10:11:43 [32mD:/Develop/Project_pos_mahenz/BE/domain/product/repo/product_repo.go:227
[0m[33m[0.516ms] [34;1m[rows:1][0m SELECT LAST_INSERT_ID()
[GIN] 2026/07/23 - 10:11:43 | 200 |     23.0931ms |             ::1 | POST     "/api/products/import-bulk"

2026/07/23 10:11:43 [32mD:/Develop/Project_pos_mahenz/BE/repository/log_request_repository.go:32
[0m[33m[2.031ms] [34;1m[rows:1][0m INSERT INTO log_requests (id, method, endpoint, status_code, request_body, response_body, user_id, duration_ms, ip_address, error_message, created_at) VALUES ('2c3a33e1-3818-4b6d-870a-37faaa082f27', 'POST', '/api/products/import-bulk', 200, '{"rows":[{"no":1,"nama":"Import Kopi Sachet 3in1","barcode":"8992258362998","kategori":"Makanan","harga_beli":1200,"harga_jual":1800,"stok":20,"stok_minimum":5,"satuan":"Pcs","satuan_id":1},{"no":2,"nama":"Import Gula Pasir 1kg","barcode":"9990001112223","kategori":"Makanan","harga_beli":13000,"harga_jual":15000,"stok":10,"stok_minimum":2,"satuan":"Pcs","satuan_id":1},{"no":8,"nama":"Import Barcode Duplikat A","barcode":"9990001112229","kategori":"Makanan","harga_beli":1000,"harga_jual":2000,"stok":5,"stok_minimum":1,"satuan":"Pcs","satuan_id":1}],"grosir":[]}', '{"code":"00","status":true,"message":"Import selesai","data":{"success":3,"failed":[]}}', 2, 22, '::1', NULL, '2026-07-23 10:11:43.815')

2026/07/23 10:11:43 [32mD:/Develop/Project_pos_mahenz/BE/domain/auth/repo/auth_repo.go:46
[0m[33m[0.506ms] [34;1m[rows:1][0m SELECT id, user_id, user_role, token, device_info, expires_at FROM sessions WHERE token = 'eyJhbGciOiJIUzI1NiIsInR5cCI6IkpXVCJ9.eyJhcHBzIjoid2ViIiwiZXhwIjoxNzg0ODA1MDM3LCJmdWxsX25hbWUiOiJBZG1pbmlzdHJhdG9yIiwicm9sZSI6ImFkbWluIiwidXNlcl9pZCI6MiwidXNlcm5hbWUiOiJhZG1pbiJ9.fLxoLM2MufECl5_zeeJWifXHN7bCP6pKlUTKr1Kffns' LIMIT 1

2026/07/23 10:11:43 [32mD:/Develop/Project_pos_mahenz/BE/domain/product/repo/product_repo.go:100
[0m[33m[0.000ms] [34;1m[rows:1][0m SELECT COUNT(*) FROM products p WHERE 1=1

2026/07/23 10:11:43 [32mD:/Develop/Project_pos_mahenz/BE/domain/product/repo/product_repo.go:119
[0m[33m[0.974ms] [34;1m[rows:8][0m 
		SELECT p.id, p.barcode, COALESCE(p.sku, '') as sku, p.name, p.category_id, COALESCE(c.name, '') as category_name,
		       p.purchase_price, p.selling_price, p.stock, p.reserved_qty, p.min_stock,
		       COALESCE(p.unit_id, 0) as unit_id, COALESCE(u.name, '') as unit_name, COALESCE(u.abbreviation, '') as unit_abbreviation,
		       p.is_active,
		       (SELECT COUNT(*) FROM product_packages pp WHERE pp.product_id = p.id AND pp.is_default = 0) AS extra_packages,
		       (SELECT COUNT(*) FROM product_prices pr WHERE pr.product_id = p.id) AS price_tiers_count
		FROM products p
		LEFT JOIN categories c ON p.category_id = c.id
		LEFT JOIN units u ON u.id = p.unit_id
		WHERE 1=1 ORDER BY p.name ASC LIMIT 10 OFFSET 0
[GIN] 2026/07/23 - 10:11:43 | 200 |       2.684ms |             ::1 | POST     "/api/products/list"

2026/07/23 10:11:43 [32mD:/Develop/Project_pos_mahenz/BE/repository/log_request_repository.go:32
[0m[33m[3.226ms] [34;1m[rows:1][0m INSERT INTO log_requests (id, method, endpoint, status_code, request_body, response_body, user_id, duration_ms, ip_address, error_message, created_at) VALUES ('4a60d768-c48f-4c7e-b31e-5d1559baf606', 'POST', '/api/products/list', 200, '{"page":1,"limit":10,"search":""}', '{"code":"00","status":true,"message":"Daftar produk","data":[{"id":10,"barcode":"9990001112229","sku":"MAK-0003","name":"Import Barcode Duplikat A","category_id":2,"category_name":"Makanan","purchase_price":1000,"selling_price":2000,"stock":5,"reserved_qty":0,"min_stock":1,"unit_id":1,"unit_name":"Pcs","unit_abbreviation":"pcs","is_active":true,"extra_packages":0,"price_tiers_count":0},{"id":9,"barcode":"9990001112223","sku":"MAK-0002","name":"Import Gula Pasir 1kg","category_id":2,"category_name":"Makanan","purchase_price":13000,"selling_price":15000,"stock":10,"reserved_qty":0,"min_stock":2,"unit_id":1,"unit_name":"Pcs","unit_abbreviation":"pcs","is_active":true,"extra_packages":0,"price_tiers_count":0},{"id":8,"barcode":"8992258362998","sku":"MAK-0001","name":"Import Kopi Sachet 3in1","category_id":2,"category_name":"Makanan","purchase_price":1200,"selling_price":1800,"stock":20,"reserved_qty":0,"min_stock":5,"unit_id":1,"unit_name":"Pcs","unit_abbreviation":"pcs","is_active":true,"extra_packages":0,"price_tiers_count":0},{"id":7,"barcode":"7777777777777","sku":"MIN-0005","name":"Manual SKU Jump Test","category_id":1,"category_name":"Minuman","purchase_price":0,"selling_price":1000,"stock":0,"reserved_qty":0,"min_stock":0,"unit_id":1,"unit_name":"Pcs","unit_abbreviation":"pcs","is_active":true,"extra_packages":0,"price_tiers_count":0},{"id":5,"barcode":"5555555555555","sku":"MIN-BYP1","name":"Owner Bypass Stock Test","category_id":1,"category_name":"Minuman","purchase_price":0,"selling_price":1000,"stock":0,"reserved_qty":0,"min_stock":0,"unit_id":1,"unit_name":"Pcs","unit_abbreviation":"pcs","is_active":true,"extra_packages":0,"price_tiers_count":0},{"id":6,"barcode":"6666666666666","sku":"MIN-SPF1","name":"Owner Spoof Role Test","category_id":1,"category_name":"Minuman","purchase_price":0,"selling_price":1000,"stock":0,"reserved_qty":0,"min_stock":0,"unit_id":1,"unit_name":"Pcs","unit_abbreviation":"pcs","is_active":true,"extra_packages":0,"price_tiers_count":0},{"id":4,"barcode":"4444444444444","sku":"MIN-5555","name":"Sanity Check Product","category_id":1,"category_name":"Minuman","purchase_price":0,"selling_price":1000,"stock":0,"reserved_qty":0,"min_stock":0,"unit_id":1,"unit_name":"Pcs","unit_abbreviation":"pcs","is_active":true,"extra_packages":0,"price_tiers_count":0},{"id":1,"barcode":"8990874779046","sku":"MIN-0001","name":"Teh Botol Sosro 350ml (Edited)","category_id":1,"category_name":"Minuman","purchase_price":3500,"selling_price":5800,"stock":50,"reserved_qty":0,"min_stock":10,"unit_id":1,"unit_name":"Pcs","unit_abbreviation":"pcs","is_active":true,"extra_packages":0,"price_tiers_count":0}],"pagination":{"page":1,"per_page":10,"total":8,"total_pages":1}}', 2, 2, '::1', NULL, '2026-07-23 10:11:43.834')

2026/07/23 10:12:05 [32mD:/Develop/Project_pos_mahenz/BE/domain/auth/repo/auth_repo.go:17
[0m[33m[1.401ms] [34;1m[rows:1][0m SELECT u.id, u.username, u.password, u.full_name, u.role_id, r.name AS role_name, u.is_active FROM users u INNER JOIN roles r ON r.id = u.role_id WHERE u.username = 'admin' LIMIT 1

2026/07/23 10:12:06 [32mD:/Develop/Project_pos_mahenz/BE/domain/auth/repo/auth_repo.go:67
[0m[33m[2.009ms] [34;1m[rows:1][0m DELETE FROM sessions WHERE user_id = 2

2026/07/23 10:12:06 [32mD:/Develop/Project_pos_mahenz/BE/domain/auth/repo/auth_repo.go:38
[0m[33m[3.557ms] [34;1m[rows:1][0m INSERT INTO sessions (user_id, user_role, token, refresh_token, device_info, ip_address, expires_at) VALUES (2, 'admin', 'eyJhbGciOiJIUzI1NiIsInR5cCI6IkpXVCJ9.eyJhcHBzIjoiIiwiZXhwIjoxNzg0ODA1MTI2LCJmdWxsX25hbWUiOiJBZG1pbmlzdHJhdG9yIiwicm9sZSI6ImFkbWluIiwidXNlcl9pZCI6MiwidXNlcm5hbWUiOiJhZG1pbiJ9.8pYvvHaitg-k6CuUO9_DcgraQvVkVnx2_o4Hc7GCqvk', 'e45c06be5272c9b59bb5ed3249c0cf093fa1807a239494e6cecea58f732d2748', '', '::1', '2026-07-30 10:12:06.068') ON DUPLICATE KEY UPDATE user_role=VALUES(user_role), token=VALUES(token), refresh_token=VALUES(refresh_token), device_info=VALUES(device_info), ip_address=VALUES(ip_address), expires_at=VALUES(expires_at), created_at=NOW()
[GIN] 2026/07/23 - 10:12:06 | 200 |     278.236ms |             ::1 | POST     "/api/auth/login"

2026/07/23 10:12:06 [32mD:/Develop/Project_pos_mahenz/BE/repository/log_request_repository.go:32
[0m[33m[3.179ms] [34;1m[rows:1][0m INSERT INTO log_requests (id, method, endpoint, status_code, request_body, response_body, user_id, duration_ms, ip_address, error_message, created_at) VALUES ('5d998983-bb6c-43d1-9674-23f819e902e3', 'POST', '/api/auth/login', 200, '{"username":"admin","password":"admin123"}', '{"code":"00","status":true,"message":"Login berhasil","data":{"token":"eyJhbGciOiJIUzI1NiIsInR5cCI6IkpXVCJ9.eyJhcHBzIjoiIiwiZXhwIjoxNzg0ODA1MTI2LCJmdWxsX25hbWUiOiJBZG1pbmlzdHJhdG9yIiwicm9sZSI6ImFkbWluIiwidXNlcl9pZCI6MiwidXNlcm5hbWUiOiJhZG1pbiJ9.8pYvvHaitg-k6CuUO9_DcgraQvVkVnx2_o4Hc7GCqvk","refresh_token":"e45c06be5272c9b59bb5ed3249c0cf093fa1807a239494e6cecea58f732d2748","expires_at":"2026-07-30T10:12:06.068012+07:00","user":{"id":2,"username":"admin","full_name":"Administrator","role_id":2,"role_name":"admin"}}}', NULL, 278, '::1', NULL, '2026-07-23 10:12:06.073')

2026/07/23 10:12:06 [32mD:/Develop/Project_pos_mahenz/BE/domain/auth/repo/auth_repo.go:46
[0m[33m[4.549ms] [34;1m[rows:1][0m SELECT id, user_id, user_role, token, device_info, expires_at FROM sessions WHERE token = 'eyJhbGciOiJIUzI1NiIsInR5cCI6IkpXVCJ9.eyJhcHBzIjoiIiwiZXhwIjoxNzg0ODA1MTI2LCJmdWxsX25hbWUiOiJBZG1pbmlzdHJhdG9yIiwicm9sZSI6ImFkbWluIiwidXNlcl9pZCI6MiwidXNlcm5hbWUiOiJhZG1pbiJ9.8pYvvHaitg-k6CuUO9_DcgraQvVkVnx2_o4Hc7GCqvk' LIMIT 1

2026/07/23 10:12:06 [32mD:/Develop/Project_pos_mahenz/BE/domain/product/repo/product_repo.go:100
[0m[33m[9.408ms] [34;1m[rows:1][0m SELECT COUNT(*) FROM products p WHERE 1=1 AND (p.name LIKE '%Import Kopi Sachet%' OR p.barcode LIKE '%Import Kopi Sachet%')

2026/07/23 10:12:06 [32mD:/Develop/Project_pos_mahenz/BE/domain/product/repo/product_repo.go:119
[0m[33m[1.354ms] [34;1m[rows:1][0m 
		SELECT p.id, p.barcode, COALESCE(p.sku, '') as sku, p.name, p.category_id, COALESCE(c.name, '') as category_name,
		       p.purchase_price, p.selling_price, p.stock, p.reserved_qty, p.min_stock,
		       COALESCE(p.unit_id, 0) as unit_id, COALESCE(u.name, '') as unit_name, COALESCE(u.abbreviation, '') as unit_abbreviation,
		       p.is_active,
		       (SELECT COUNT(*) FROM product_packages pp WHERE pp.product_id = p.id AND pp.is_default = 0) AS extra_packages,
		       (SELECT COUNT(*) FROM product_prices pr WHERE pr.product_id = p.id) AS price_tiers_count
		FROM products p
		LEFT JOIN categories c ON p.category_id = c.id
		LEFT JOIN units u ON u.id = p.unit_id
		WHERE 1=1 AND (p.name LIKE '%Import Kopi Sachet%' OR p.barcode LIKE '%Import Kopi Sachet%') ORDER BY p.name ASC LIMIT 50 OFFSET 0
[GIN] 2026/07/23 - 10:12:06 | 200 |      17.982ms |             ::1 | POST     "/api/products/list"

2026/07/23 10:12:06 [32mD:/Develop/Project_pos_mahenz/BE/repository/log_request_repository.go:32
[0m[33m[2.523ms] [34;1m[rows:1][0m INSERT INTO log_requests (id, method, endpoint, status_code, request_body, response_body, user_id, duration_ms, ip_address, error_message, created_at) VALUES ('ed9eaa91-860b-46c7-9e1a-4852c9d9054c', 'POST', '/api/products/list', 200, '{"page":1,"limit":50,"search":"Import Kopi Sachet"}', '{"code":"00","status":true,"message":"Daftar produk","data":[{"id":8,"barcode":"8992258362998","sku":"MAK-0001","name":"Import Kopi Sachet 3in1","category_id":2,"category_name":"Makanan","purchase_price":1200,"selling_price":1800,"stock":20,"reserved_qty":0,"min_stock":5,"unit_id":1,"unit_name":"Pcs","unit_abbreviation":"pcs","is_active":true,"extra_packages":0,"price_tiers_count":0}],"pagination":{"page":1,"per_page":50,"total":1,"total_pages":1}}', 2, 17, '::1', NULL, '2026-07-23 10:12:06.669')

2026/07/23 10:12:06 [32mD:/Develop/Project_pos_mahenz/BE/domain/auth/repo/auth_repo.go:46
[0m[33m[0.539ms] [34;1m[rows:1][0m SELECT id, user_id, user_role, token, device_info, expires_at FROM sessions WHERE token = 'eyJhbGciOiJIUzI1NiIsInR5cCI6IkpXVCJ9.eyJhcHBzIjoiIiwiZXhwIjoxNzg0ODA1MTI2LCJmdWxsX25hbWUiOiJBZG1pbmlzdHJhdG9yIiwicm9sZSI6ImFkbWluIiwidXNlcl9pZCI6MiwidXNlcm5hbWUiOiJhZG1pbiJ9.8pYvvHaitg-k6CuUO9_DcgraQvVkVnx2_o4Hc7GCqvk' LIMIT 1

2026/07/23 10:12:06 [32mD:/Develop/Project_pos_mahenz/BE/domain/product/repo/product_repo.go:136
[0m[33m[0.568ms] [34;1m[rows:1][0m 
		SELECT p.id, p.barcode, COALESCE(p.sku, '') as sku, p.name, p.category_id, COALESCE(c.name, '') as category_name,
		       p.purchase_price, p.selling_price, p.stock, p.reserved_qty, p.min_stock,
		       COALESCE(p.unit_id, 0) as unit_id, COALESCE(u.name, '') as unit_name, COALESCE(u.abbreviation, '') as unit_abbreviation,
		       p.is_active, p.created_at, p.updated_at,
		       (SELECT COUNT(*) FROM product_packages pp WHERE pp.product_id = p.id AND pp.is_default = 0) AS extra_packages,
		       (SELECT COUNT(*) FROM product_prices pr WHERE pr.product_id = p.id) AS price_tiers_count
		FROM products p
		LEFT JOIN categories c ON p.category_id = c.id
		LEFT JOIN units u ON u.id = p.unit_id
		WHERE p.id = 8 LIMIT 1

2026/07/23 10:12:06 [32mD:/Develop/Project_pos_mahenz/BE/domain/product/repo/product_package_repo.go:23
[0m[33m[0.725ms] [34;1m[rows:1][0m 
		SELECT pp.id, pp.product_id, pp.unit_id, COALESCE(u.name, '') AS unit_name, COALESCE(u.abbreviation, '') AS abbreviation,
		       COALESCE(pp.package_name, '') AS package_name, pp.ref_package_id, pp.qty, pp.ref_qty, pp.purchase_price, pp.selling_price, pp.is_default
		FROM product_packages pp
		JOIN units u ON u.id = pp.unit_id
		WHERE pp.product_id = 8
[GIN] 2026/07/23 - 10:12:06 | 200 |      2.4393ms |             ::1 | POST     "/api/products/8/packages/list"

2026/07/23 10:12:06 [32mD:/Develop/Project_pos_mahenz/BE/repository/log_request_repository.go:32
[0m[33m[2.586ms] [34;1m[rows:1][0m INSERT INTO log_requests (id, method, endpoint, status_code, request_body, response_body, user_id, duration_ms, ip_address, error_message, created_at) VALUES ('22bc2c85-a646-4c0e-bf03-57a4846daa45', 'POST', '/api/products/8/packages/list', 200, '{}', '{"code":"00","status":true,"message":"Daftar paket produk","data":[{"id":7,"product_id":8,"unit_id":1,"unit_name":"Pcs","abbreviation":"pcs","package_name":"","ref_package_id":null,"qty":1,"ref_qty":null,"resolved_factor":1,"purchase_price":1200,"selling_price":1800,"is_default":true}]}', 2, 2, '::1', NULL, '2026-07-23 10:12:06.951')

2026/07/23 10:12:32 [32mD:/Develop/Project_pos_mahenz/BE/domain/auth/repo/auth_repo.go:17
[0m[33m[0.548ms] [34;1m[rows:1][0m SELECT u.id, u.username, u.password, u.full_name, u.role_id, r.name AS role_name, u.is_active FROM users u INNER JOIN roles r ON r.id = u.role_id WHERE u.username = 'admin' LIMIT 1

2026/07/23 10:12:32 [32mD:/Develop/Project_pos_mahenz/BE/domain/auth/repo/auth_repo.go:67
[0m[33m[4.353ms] [34;1m[rows:1][0m DELETE FROM sessions WHERE user_id = 2

2026/07/23 10:12:32 [32mD:/Develop/Project_pos_mahenz/BE/domain/auth/repo/auth_repo.go:38
[0m[33m[2.260ms] [34;1m[rows:1][0m INSERT INTO sessions (user_id, user_role, token, refresh_token, device_info, ip_address, expires_at) VALUES (2, 'admin', 'eyJhbGciOiJIUzI1NiIsInR5cCI6IkpXVCJ9.eyJhcHBzIjoiIiwiZXhwIjoxNzg0ODA1MTUyLCJmdWxsX25hbWUiOiJBZG1pbmlzdHJhdG9yIiwicm9sZSI6ImFkbWluIiwidXNlcl9pZCI6MiwidXNlcm5hbWUiOiJhZG1pbiJ9.SBpzzg23gUMkzXb1fElFsi6avJRuyuDL2geIGJy1s3E', '8f9ac933363e67a9d1fc41c604a4fa7d74f2f1c8e23d920d1a2cb07dc6fda8fa', '', '::1', '2026-07-30 10:12:32.127') ON DUPLICATE KEY UPDATE user_role=VALUES(user_role), token=VALUES(token), refresh_token=VALUES(refresh_token), device_info=VALUES(device_info), ip_address=VALUES(ip_address), expires_at=VALUES(expires_at), created_at=NOW()
[GIN] 2026/07/23 - 10:12:32 | 200 |     98.5288ms |             ::1 | POST     "/api/auth/login"

2026/07/23 10:12:32 [32mD:/Develop/Project_pos_mahenz/BE/repository/log_request_repository.go:32
[0m[33m[2.212ms] [34;1m[rows:1][0m INSERT INTO log_requests (id, method, endpoint, status_code, request_body, response_body, user_id, duration_ms, ip_address, error_message, created_at) VALUES ('70de606b-a0d6-499a-b5a0-ae6a6d4eaa15', 'POST', '/api/auth/login', 200, '{"username":"admin","password":"admin123"}', '{"code":"00","status":true,"message":"Login berhasil","data":{"token":"eyJhbGciOiJIUzI1NiIsInR5cCI6IkpXVCJ9.eyJhcHBzIjoiIiwiZXhwIjoxNzg0ODA1MTUyLCJmdWxsX25hbWUiOiJBZG1pbmlzdHJhdG9yIiwicm9sZSI6ImFkbWluIiwidXNlcl9pZCI6MiwidXNlcm5hbWUiOiJhZG1pbiJ9.SBpzzg23gUMkzXb1fElFsi6avJRuyuDL2geIGJy1s3E","refresh_token":"8f9ac933363e67a9d1fc41c604a4fa7d74f2f1c8e23d920d1a2cb07dc6fda8fa","expires_at":"2026-07-30T10:12:32.1274253+07:00","user":{"id":2,"username":"admin","full_name":"Administrator","role_id":2,"role_name":"admin"}}}', NULL, 98, '::1', NULL, '2026-07-23 10:12:32.134')

2026/07/23 10:12:32 [32mD:/Develop/Project_pos_mahenz/BE/domain/auth/repo/auth_repo.go:46
[0m[33m[0.645ms] [34;1m[rows:1][0m SELECT id, user_id, user_role, token, device_info, expires_at FROM sessions WHERE token = 'eyJhbGciOiJIUzI1NiIsInR5cCI6IkpXVCJ9.eyJhcHBzIjoiIiwiZXhwIjoxNzg0ODA1MTUyLCJmdWxsX25hbWUiOiJBZG1pbmlzdHJhdG9yIiwicm9sZSI6ImFkbWluIiwidXNlcl9pZCI6MiwidXNlcm5hbWUiOiJhZG1pbiJ9.SBpzzg23gUMkzXb1fElFsi6avJRuyuDL2geIGJy1s3E' LIMIT 1

2026/07/23 10:12:32 [32mD:/Develop/Project_pos_mahenz/BE/domain/product_unit/repo/unit_repo.go:41
[0m[33m[3.666ms] [34;1m[rows:1][0m SELECT COUNT(*) FROM units WHERE 1=1

2026/07/23 10:12:32 [32mD:/Develop/Project_pos_mahenz/BE/domain/product_unit/repo/unit_repo.go:64
[0m[33m[0.506ms] [34;1m[rows:1][0m SELECT id, name, abbreviation, is_active, created_at FROM units WHERE 1=1 ORDER BY name ASC LIMIT 50 OFFSET 0
[GIN] 2026/07/23 - 10:12:32 | 200 |      5.4061ms |             ::1 | POST     "/api/units/list"

2026/07/23 10:12:32 [32mD:/Develop/Project_pos_mahenz/BE/repository/log_request_repository.go:32
[0m[33m[1.963ms] [34;1m[rows:1][0m INSERT INTO log_requests (id, method, endpoint, status_code, request_body, response_body, user_id, duration_ms, ip_address, error_message, created_at) VALUES ('65bf5415-7705-4768-8d97-ed518119a71f', 'POST', '/api/units/list', 200, '{"page":1,"limit":50}', '{"code":"00","status":true,"message":"Daftar satuan","data":[{"id":1,"name":"Pcs","abbreviation":"pcs","is_active":true,"created_at":"2026-07-23T08:37:19+07:00"}],"pagination":{"page":1,"per_page":50,"total":1,"total_pages":1}}', 2, 5, '::1', NULL, '2026-07-23 10:12:32.242')

2026/07/23 10:12:52 [32mD:/Develop/Project_pos_mahenz/BE/domain/auth/repo/auth_repo.go:17
[0m[33m[10.290ms] [34;1m[rows:1][0m SELECT u.id, u.username, u.password, u.full_name, u.role_id, r.name AS role_name, u.is_active FROM users u INNER JOIN roles r ON r.id = u.role_id WHERE u.username = 'admin' LIMIT 1

2026/07/23 10:12:52 [32mD:/Develop/Project_pos_mahenz/BE/domain/auth/repo/auth_repo.go:67
[0m[33m[9.505ms] [34;1m[rows:1][0m DELETE FROM sessions WHERE user_id = 2

2026/07/23 10:12:52 [32mD:/Develop/Project_pos_mahenz/BE/domain/auth/repo/auth_repo.go:38
[0m[33m[2.759ms] [34;1m[rows:1][0m INSERT INTO sessions (user_id, user_role, token, refresh_token, device_info, ip_address, expires_at) VALUES (2, 'admin', 'eyJhbGciOiJIUzI1NiIsInR5cCI6IkpXVCJ9.eyJhcHBzIjoiIiwiZXhwIjoxNzg0ODA1MTcyLCJmdWxsX25hbWUiOiJBZG1pbmlzdHJhdG9yIiwicm9sZSI6ImFkbWluIiwidXNlcl9pZCI6MiwidXNlcm5hbWUiOiJhZG1pbiJ9.adKwIeUvG4aYxMRBgBSz8FJgAWw69o0ZRB-SIdKEVHg', 'cc2d40f2b73ff7546bf0cc8b78e2385240bdc124a82f69929fb4edfa28efe782', '', '::1', '2026-07-30 10:12:52.802') ON DUPLICATE KEY UPDATE user_role=VALUES(user_role), token=VALUES(token), refresh_token=VALUES(refresh_token), device_info=VALUES(device_info), ip_address=VALUES(ip_address), expires_at=VALUES(expires_at), created_at=NOW()
[GIN] 2026/07/23 - 10:12:52 | 200 |    341.8491ms |             ::1 | POST     "/api/auth/login"

2026/07/23 10:12:52 [32mD:/Develop/Project_pos_mahenz/BE/repository/log_request_repository.go:32
[0m[33m[2.449ms] [34;1m[rows:1][0m INSERT INTO log_requests (id, method, endpoint, status_code, request_body, response_body, user_id, duration_ms, ip_address, error_message, created_at) VALUES ('24eb7f48-ac0d-4f02-ace7-b0109e7c3e35', 'POST', '/api/auth/login', 200, '{"username":"admin","password":"admin123"}', '{"code":"00","status":true,"message":"Login berhasil","data":{"token":"eyJhbGciOiJIUzI1NiIsInR5cCI6IkpXVCJ9.eyJhcHBzIjoiIiwiZXhwIjoxNzg0ODA1MTcyLCJmdWxsX25hbWUiOiJBZG1pbmlzdHJhdG9yIiwicm9sZSI6ImFkbWluIiwidXNlcl9pZCI6MiwidXNlcm5hbWUiOiJhZG1pbiJ9.adKwIeUvG4aYxMRBgBSz8FJgAWw69o0ZRB-SIdKEVHg","refresh_token":"cc2d40f2b73ff7546bf0cc8b78e2385240bdc124a82f69929fb4edfa28efe782","expires_at":"2026-07-30T10:12:52.8023439+07:00","user":{"id":2,"username":"admin","full_name":"Administrator","role_id":2,"role_name":"admin"}}}', NULL, 340, '::1', NULL, '2026-07-23 10:12:52.814')

2026/07/23 10:12:52 [32mD:/Develop/Project_pos_mahenz/BE/domain/auth/repo/auth_repo.go:46
[0m[33m[0.505ms] [34;1m[rows:1][0m SELECT id, user_id, user_role, token, device_info, expires_at FROM sessions WHERE token = 'eyJhbGciOiJIUzI1NiIsInR5cCI6IkpXVCJ9.eyJhcHBzIjoiIiwiZXhwIjoxNzg0ODA1MTcyLCJmdWxsX25hbWUiOiJBZG1pbmlzdHJhdG9yIiwicm9sZSI6ImFkbWluIiwidXNlcl9pZCI6MiwidXNlcm5hbWUiOiJhZG1pbiJ9.adKwIeUvG4aYxMRBgBSz8FJgAWw69o0ZRB-SIdKEVHg' LIMIT 1

2026/07/23 10:12:52 [32mD:/Develop/Project_pos_mahenz/BE/domain/product_unit/repo/unit_repo.go:123
[0m[33m[0.000ms] [34;1m[rows:0][0m SELECT id FROM units WHERE name = 'Pack' AND id != 0 LIMIT 1

2026/07/23 10:12:52 [32mD:/Develop/Project_pos_mahenz/BE/domain/product_unit/repo/unit_repo.go:132
[0m[33m[0.534ms] [34;1m[rows:0][0m SELECT id FROM units WHERE abbreviation = 'pack' AND id != 0 LIMIT 1

2026/07/23 10:12:52 [32mD:/Develop/Project_pos_mahenz/BE/domain/product_unit/repo/unit_repo.go:92
[0m[33m[1.418ms] [34;1m[rows:1][0m INSERT INTO units (name, abbreviation) VALUES ('Pack', 'pack')

2026/07/23 10:12:52 [32mD:/Develop/Project_pos_mahenz/BE/domain/product_unit/repo/unit_repo.go:98
[0m[33m[0.000ms] [34;1m[rows:1][0m SELECT LAST_INSERT_ID()

2026/07/23 10:12:52 [32mD:/Develop/Project_pos_mahenz/BE/domain/product_unit/repo/unit_repo.go:81
[0m[33m[0.510ms] [34;1m[rows:1][0m SELECT id, name, abbreviation, is_active, created_at FROM units WHERE id = 2 LIMIT 1
[GIN] 2026/07/23 - 10:12:52 | 201 |      3.4978ms |             ::1 | POST     "/api/units/create"

2026/07/23 10:12:52 [32mD:/Develop/Project_pos_mahenz/BE/repository/log_request_repository.go:32
[0m[33m[2.198ms] [34;1m[rows:1][0m INSERT INTO log_requests (id, method, endpoint, status_code, request_body, response_body, user_id, duration_ms, ip_address, error_message, created_at) VALUES ('aba47b45-e96f-4839-a0e7-da2b076fc3d6', 'POST', '/api/units/create', 201, '{"name":"Pack","abbreviation":"pack"}', '{"code":"00","status":true,"message":"Satuan berhasil dibuat","data":{"id":2,"name":"Pack","abbreviation":"pack","is_active":true,"created_at":"2026-07-23T10:12:52+07:00"}}', 2, 3, '::1', NULL, '2026-07-23 10:12:52.967')
[GIN] 2026/07/23 - 10:13:33 | 204 |            0s |             ::1 | OPTIONS  "/api/auth/login"

2026/07/23 10:13:33 [32mD:/Develop/Project_pos_mahenz/BE/domain/auth/repo/auth_repo.go:17
[0m[33m[0.508ms] [34;1m[rows:1][0m SELECT u.id, u.username, u.password, u.full_name, u.role_id, r.name AS role_name, u.is_active FROM users u INNER JOIN roles r ON r.id = u.role_id WHERE u.username = 'admin' LIMIT 1

2026/07/23 10:13:33 [32mD:/Develop/Project_pos_mahenz/BE/domain/auth/repo/auth_repo.go:67
[0m[33m[10.110ms] [34;1m[rows:1][0m DELETE FROM sessions WHERE user_id = 2

2026/07/23 10:13:33 [32mD:/Develop/Project_pos_mahenz/BE/domain/auth/repo/auth_repo.go:38
[0m[33m[2.790ms] [34;1m[rows:1][0m INSERT INTO sessions (user_id, user_role, token, refresh_token, device_info, ip_address, expires_at) VALUES (2, 'admin', 'eyJhbGciOiJIUzI1NiIsInR5cCI6IkpXVCJ9.eyJhcHBzIjoid2ViIiwiZXhwIjoxNzg0ODA1MjEzLCJmdWxsX25hbWUiOiJBZG1pbmlzdHJhdG9yIiwicm9sZSI6ImFkbWluIiwidXNlcl9pZCI6MiwidXNlcm5hbWUiOiJhZG1pbiJ9.orr_rRTOSit0u5hvKO-XzFX9rqvJWyIgq8E-b4e9lZ0', '60135e41fa3041f3b0222099b7bf20d66632ef188de6cfeea911c773c76d3582', 'web', '::1', '2026-07-30 10:13:33.709') ON DUPLICATE KEY UPDATE user_role=VALUES(user_role), token=VALUES(token), refresh_token=VALUES(refresh_token), device_info=VALUES(device_info), ip_address=VALUES(ip_address), expires_at=VALUES(expires_at), created_at=NOW()
[GIN] 2026/07/23 - 10:13:33 | 200 |     67.4304ms |             ::1 | POST     "/api/auth/login"

2026/07/23 10:13:33 [32mD:/Develop/Project_pos_mahenz/BE/repository/log_request_repository.go:32
[0m[33m[2.096ms] [34;1m[rows:1][0m INSERT INTO log_requests (id, method, endpoint, status_code, request_body, response_body, user_id, duration_ms, ip_address, error_message, created_at) VALUES ('e6531e0f-a6b0-4366-b29b-996ca65603ce', 'POST', '/api/auth/login', 200, '{"username":"admin","password":"admin123","device_info":"web"}', '{"code":"00","status":true,"message":"Login berhasil","data":{"token":"eyJhbGciOiJIUzI1NiIsInR5cCI6IkpXVCJ9.eyJhcHBzIjoid2ViIiwiZXhwIjoxNzg0ODA1MjEzLCJmdWxsX25hbWUiOiJBZG1pbmlzdHJhdG9yIiwicm9sZSI6ImFkbWluIiwidXNlcl9pZCI6MiwidXNlcm5hbWUiOiJhZG1pbiJ9.orr_rRTOSit0u5hvKO-XzFX9rqvJWyIgq8E-b4e9lZ0","refresh_token":"60135e41fa3041f3b0222099b7bf20d66632ef188de6cfeea911c773c76d3582","expires_at":"2026-07-30T10:13:33.7094504+07:00","user":{"id":2,"username":"admin","full_name":"Administrator","role_id":2,"role_name":"admin"}}}', NULL, 67, '::1', NULL, '2026-07-23 10:13:33.722')
[GIN] 2026/07/23 - 10:13:33 | 204 |            0s |             ::1 | OPTIONS  "/api/menus/my"
[GIN] 2026/07/23 - 10:13:33 | 204 |            0s |             ::1 | OPTIONS  "/api/menus/my"

2026/07/23 10:13:33 [32mD:/Develop/Project_pos_mahenz/BE/domain/auth/repo/auth_repo.go:46
[0m[33m[0.809ms] [34;1m[rows:1][0m SELECT id, user_id, user_role, token, device_info, expires_at FROM sessions WHERE token = 'eyJhbGciOiJIUzI1NiIsInR5cCI6IkpXVCJ9.eyJhcHBzIjoid2ViIiwiZXhwIjoxNzg0ODA1MjEzLCJmdWxsX25hbWUiOiJBZG1pbmlzdHJhdG9yIiwicm9sZSI6ImFkbWluIiwidXNlcl9pZCI6MiwidXNlcm5hbWUiOiJhZG1pbiJ9.orr_rRTOSit0u5hvKO-XzFX9rqvJWyIgq8E-b4e9lZ0' LIMIT 1

2026/07/23 10:13:33 [32mD:/Develop/Project_pos_mahenz/BE/domain/auth/repo/auth_repo.go:46
[0m[33m[0.664ms] [34;1m[rows:1][0m SELECT id, user_id, user_role, token, device_info, expires_at FROM sessions WHERE token = 'eyJhbGciOiJIUzI1NiIsInR5cCI6IkpXVCJ9.eyJhcHBzIjoid2ViIiwiZXhwIjoxNzg0ODA1MjEzLCJmdWxsX25hbWUiOiJBZG1pbmlzdHJhdG9yIiwicm9sZSI6ImFkbWluIiwidXNlcl9pZCI6MiwidXNlcm5hbWUiOiJhZG1pbiJ9.orr_rRTOSit0u5hvKO-XzFX9rqvJWyIgq8E-b4e9lZ0' LIMIT 1

2026/07/23 10:13:33 [32mD:/Develop/Project_pos_mahenz/BE/domain/menu/repo/menu_repo.go:121
[0m[33m[1.168ms] [34;1m[rows:-][0m 
		SELECT
			m.id,
			m.parent_id,
			m.key_name,
			m.label,
			m.icon,
			m.path,
			m.order_index,
			COALESCE(rma.can_view,   0),
			COALESCE(rma.can_create, 0),
			COALESCE(rma.can_edit,   0),
			COALESCE(rma.can_delete, 0)
		FROM menus m
		LEFT JOIN role_menu_access rma ON rma.menu_id = m.id
			AND rma.role_id = (SELECT id FROM roles WHERE name = 'admin' AND is_active = 1 LIMIT 1)
		WHERE m.is_active = 1
		ORDER BY m.order_index ASC, m.id ASC
		
[GIN] 2026/07/23 - 10:13:33 | 200 |      2.5007ms |             ::1 | POST     "/api/menus/my"

2026/07/23 10:13:33 [32mD:/Develop/Project_pos_mahenz/BE/domain/menu/repo/menu_repo.go:121
[0m[33m[1.068ms] [34;1m[rows:-][0m 
		SELECT
			m.id,
			m.parent_id,
			m.key_name,
			m.label,
			m.icon,
			m.path,
			m.order_index,
			COALESCE(rma.can_view,   0),
			COALESCE(rma.can_create, 0),
			COALESCE(rma.can_edit,   0),
			COALESCE(rma.can_delete, 0)
		FROM menus m
		LEFT JOIN role_menu_access rma ON rma.menu_id = m.id
			AND rma.role_id = (SELECT id FROM roles WHERE name = 'admin' AND is_active = 1 LIMIT 1)
		WHERE m.is_active = 1
		ORDER BY m.order_index ASC, m.id ASC
		
[GIN] 2026/07/23 - 10:13:33 | 200 |       1.732ms |             ::1 | POST     "/api/menus/my"

2026/07/23 10:13:33 [32mD:/Develop/Project_pos_mahenz/BE/repository/log_request_repository.go:32
[0m[33m[2.252ms] [34;1m[rows:1][0m INSERT INTO log_requests (id, method, endpoint, status_code, request_body, response_body, user_id, duration_ms, ip_address, error_message, created_at) VALUES ('f06b1b7e-7f82-4b1a-a731-70169ec62521', 'POST', '/api/menus/my', 200, '{}', '{"code":"00","status":true,"message":"Menu akses","data":[{"key_name":"beranda","label":"Beranda","icon":"Home","path":null,"order_index":1,"permission":{"can_view":true,"can_create":true,"can_edit":true,"can_delete":false},"children":[{"key_name":"beranda.dashboard","label":"Dashboard","icon":"LayoutDashboard","path":"/dashboard","order_index":1,"permission":{"can_view":true,"can_create":true,"can_edit":true,"can_delete":false},"children":[]}]},{"key_name":"penjualan","label":"Penjualan","icon":"ShoppingCart","path":null,"order_index":2,"permission":{"can_view":true,"can_create":true,"can_edit":true,"can_delete":false},"children":[{"key_name":"penjualan.kasir","label":"Kasir","icon":"ShoppingCart","path":"/kasir","order_index":1,"permission":{"can_view":true,"can_create":true,"can_edit":true,"can_delete":false},"children":[]},{"key_name":"penjualan.transaksi","label":"Transaksi","icon":"Receipt","path":"/transactions","order_index":2,"permission":{"can_view":true,"can_create":true,"can_edit":true,"can_delete":false},"children":[]}]},{"key_name":"produk","label":"Produk","icon":"Package","path":null,"order_index":3,"permission":{"can_view":true,"can_create":true,"can_edit":true,"can_delete":false},"children":[{"key_name":"produk.produk","label":"Produk","icon":"Package","path":"/products","order_index":1,"permission":{"can_view":true,"can_create":true,"can_edit":true,"can_delete":false},"children":[]},{"key_name":"produk.kategori","label":"Kategori","icon":"Tag","path":"/products/categories","order_index":2,"permission":{"can_view":true,"can_create":true,"can_edit":true,"can_delete":false},"children":[]},{"key_name":"produk.unit","label":"Unit","icon":"PackageSearch","path":"/products/units","order_index":3,"permission":{"can_view":true,"can_create":true,"can_edit":true,"can_delete":false},"children":[]}]},{"key_name":"pengadaan","label":"Pengadaan","icon":"Truck","path":null,"order_index":4,"permission":{"can_view":true,"can_create":true,"can_edit":true,"can_delete":false},"children":[{"key_name":"pengadaan.supplier","label":"Supplier","icon":"Truck","path":"/suppliers","order_index":1,"permission":{"can_view":true,"can_create":true,"can_edit":true,"can_delete":false},"children":[]},{"key_name":"pengadaan.pembelian","label":"Pembelian","icon":"ShoppingBag","path":"/suppliers/purchases","order_index":2,"permission":{"can_view":true,"can_create":true,"can_edit":true,"can_delete":false},"children":[]},{"key_name":"pengadaan.retur","label":"Retur","icon":"RotateCcw","path":"/suppliers/returns","order_index":3,"permission":{"can_view":true,"can_create":true,"can_edit":true,"can_delete":false},"children":[]}]},{"key_name":"pelanggan","label":"Pelanggan","icon":"Users","path":null,"order_index":5,"permission":{"can_view":true,"can_create":true,"can_edit":true,"can_delete":false},"children":[{"key_name":"pelanggan.pelanggan","label":"Pelanggan","icon":"Users","path":"/customers","order_index":1,"permission":{"can_view":true,"can_create":true,"can_edit":true,"can_delete":false},"children":[]},{"key_name":"pelanggan.piutang","label":"Piutang","icon":"CreditCard","path":"/receivables","order_index":2,"permission":{"can_view":true,"can_create":true,"can_edit":true,"can_delete":false},"children":[]}]},{"key_name":"keuangan","label":"Keuangan","icon":"Wallet","path":null,"order_index":6,"permission":{"can_view":true,"can_create":true,"can_edit":true,"can_delete":false},"children":[{"key_name":"keuangan.dashboard","label":"Dashboard Keuangan","icon":"Wallet","path":"/finance","order_index":1,"permission":{"can_view":true,"can_create":true,"can_edit":true,"can_delete":false},"children":[]},{"key_name":"keuangan.kas_harian","label":"Kas Harian","icon":"Landmark","path":"/finance/cash-drawer","order_index":2,"permission":{"can_view":true,"can_create":true,"can_edit":true,"can_delete":false},"children":[]},{"key_name":"keuangan.pengeluaran","label":"Pengeluaran","icon":"TrendingDown","path":"/finance/expenses","order_index":3,"permission":{"can_view":true,"can_create":true,"can_edit":true,"can_delete":false},"children":[]},{"key_name":"keuangan.kas_saya","label":"Kas Saya","icon":"Wallet","path":"/finance/my-cash","order_index":4,"permission":{"can_view":true,"can_create":true,"can_edit":true,"can_delete":false},"children":[]}]},{"key_name":"pelaporan","label":"Pelaporan","icon":"BarChart2","path":null,"order_index":7,"permission":{"can_view":true,"can_create":true,"can_edit":true,"can_delete":false},"children":[{"key_name":"pelaporan.penjualan","label":"Penjualan","icon":"TrendingUp","path":"/reports/sales","order_index":1,"permission":{"can_view":true,"can_create":true,"can_edit":true,"can_delete":false},"children":[]},{"key_name":"pelaporan.laba_rugi","label":"Laba Rugi","icon":"LineChart","path":"/reports/profit-loss","order_index":2,"permission":{"can_view":true,"can_create":true,"can_edit":true,"can_delete":false},"children":[]},{"key_name":"pelaporan.stok","label":"Stok","icon":"PackageSearch","path":"/reports/stock","order_index":3,"permission":{"can_view":true,"can_create":true,"can_edit":true,"can_delete":false},"children":[]},{"key_name":"pelaporan.kinerja_kasir","label":"Kinerja Kasir","icon":"BarChart2","path":"/reports/cashier","order_index":4,"permission":{"can_view":true,"can_create":true,"can_edit":true,"can_delete":false},"children":[]}]},{"key_name":"operasional","label":"Operasional","icon":"Clock","path":null,"order_index":8,"permission":{"can_view":true,"can_create":true,"can_edit":true,"can_delete":false},"children":[{"key_name":"operasional.shift","label":"Shift","icon":"Clock","path":"/shifts","order_index":1,"permission":{"can_view":true,"can_create":true,"can_edit":true,"can_delete":false},"children":[]},{"key_name":"operasional.sync","label":"Sync Center","icon":"RefreshCw","path":"/sync","order_index":2,"permission":{"can_view":true,"can_create":true,"can_edit":true,"can_delete":false},"children":[]}]},{"key_name":"sistem","label":"Sistem","icon":"Settings","path":null,"order_index":9,"permission":{"can_view":true,"can_create":true,"can_edit":true,"can_delete":false},"children":[{"key_name":"sistem.profil_toko","label":"Profil Toko","icon":"Settings","path":"/settings/store","order_index":1,"permission":{"can_view":true,"can_create":true,"can_edit":true,"can_delete":false},"children":[]},{"key_name":"sistem.roles","label":"Manajemen Role","icon":"Shield","path":"/settings/roles","order_index":3,"permission":{"can_view":true,"can_create":false,"can_edit":false,"can_delete":false},"children":[]},{"key_name":"sistem.menus","label":"Manajemen Menu","icon":"LayoutList","path":"/settings/menus","order_index":4,"permission":{"can_view":true,"can_create":false,"can_edit":false,"can_delete":false},"children":[]},{"key_name":"sistem.printer","label":"Printer","icon":"Printer","path":"/settings/printer","order_index":5,"permission":{"can_view":true,"can_create":true,"can_edit":true,"can_delete":false},"children":[]},{"key_name":"sistem.versi","label":"Versi Aplikasi","icon":"RefreshCw","path":"/settings/versions","order_index":6,"permission":{"can_view":true,"can_create":false,"can_edit":false,"can_delete":false},"children":[]},{"key_name":"sistem.backup","label":"Backup \u0026 Restore","icon":"DatabaseBackup","path":"/settings/backup","order_index":7,"permission":{"can_view":true,"can_create":true,"can_edit":true,"can_delete":false},"children":[]}]}]}', 2, 2, '::1', NULL, '2026-07-23 10:13:33.733')

2026/07/23 10:13:33 [32mD:/Develop/Project_pos_mahenz/BE/repository/log_request_repository.go:32
[0m[33m[2.825ms] [34;1m[rows:1][0m INSERT INTO log_requests (id, method, endpoint, status_code, request_body, response_body, user_id, duration_ms, ip_address, error_message, created_at) VALUES ('4b3c4411-ccd6-49c1-b702-89aa15b5c435', 'POST', '/api/menus/my', 200, '{}', '{"code":"00","status":true,"message":"Menu akses","data":[{"key_name":"beranda","label":"Beranda","icon":"Home","path":null,"order_index":1,"permission":{"can_view":true,"can_create":true,"can_edit":true,"can_delete":false},"children":[{"key_name":"beranda.dashboard","label":"Dashboard","icon":"LayoutDashboard","path":"/dashboard","order_index":1,"permission":{"can_view":true,"can_create":true,"can_edit":true,"can_delete":false},"children":[]}]},{"key_name":"penjualan","label":"Penjualan","icon":"ShoppingCart","path":null,"order_index":2,"permission":{"can_view":true,"can_create":true,"can_edit":true,"can_delete":false},"children":[{"key_name":"penjualan.kasir","label":"Kasir","icon":"ShoppingCart","path":"/kasir","order_index":1,"permission":{"can_view":true,"can_create":true,"can_edit":true,"can_delete":false},"children":[]},{"key_name":"penjualan.transaksi","label":"Transaksi","icon":"Receipt","path":"/transactions","order_index":2,"permission":{"can_view":true,"can_create":true,"can_edit":true,"can_delete":false},"children":[]}]},{"key_name":"produk","label":"Produk","icon":"Package","path":null,"order_index":3,"permission":{"can_view":true,"can_create":true,"can_edit":true,"can_delete":false},"children":[{"key_name":"produk.produk","label":"Produk","icon":"Package","path":"/products","order_index":1,"permission":{"can_view":true,"can_create":true,"can_edit":true,"can_delete":false},"children":[]},{"key_name":"produk.kategori","label":"Kategori","icon":"Tag","path":"/products/categories","order_index":2,"permission":{"can_view":true,"can_create":true,"can_edit":true,"can_delete":false},"children":[]},{"key_name":"produk.unit","label":"Unit","icon":"PackageSearch","path":"/products/units","order_index":3,"permission":{"can_view":true,"can_create":true,"can_edit":true,"can_delete":false},"children":[]}]},{"key_name":"pengadaan","label":"Pengadaan","icon":"Truck","path":null,"order_index":4,"permission":{"can_view":true,"can_create":true,"can_edit":true,"can_delete":false},"children":[{"key_name":"pengadaan.supplier","label":"Supplier","icon":"Truck","path":"/suppliers","order_index":1,"permission":{"can_view":true,"can_create":true,"can_edit":true,"can_delete":false},"children":[]},{"key_name":"pengadaan.pembelian","label":"Pembelian","icon":"ShoppingBag","path":"/suppliers/purchases","order_index":2,"permission":{"can_view":true,"can_create":true,"can_edit":true,"can_delete":false},"children":[]},{"key_name":"pengadaan.retur","label":"Retur","icon":"RotateCcw","path":"/suppliers/returns","order_index":3,"permission":{"can_view":true,"can_create":true,"can_edit":true,"can_delete":false},"children":[]}]},{"key_name":"pelanggan","label":"Pelanggan","icon":"Users","path":null,"order_index":5,"permission":{"can_view":true,"can_create":true,"can_edit":true,"can_delete":false},"children":[{"key_name":"pelanggan.pelanggan","label":"Pelanggan","icon":"Users","path":"/customers","order_index":1,"permission":{"can_view":true,"can_create":true,"can_edit":true,"can_delete":false},"children":[]},{"key_name":"pelanggan.piutang","label":"Piutang","icon":"CreditCard","path":"/receivables","order_index":2,"permission":{"can_view":true,"can_create":true,"can_edit":true,"can_delete":false},"children":[]}]},{"key_name":"keuangan","label":"Keuangan","icon":"Wallet","path":null,"order_index":6,"permission":{"can_view":true,"can_create":true,"can_edit":true,"can_delete":false},"children":[{"key_name":"keuangan.dashboard","label":"Dashboard Keuangan","icon":"Wallet","path":"/finance","order_index":1,"permission":{"can_view":true,"can_create":true,"can_edit":true,"can_delete":false},"children":[]},{"key_name":"keuangan.kas_harian","label":"Kas Harian","icon":"Landmark","path":"/finance/cash-drawer","order_index":2,"permission":{"can_view":true,"can_create":true,"can_edit":true,"can_delete":false},"children":[]},{"key_name":"keuangan.pengeluaran","label":"Pengeluaran","icon":"TrendingDown","path":"/finance/expenses","order_index":3,"permission":{"can_view":true,"can_create":true,"can_edit":true,"can_delete":false},"children":[]},{"key_name":"keuangan.kas_saya","label":"Kas Saya","icon":"Wallet","path":"/finance/my-cash","order_index":4,"permission":{"can_view":true,"can_create":true,"can_edit":true,"can_delete":false},"children":[]}]},{"key_name":"pelaporan","label":"Pelaporan","icon":"BarChart2","path":null,"order_index":7,"permission":{"can_view":true,"can_create":true,"can_edit":true,"can_delete":false},"children":[{"key_name":"pelaporan.penjualan","label":"Penjualan","icon":"TrendingUp","path":"/reports/sales","order_index":1,"permission":{"can_view":true,"can_create":true,"can_edit":true,"can_delete":false},"children":[]},{"key_name":"pelaporan.laba_rugi","label":"Laba Rugi","icon":"LineChart","path":"/reports/profit-loss","order_index":2,"permission":{"can_view":true,"can_create":true,"can_edit":true,"can_delete":false},"children":[]},{"key_name":"pelaporan.stok","label":"Stok","icon":"PackageSearch","path":"/reports/stock","order_index":3,"permission":{"can_view":true,"can_create":true,"can_edit":true,"can_delete":false},"children":[]},{"key_name":"pelaporan.kinerja_kasir","label":"Kinerja Kasir","icon":"BarChart2","path":"/reports/cashier","order_index":4,"permission":{"can_view":true,"can_create":true,"can_edit":true,"can_delete":false},"children":[]}]},{"key_name":"operasional","label":"Operasional","icon":"Clock","path":null,"order_index":8,"permission":{"can_view":true,"can_create":true,"can_edit":true,"can_delete":false},"children":[{"key_name":"operasional.shift","label":"Shift","icon":"Clock","path":"/shifts","order_index":1,"permission":{"can_view":true,"can_create":true,"can_edit":true,"can_delete":false},"children":[]},{"key_name":"operasional.sync","label":"Sync Center","icon":"RefreshCw","path":"/sync","order_index":2,"permission":{"can_view":true,"can_create":true,"can_edit":true,"can_delete":false},"children":[]}]},{"key_name":"sistem","label":"Sistem","icon":"Settings","path":null,"order_index":9,"permission":{"can_view":true,"can_create":true,"can_edit":true,"can_delete":false},"children":[{"key_name":"sistem.profil_toko","label":"Profil Toko","icon":"Settings","path":"/settings/store","order_index":1,"permission":{"can_view":true,"can_create":true,"can_edit":true,"can_delete":false},"children":[]},{"key_name":"sistem.roles","label":"Manajemen Role","icon":"Shield","path":"/settings/roles","order_index":3,"permission":{"can_view":true,"can_create":false,"can_edit":false,"can_delete":false},"children":[]},{"key_name":"sistem.menus","label":"Manajemen Menu","icon":"LayoutList","path":"/settings/menus","order_index":4,"permission":{"can_view":true,"can_create":false,"can_edit":false,"can_delete":false},"children":[]},{"key_name":"sistem.printer","label":"Printer","icon":"Printer","path":"/settings/printer","order_index":5,"permission":{"can_view":true,"can_create":true,"can_edit":true,"can_delete":false},"children":[]},{"key_name":"sistem.versi","label":"Versi Aplikasi","icon":"RefreshCw","path":"/settings/versions","order_index":6,"permission":{"can_view":true,"can_create":false,"can_edit":false,"can_delete":false},"children":[]},{"key_name":"sistem.backup","label":"Backup \u0026 Restore","icon":"DatabaseBackup","path":"/settings/backup","order_index":7,"permission":{"can_view":true,"can_create":true,"can_edit":true,"can_delete":false},"children":[]}]}]}', 2, 1, '::1', NULL, '2026-07-23 10:13:33.733')

2026/07/23 10:13:33 [32mD:/Develop/Project_pos_mahenz/BE/domain/auth/repo/auth_repo.go:46
[0m[33m[0.738ms] [34;1m[rows:1][0m SELECT id, user_id, user_role, token, device_info, expires_at FROM sessions WHERE token = 'eyJhbGciOiJIUzI1NiIsInR5cCI6IkpXVCJ9.eyJhcHBzIjoid2ViIiwiZXhwIjoxNzg0ODA1MjEzLCJmdWxsX25hbWUiOiJBZG1pbmlzdHJhdG9yIiwicm9sZSI6ImFkbWluIiwidXNlcl9pZCI6MiwidXNlcm5hbWUiOiJhZG1pbiJ9.orr_rRTOSit0u5hvKO-XzFX9rqvJWyIgq8E-b4e9lZ0' LIMIT 1

2026/07/23 10:13:33 [32mD:/Develop/Project_pos_mahenz/BE/domain/menu/repo/menu_repo.go:121
[0m[33m[1.104ms] [34;1m[rows:-][0m 
		SELECT
			m.id,
			m.parent_id,
			m.key_name,
			m.label,
			m.icon,
			m.path,
			m.order_index,
			COALESCE(rma.can_view,   0),
			COALESCE(rma.can_create, 0),
			COALESCE(rma.can_edit,   0),
			COALESCE(rma.can_delete, 0)
		FROM menus m
		LEFT JOIN role_menu_access rma ON rma.menu_id = m.id
			AND rma.role_id = (SELECT id FROM roles WHERE name = 'admin' AND is_active = 1 LIMIT 1)
		WHERE m.is_active = 1
		ORDER BY m.order_index ASC, m.id ASC
		
[GIN] 2026/07/23 - 10:13:33 | 200 |      3.0321ms |             ::1 | POST     "/api/menus/my"

2026/07/23 10:13:33 [32mD:/Develop/Project_pos_mahenz/BE/repository/log_request_repository.go:32
[0m[33m[3.092ms] [34;1m[rows:1][0m INSERT INTO log_requests (id, method, endpoint, status_code, request_body, response_body, user_id, duration_ms, ip_address, error_message, created_at) VALUES ('71001e14-bc93-4852-9c19-a4ab701d2be0', 'POST', '/api/menus/my', 200, '{}', '{"code":"00","status":true,"message":"Menu akses","data":[{"key_name":"beranda","label":"Beranda","icon":"Home","path":null,"order_index":1,"permission":{"can_view":true,"can_create":true,"can_edit":true,"can_delete":false},"children":[{"key_name":"beranda.dashboard","label":"Dashboard","icon":"LayoutDashboard","path":"/dashboard","order_index":1,"permission":{"can_view":true,"can_create":true,"can_edit":true,"can_delete":false},"children":[]}]},{"key_name":"penjualan","label":"Penjualan","icon":"ShoppingCart","path":null,"order_index":2,"permission":{"can_view":true,"can_create":true,"can_edit":true,"can_delete":false},"children":[{"key_name":"penjualan.kasir","label":"Kasir","icon":"ShoppingCart","path":"/kasir","order_index":1,"permission":{"can_view":true,"can_create":true,"can_edit":true,"can_delete":false},"children":[]},{"key_name":"penjualan.transaksi","label":"Transaksi","icon":"Receipt","path":"/transactions","order_index":2,"permission":{"can_view":true,"can_create":true,"can_edit":true,"can_delete":false},"children":[]}]},{"key_name":"produk","label":"Produk","icon":"Package","path":null,"order_index":3,"permission":{"can_view":true,"can_create":true,"can_edit":true,"can_delete":false},"children":[{"key_name":"produk.produk","label":"Produk","icon":"Package","path":"/products","order_index":1,"permission":{"can_view":true,"can_create":true,"can_edit":true,"can_delete":false},"children":[]},{"key_name":"produk.kategori","label":"Kategori","icon":"Tag","path":"/products/categories","order_index":2,"permission":{"can_view":true,"can_create":true,"can_edit":true,"can_delete":false},"children":[]},{"key_name":"produk.unit","label":"Unit","icon":"PackageSearch","path":"/products/units","order_index":3,"permission":{"can_view":true,"can_create":true,"can_edit":true,"can_delete":false},"children":[]}]},{"key_name":"pengadaan","label":"Pengadaan","icon":"Truck","path":null,"order_index":4,"permission":{"can_view":true,"can_create":true,"can_edit":true,"can_delete":false},"children":[{"key_name":"pengadaan.supplier","label":"Supplier","icon":"Truck","path":"/suppliers","order_index":1,"permission":{"can_view":true,"can_create":true,"can_edit":true,"can_delete":false},"children":[]},{"key_name":"pengadaan.pembelian","label":"Pembelian","icon":"ShoppingBag","path":"/suppliers/purchases","order_index":2,"permission":{"can_view":true,"can_create":true,"can_edit":true,"can_delete":false},"children":[]},{"key_name":"pengadaan.retur","label":"Retur","icon":"RotateCcw","path":"/suppliers/returns","order_index":3,"permission":{"can_view":true,"can_create":true,"can_edit":true,"can_delete":false},"children":[]}]},{"key_name":"pelanggan","label":"Pelanggan","icon":"Users","path":null,"order_index":5,"permission":{"can_view":true,"can_create":true,"can_edit":true,"can_delete":false},"children":[{"key_name":"pelanggan.pelanggan","label":"Pelanggan","icon":"Users","path":"/customers","order_index":1,"permission":{"can_view":true,"can_create":true,"can_edit":true,"can_delete":false},"children":[]},{"key_name":"pelanggan.piutang","label":"Piutang","icon":"CreditCard","path":"/receivables","order_index":2,"permission":{"can_view":true,"can_create":true,"can_edit":true,"can_delete":false},"children":[]}]},{"key_name":"keuangan","label":"Keuangan","icon":"Wallet","path":null,"order_index":6,"permission":{"can_view":true,"can_create":true,"can_edit":true,"can_delete":false},"children":[{"key_name":"keuangan.dashboard","label":"Dashboard Keuangan","icon":"Wallet","path":"/finance","order_index":1,"permission":{"can_view":true,"can_create":true,"can_edit":true,"can_delete":false},"children":[]},{"key_name":"keuangan.kas_harian","label":"Kas Harian","icon":"Landmark","path":"/finance/cash-drawer","order_index":2,"permission":{"can_view":true,"can_create":true,"can_edit":true,"can_delete":false},"children":[]},{"key_name":"keuangan.pengeluaran","label":"Pengeluaran","icon":"TrendingDown","path":"/finance/expenses","order_index":3,"permission":{"can_view":true,"can_create":true,"can_edit":true,"can_delete":false},"children":[]},{"key_name":"keuangan.kas_saya","label":"Kas Saya","icon":"Wallet","path":"/finance/my-cash","order_index":4,"permission":{"can_view":true,"can_create":true,"can_edit":true,"can_delete":false},"children":[]}]},{"key_name":"pelaporan","label":"Pelaporan","icon":"BarChart2","path":null,"order_index":7,"permission":{"can_view":true,"can_create":true,"can_edit":true,"can_delete":false},"children":[{"key_name":"pelaporan.penjualan","label":"Penjualan","icon":"TrendingUp","path":"/reports/sales","order_index":1,"permission":{"can_view":true,"can_create":true,"can_edit":true,"can_delete":false},"children":[]},{"key_name":"pelaporan.laba_rugi","label":"Laba Rugi","icon":"LineChart","path":"/reports/profit-loss","order_index":2,"permission":{"can_view":true,"can_create":true,"can_edit":true,"can_delete":false},"children":[]},{"key_name":"pelaporan.stok","label":"Stok","icon":"PackageSearch","path":"/reports/stock","order_index":3,"permission":{"can_view":true,"can_create":true,"can_edit":true,"can_delete":false},"children":[]},{"key_name":"pelaporan.kinerja_kasir","label":"Kinerja Kasir","icon":"BarChart2","path":"/reports/cashier","order_index":4,"permission":{"can_view":true,"can_create":true,"can_edit":true,"can_delete":false},"children":[]}]},{"key_name":"operasional","label":"Operasional","icon":"Clock","path":null,"order_index":8,"permission":{"can_view":true,"can_create":true,"can_edit":true,"can_delete":false},"children":[{"key_name":"operasional.shift","label":"Shift","icon":"Clock","path":"/shifts","order_index":1,"permission":{"can_view":true,"can_create":true,"can_edit":true,"can_delete":false},"children":[]},{"key_name":"operasional.sync","label":"Sync Center","icon":"RefreshCw","path":"/sync","order_index":2,"permission":{"can_view":true,"can_create":true,"can_edit":true,"can_delete":false},"children":[]}]},{"key_name":"sistem","label":"Sistem","icon":"Settings","path":null,"order_index":9,"permission":{"can_view":true,"can_create":true,"can_edit":true,"can_delete":false},"children":[{"key_name":"sistem.profil_toko","label":"Profil Toko","icon":"Settings","path":"/settings/store","order_index":1,"permission":{"can_view":true,"can_create":true,"can_edit":true,"can_delete":false},"children":[]},{"key_name":"sistem.roles","label":"Manajemen Role","icon":"Shield","path":"/settings/roles","order_index":3,"permission":{"can_view":true,"can_create":false,"can_edit":false,"can_delete":false},"children":[]},{"key_name":"sistem.menus","label":"Manajemen Menu","icon":"LayoutList","path":"/settings/menus","order_index":4,"permission":{"can_view":true,"can_create":false,"can_edit":false,"can_delete":false},"children":[]},{"key_name":"sistem.printer","label":"Printer","icon":"Printer","path":"/settings/printer","order_index":5,"permission":{"can_view":true,"can_create":true,"can_edit":true,"can_delete":false},"children":[]},{"key_name":"sistem.versi","label":"Versi Aplikasi","icon":"RefreshCw","path":"/settings/versions","order_index":6,"permission":{"can_view":true,"can_create":false,"can_edit":false,"can_delete":false},"children":[]},{"key_name":"sistem.backup","label":"Backup \u0026 Restore","icon":"DatabaseBackup","path":"/settings/backup","order_index":7,"permission":{"can_view":true,"can_create":true,"can_edit":true,"can_delete":false},"children":[]}]}]}', 2, 3, '::1', NULL, '2026-07-23 10:13:33.91')
[GIN] 2026/07/23 - 10:13:33 | 204 |            0s |             ::1 | OPTIONS  "/api/sync/conflicts/count"

2026/07/23 10:13:33 [32mD:/Develop/Project_pos_mahenz/BE/domain/auth/repo/auth_repo.go:46
[0m[33m[0.508ms] [34;1m[rows:1][0m SELECT id, user_id, user_role, token, device_info, expires_at FROM sessions WHERE token = 'eyJhbGciOiJIUzI1NiIsInR5cCI6IkpXVCJ9.eyJhcHBzIjoid2ViIiwiZXhwIjoxNzg0ODA1MjEzLCJmdWxsX25hbWUiOiJBZG1pbmlzdHJhdG9yIiwicm9sZSI6ImFkbWluIiwidXNlcl9pZCI6MiwidXNlcm5hbWUiOiJhZG1pbiJ9.orr_rRTOSit0u5hvKO-XzFX9rqvJWyIgq8E-b4e9lZ0' LIMIT 1

2026/07/23 10:13:33 [32mD:/Develop/Project_pos_mahenz/BE/domain/sync/repo/sync_repo.go:84
[0m[33m[0.000ms] [34;1m[rows:1][0m SELECT COUNT(*) FROM sync_conflicts WHERE status = 'pending'
[GIN] 2026/07/23 - 10:13:33 | 200 |      1.5799ms |             ::1 | GET      "/api/sync/conflicts/count"

2026/07/23 10:13:33 [32mD:/Develop/Project_pos_mahenz/BE/repository/log_request_repository.go:32
[0m[33m[1.596ms] [34;1m[rows:1][0m INSERT INTO log_requests (id, method, endpoint, status_code, request_body, response_body, user_id, duration_ms, ip_address, error_message, created_at) VALUES ('9d8c5235-4206-4cd8-ac95-455f5ebe3d9d', 'GET', '/api/sync/conflicts/count', 200, '', '{"code":"00","status":true,"message":"Jumlah konflik pending","data":{"count":0}}', 2, 1, '::1', NULL, '2026-07-23 10:13:33.957')
[GIN] 2026/07/23 - 10:13:34 | 204 |       944.5¬µs |             ::1 | OPTIONS  "/api/dashboard/stats?period=today"
[GIN] 2026/07/23 - 10:13:34 | 204 |            0s |             ::1 | OPTIONS  "/api/dashboard/sales-trend?period=7days"
[GIN] 2026/07/23 - 10:13:34 | 204 |            0s |             ::1 | OPTIONS  "/api/dashboard/top-products?start_date=2026-07-17&end_date=2026-07-23&limit=10"

2026/07/23 10:13:34 [32mD:/Develop/Project_pos_mahenz/BE/domain/auth/repo/auth_repo.go:46
[0m[33m[0.752ms] [34;1m[rows:1][0m SELECT id, user_id, user_role, token, device_info, expires_at FROM sessions WHERE token = 'eyJhbGciOiJIUzI1NiIsInR5cCI6IkpXVCJ9.eyJhcHBzIjoid2ViIiwiZXhwIjoxNzg0ODA1MjEzLCJmdWxsX25hbWUiOiJBZG1pbmlzdHJhdG9yIiwicm9sZSI6ImFkbWluIiwidXNlcl9pZCI6MiwidXNlcm5hbWUiOiJhZG1pbiJ9.orr_rRTOSit0u5hvKO-XzFX9rqvJWyIgq8E-b4e9lZ0' LIMIT 1

2026/07/23 10:13:34 [32mD:/Develop/Project_pos_mahenz/BE/domain/auth/repo/auth_repo.go:46
[0m[33m[0.752ms] [34;1m[rows:1][0m SELECT id, user_id, user_role, token, device_info, expires_at FROM sessions WHERE token = 'eyJhbGciOiJIUzI1NiIsInR5cCI6IkpXVCJ9.eyJhcHBzIjoid2ViIiwiZXhwIjoxNzg0ODA1MjEzLCJmdWxsX25hbWUiOiJBZG1pbmlzdHJhdG9yIiwicm9sZSI6ImFkbWluIiwidXNlcl9pZCI6MiwidXNlcm5hbWUiOiJhZG1pbiJ9.orr_rRTOSit0u5hvKO-XzFX9rqvJWyIgq8E-b4e9lZ0' LIMIT 1

2026/07/23 10:13:34 [32mD:/Develop/Project_pos_mahenz/BE/domain/dashboard/repo/dashboard_repo.go:124
[0m[33m[0.685ms] [34;1m[rows:-][0m 
		SELECT COUNT(*) as total_transactions, COALESCE(SUM(total_amount),0) as total_sales,
		       COALESCE(SUM(discount),0) as total_discount
		FROM transactions WHERE DATE(transaction_date) BETWEEN '2026-07-23' AND '2026-07-23' AND status = 'completed'

2026/07/23 10:13:34 [32mD:/Develop/Project_pos_mahenz/BE/domain/dashboard/repo/dashboard_repo.go:177
[0m[33m[0.536ms] [34;1m[rows:-][0m 
		SELECT DATE_FORMAT(transaction_date, '%Y-%m-%d') as label,
		       COALESCE(SUM(total_amount),0) as total_sales,
		       COUNT(*) as total_transactions
		FROM transactions
		WHERE transaction_date >= DATE_SUB(NOW(), INTERVAL 7 DAY) AND status = 'completed'
		GROUP BY DATE(transaction_date) ORDER BY label
[GIN] 2026/07/23 - 10:13:34 | 200 |      1.9741ms |             ::1 | GET      "/api/dashboard/sales-trend?period=7days"

2026/07/23 10:13:34 [32mD:/Develop/Project_pos_mahenz/BE/domain/dashboard/repo/dashboard_repo.go:133
[0m[33m[0.536ms] [34;1m[rows:-][0m SELECT COALESCE(SUM(amount),0) as total FROM expenses WHERE expense_date BETWEEN '2026-07-23' AND '2026-07-23'

2026/07/23 10:13:34 [32mD:/Develop/Project_pos_mahenz/BE/domain/auth/repo/auth_repo.go:46
[0m[33m[0.518ms] [34;1m[rows:1][0m SELECT id, user_id, user_role, token, device_info, expires_at FROM sessions WHERE token = 'eyJhbGciOiJIUzI1NiIsInR5cCI6IkpXVCJ9.eyJhcHBzIjoid2ViIiwiZXhwIjoxNzg0ODA1MjEzLCJmdWxsX25hbWUiOiJBZG1pbmlzdHJhdG9yIiwicm9sZSI6ImFkbWluIiwidXNlcl9pZCI6MiwidXNlcm5hbWUiOiJhZG1pbiJ9.orr_rRTOSit0u5hvKO-XzFX9rqvJWyIgq8E-b4e9lZ0' LIMIT 1

2026/07/23 10:13:34 [32mD:/Develop/Project_pos_mahenz/BE/domain/dashboard/repo/dashboard_repo.go:142
[0m[33m[0.518ms] [34;1m[rows:-][0m 
		SELECT COUNT(*) as total_transactions, COALESCE(SUM(total_amount),0) as total_sales
		FROM transactions WHERE MONTH(transaction_date) = MONTH(NOW())
		AND YEAR(transaction_date) = YEAR(NOW()) AND status = 'completed'

2026/07/23 10:13:34 [32mD:/Develop/Project_pos_mahenz/BE/domain/dashboard/repo/dashboard_repo.go:199
[0m[33m[0.526ms] [34;1m[rows:-][0m 
		SELECT ti.product_id, p.name as product_name,
		       SUM(ti.quantity) as total_qty,
		       SUM(ti.subtotal) as total_value
		FROM transaction_items ti
		LEFT JOIN products p ON ti.product_id = p.id
		LEFT JOIN transactions t ON ti.transaction_id = t.id
		WHERE DATE(t.transaction_date) BETWEEN '2026-07-17' AND '2026-07-23' AND t.status = 'completed'
		GROUP BY ti.product_id, p.name
		ORDER BY total_qty DESC LIMIT 10
[GIN] 2026/07/23 - 10:13:34 | 200 |      1.3709ms |             ::1 | GET      "/api/dashboard/top-products?start_date=2026-07-17&end_date=2026-07-23&limit=10"

2026/07/23 10:13:34 [32mD:/Develop/Project_pos_mahenz/BE/domain/dashboard/repo/dashboard_repo.go:151
[0m[33m[1.357ms] [34;1m[rows:-][0m 
		SELECT COALESCE(SUM(amount),0) as total FROM expenses
		WHERE MONTH(expense_date) = MONTH(NOW()) AND YEAR(expense_date) = YEAR(NOW())

2026/07/23 10:13:34 [32mD:/Develop/Project_pos_mahenz/BE/domain/dashboard/repo/dashboard_repo.go:160
[0m[33m[0.562ms] [34;1m[rows:-][0m SELECT COUNT(*) FROM products WHERE stock <= min_stock AND is_active = 1

2026/07/23 10:13:34 [32mD:/Develop/Project_pos_mahenz/BE/domain/dashboard/repo/dashboard_repo.go:169
[0m[33m[0.000ms] [34;1m[rows:-][0m SELECT COUNT(*) FROM receivables WHERE status != 'paid'
[GIN] 2026/07/23 - 10:13:34 | 200 |      5.2567ms |             ::1 | GET      "/api/dashboard/stats?period=today"

2026/07/23 10:13:34 [32mD:/Develop/Project_pos_mahenz/BE/repository/log_request_repository.go:32
[0m[33m[9.379ms] [34;1m[rows:1][0m INSERT INTO log_requests (id, method, endpoint, status_code, request_body, response_body, user_id, duration_ms, ip_address, error_message, created_at) VALUES ('f6238e6b-f0b8-4f14-91a8-c2f2cbc1640b', 'GET', '/api/dashboard/sales-trend?period=7days', 200, '', '{"code":"00","status":true,"message":"Tren penjualan","data":[]}', 2, 1, '::1', NULL, '2026-07-23 10:13:34.273')

2026/07/23 10:13:34 [32mD:/Develop/Project_pos_mahenz/BE/repository/log_request_repository.go:32
[0m[33m[8.008ms] [34;1m[rows:1][0m INSERT INTO log_requests (id, method, endpoint, status_code, request_body, response_body, user_id, duration_ms, ip_address, error_message, created_at) VALUES ('e36fd21e-9c85-48be-b351-c5e64c8e7f69', 'GET', '/api/dashboard/top-products?start_date=2026-07-17&end_date=2026-07-23&limit=10', 200, '', '{"code":"00","status":true,"message":"Produk terlaris","data":[]}', 2, 1, '::1', NULL, '2026-07-23 10:13:34.274')

2026/07/23 10:13:34 [32mD:/Develop/Project_pos_mahenz/BE/repository/log_request_repository.go:32
[0m[33m[6.096ms] [34;1m[rows:1][0m INSERT INTO log_requests (id, method, endpoint, status_code, request_body, response_body, user_id, duration_ms, ip_address, error_message, created_at) VALUES ('3ddd04e2-5d61-4f91-8910-e39e1e9dc771', 'GET', '/api/dashboard/stats?period=today', 200, '', '{"code":"00","status":true,"message":"Statistik dashboard","data":{"today":{"total_transactions":0,"total_sales":0,"total_discount":0,"total_expenses":0,"gross_profit":0},"this_month":{"total_transactions":0,"total_sales":0,"total_expenses":0,"gross_profit":0},"low_stock_count":4,"open_receivables":0}}', 2, 5, '::1', NULL, '2026-07-23 10:13:34.276')

2026/07/23 10:13:34 [32mD:/Develop/Project_pos_mahenz/BE/domain/auth/repo/auth_repo.go:46
[0m[33m[1.476ms] [34;1m[rows:1][0m SELECT id, user_id, user_role, token, device_info, expires_at FROM sessions WHERE token = 'eyJhbGciOiJIUzI1NiIsInR5cCI6IkpXVCJ9.eyJhcHBzIjoid2ViIiwiZXhwIjoxNzg0ODA1MjEzLCJmdWxsX25hbWUiOiJBZG1pbmlzdHJhdG9yIiwicm9sZSI6ImFkbWluIiwidXNlcl9pZCI6MiwidXNlcm5hbWUiOiJhZG1pbiJ9.orr_rRTOSit0u5hvKO-XzFX9rqvJWyIgq8E-b4e9lZ0' LIMIT 1

2026/07/23 10:13:34 [32mD:/Develop/Project_pos_mahenz/BE/domain/menu/repo/menu_repo.go:121
[0m[33m[0.581ms] [34;1m[rows:-][0m 
		SELECT
			m.id,
			m.parent_id,
			m.key_name,
			m.label,
			m.icon,
			m.path,
			m.order_index,
			COALESCE(rma.can_view,   0),
			COALESCE(rma.can_create, 0),
			COALESCE(rma.can_edit,   0),
			COALESCE(rma.can_delete, 0)
		FROM menus m
		LEFT JOIN role_menu_access rma ON rma.menu_id = m.id
			AND rma.role_id = (SELECT id FROM roles WHERE name = 'admin' AND is_active = 1 LIMIT 1)
		WHERE m.is_active = 1
		ORDER BY m.order_index ASC, m.id ASC
		
[GIN] 2026/07/23 - 10:13:34 | 200 |      2.5641ms |             ::1 | POST     "/api/menus/my"

2026/07/23 10:13:34 [32mD:/Develop/Project_pos_mahenz/BE/repository/log_request_repository.go:32
[0m[33m[3.257ms] [34;1m[rows:1][0m INSERT INTO log_requests (id, method, endpoint, status_code, request_body, response_body, user_id, duration_ms, ip_address, error_message, created_at) VALUES ('2296d21e-cce3-4cce-9ea5-5550c375ba85', 'POST', '/api/menus/my', 200, '{}', '{"code":"00","status":true,"message":"Menu akses","data":[{"key_name":"beranda","label":"Beranda","icon":"Home","path":null,"order_index":1,"permission":{"can_view":true,"can_create":true,"can_edit":true,"can_delete":false},"children":[{"key_name":"beranda.dashboard","label":"Dashboard","icon":"LayoutDashboard","path":"/dashboard","order_index":1,"permission":{"can_view":true,"can_create":true,"can_edit":true,"can_delete":false},"children":[]}]},{"key_name":"penjualan","label":"Penjualan","icon":"ShoppingCart","path":null,"order_index":2,"permission":{"can_view":true,"can_create":true,"can_edit":true,"can_delete":false},"children":[{"key_name":"penjualan.kasir","label":"Kasir","icon":"ShoppingCart","path":"/kasir","order_index":1,"permission":{"can_view":true,"can_create":true,"can_edit":true,"can_delete":false},"children":[]},{"key_name":"penjualan.transaksi","label":"Transaksi","icon":"Receipt","path":"/transactions","order_index":2,"permission":{"can_view":true,"can_create":true,"can_edit":true,"can_delete":false},"children":[]}]},{"key_name":"produk","label":"Produk","icon":"Package","path":null,"order_index":3,"permission":{"can_view":true,"can_create":true,"can_edit":true,"can_delete":false},"children":[{"key_name":"produk.produk","label":"Produk","icon":"Package","path":"/products","order_index":1,"permission":{"can_view":true,"can_create":true,"can_edit":true,"can_delete":false},"children":[]},{"key_name":"produk.kategori","label":"Kategori","icon":"Tag","path":"/products/categories","order_index":2,"permission":{"can_view":true,"can_create":true,"can_edit":true,"can_delete":false},"children":[]},{"key_name":"produk.unit","label":"Unit","icon":"PackageSearch","path":"/products/units","order_index":3,"permission":{"can_view":true,"can_create":true,"can_edit":true,"can_delete":false},"children":[]}]},{"key_name":"pengadaan","label":"Pengadaan","icon":"Truck","path":null,"order_index":4,"permission":{"can_view":true,"can_create":true,"can_edit":true,"can_delete":false},"children":[{"key_name":"pengadaan.supplier","label":"Supplier","icon":"Truck","path":"/suppliers","order_index":1,"permission":{"can_view":true,"can_create":true,"can_edit":true,"can_delete":false},"children":[]},{"key_name":"pengadaan.pembelian","label":"Pembelian","icon":"ShoppingBag","path":"/suppliers/purchases","order_index":2,"permission":{"can_view":true,"can_create":true,"can_edit":true,"can_delete":false},"children":[]},{"key_name":"pengadaan.retur","label":"Retur","icon":"RotateCcw","path":"/suppliers/returns","order_index":3,"permission":{"can_view":true,"can_create":true,"can_edit":true,"can_delete":false},"children":[]}]},{"key_name":"pelanggan","label":"Pelanggan","icon":"Users","path":null,"order_index":5,"permission":{"can_view":true,"can_create":true,"can_edit":true,"can_delete":false},"children":[{"key_name":"pelanggan.pelanggan","label":"Pelanggan","icon":"Users","path":"/customers","order_index":1,"permission":{"can_view":true,"can_create":true,"can_edit":true,"can_delete":false},"children":[]},{"key_name":"pelanggan.piutang","label":"Piutang","icon":"CreditCard","path":"/receivables","order_index":2,"permission":{"can_view":true,"can_create":true,"can_edit":true,"can_delete":false},"children":[]}]},{"key_name":"keuangan","label":"Keuangan","icon":"Wallet","path":null,"order_index":6,"permission":{"can_view":true,"can_create":true,"can_edit":true,"can_delete":false},"children":[{"key_name":"keuangan.dashboard","label":"Dashboard Keuangan","icon":"Wallet","path":"/finance","order_index":1,"permission":{"can_view":true,"can_create":true,"can_edit":true,"can_delete":false},"children":[]},{"key_name":"keuangan.kas_harian","label":"Kas Harian","icon":"Landmark","path":"/finance/cash-drawer","order_index":2,"permission":{"can_view":true,"can_create":true,"can_edit":true,"can_delete":false},"children":[]},{"key_name":"keuangan.pengeluaran","label":"Pengeluaran","icon":"TrendingDown","path":"/finance/expenses","order_index":3,"permission":{"can_view":true,"can_create":true,"can_edit":true,"can_delete":false},"children":[]},{"key_name":"keuangan.kas_saya","label":"Kas Saya","icon":"Wallet","path":"/finance/my-cash","order_index":4,"permission":{"can_view":true,"can_create":true,"can_edit":true,"can_delete":false},"children":[]}]},{"key_name":"pelaporan","label":"Pelaporan","icon":"BarChart2","path":null,"order_index":7,"permission":{"can_view":true,"can_create":true,"can_edit":true,"can_delete":false},"children":[{"key_name":"pelaporan.penjualan","label":"Penjualan","icon":"TrendingUp","path":"/reports/sales","order_index":1,"permission":{"can_view":true,"can_create":true,"can_edit":true,"can_delete":false},"children":[]},{"key_name":"pelaporan.laba_rugi","label":"Laba Rugi","icon":"LineChart","path":"/reports/profit-loss","order_index":2,"permission":{"can_view":true,"can_create":true,"can_edit":true,"can_delete":false},"children":[]},{"key_name":"pelaporan.stok","label":"Stok","icon":"PackageSearch","path":"/reports/stock","order_index":3,"permission":{"can_view":true,"can_create":true,"can_edit":true,"can_delete":false},"children":[]},{"key_name":"pelaporan.kinerja_kasir","label":"Kinerja Kasir","icon":"BarChart2","path":"/reports/cashier","order_index":4,"permission":{"can_view":true,"can_create":true,"can_edit":true,"can_delete":false},"children":[]}]},{"key_name":"operasional","label":"Operasional","icon":"Clock","path":null,"order_index":8,"permission":{"can_view":true,"can_create":true,"can_edit":true,"can_delete":false},"children":[{"key_name":"operasional.shift","label":"Shift","icon":"Clock","path":"/shifts","order_index":1,"permission":{"can_view":true,"can_create":true,"can_edit":true,"can_delete":false},"children":[]},{"key_name":"operasional.sync","label":"Sync Center","icon":"RefreshCw","path":"/sync","order_index":2,"permission":{"can_view":true,"can_create":true,"can_edit":true,"can_delete":false},"children":[]}]},{"key_name":"sistem","label":"Sistem","icon":"Settings","path":null,"order_index":9,"permission":{"can_view":true,"can_create":true,"can_edit":true,"can_delete":false},"children":[{"key_name":"sistem.profil_toko","label":"Profil Toko","icon":"Settings","path":"/settings/store","order_index":1,"permission":{"can_view":true,"can_create":true,"can_edit":true,"can_delete":false},"children":[]},{"key_name":"sistem.roles","label":"Manajemen Role","icon":"Shield","path":"/settings/roles","order_index":3,"permission":{"can_view":true,"can_create":false,"can_edit":false,"can_delete":false},"children":[]},{"key_name":"sistem.menus","label":"Manajemen Menu","icon":"LayoutList","path":"/settings/menus","order_index":4,"permission":{"can_view":true,"can_create":false,"can_edit":false,"can_delete":false},"children":[]},{"key_name":"sistem.printer","label":"Printer","icon":"Printer","path":"/settings/printer","order_index":5,"permission":{"can_view":true,"can_create":true,"can_edit":true,"can_delete":false},"children":[]},{"key_name":"sistem.versi","label":"Versi Aplikasi","icon":"RefreshCw","path":"/settings/versions","order_index":6,"permission":{"can_view":true,"can_create":false,"can_edit":false,"can_delete":false},"children":[]},{"key_name":"sistem.backup","label":"Backup \u0026 Restore","icon":"DatabaseBackup","path":"/settings/backup","order_index":7,"permission":{"can_view":true,"can_create":true,"can_edit":true,"can_delete":false},"children":[]}]}]}', 2, 2, '::1', NULL, '2026-07-23 10:13:34.605')

2026/07/23 10:13:34 [32mD:/Develop/Project_pos_mahenz/BE/domain/auth/repo/auth_repo.go:46
[0m[33m[0.507ms] [34;1m[rows:1][0m SELECT id, user_id, user_role, token, device_info, expires_at FROM sessions WHERE token = 'eyJhbGciOiJIUzI1NiIsInR5cCI6IkpXVCJ9.eyJhcHBzIjoid2ViIiwiZXhwIjoxNzg0ODA1MjEzLCJmdWxsX25hbWUiOiJBZG1pbmlzdHJhdG9yIiwicm9sZSI6ImFkbWluIiwidXNlcl9pZCI6MiwidXNlcm5hbWUiOiJhZG1pbiJ9.orr_rRTOSit0u5hvKO-XzFX9rqvJWyIgq8E-b4e9lZ0' LIMIT 1

2026/07/23 10:13:34 [32mD:/Develop/Project_pos_mahenz/BE/domain/sync/repo/sync_repo.go:84
[0m[33m[0.702ms] [34;1m[rows:1][0m SELECT COUNT(*) FROM sync_conflicts WHERE status = 'pending'
[GIN] 2026/07/23 - 10:13:34 | 200 |      1.2093ms |             ::1 | GET      "/api/sync/conflicts/count"

2026/07/23 10:13:34 [32mD:/Develop/Project_pos_mahenz/BE/repository/log_request_repository.go:32
[0m[33m[2.594ms] [34;1m[rows:1][0m INSERT INTO log_requests (id, method, endpoint, status_code, request_body, response_body, user_id, duration_ms, ip_address, error_message, created_at) VALUES ('1776f423-652d-456e-8dfd-509f7c03af6f', 'GET', '/api/sync/conflicts/count', 200, '', '{"code":"00","status":true,"message":"Jumlah konflik pending","data":{"count":0}}', 2, 1, '::1', NULL, '2026-07-23 10:13:34.645')
[GIN] 2026/07/23 - 10:13:34 | 204 |            0s |             ::1 | OPTIONS  "/api/categories/options"
[GIN] 2026/07/23 - 10:13:34 | 204 |            0s |             ::1 | OPTIONS  "/api/units/options"

2026/07/23 10:13:34 [32mD:/Develop/Project_pos_mahenz/BE/domain/auth/repo/auth_repo.go:46
[0m[33m[1.080ms] [34;1m[rows:1][0m SELECT id, user_id, user_role, token, device_info, expires_at FROM sessions WHERE token = 'eyJhbGciOiJIUzI1NiIsInR5cCI6IkpXVCJ9.eyJhcHBzIjoid2ViIiwiZXhwIjoxNzg0ODA1MjEzLCJmdWxsX25hbWUiOiJBZG1pbmlzdHJhdG9yIiwicm9sZSI6ImFkbWluIiwidXNlcl9pZCI6MiwidXNlcm5hbWUiOiJhZG1pbiJ9.orr_rRTOSit0u5hvKO-XzFX9rqvJWyIgq8E-b4e9lZ0' LIMIT 1

2026/07/23 10:13:34 [32mD:/Develop/Project_pos_mahenz/BE/domain/auth/repo/auth_repo.go:46
[0m[33m[1.679ms] [34;1m[rows:1][0m SELECT id, user_id, user_role, token, device_info, expires_at FROM sessions WHERE token = 'eyJhbGciOiJIUzI1NiIsInR5cCI6IkpXVCJ9.eyJhcHBzIjoid2ViIiwiZXhwIjoxNzg0ODA1MjEzLCJmdWxsX25hbWUiOiJBZG1pbmlzdHJhdG9yIiwicm9sZSI6ImFkbWluIiwidXNlcl9pZCI6MiwidXNlcm5hbWUiOiJhZG1pbiJ9.orr_rRTOSit0u5hvKO-XzFX9rqvJWyIgq8E-b4e9lZ0' LIMIT 1

2026/07/23 10:13:34 [32mD:/Develop/Project_pos_mahenz/BE/domain/product_category/repo/product_category_repo.go:70
[0m[33m[0.656ms] [34;1m[rows:2][0m SELECT id, name FROM categories WHERE is_active = 1 ORDER BY name
[GIN] 2026/07/23 - 10:13:34 | 200 |      2.3344ms |             ::1 | POST     "/api/categories/options"

2026/07/23 10:13:34 [32mD:/Develop/Project_pos_mahenz/BE/domain/product_unit/repo/unit_repo.go:72
[0m[33m[0.656ms] [34;1m[rows:2][0m SELECT id, name, abbreviation FROM units WHERE is_active = 1 ORDER BY name
[GIN] 2026/07/23 - 10:13:34 | 200 |      2.9699ms |             ::1 | POST     "/api/units/options"

2026/07/23 10:13:34 [32mD:/Develop/Project_pos_mahenz/BE/repository/log_request_repository.go:32
[0m[33m[10.342ms] [34;1m[rows:1][0m INSERT INTO log_requests (id, method, endpoint, status_code, request_body, response_body, user_id, duration_ms, ip_address, error_message, created_at) VALUES ('276521d5-9e50-4684-a2e7-f53648f5a9ef', 'POST', '/api/categories/options', 200, '{}', '{"code":"00","status":true,"message":"Opsi kategori","data":[{"id":2,"name":"Makanan"},{"id":1,"name":"Minuman"}]}', 2, 2, '::1', NULL, '2026-07-23 10:13:34.951')

2026/07/23 10:13:34 [32mD:/Develop/Project_pos_mahenz/BE/repository/log_request_repository.go:32
[0m[33m[9.136ms] [34;1m[rows:1][0m INSERT INTO log_requests (id, method, endpoint, status_code, request_body, response_body, user_id, duration_ms, ip_address, error_message, created_at) VALUES ('d5e70b50-a711-4836-a0aa-07c0a6406677', 'POST', '/api/units/options', 200, '{}', '{"code":"00","status":true,"message":"Opsi satuan","data":[{"id":2,"name":"Pack","abbreviation":"pack"},{"id":1,"name":"Pcs","abbreviation":"pcs"}]}', 2, 2, '::1', NULL, '2026-07-23 10:13:34.952')
[GIN] 2026/07/23 - 10:13:35 | 204 |            0s |             ::1 | OPTIONS  "/api/settings/pagination_sizes"
[GIN] 2026/07/23 - 10:13:35 | 204 |            0s |             ::1 | OPTIONS  "/api/products/list"

2026/07/23 10:13:35 [32mD:/Develop/Project_pos_mahenz/BE/domain/auth/repo/auth_repo.go:46
[0m[33m[0.508ms] [34;1m[rows:1][0m SELECT id, user_id, user_role, token, device_info, expires_at FROM sessions WHERE token = 'eyJhbGciOiJIUzI1NiIsInR5cCI6IkpXVCJ9.eyJhcHBzIjoid2ViIiwiZXhwIjoxNzg0ODA1MjEzLCJmdWxsX25hbWUiOiJBZG1pbmlzdHJhdG9yIiwicm9sZSI6ImFkbWluIiwidXNlcl9pZCI6MiwidXNlcm5hbWUiOiJhZG1pbiJ9.orr_rRTOSit0u5hvKO-XzFX9rqvJWyIgq8E-b4e9lZ0' LIMIT 1

2026/07/23 10:13:35 [32mD:/Develop/Project_pos_mahenz/BE/domain/auth/repo/auth_repo.go:46
[0m[33m[0.508ms] [34;1m[rows:1][0m SELECT id, user_id, user_role, token, device_info, expires_at FROM sessions WHERE token = 'eyJhbGciOiJIUzI1NiIsInR5cCI6IkpXVCJ9.eyJhcHBzIjoid2ViIiwiZXhwIjoxNzg0ODA1MjEzLCJmdWxsX25hbWUiOiJBZG1pbmlzdHJhdG9yIiwicm9sZSI6ImFkbWluIiwidXNlcl9pZCI6MiwidXNlcm5hbWUiOiJhZG1pbiJ9.orr_rRTOSit0u5hvKO-XzFX9rqvJWyIgq8E-b4e9lZ0' LIMIT 1

2026/07/23 10:13:35 [32mD:/Develop/Project_pos_mahenz/BE/domain/product/repo/product_repo.go:100
[0m[33m[0.565ms] [34;1m[rows:1][0m SELECT COUNT(*) FROM products p WHERE 1=1

2026/07/23 10:13:35 [32mD:/Develop/Project_pos_mahenz/BE/domain/setting/repo/setting_repo.go:32
[0m[33m[0.535ms] [34;1m[rows:-][0m SELECT setting_key, setting_value FROM settings WHERE setting_key = 'pagination_sizes'
[GIN] 2026/07/23 - 10:13:35 | 200 |      1.6084ms |             ::1 | GET      "/api/settings/pagination_sizes"

2026/07/23 10:13:35 [32mD:/Develop/Project_pos_mahenz/BE/domain/product/repo/product_repo.go:119
[0m[33m[1.367ms] [34;1m[rows:8][0m 
		SELECT p.id, p.barcode, COALESCE(p.sku, '') as sku, p.name, p.category_id, COALESCE(c.name, '') as category_name,
		       p.purchase_price, p.selling_price, p.stock, p.reserved_qty, p.min_stock,
		       COALESCE(p.unit_id, 0) as unit_id, COALESCE(u.name, '') as unit_name, COALESCE(u.abbreviation, '') as unit_abbreviation,
		       p.is_active,
		       (SELECT COUNT(*) FROM product_packages pp WHERE pp.product_id = p.id AND pp.is_default = 0) AS extra_packages,
		       (SELECT COUNT(*) FROM product_prices pr WHERE pr.product_id = p.id) AS price_tiers_count
		FROM products p
		LEFT JOIN categories c ON p.category_id = c.id
		LEFT JOIN units u ON u.id = p.unit_id
		WHERE 1=1 ORDER BY p.name ASC LIMIT 10 OFFSET 0
[GIN] 2026/07/23 - 10:13:35 | 200 |      2.4394ms |             ::1 | POST     "/api/products/list"

2026/07/23 10:13:35 [32mD:/Develop/Project_pos_mahenz/BE/repository/log_request_repository.go:32
[0m[33m[1.906ms] [34;1m[rows:1][0m INSERT INTO log_requests (id, method, endpoint, status_code, request_body, response_body, user_id, duration_ms, ip_address, error_message, created_at) VALUES ('d566106e-9452-4622-8906-693711301d0b', 'GET', '/api/settings/pagination_sizes', 200, '', '{"code":"00","status":true,"message":"Detail pengaturan","data":{"key":"pagination_sizes","value":"[10,20,50]"}}', 2, 1, '::1', NULL, '2026-07-23 10:13:35.054')

2026/07/23 10:13:35 [32mD:/Develop/Project_pos_mahenz/BE/repository/log_request_repository.go:32
[0m[33m[2.217ms] [34;1m[rows:1][0m INSERT INTO log_requests (id, method, endpoint, status_code, request_body, response_body, user_id, duration_ms, ip_address, error_message, created_at) VALUES ('12afea11-21af-40e9-9b0b-33bb26ba3f34', 'POST', '/api/products/list', 200, '{"page":1,"limit":10,"search":""}', '{"code":"00","status":true,"message":"Daftar produk","data":[{"id":10,"barcode":"9990001112229","sku":"MAK-0003","name":"Import Barcode Duplikat A","category_id":2,"category_name":"Makanan","purchase_price":1000,"selling_price":2000,"stock":5,"reserved_qty":0,"min_stock":1,"unit_id":1,"unit_name":"Pcs","unit_abbreviation":"pcs","is_active":true,"extra_packages":0,"price_tiers_count":0},{"id":9,"barcode":"9990001112223","sku":"MAK-0002","name":"Import Gula Pasir 1kg","category_id":2,"category_name":"Makanan","purchase_price":13000,"selling_price":15000,"stock":10,"reserved_qty":0,"min_stock":2,"unit_id":1,"unit_name":"Pcs","unit_abbreviation":"pcs","is_active":true,"extra_packages":0,"price_tiers_count":0},{"id":8,"barcode":"8992258362998","sku":"MAK-0001","name":"Import Kopi Sachet 3in1","category_id":2,"category_name":"Makanan","purchase_price":1200,"selling_price":1800,"stock":20,"reserved_qty":0,"min_stock":5,"unit_id":1,"unit_name":"Pcs","unit_abbreviation":"pcs","is_active":true,"extra_packages":0,"price_tiers_count":0},{"id":7,"barcode":"7777777777777","sku":"MIN-0005","name":"Manual SKU Jump Test","category_id":1,"category_name":"Minuman","purchase_price":0,"selling_price":1000,"stock":0,"reserved_qty":0,"min_stock":0,"unit_id":1,"unit_name":"Pcs","unit_abbreviation":"pcs","is_active":true,"extra_packages":0,"price_tiers_count":0},{"id":5,"barcode":"5555555555555","sku":"MIN-BYP1","name":"Owner Bypass Stock Test","category_id":1,"category_name":"Minuman","purchase_price":0,"selling_price":1000,"stock":0,"reserved_qty":0,"min_stock":0,"unit_id":1,"unit_name":"Pcs","unit_abbreviation":"pcs","is_active":true,"extra_packages":0,"price_tiers_count":0},{"id":6,"barcode":"6666666666666","sku":"MIN-SPF1","name":"Owner Spoof Role Test","category_id":1,"category_name":"Minuman","purchase_price":0,"selling_price":1000,"stock":0,"reserved_qty":0,"min_stock":0,"unit_id":1,"unit_name":"Pcs","unit_abbreviation":"pcs","is_active":true,"extra_packages":0,"price_tiers_count":0},{"id":4,"barcode":"4444444444444","sku":"MIN-5555","name":"Sanity Check Product","category_id":1,"category_name":"Minuman","purchase_price":0,"selling_price":1000,"stock":0,"reserved_qty":0,"min_stock":0,"unit_id":1,"unit_name":"Pcs","unit_abbreviation":"pcs","is_active":true,"extra_packages":0,"price_tiers_count":0},{"id":1,"barcode":"8990874779046","sku":"MIN-0001","name":"Teh Botol Sosro 350ml (Edited)","category_id":1,"category_name":"Minuman","purchase_price":3500,"selling_price":5800,"stock":50,"reserved_qty":0,"min_stock":10,"unit_id":1,"unit_name":"Pcs","unit_abbreviation":"pcs","is_active":true,"extra_packages":0,"price_tiers_count":0}],"pagination":{"page":1,"per_page":10,"total":8,"total_pages":1}}', 2, 2, '::1', NULL, '2026-07-23 10:13:35.055')
[GIN] 2026/07/23 - 10:13:36 | 204 |            0s |             ::1 | OPTIONS  "/api/products/import-preview"

2026/07/23 10:13:36 [32mD:/Develop/Project_pos_mahenz/BE/domain/auth/repo/auth_repo.go:46
[0m[33m[0.483ms] [34;1m[rows:1][0m SELECT id, user_id, user_role, token, device_info, expires_at FROM sessions WHERE token = 'eyJhbGciOiJIUzI1NiIsInR5cCI6IkpXVCJ9.eyJhcHBzIjoid2ViIiwiZXhwIjoxNzg0ODA1MjEzLCJmdWxsX25hbWUiOiJBZG1pbmlzdHJhdG9yIiwicm9sZSI6ImFkbWluIiwidXNlcl9pZCI6MiwidXNlcm5hbWUiOiJhZG1pbiJ9.orr_rRTOSit0u5hvKO-XzFX9rqvJWyIgq8E-b4e9lZ0' LIMIT 1

2026/07/23 10:13:36 [32mD:/Develop/Project_pos_mahenz/BE/domain/product_category/repo/product_category_repo.go:70
[0m[33m[0.000ms] [34;1m[rows:2][0m SELECT id, name FROM categories WHERE is_active = 1 ORDER BY name

2026/07/23 10:13:36 [32mD:/Develop/Project_pos_mahenz/BE/domain/product_unit/repo/unit_repo.go:72
[0m[33m[0.000ms] [34;1m[rows:2][0m SELECT id, name, abbreviation FROM units WHERE is_active = 1 ORDER BY name

2026/07/23 10:13:36 [32mD:/Develop/Project_pos_mahenz/BE/domain/product/repo/product_generate_repo.go:30
[0m[33m[0.530ms] [34;1m[rows:0][0m SELECT id FROM products WHERE LOWER(TRIM(name)) = LOWER(TRIM('Import Beras Premium 5kg')) AND id != 0 LIMIT 1
[GIN] 2026/07/23 - 10:13:36 | 200 |      3.1263ms |             ::1 | POST     "/api/products/import-preview"

2026/07/23 10:13:36 [31;1mD:/Develop/Project_pos_mahenz/BE/repository/log_request_repository.go:32 [35;1mError 3988 (HY000): Conversion from collation utf8mb3_general_ci into utf8mb4_0900_ai_ci impossible for parameter
[0m[33m[1.116ms] [34;1m[rows:0][0m INSERT INTO log_requests (id, method, endpoint, status_code, request_body, response_body, user_id, duration_ms, ip_address, error_message, created_at) VALUES ('19e07947-ee3b-4cc6-b125-0ce191dbdb62', 'POST', '/api/products/import-preview', 200, '------WebKitFormBoundaryjDzjl3XEk9ONpIHH
Content-Disposition: form-data; name="file"; filename="import_test_grosir.xlsx"
Content-Type: application/vnd.openxmlformats-officedocument.spreadsheetml.sheet

PK         Òa<''B  B     xl/_rels/workbook.xml.rels<?xml version="1.0" encoding="UTF-8" standalone="yes"?>
<Relationships xmlns="http://schemas.openxmlformats.org/package/2006/relationships"><Relationship Id="rId1" Type="http://schemas.openxmlformats.org/officeDocument/2006/relationships/worksheet" Target="worksheets/sheet1.xml"/><Relationship Id="rId2" Type="http://schemas.openxmlformats.org/officeDocument/2006/relationships/worksheet" Target="worksheets/sheet2.xml"/><Relationship Id="rId3" Type="http://schemas.openxmlformats.org/officeDocument/2006/relationships/theme" Target="theme/theme1.xml"/><Relationship Id="rId4" Type="http://schemas.openxmlformats.org/officeDocument/2006/relationships/styles" Target="styles.xml"/><Relationship Id="rId5" Type="http://schemas.openxmlformats.org/officeDocument/2006/relationships/sheetMetadata" Target="metadata.xml"/></Relationships>PK         0àkﬁ  ﬁ     xl/theme/theme1.xml<?xml version="1.0" encoding="UTF-8" standalone="yes"?>
<a:theme xmlns:a="http://schemas.openxmlformats.org/drawingml/2006/main" name="Office Theme"><a:themeElements><a:clrScheme name="Office"><a:dk1><a:sysClr val="windowText" lastClr="000000"/></a:dk1><a:lt1><a:sysClr val="window" lastClr="FFFFFF"/></a:lt1><a:dk2><a:srgbClr val="1F497D"/></a:dk2><a:lt2><a:srgbClr val="EEECE1"/></a:lt2><a:accent1><a:srgbClr val="4F81BD"/></a:accent1><a:accent2><a:srgbClr val="C0504D"/></a:accent2><a:accent3><a:srgbClr val="9BBB59"/></a:accent3><a:accent4><a:srgbClr val="8064A2"/></a:accent4><a:accent5><a:srgbClr val="4BACC6"/></a:accent5><a:accent6><a:srgbClr val="F79646"/></a:accent6><a:hlink><a:srgbClr val="0000FF"/></a:hlink><a:folHlink><a:srgbClr val="800080"/></a:folHlink></a:clrScheme><a:fontScheme name="Office"><a:majorFont><a:latin typeface="Cambria"/><a:ea typeface=""/><a:cs typeface=""/><a:font script="Jpan" typeface="Ôº≠Ôº≥ Ôº∞„Ç¥„Ç∑„ÉÉ„ÇØ"/><a:font script="Hang" typeface="ÎßëÏùÄ Í≥†Îîï"/><a:font script="Hans" typeface="ÂÆã‰Ωì"/><a:font script="Hant" typeface="Êñ∞Á¥∞ÊòéÈ´î"/><a:font script="Arab" typeface="Times New Roman"/><a:font script="Hebr" typeface="Times New Roman"/><a:font script="Thai" typeface="Tahoma"/><a:font script="Ethi" typeface="Nyala"/><a:font script="Beng" typeface="Vrinda"/><a:font script="Gujr" typeface="Shruti"/><a:font script="Khmr" typeface="MoolBoran"/><a:font script="Knda" typeface="Tunga"/><a:font script="Guru" typeface="Raavi"/><a:font script="Cans" typeface="Euphemia"/><a:font script="Cher" typeface="Plantagenet Cherokee"/><a:font script="Yiii" typeface="Microsoft Yi Baiti"/><a:font script="Tibt" typeface="Microsoft Himalaya"/><a:font script="Thaa" typeface="MV Boli"/><a:font script="Deva" typeface="Mangal"/><a:font script="Telu" typeface="Gautami"/><a:font script="Taml" typeface="Latha"/><a:font script="Syrc" typeface="Estrangelo Edessa"/><a:font script="Orya" typeface="Kalinga"/><a:font script="Mlym" typeface="Kartika"/><a:font script="Laoo" typeface="DokChampa"/><a:font script="Sinh" typeface="Iskoola Pota"/><a:font script="Mong" typeface="Mongolian Baiti"/><a:font script="Viet" typeface="Times New Roman"/><a:font script="Uigh" typeface="Microsoft Uighur"/><a:font script="Geor" typeface="Sylfaen"/></a:majorFont><a:minorFont><a:latin typeface="Calibri"/><a:ea typeface=""/><a:cs typeface=""/><a:font script="Jpan" typeface="Ôº≠Ôº≥ Ôº∞„Ç¥„Ç∑„ÉÉ„ÇØ"/><a:font script="Hang" typeface="ÎßëÏùÄ Í≥†Îîï"/><a:font script="Hans" typeface="ÂÆã‰Ωì"/><a:font script="Hant" typeface="Êñ∞Á¥∞ÊòéÈ´î"/><a:font script="Arab" typeface="Arial"/><a:font script="Hebr" typeface="Arial"/><a:font script="Thai" typeface="Tahoma"/><a:font script="Ethi" typeface="Nyala"/><a:font script="Beng" typeface="Vrinda"/><a:font script="Gujr" typeface="Shruti"/><a:font script="Khmr" typeface="DaunPenh"/><a:font script="Knda" typeface="Tunga"/><a:font script="Guru" typeface="Raavi"/><a:font script="Cans" typeface="Euphemia"/><a:font script="Cher" typeface="Plantagenet Cherokee"/><a:font script="Yiii" typeface="Microsoft Yi Baiti"/><a:font script="Tibt" typeface="Microsoft Himalaya"/><a:font script="Thaa" typeface="MV Boli"/><a:font script="Deva" typeface="Mangal"/><a:font script="Telu" typeface="Gautami"/><a:font script="Taml" typeface="Latha"/><a:font script="Syrc" typeface="Estrangelo Edessa"/><a:font script="Orya" typeface="Kalinga"/><a:font script="Mlym" typeface="Kartika"/><a:font script="Laoo" typeface="DokChampa"/><a:font script="Sinh" typeface="Iskoola Pota"/><a:font script="Mong" typeface="Mongolian Baiti"/><a:font script="Viet" typeface="Arial"/><a:font script="Uigh" typeface="Microsoft Uighur"/><a:font script="Geor" typeface="Sylfaen"/></a:minorFont></a:fontScheme><a:fmtScheme name="Office"><a:fillStyleLst><a:solidFill><a:schemeClr val="phClr"/></a:solidFill><a:gradFill rotWithShape="1"><a:gsLst><a:gs pos="0"><a:schemeClr val="phClr"><a:tint val="50000"/><a:satMod val="300000"/></a:schemeClr></a:gs><a:gs pos="35000"><a:schemeClr val="phClr"><a:tint val="37000"/><a:satMod val="300000"/></a:schemeClr></a:gs><a:gs pos="100000"><a:schemeClr val="phClr"><a:tint val="15000"/><a:satMod val="350000"/></a:schemeClr></a:gs></a:gsLst><a:lin ang="16200000" scaled="1"/></a:gradFill><a:gradFill rotWithShape="1"><a:gsLst><a:gs pos="0"><a:schemeClr val="phClr"><a:tint val="100000"/><a:shade val="100000"/><a:satMod val="130000"/></a:schemeClr></a:gs><a:gs pos="100000"><a:schemeClr val="phClr"><a:tint val="50000"/><a:shade val="100000"/><a:satMod val="350000"/></a:schemeClr></a:gs></a:gsLst><a:lin ang="16200000" scaled="0"/></a:gradFill></a:fillStyleLst><a:lnStyleLst><a:ln w="9525" cap="flat" cmpd="sng" algn="ctr"><a:solidFill><a:schemeClr val="phClr"><a:shade val="95000"/><a:satMod val="105000"/></a:schemeClr></a:solidFill><a:prstDash val="solid"/></a:ln><a:ln w="25400" cap="flat" cmpd="sng" algn="ctr"><a:solidFill><a:schemeClr val="phClr"/></a:solidFill><a:prstDash val="solid"/></a:ln><a:ln w="38100" cap="flat" cmpd="sng" algn="ctr"><a:solidFill><a:schemeClr val="phClr"/></a:solidFill><a:prstDash val="solid"/></a:ln></a:lnStyleLst><a:effectStyleLst><a:effectStyle><a:effectLst><a:outerShdw blurRad="40000" dist="20000" dir="5400000" rotWithShape="0"><a:srgbClr val="000000"><a:alpha val="38000"/></a:srgbClr></a:outerShdw></a:effectLst></a:effectStyle><a:effectStyle><a:effectLst><a:outerShdw blurRad="40000" dist="23000" dir="5400000" rotWithShape="0"><a:srgbClr val="000000"><a:alpha val="35000"/></a:srgbClr></a:outerShdw></a:effectLst></a:effectStyle><a:effectStyle><a:effectLst><a:outerShdw blurRad="40000" dist="23000" dir="5400000" rotWithShape="0"><a:srgbClr val="000000"><a:alpha val="35000"/></a:srgbClr></a:outerShdw></a:effectLst><a:scene3d><a:camera prst="orthographicFront"><a:rot lat="0" lon="0" rev="0"/></a:camera><a:lightRig rig="threePt" dir="t"><a:rot lat="0" lon="0" rev="1200000"/></a:lightRig></a:scene3d><a:sp3d><a:bevelT w="63500" h="25400"/></a:sp3d></a:effectStyle></a:effectStyleLst><a:bgFillStyleLst><a:solidFill><a:schemeClr val="phClr"/></a:solidFill><a:gradFill rotWithShape="1"><a:gsLst><a:gs pos="0"><a:schemeClr val="phClr"><a:tint val="40000"/><a:satMod val="350000"/></a:schemeClr></a:gs><a:gs pos="40000"><a:schemeClr val="phClr"><a:tint val="45000"/><a:shade val="99000"/><a:satMod val="350000"/></a:schemeClr></a:gs><a:gs pos="100000"><a:schemeClr val="phClr"><a:shade val="20000"/><a:satMod val="255000"/></a:schemeClr></a:gs></a:gsLst><a:path path="circle"><a:fillToRect l="50000" t="-80000" r="50000" b="180000"/></a:path></a:gradFill><a:gradFill rotWithShape="1"><a:gsLst><a:gs pos="0"><a:schemeClr val="phClr"><a:tint val="80000"/><a:satMod val="300000"/></a:schemeClr></a:gs><a:gs pos="100000"><a:schemeClr val="phClr"><a:shade val="30000"/><a:satMod val="200000"/></a:schemeClr></a:gs></a:gsLst><a:path path="circle"><a:fillToRect l="50000" t="50000" r="50000" b="50000"/></a:path></a:gradFill></a:bgFillStyleLst></a:fmtScheme></a:themeElements><a:objectDefaults><a:spDef><a:spPr/><a:bodyPr/><a:lstStyle/><a:style><a:lnRef idx="1"><a:schemeClr val="accent1"/></a:lnRef><a:fillRef idx="3"><a:schemeClr val="accent1"/></a:fillRef><a:effectRef idx="2"><a:schemeClr val="accent1"/></a:effectRef><a:fontRef idx="minor"><a:schemeClr val="lt1"/></a:fontRef></a:style></a:spDef><a:lnDef><a:spPr/><a:bodyPr/><a:lstStyle/><a:style><a:lnRef idx="2"><a:schemeClr val="accent1"/></a:lnRef><a:fillRef idx="0"><a:schemeClr val="accent1"/></a:fillRef><a:effectRef idx="1"><a:schemeClr val="accent1"/></a:effectRef><a:fontRef idx="minor"><a:schemeClr val="tx1"/></a:fontRef></a:style></a:lnDef></a:objectDefaults><a:extraClrSchemeLst/></a:theme>PK         UÙîZ  Z     xl/styles.xml<?xml version="1.0" encoding="UTF-8" standalone="yes"?>
<styleSheet xmlns="http://schemas.openxmlformats.org/spreadsheetml/2006/main" xmlns:vt="http://schemas.openxmlformats.org/officeDocument/2006/docPropsVTypes"><numFmts count="1"><numFmt numFmtId="56" formatCode="&quot;‰∏äÂçà/‰∏ãÂçà &quot;hh&quot;ÊôÇ&quot;mm&quot;ÂàÜ&quot;ss&quot;Áßí &quot;"/></numFmts><fonts count="1"><font><sz val="12"/><color theme="1"/><name val="Calibri"/><family val="2"/><scheme val="minor"/></font></fonts><fills count="2"><fill><patternFill patternType="none"/></fill><fill><patternFill patternType="gray125"/></fill></fills><borders count="1"><border><left/><right/><top/><bottom/><diagonal/></border></borders><cellStyleXfs count="1"><xf numFmtId="0" fontId="0" fillId="0" borderId="0"/></cellStyleXfs><cellXfs count="1"><xf numFmtId="0" fontId="0" fillId="0" borderId="0" xfId="0" applyNumberFormat="1"/></cellXfs><cellStyles count="1"><cellStyle name="Normal" xfId="0" builtinId="0"/></cellStyles><dxfs count="0"/><tableStyles count="0" defaultTableStyle="TableStyleMedium9" defaultPivotStyle="PivotStyleMedium4"/></styleSheet>PK         ≥E`       xl/worksheets/sheet1.xml<?xml version="1.0" encoding="UTF-8" standalone="yes"?>
<worksheet xmlns="http://schemas.openxmlformats.org/spreadsheetml/2006/main" xmlns:r="http://schemas.openxmlformats.org/officeDocument/2006/relationships"><dimension ref="A1:I2"/><sheetViews><sheetView workbookViewId="0"/></sheetViews><sheetData><row r="1"><c r="A1" t="str"><v>No</v></c><c r="B1" t="str"><v>Produk</v></c><c r="C1" t="str"><v>Barcode</v></c><c r="D1" t="str"><v>Kategori</v></c><c r="E1" t="str"><v>Harga Beli</v></c><c r="F1" t="str"><v>Harga Jual</v></c><c r="G1" t="str"><v>Stok</v></c><c r="H1" t="str"><v>Stok Minimum</v></c><c r="I1" t="str"><v>Satuan</v></c></row><row r="2"><c r="A2"><v>1</v></c><c r="B2" t="str"><v>Import Beras Premium 5kg</v></c><c r="C2" t="str"><v></v></c><c r="D2" t="str"><v>Makanan</v></c><c r="E2"><v>55000</v></c><c r="F2"><v>65000</v></c><c r="G2"><v>15</v></c><c r="H2"><v>3</v></c><c r="I2" t="str"><v>Pcs</v></c></row></sheetData><ignoredErrors><ignoredError numberStoredAsText="1" sqref="A1:I2"/></ignoredErrors></worksheet>PK         ˚[e       xl/worksheets/sheet2.xml<?xml version="1.0" encoding="UTF-8" standalone="yes"?>
<worksheet xmlns="http://schemas.openxmlformats.org/spreadsheetml/2006/main" xmlns:r="http://schemas.openxmlformats.org/officeDocument/2006/relationships"><dimension ref="A1:I2"/><sheetViews><sheetView workbookViewId="0"/></sheetViews><sheetData><row r="1"><c r="A1" t="str"><v>No Produk</v></c><c r="B1" t="str"><v>Nama Paket</v></c><c r="C1" t="str"><v>Satuan</v></c><c r="D1" t="str"><v>Qty</v></c><c r="E1" t="str"><v>Qty Acuan</v></c><c r="F1" t="str"><v>Ref Harga Beli</v></c><c r="G1" t="str"><v>Harga Beli</v></c><c r="H1" t="str"><v>Ref Harga Jual</v></c><c r="I1" t="str"><v>Harga Jual</v></c></row><row r="2"><c r="A2"><v>1</v></c><c r="B2" t="str"><v>Karung</v></c><c r="C2" t="str"><v>Pack</v></c><c r="D2"><v>10</v></c><c r="E2"><v>1</v></c><c r="F2"><v>55000</v></c><c r="G2"><v>500000</v></c><c r="H2"><v>65000</v></c><c r="I2"><v>620000</v></c></row></sheetData><ignoredErrors><ignoredError numberStoredAsText="1" sqref="A1:I2"/></ignoredErrors></worksheet>PK         `Ä Åà  à     xl/metadata.xml<?xml version="1.0" encoding="UTF-8" standalone="yes"?>
<metadata xmlns="http://schemas.openxmlformats.org/spreadsheetml/2006/main" xmlns:xlrd="http://schemas.microsoft.com/office/spreadsheetml/2017/richdata" xmlns:xda="http://schemas.microsoft.com/office/spreadsheetml/2017/dynamicarray">
  <metadataTypes count="1">
    <metadataType name="XLDAPR" minSupportedVersion="120000" copy="1" pasteAll="1" pasteValues="1" merge="1" splitFirst="1" rowColShift="1" clearFormats="1" clearComments="1" assign="1" coerce="1" cellMeta="1"/>
  </metadataTypes>
  <futureMetadata name="XLDAPR" count="1">
    <bk>
      <extLst>
        <ext uri="{bdbb8cdc-fa1e-496e-a857-3c3f30c029c3}">
          <xda:dynamicArrayProperties fDynamic="1" fCollapsed="0"/>
        </ext>
      </extLst>
    </bk>
  </futureMetadata>
  <cellMetadata count="1">
    <bk>
      <rc t="1" v="0"/>
    </bk>
  </cellMetadata>
</metadata>PK         drñp  p     xl/workbook.xml<?xml version="1.0" encoding="UTF-8" standalone="yes"?>
<workbook xmlns="http://schemas.openxmlformats.org/spreadsheetml/2006/main" xmlns:r="http://schemas.openxmlformats.org/officeDocument/2006/relationships"><workbookPr codeName="ThisWorkbook"/><sheets><sheet name="Produk" sheetId="1" r:id="rId1"/><sheet name="Grosir" sheetId="2" r:id="rId2"/></sheets></workbook>PK         Jj˘L  L     _rels/.rels<?xml version="1.0" encoding="UTF-8" standalone="yes"?>
<Relationships xmlns="http://schemas.openxmlformats.org/package/2006/relationships"><Relationship Id="rId2" Type="http://schemas.openxmlformats.org/package/2006/relationships/metadata/core-properties" Target="docProps/core.xml"/><Relationship Id="rId3" Type="http://schemas.openxmlformats.org/officeDocument/2006/relationships/extended-properties" Target="docProps/app.xml"/><Relationship Id="rId1" Type="http://schemas.openxmlformats.org/officeDocument/2006/relationships/officeDocument" Target="xl/workbook.xml"/></Relationships>PK         Ô7◊KM  M     docProps/app.xml<?xml version="1.0" encoding="UTF-8" standalone="yes"?>
<Properties xmlns="http://schemas.openxmlformats.org/officeDocument/2006/extended-properties" xmlns:vt="http://schemas.openxmlformats.org/officeDocument/2006/docPropsVTypes"><Application>SheetJS</Application><HeadingPairs><vt:vector size="2" baseType="variant"><vt:variant><vt:lpstr>Worksheets</vt:lpstr></vt:variant><vt:variant><vt:i4>2</vt:i4></vt:variant></vt:vector></HeadingPairs><TitlesOfParts><vt:vector size="2" baseType="lpstr"><vt:lpstr>Produk</vt:lpstr><vt:lpstr>Grosir</vt:lpstr></vt:vector></TitlesOfParts></Properties>PK         ÷í|Z  Z     docProps/core.xml<?xml version="1.0" encoding="UTF-8" standalone="yes"?>
<cp:coreProperties xmlns:cp="http://schemas.openxmlformats.org/package/2006/metadata/core-properties" xmlns:dc="http://purl.org/dc/elements/1.1/" xmlns:dcterms="http://purl.org/dc/terms/" xmlns:dcmitype="http://purl.org/dc/dcmitype/" xmlns:xsi="http://www.w3.org/2001/XMLSchema-instance"/>PK         «u…çù  ù     [Content_Types].xml<?xml version="1.0" encoding="UTF-8" standalone="yes"?>
<Types xmlns="http://schemas.openxmlformats.org/package/2006/content-types" xmlns:xsd="http://www.w3.org/2001/XMLSchema" xmlns:xsi="http://www.w3.org/2001/XMLSchema-instance"><Default Extension="xml" ContentType="application/xml"/><Default Extension="bin" ContentType="application/vnd.ms-excel.sheet.binary.macroEnabled.main"/><Default Extension="vml" ContentType="application/vnd.openxmlformats-officedocument.vmlDrawing"/><Default Extension="data" ContentType="application/vnd.openxmlformats-officedocument.model+data"/><Default Extension="bmp" ContentType="image/bmp"/><Default Extension="png" ContentType="image/png"/><Default Extension="gif" ContentType="image/gif"/><Default Extension="emf" ContentType="image/x-emf"/><Default Extension="wmf" ContentType="image/x-wmf"/><Default Extension="jpg" ContentType="image/jpeg"/><Default Extension="jpeg" ContentType="image/jpeg"/><Default Extension="tif" ContentType="image/tiff"/><Default Extension="tiff" ContentType="image/tiff"/><Default Extension="pdf" ContentType="application/pdf"/><Default Extension="rels" ContentType="application/vnd.openxmlformats-package.relationships+xml"/><Override PartName="/xl/workbook.xml" ContentType="application/vnd.openxmlformats-officedocument.spreadsheetml.sheet.main+xml"/><Override PartName="/xl/worksheets/sheet1.xml" ContentType="application/vnd.openxmlformats-officedocument.spreadsheetml.worksheet+xml"/><Override PartName="/xl/worksheets/sheet2.xml" ContentType="application/vnd.openxmlformats-officedocument.spreadsheetml.worksheet+xml"/><Override PartName="/xl/theme/theme1.xml" ContentType="application/vnd.openxmlformats-officedocument.theme+xml"/><Override PartName="/xl/styles.xml" ContentType="application/vnd.openxmlformats-officedocument.spreadsheetml.styles+xml"/><Override PartName="/docProps/core.xml" ContentType="application/vnd.openxmlformats-package.core-properties+xml"/><Override PartName="/docProps/app.xml" ContentType="application/vnd.openxmlformats-officedocument.extended-properties+xml"/><Override PartName="/xl/metadata.xml" ContentType="application/vnd.openxmlformats-officedocument.spreadsheetml.sheetMetadata+xml"/></Types>PK           Òa<''B  B                   xl/_rels/workbook.xml.relsPK           0àkﬁ  ﬁ               z  xl/theme/theme1.xmlPK           UÙîZ  Z               â!  xl/styles.xmlPK           ≥E`                 &  xl/worksheets/sheet1.xmlPK           ˚[e                 S*  xl/worksheets/sheet2.xmlPK           `Ä Åà  à               ê.  xl/metadata.xmlPK           drñp  p               E2  xl/workbook.xmlPK           Jj˘L  L               ‚3  _rels/.relsPK           Ô7◊KM  M               W6  docProps/app.xmlPK           ÷í|Z  Z               “8  docProps/core.xmlPK           «u…çù  ù               [:  [Content_Types].xmlPK      ¡  )C    
------WebKitFormBoundaryjDzjl3XEk9ONpIHH--
', '{"code":"00","status":true,"message":"Preview berhasil","data":{"rows":[{"no":1,"nama":"Import Beras Premium 5kg","barcode":"8995170829136","kategori":"Makanan","harga_beli":55000,"harga_jual":65000,"margin":15,"stok":15,"stok_minimum":3,"satuan":"Pcs","satuan_id":1,"valid":true,"errors":[],"warnings":["Barcode kosong ‚Äî di-generate otomatis"]}],"grosir":[{"no_produk":1,"nama_paket":"Karung","satuan":"Pack","satuan_id":2,"qty":10,"ref_qty":1,"harga_beli":500000,"harga_jual":620000,"valid":true,"errors":[]}]}}', 2, 3, '::1', NULL, '2026-07-23 10:13:36.756')
[GIN] 2026/07/23 - 10:13:39 | 204 |            0s |             ::1 | OPTIONS  "/api/products/import-bulk"

2026/07/23 10:13:39 [32mD:/Develop/Project_pos_mahenz/BE/domain/auth/repo/auth_repo.go:46
[0m[33m[0.679ms] [34;1m[rows:1][0m SELECT id, user_id, user_role, token, device_info, expires_at FROM sessions WHERE token = 'eyJhbGciOiJIUzI1NiIsInR5cCI6IkpXVCJ9.eyJhcHBzIjoid2ViIiwiZXhwIjoxNzg0ODA1MjEzLCJmdWxsX25hbWUiOiJBZG1pbmlzdHJhdG9yIiwicm9sZSI6ImFkbWluIiwidXNlcl9pZCI6MiwidXNlcm5hbWUiOiJhZG1pbiJ9.orr_rRTOSit0u5hvKO-XzFX9rqvJWyIgq8E-b4e9lZ0' LIMIT 1

2026/07/23 10:13:39 [32mD:/Develop/Project_pos_mahenz/BE/domain/product_category/repo/product_category_repo.go:121
[0m[33m[0.538ms] [34;1m[rows:1][0m SELECT id, name, COALESCE(code, '') as code, description, COALESCE(is_active, 1) as is_active, created_at FROM categories WHERE name = 'Makanan' LIMIT 1

2026/07/23 10:13:39 [32mD:/Develop/Project_pos_mahenz/BE/domain/product/repo/product_generate_repo.go:12
[0m[33m[0.552ms] [34;1m[rows:0][0m SELECT id FROM products WHERE barcode = '8995170829136' AND id != 0 LIMIT 1

2026/07/23 10:13:39 [32mD:/Develop/Project_pos_mahenz/BE/domain/product_category/repo/product_category_repo.go:79
[0m[33m[1.314ms] [34;1m[rows:1][0m SELECT c.id, c.name, COALESCE(c.code, '') as code, c.description, COALESCE(c.is_active, 1) as is_active, (SELECT COUNT(*) FROM products p WHERE p.category_id = c.id) AS product_count, (SELECT COUNT(*) FROM products p WHERE p.category_id = c.id AND p.is_active = 1) AS active_product_count, c.created_at FROM categories c WHERE c.id = 2 LIMIT 1

2026/07/23 10:13:39 [32mD:/Develop/Project_pos_mahenz/BE/domain/product/repo/product_generate_repo.go:39
[0m[33m[0.530ms] [34;1m[rows:1][0m SELECT COUNT(*) FROM products WHERE category_id = 2

2026/07/23 10:13:39 [32mD:/Develop/Project_pos_mahenz/BE/domain/product/repo/product_generate_repo.go:21
[0m[33m[0.686ms] [34;1m[rows:0][0m SELECT id FROM products WHERE sku = 'MAK-0004' AND id != 0 LIMIT 1

2026/07/23 10:13:39 [32mD:/Develop/Project_pos_mahenz/BE/domain/product/repo/product_repo.go:212
[0m[33m[0.582ms] [34;1m[rows:1][0m INSERT INTO products (barcode, sku, name, category_id, purchase_price, selling_price, stock, min_stock, unit_id) VALUES ('8995170829136', 'MAK-0004', 'Import Beras Premium 5kg', 2, 55000, 65000, 15, 3, 1)

2026/07/23 10:13:39 [32mD:/Develop/Project_pos_mahenz/BE/domain/product/repo/product_repo.go:219
[0m[33m[0.000ms] [34;1m[rows:1][0m SELECT LAST_INSERT_ID()

2026/07/23 10:13:39 [32mD:/Develop/Project_pos_mahenz/BE/domain/product/repo/product_repo.go:223
[0m[33m[0.552ms] [34;1m[rows:1][0m INSERT INTO product_packages (product_id, unit_id, purchase_price, selling_price, is_default) VALUES (11, 1, 55000, 65000, 1)

2026/07/23 10:13:39 [32mD:/Develop/Project_pos_mahenz/BE/domain/product/repo/product_repo.go:227
[0m[33m[0.000ms] [34;1m[rows:1][0m SELECT LAST_INSERT_ID()

2026/07/23 10:13:39 [32mD:/Develop/Project_pos_mahenz/BE/domain/product/repo/product_package_repo.go:23
[0m[33m[1.145ms] [34;1m[rows:1][0m 
		SELECT pp.id, pp.product_id, pp.unit_id, COALESCE(u.name, '') AS unit_name, COALESCE(u.abbreviation, '') AS abbreviation,
		       COALESCE(pp.package_name, '') AS package_name, pp.ref_package_id, pp.qty, pp.ref_qty, pp.purchase_price, pp.selling_price, pp.is_default
		FROM product_packages pp
		JOIN units u ON u.id = pp.unit_id
		WHERE pp.product_id = 11

2026/07/23 10:13:39 [32mD:/Develop/Project_pos_mahenz/BE/domain/product/repo/product_package_repo.go:36
[0m[33m[2.529ms] [34;1m[rows:1][0m INSERT INTO product_packages (product_id, unit_id, package_name, ref_package_id, qty, ref_qty, purchase_price, selling_price, is_default) VALUES (11, 2, 'Karung', 10, 10, 1, 500000, 620000, 0)

2026/07/23 10:13:39 [32mD:/Develop/Project_pos_mahenz/BE/domain/product/repo/product_package_repo.go:44
[0m[33m[0.000ms] [34;1m[rows:1][0m SELECT LAST_INSERT_ID()
[GIN] 2026/07/23 - 10:13:39 | 200 |     21.8745ms |             ::1 | POST     "/api/products/import-bulk"

2026/07/23 10:13:39 [32mD:/Develop/Project_pos_mahenz/BE/repository/log_request_repository.go:32
[0m[33m[2.566ms] [34;1m[rows:1][0m INSERT INTO log_requests (id, method, endpoint, status_code, request_body, response_body, user_id, duration_ms, ip_address, error_message, created_at) VALUES ('fdf7f642-ff0b-4011-9f0e-6c3fb10eafc3', 'POST', '/api/products/import-bulk', 200, '{"rows":[{"no":1,"nama":"Import Beras Premium 5kg","barcode":"8995170829136","kategori":"Makanan","harga_beli":55000,"harga_jual":65000,"stok":15,"stok_minimum":3,"satuan":"Pcs","satuan_id":1}],"grosir":[{"no_produk":1,"nama_paket":"Karung","satuan":"Pack","satuan_id":2,"qty":10,"ref_qty":1,"harga_beli":500000,"harga_jual":620000}]}', '{"code":"00","status":true,"message":"Import selesai","data":{"success":1,"failed":[]}}', 2, 21, '::1', NULL, '2026-07-23 10:13:39.514')

2026/07/23 10:13:39 [32mD:/Develop/Project_pos_mahenz/BE/domain/auth/repo/auth_repo.go:46
[0m[33m[0.465ms] [34;1m[rows:1][0m SELECT id, user_id, user_role, token, device_info, expires_at FROM sessions WHERE token = 'eyJhbGciOiJIUzI1NiIsInR5cCI6IkpXVCJ9.eyJhcHBzIjoid2ViIiwiZXhwIjoxNzg0ODA1MjEzLCJmdWxsX25hbWUiOiJBZG1pbmlzdHJhdG9yIiwicm9sZSI6ImFkbWluIiwidXNlcl9pZCI6MiwidXNlcm5hbWUiOiJhZG1pbiJ9.orr_rRTOSit0u5hvKO-XzFX9rqvJWyIgq8E-b4e9lZ0' LIMIT 1

2026/07/23 10:13:39 [32mD:/Develop/Project_pos_mahenz/BE/domain/product/repo/product_repo.go:100
[0m[33m[0.000ms] [34;1m[rows:1][0m SELECT COUNT(*) FROM products p WHERE 1=1

2026/07/23 10:13:39 [32mD:/Develop/Project_pos_mahenz/BE/domain/product/repo/product_repo.go:119
[0m[33m[1.169ms] [34;1m[rows:9][0m 
		SELECT p.id, p.barcode, COALESCE(p.sku, '') as sku, p.name, p.category_id, COALESCE(c.name, '') as category_name,
		       p.purchase_price, p.selling_price, p.stock, p.reserved_qty, p.min_stock,
		       COALESCE(p.unit_id, 0) as unit_id, COALESCE(u.name, '') as unit_name, COALESCE(u.abbreviation, '') as unit_abbreviation,
		       p.is_active,
		       (SELECT COUNT(*) FROM product_packages pp WHERE pp.product_id = p.id AND pp.is_default = 0) AS extra_packages,
		       (SELECT COUNT(*) FROM product_prices pr WHERE pr.product_id = p.id) AS price_tiers_count
		FROM products p
		LEFT JOIN categories c ON p.category_id = c.id
		LEFT JOIN units u ON u.id = p.unit_id
		WHERE 1=1 ORDER BY p.name ASC LIMIT 10 OFFSET 0
[GIN] 2026/07/23 - 10:13:39 | 200 |      2.7531ms |             ::1 | POST     "/api/products/list"

2026/07/23 10:13:39 [32mD:/Develop/Project_pos_mahenz/BE/repository/log_request_repository.go:32
[0m[33m[3.668ms] [34;1m[rows:1][0m INSERT INTO log_requests (id, method, endpoint, status_code, request_body, response_body, user_id, duration_ms, ip_address, error_message, created_at) VALUES ('9dfc72d3-ab37-409f-a844-91f409a9ed78', 'POST', '/api/products/list', 200, '{"page":1,"limit":10,"search":""}', '{"code":"00","status":true,"message":"Daftar produk","data":[{"id":10,"barcode":"9990001112229","sku":"MAK-0003","name":"Import Barcode Duplikat A","category_id":2,"category_name":"Makanan","purchase_price":1000,"selling_price":2000,"stock":5,"reserved_qty":0,"min_stock":1,"unit_id":1,"unit_name":"Pcs","unit_abbreviation":"pcs","is_active":true,"extra_packages":0,"price_tiers_count":0},{"id":11,"barcode":"8995170829136","sku":"MAK-0004","name":"Import Beras Premium 5kg","category_id":2,"category_name":"Makanan","purchase_price":55000,"selling_price":65000,"stock":15,"reserved_qty":0,"min_stock":3,"unit_id":1,"unit_name":"Pcs","unit_abbreviation":"pcs","is_active":true,"extra_packages":1,"price_tiers_count":0},{"id":9,"barcode":"9990001112223","sku":"MAK-0002","name":"Import Gula Pasir 1kg","category_id":2,"category_name":"Makanan","purchase_price":13000,"selling_price":15000,"stock":10,"reserved_qty":0,"min_stock":2,"unit_id":1,"unit_name":"Pcs","unit_abbreviation":"pcs","is_active":true,"extra_packages":0,"price_tiers_count":0},{"id":8,"barcode":"8992258362998","sku":"MAK-0001","name":"Import Kopi Sachet 3in1","category_id":2,"category_name":"Makanan","purchase_price":1200,"selling_price":1800,"stock":20,"reserved_qty":0,"min_stock":5,"unit_id":1,"unit_name":"Pcs","unit_abbreviation":"pcs","is_active":true,"extra_packages":0,"price_tiers_count":0},{"id":7,"barcode":"7777777777777","sku":"MIN-0005","name":"Manual SKU Jump Test","category_id":1,"category_name":"Minuman","purchase_price":0,"selling_price":1000,"stock":0,"reserved_qty":0,"min_stock":0,"unit_id":1,"unit_name":"Pcs","unit_abbreviation":"pcs","is_active":true,"extra_packages":0,"price_tiers_count":0},{"id":5,"barcode":"5555555555555","sku":"MIN-BYP1","name":"Owner Bypass Stock Test","category_id":1,"category_name":"Minuman","purchase_price":0,"selling_price":1000,"stock":0,"reserved_qty":0,"min_stock":0,"unit_id":1,"unit_name":"Pcs","unit_abbreviation":"pcs","is_active":true,"extra_packages":0,"price_tiers_count":0},{"id":6,"barcode":"6666666666666","sku":"MIN-SPF1","name":"Owner Spoof Role Test","category_id":1,"category_name":"Minuman","purchase_price":0,"selling_price":1000,"stock":0,"reserved_qty":0,"min_stock":0,"unit_id":1,"unit_name":"Pcs","unit_abbreviation":"pcs","is_active":true,"extra_packages":0,"price_tiers_count":0},{"id":4,"barcode":"4444444444444","sku":"MIN-5555","name":"Sanity Check Product","category_id":1,"category_name":"Minuman","purchase_price":0,"selling_price":1000,"stock":0,"reserved_qty":0,"min_stock":0,"unit_id":1,"unit_name":"Pcs","unit_abbreviation":"pcs","is_active":true,"extra_packages":0,"price_tiers_count":0},{"id":1,"barcode":"8990874779046","sku":"MIN-0001","name":"Teh Botol Sosro 350ml (Edited)","category_id":1,"category_name":"Minuman","purchase_price":3500,"selling_price":5800,"stock":50,"reserved_qty":0,"min_stock":10,"unit_id":1,"unit_name":"Pcs","unit_abbreviation":"pcs","is_active":true,"extra_packages":0,"price_tiers_count":0}],"pagination":{"page":1,"per_page":10,"total":9,"total_pages":1}}', 2, 2, '::1', NULL, '2026-07-23 10:13:39.521')

2026/07/23 10:13:53 [32mD:/Develop/Project_pos_mahenz/BE/domain/auth/repo/auth_repo.go:17
[0m[33m[0.509ms] [34;1m[rows:1][0m SELECT u.id, u.username, u.password, u.full_name, u.role_id, r.name AS role_name, u.is_active FROM users u INNER JOIN roles r ON r.id = u.role_id WHERE u.username = 'admin' LIMIT 1

2026/07/23 10:13:53 [32mD:/Develop/Project_pos_mahenz/BE/domain/auth/repo/auth_repo.go:67
[0m[33m[4.256ms] [34;1m[rows:1][0m DELETE FROM sessions WHERE user_id = 2

2026/07/23 10:13:53 [32mD:/Develop/Project_pos_mahenz/BE/domain/auth/repo/auth_repo.go:38
[0m[33m[2.237ms] [34;1m[rows:1][0m INSERT INTO sessions (user_id, user_role, token, refresh_token, device_info, ip_address, expires_at) VALUES (2, 'admin', 'eyJhbGciOiJIUzI1NiIsInR5cCI6IkpXVCJ9.eyJhcHBzIjoiIiwiZXhwIjoxNzg0ODA1MjMzLCJmdWxsX25hbWUiOiJBZG1pbmlzdHJhdG9yIiwicm9sZSI6ImFkbWluIiwidXNlcl9pZCI6MiwidXNlcm5hbWUiOiJhZG1pbiJ9.BMNFIam19XSneZk3NZUW5nAjkyihdunAY9kfm16o4wg', 'cad801806c854c16c0b47350cd7f003e9a6bec8b3961cf5a8a7e3c011f9d2cda', '', '::1', '2026-07-30 10:13:53.599') ON DUPLICATE KEY UPDATE user_role=VALUES(user_role), token=VALUES(token), refresh_token=VALUES(refresh_token), device_info=VALUES(device_info), ip_address=VALUES(ip_address), expires_at=VALUES(expires_at), created_at=NOW()
[GIN] 2026/07/23 - 10:13:53 | 200 |    255.0157ms |             ::1 | POST     "/api/auth/login"

2026/07/23 10:13:53 [32mD:/Develop/Project_pos_mahenz/BE/repository/log_request_repository.go:32
[0m[33m[2.669ms] [34;1m[rows:1][0m INSERT INTO log_requests (id, method, endpoint, status_code, request_body, response_body, user_id, duration_ms, ip_address, error_message, created_at) VALUES ('e7599cc5-9447-4286-9f8d-10fa354c193d', 'POST', '/api/auth/login', 200, '{"username":"admin","password":"admin123"}', '{"code":"00","status":true,"message":"Login berhasil","data":{"token":"eyJhbGciOiJIUzI1NiIsInR5cCI6IkpXVCJ9.eyJhcHBzIjoiIiwiZXhwIjoxNzg0ODA1MjMzLCJmdWxsX25hbWUiOiJBZG1pbmlzdHJhdG9yIiwicm9sZSI6ImFkbWluIiwidXNlcl9pZCI6MiwidXNlcm5hbWUiOiJhZG1pbiJ9.BMNFIam19XSneZk3NZUW5nAjkyihdunAY9kfm16o4wg","refresh_token":"cad801806c854c16c0b47350cd7f003e9a6bec8b3961cf5a8a7e3c011f9d2cda","expires_at":"2026-07-30T10:13:53.5994763+07:00","user":{"id":2,"username":"admin","full_name":"Administrator","role_id":2,"role_name":"admin"}}}', NULL, 255, '::1', NULL, '2026-07-23 10:13:53.606')

2026/07/23 10:13:53 [32mD:/Develop/Project_pos_mahenz/BE/domain/auth/repo/auth_repo.go:46
[0m[33m[0.700ms] [34;1m[rows:1][0m SELECT id, user_id, user_role, token, device_info, expires_at FROM sessions WHERE token = 'eyJhbGciOiJIUzI1NiIsInR5cCI6IkpXVCJ9.eyJhcHBzIjoiIiwiZXhwIjoxNzg0ODA1MjMzLCJmdWxsX25hbWUiOiJBZG1pbmlzdHJhdG9yIiwicm9sZSI6ImFkbWluIiwidXNlcl9pZCI6MiwidXNlcm5hbWUiOiJhZG1pbiJ9.BMNFIam19XSneZk3NZUW5nAjkyihdunAY9kfm16o4wg' LIMIT 1

2026/07/23 10:13:53 [32mD:/Develop/Project_pos_mahenz/BE/domain/product/repo/product_repo.go:100
[0m[33m[0.000ms] [34;1m[rows:1][0m SELECT COUNT(*) FROM products p WHERE 1=1 AND (p.name LIKE '%Import Beras Premium%' OR p.barcode LIKE '%Import Beras Premium%')

2026/07/23 10:13:53 [32mD:/Develop/Project_pos_mahenz/BE/domain/product/repo/product_repo.go:119
[0m[33m[1.305ms] [34;1m[rows:1][0m 
		SELECT p.id, p.barcode, COALESCE(p.sku, '') as sku, p.name, p.category_id, COALESCE(c.name, '') as category_name,
		       p.purchase_price, p.selling_price, p.stock, p.reserved_qty, p.min_stock,
		       COALESCE(p.unit_id, 0) as unit_id, COALESCE(u.name, '') as unit_name, COALESCE(u.abbreviation, '') as unit_abbreviation,
		       p.is_active,
		       (SELECT COUNT(*) FROM product_packages pp WHERE pp.product_id = p.id AND pp.is_default = 0) AS extra_packages,
		       (SELECT COUNT(*) FROM product_prices pr WHERE pr.product_id = p.id) AS price_tiers_count
		FROM products p
		LEFT JOIN categories c ON p.category_id = c.id
		LEFT JOIN units u ON u.id = p.unit_id
		WHERE 1=1 AND (p.name LIKE '%Import Beras Premium%' OR p.barcode LIKE '%Import Beras Premium%') ORDER BY p.name ASC LIMIT 50 OFFSET 0
[GIN] 2026/07/23 - 10:13:53 | 200 |      2.6911ms |             ::1 | POST     "/api/products/list"

2026/07/23 10:13:53 [32mD:/Develop/Project_pos_mahenz/BE/repository/log_request_repository.go:32
[0m[33m[3.060ms] [34;1m[rows:1][0m INSERT INTO log_requests (id, method, endpoint, status_code, request_body, response_body, user_id, duration_ms, ip_address, error_message, created_at) VALUES ('8121177d-749d-4a79-9a89-ec5db0277777', 'POST', '/api/products/list', 200, '{"page":1,"limit":50,"search":"Import Beras Premium"}', '{"code":"00","status":true,"message":"Daftar produk","data":[{"id":11,"barcode":"8995170829136","sku":"MAK-0004","name":"Import Beras Premium 5kg","category_id":2,"category_name":"Makanan","purchase_price":55000,"selling_price":65000,"stock":15,"reserved_qty":0,"min_stock":3,"unit_id":1,"unit_name":"Pcs","unit_abbreviation":"pcs","is_active":true,"extra_packages":1,"price_tiers_count":0}],"pagination":{"page":1,"per_page":50,"total":1,"total_pages":1}}', 2, 2, '::1', NULL, '2026-07-23 10:13:53.768')

2026/07/23 10:13:53 [32mD:/Develop/Project_pos_mahenz/BE/domain/auth/repo/auth_repo.go:46
[0m[33m[0.867ms] [34;1m[rows:1][0m SELECT id, user_id, user_role, token, device_info, expires_at FROM sessions WHERE token = 'eyJhbGciOiJIUzI1NiIsInR5cCI6IkpXVCJ9.eyJhcHBzIjoiIiwiZXhwIjoxNzg0ODA1MjMzLCJmdWxsX25hbWUiOiJBZG1pbmlzdHJhdG9yIiwicm9sZSI6ImFkbWluIiwidXNlcl9pZCI6MiwidXNlcm5hbWUiOiJhZG1pbiJ9.BMNFIam19XSneZk3NZUW5nAjkyihdunAY9kfm16o4wg' LIMIT 1

2026/07/23 10:13:53 [32mD:/Develop/Project_pos_mahenz/BE/domain/product/repo/product_repo.go:136
[0m[33m[1.188ms] [34;1m[rows:1][0m 
		SELECT p.id, p.barcode, COALESCE(p.sku, '') as sku, p.name, p.category_id, COALESCE(c.name, '') as category_name,
		       p.purchase_price, p.selling_price, p.stock, p.reserved_qty, p.min_stock,
		       COALESCE(p.unit_id, 0) as unit_id, COALESCE(u.name, '') as unit_name, COALESCE(u.abbreviation, '') as unit_abbreviation,
		       p.is_active, p.created_at, p.updated_at,
		       (SELECT COUNT(*) FROM product_packages pp WHERE pp.product_id = p.id AND pp.is_default = 0) AS extra_packages,
		       (SELECT COUNT(*) FROM product_prices pr WHERE pr.product_id = p.id) AS price_tiers_count
		FROM products p
		LEFT JOIN categories c ON p.category_id = c.id
		LEFT JOIN units u ON u.id = p.unit_id
		WHERE p.id = 11 LIMIT 1

2026/07/23 10:13:53 [32mD:/Develop/Project_pos_mahenz/BE/domain/product/repo/product_package_repo.go:23
[0m[33m[0.762ms] [34;1m[rows:2][0m 
		SELECT pp.id, pp.product_id, pp.unit_id, COALESCE(u.name, '') AS unit_name, COALESCE(u.abbreviation, '') AS abbreviation,
		       COALESCE(pp.package_name, '') AS package_name, pp.ref_package_id, pp.qty, pp.ref_qty, pp.purchase_price, pp.selling_price, pp.is_default
		FROM product_packages pp
		JOIN units u ON u.id = pp.unit_id
		WHERE pp.product_id = 11
[GIN] 2026/07/23 - 10:13:53 | 200 |      3.5703ms |             ::1 | POST     "/api/products/11/packages/list"

2026/07/23 10:13:53 [32mD:/Develop/Project_pos_mahenz/BE/repository/log_request_repository.go:32
[0m[33m[2.613ms] [34;1m[rows:1][0m INSERT INTO log_requests (id, method, endpoint, status_code, request_body, response_body, user_id, duration_ms, ip_address, error_message, created_at) VALUES ('549c12c2-265e-4d43-9998-3a50a98d59a6', 'POST', '/api/products/11/packages/list', 200, '{}', '{"code":"00","status":true,"message":"Daftar paket produk","data":[{"id":10,"product_id":11,"unit_id":1,"unit_name":"Pcs","abbreviation":"pcs","package_name":"","ref_package_id":null,"qty":1,"ref_qty":null,"resolved_factor":1,"purchase_price":55000,"selling_price":65000,"is_default":true},{"id":11,"product_id":11,"unit_id":2,"unit_name":"Pack","abbreviation":"pack","package_name":"Karung","ref_package_id":10,"qty":10,"ref_qty":1,"resolved_factor":0.1,"purchase_price":500000,"selling_price":620000,"is_default":false}]}', 2, 3, '::1', NULL, '2026-07-23 10:13:53.954')
[GIN] 2026/07/23 - 10:18:34 | 200 |            0s |             ::1 | GET      "/api/health"

2026/07/23 10:18:34 [32mD:/Develop/Project_pos_mahenz/BE/repository/log_request_repository.go:32
[0m[33m[5.782ms] [34;1m[rows:1][0m INSERT INTO log_requests (id, method, endpoint, status_code, request_body, response_body, user_id, duration_ms, ip_address, error_message, created_at) VALUES ('cab2565d-1822-40f1-b0ab-5b78d8af6763', 'GET', '/api/health', 200, '', '{"code":"00","data":null,"message":"OK","status":true}', NULL, 0, '::1', NULL, '2026-07-23 10:18:34.102')

2026/07/23 10:18:34 [32mD:/Develop/Project_pos_mahenz/BE/domain/auth/repo/auth_repo.go:17
[0m[33m[0.507ms] [34;1m[rows:1][0m SELECT u.id, u.username, u.password, u.full_name, u.role_id, r.name AS role_name, u.is_active FROM users u INNER JOIN roles r ON r.id = u.role_id WHERE u.username = 'admin' LIMIT 1

2026/07/23 10:18:34 [32mD:/Develop/Project_pos_mahenz/BE/domain/auth/repo/auth_repo.go:67
[0m[33m[0.000ms] [34;1m[rows:1][0m DELETE FROM sessions WHERE user_id = 2

2026/07/23 10:18:34 [32mD:/Develop/Project_pos_mahenz/BE/domain/auth/repo/auth_repo.go:38
[0m[33m[0.000ms] [34;1m[rows:1][0m INSERT INTO sessions (user_id, user_role, token, refresh_token, device_info, ip_address, expires_at) VALUES (2, 'admin', 'eyJhbGciOiJIUzI1NiIsInR5cCI6IkpXVCJ9.eyJhcHBzIjoiIiwiZXhwIjoxNzg0ODA1NTE0LCJmdWxsX25hbWUiOiJBZG1pbmlzdHJhdG9yIiwicm9sZSI6ImFkbWluIiwidXNlcl9pZCI6MiwidXNlcm5hbWUiOiJhZG1pbiJ9.4gykEaIpe1rPNPfCY6rrf3cC2mbiawpM2wXs2n_z0zg', 'c99a67abc78bcc497dc11d9034a9bafa8615f38ff482709928365b6323182cea', '', '::1', '2026-07-30 10:18:34.472') ON DUPLICATE KEY UPDATE user_role=VALUES(user_role), token=VALUES(token), refresh_token=VALUES(refresh_token), device_info=VALUES(device_info), ip_address=VALUES(ip_address), expires_at=VALUES(expires_at), created_at=NOW()
[GIN] 2026/07/23 - 10:18:34 | 200 |     95.7419ms |             ::1 | POST     "/api/auth/login"

2026/07/23 10:18:34 [32mD:/Develop/Project_pos_mahenz/BE/repository/log_request_repository.go:32
[0m[33m[0.000ms] [34;1m[rows:1][0m INSERT INTO log_requests (id, method, endpoint, status_code, request_body, response_body, user_id, duration_ms, ip_address, error_message, created_at) VALUES ('cba71d21-d654-4468-a0fc-ee7d4388af56', 'POST', '/api/auth/login', 200, '{"username":"admin","password":"admin123"}', '{"code":"00","status":true,"message":"Login berhasil","data":{"token":"eyJhbGciOiJIUzI1NiIsInR5cCI6IkpXVCJ9.eyJhcHBzIjoiIiwiZXhwIjoxNzg0ODA1NTE0LCJmdWxsX25hbWUiOiJBZG1pbmlzdHJhdG9yIiwicm9sZSI6ImFkbWluIiwidXNlcl9pZCI6MiwidXNlcm5hbWUiOiJhZG1pbiJ9.4gykEaIpe1rPNPfCY6rrf3cC2mbiawpM2wXs2n_z0zg","refresh_token":"c99a67abc78bcc497dc11d9034a9bafa8615f38ff482709928365b6323182cea","expires_at":"2026-07-30T10:18:34.4723376+07:00","user":{"id":2,"username":"admin","full_name":"Administrator","role_id":2,"role_name":"admin"}}}', NULL, 95, '::1', NULL, '2026-07-23 10:18:34.472')

2026/07/23 10:18:34 [32mD:/Develop/Project_pos_mahenz/BE/domain/auth/repo/auth_repo.go:46
[0m[33m[0.506ms] [34;1m[rows:1][0m SELECT id, user_id, user_role, token, device_info, expires_at FROM sessions WHERE token = 'eyJhbGciOiJIUzI1NiIsInR5cCI6IkpXVCJ9.eyJhcHBzIjoiIiwiZXhwIjoxNzg0ODA1NTE0LCJmdWxsX25hbWUiOiJBZG1pbmlzdHJhdG9yIiwicm9sZSI6ImFkbWluIiwidXNlcl9pZCI6MiwidXNlcm5hbWUiOiJhZG1pbiJ9.4gykEaIpe1rPNPfCY6rrf3cC2mbiawpM2wXs2n_z0zg' LIMIT 1

2026/07/23 10:18:34 [32mD:/Develop/Project_pos_mahenz/BE/domain/product_unit/repo/unit_repo.go:123
[0m[33m[0.519ms] [34;1m[rows:0][0m SELECT id FROM units WHERE name = 'Slop' AND id != 0 LIMIT 1

2026/07/23 10:18:34 [32mD:/Develop/Project_pos_mahenz/BE/domain/product_unit/repo/unit_repo.go:132
[0m[33m[0.663ms] [34;1m[rows:0][0m SELECT id FROM units WHERE abbreviation = 'slop' AND id != 0 LIMIT 1

2026/07/23 10:18:34 [32mD:/Develop/Project_pos_mahenz/BE/domain/product_unit/repo/unit_repo.go:92
[0m[33m[1.345ms] [34;1m[rows:1][0m INSERT INTO units (name, abbreviation) VALUES ('Slop', 'slop')

2026/07/23 10:18:34 [32mD:/Develop/Project_pos_mahenz/BE/domain/product_unit/repo/unit_repo.go:98
[0m[33m[0.000ms] [34;1m[rows:1][0m SELECT LAST_INSERT_ID()

2026/07/23 10:18:34 [32mD:/Develop/Project_pos_mahenz/BE/domain/product_unit/repo/unit_repo.go:81
[0m[33m[0.506ms] [34;1m[rows:1][0m SELECT id, name, abbreviation, is_active, created_at FROM units WHERE id = 3 LIMIT 1
[GIN] 2026/07/23 - 10:18:34 | 201 |      4.1006ms |             ::1 | POST     "/api/units/create"

2026/07/23 10:18:34 [32mD:/Develop/Project_pos_mahenz/BE/repository/log_request_repository.go:32
[0m[33m[2.284ms] [34;1m[rows:1][0m INSERT INTO log_requests (id, method, endpoint, status_code, request_body, response_body, user_id, duration_ms, ip_address, error_message, created_at) VALUES ('71971640-c498-42bf-8d2c-b8a3f3a42f24', 'POST', '/api/units/create', 201, '{"name":"Slop","abbreviation":"slop"}', '{"code":"00","status":true,"message":"Satuan berhasil dibuat","data":{"id":3,"name":"Slop","abbreviation":"slop","is_active":true,"created_at":"2026-07-23T10:18:34+07:00"}}', 2, 4, '::1', NULL, '2026-07-23 10:18:34.65')

2026/07/23 10:18:34 [32mD:/Develop/Project_pos_mahenz/BE/domain/auth/repo/auth_repo.go:46
[0m[33m[0.504ms] [34;1m[rows:1][0m SELECT id, user_id, user_role, token, device_info, expires_at FROM sessions WHERE token = 'eyJhbGciOiJIUzI1NiIsInR5cCI6IkpXVCJ9.eyJhcHBzIjoiIiwiZXhwIjoxNzg0ODA1NTE0LCJmdWxsX25hbWUiOiJBZG1pbmlzdHJhdG9yIiwicm9sZSI6ImFkbWluIiwidXNlcl9pZCI6MiwidXNlcm5hbWUiOiJhZG1pbiJ9.4gykEaIpe1rPNPfCY6rrf3cC2mbiawpM2wXs2n_z0zg' LIMIT 1

2026/07/23 10:18:34 [32mD:/Develop/Project_pos_mahenz/BE/domain/product_unit/repo/unit_repo.go:123
[0m[33m[0.000ms] [34;1m[rows:0][0m SELECT id FROM units WHERE name = 'Batang' AND id != 0 LIMIT 1

2026/07/23 10:18:34 [32mD:/Develop/Project_pos_mahenz/BE/domain/product_unit/repo/unit_repo.go:132
[0m[33m[0.000ms] [34;1m[rows:0][0m SELECT id FROM units WHERE abbreviation = 'btg' AND id != 0 LIMIT 1

2026/07/23 10:18:34 [32mD:/Develop/Project_pos_mahenz/BE/domain/product_unit/repo/unit_repo.go:92
[0m[33m[2.723ms] [34;1m[rows:1][0m INSERT INTO units (name, abbreviation) VALUES ('Batang', 'btg')

2026/07/23 10:18:34 [32mD:/Develop/Project_pos_mahenz/BE/domain/product_unit/repo/unit_repo.go:98
[0m[33m[0.000ms] [34;1m[rows:1][0m SELECT LAST_INSERT_ID()

2026/07/23 10:18:34 [32mD:/Develop/Project_pos_mahenz/BE/domain/product_unit/repo/unit_repo.go:81
[0m[33m[0.504ms] [34;1m[rows:1][0m SELECT id, name, abbreviation, is_active, created_at FROM units WHERE id = 4 LIMIT 1
[GIN] 2026/07/23 - 10:18:34 | 201 |      4.9665ms |             ::1 | POST     "/api/units/create"

2026/07/23 10:18:34 [32mD:/Develop/Project_pos_mahenz/BE/repository/log_request_repository.go:32
[0m[33m[2.685ms] [34;1m[rows:1][0m INSERT INTO log_requests (id, method, endpoint, status_code, request_body, response_body, user_id, duration_ms, ip_address, error_message, created_at) VALUES ('c4f2f5e3-db2d-4f8d-ae4f-058bcc5daee0', 'POST', '/api/units/create', 201, '{"name":"Batang","abbreviation":"btg"}', '{"code":"00","status":true,"message":"Satuan berhasil dibuat","data":{"id":4,"name":"Batang","abbreviation":"btg","is_active":true,"created_at":"2026-07-23T10:18:34+07:00"}}', 2, 4, '::1', NULL, '2026-07-23 10:18:34.751')

2026/07/23 10:19:00 [32mD:/Develop/Project_pos_mahenz/BE/domain/auth/repo/auth_repo.go:17
[0m[33m[1.328ms] [34;1m[rows:1][0m SELECT u.id, u.username, u.password, u.full_name, u.role_id, r.name AS role_name, u.is_active FROM users u INNER JOIN roles r ON r.id = u.role_id WHERE u.username = 'admin' LIMIT 1

2026/07/23 10:19:00 [32mD:/Develop/Project_pos_mahenz/BE/domain/auth/repo/auth_repo.go:67
[0m[33m[0.000ms] [34;1m[rows:1][0m DELETE FROM sessions WHERE user_id = 2

2026/07/23 10:19:00 [32mD:/Develop/Project_pos_mahenz/BE/domain/auth/repo/auth_repo.go:38
[0m[33m[1.444ms] [34;1m[rows:1][0m INSERT INTO sessions (user_id, user_role, token, refresh_token, device_info, ip_address, expires_at) VALUES (2, 'admin', 'eyJhbGciOiJIUzI1NiIsInR5cCI6IkpXVCJ9.eyJhcHBzIjoiIiwiZXhwIjoxNzg0ODA1NTQwLCJmdWxsX25hbWUiOiJBZG1pbmlzdHJhdG9yIiwicm9sZSI6ImFkbWluIiwidXNlcl9pZCI6MiwidXNlcm5hbWUiOiJhZG1pbiJ9.dlxEuUn9ZNMw-T3JUrfQW7-78H1r_gLalBaoMuSmWHA', '1ff025be5b084e6595d47d666db6b89b32fedb9e072c60765ba9d05be77b8c2c', '', '::1', '2026-07-30 10:19:00.844') ON DUPLICATE KEY UPDATE user_role=VALUES(user_role), token=VALUES(token), refresh_token=VALUES(refresh_token), device_info=VALUES(device_info), ip_address=VALUES(ip_address), expires_at=VALUES(expires_at), created_at=NOW()
[GIN] 2026/07/23 - 10:19:00 | 200 |     70.0465ms |             ::1 | POST     "/api/auth/login"

2026/07/23 10:19:00 [32mD:/Develop/Project_pos_mahenz/BE/repository/log_request_repository.go:32
[0m[33m[0.000ms] [34;1m[rows:1][0m INSERT INTO log_requests (id, method, endpoint, status_code, request_body, response_body, user_id, duration_ms, ip_address, error_message, created_at) VALUES ('2525fecf-7321-42f9-bc25-b4b9dd1ea40f', 'POST', '/api/auth/login', 200, '{"username":"admin","password":"admin123"}', '{"code":"00","status":true,"message":"Login berhasil","data":{"token":"eyJhbGciOiJIUzI1NiIsInR5cCI6IkpXVCJ9.eyJhcHBzIjoiIiwiZXhwIjoxNzg0ODA1NTQwLCJmdWxsX25hbWUiOiJBZG1pbmlzdHJhdG9yIiwicm9sZSI6ImFkbWluIiwidXNlcl9pZCI6MiwidXNlcm5hbWUiOiJhZG1pbiJ9.dlxEuUn9ZNMw-T3JUrfQW7-78H1r_gLalBaoMuSmWHA","refresh_token":"1ff025be5b084e6595d47d666db6b89b32fedb9e072c60765ba9d05be77b8c2c","expires_at":"2026-07-30T10:19:00.8441418+07:00","user":{"id":2,"username":"admin","full_name":"Administrator","role_id":2,"role_name":"admin"}}}', NULL, 70, '::1', NULL, '2026-07-23 10:19:00.849')

2026/07/23 10:19:01 [32mD:/Develop/Project_pos_mahenz/BE/domain/auth/repo/auth_repo.go:46
[0m[33m[0.566ms] [34;1m[rows:1][0m SELECT id, user_id, user_role, token, device_info, expires_at FROM sessions WHERE token = 'eyJhbGciOiJIUzI1NiIsInR5cCI6IkpXVCJ9.eyJhcHBzIjoiIiwiZXhwIjoxNzg0ODA1NTQwLCJmdWxsX25hbWUiOiJBZG1pbmlzdHJhdG9yIiwicm9sZSI6ImFkbWluIiwidXNlcl9pZCI6MiwidXNlcm5hbWUiOiJhZG1pbiJ9.dlxEuUn9ZNMw-T3JUrfQW7-78H1r_gLalBaoMuSmWHA' LIMIT 1

2026/07/23 10:19:01 [32mD:/Develop/Project_pos_mahenz/BE/domain/product_unit/repo/unit_repo.go:41
[0m[33m[2.263ms] [34;1m[rows:1][0m SELECT COUNT(*) FROM units WHERE 1=1

2026/07/23 10:19:01 [32mD:/Develop/Project_pos_mahenz/BE/domain/product_unit/repo/unit_repo.go:64
[0m[33m[1.054ms] [34;1m[rows:4][0m SELECT id, name, abbreviation, is_active, created_at FROM units WHERE 1=1 ORDER BY name ASC LIMIT 50 OFFSET 0
[GIN] 2026/07/23 - 10:19:01 | 200 |      4.6911ms |             ::1 | POST     "/api/units/list"

2026/07/23 10:19:01 [32mD:/Develop/Project_pos_mahenz/BE/repository/log_request_repository.go:32
[0m[33m[2.860ms] [34;1m[rows:1][0m INSERT INTO log_requests (id, method, endpoint, status_code, request_body, response_body, user_id, duration_ms, ip_address, error_message, created_at) VALUES ('78529e09-ea73-409e-bdba-f3d0238ac81f', 'POST', '/api/units/list', 200, '{"page":1,"limit":50}', '{"code":"00","status":true,"message":"Daftar satuan","data":[{"id":4,"name":"Batang","abbreviation":"btg","is_active":true,"created_at":"2026-07-23T10:18:34+07:00"},{"id":2,"name":"Pack","abbreviation":"pack","is_active":true,"created_at":"2026-07-23T10:12:52+07:00"},{"id":1,"name":"Pcs","abbreviation":"pcs","is_active":true,"created_at":"2026-07-23T08:37:19+07:00"},{"id":3,"name":"Slop","abbreviation":"slop","is_active":true,"created_at":"2026-07-23T10:18:34+07:00"}],"pagination":{"page":1,"per_page":50,"total":4,"total_pages":1}}', 2, 4, '::1', NULL, '2026-07-23 10:19:01.006')

2026/07/23 10:23:25 [32mD:/Develop/Project_pos_mahenz/BE/domain/auth/repo/auth_repo.go:17
[0m[33m[1.568ms] [34;1m[rows:1][0m SELECT u.id, u.username, u.password, u.full_name, u.role_id, r.name AS role_name, u.is_active FROM users u INNER JOIN roles r ON r.id = u.role_id WHERE u.username = 'admin' LIMIT 1

2026/07/23 10:23:26 [32mD:/Develop/Project_pos_mahenz/BE/domain/auth/repo/auth_repo.go:67
[0m[33m[10.554ms] [34;1m[rows:1][0m DELETE FROM sessions WHERE user_id = 2

2026/07/23 10:23:26 [32mD:/Develop/Project_pos_mahenz/BE/domain/auth/repo/auth_repo.go:38
[0m[33m[2.357ms] [34;1m[rows:1][0m INSERT INTO sessions (user_id, user_role, token, refresh_token, device_info, ip_address, expires_at) VALUES (2, 'admin', 'eyJhbGciOiJIUzI1NiIsInR5cCI6IkpXVCJ9.eyJhcHBzIjoiIiwiZXhwIjoxNzg0ODA1ODA2LCJmdWxsX25hbWUiOiJBZG1pbmlzdHJhdG9yIiwicm9sZSI6ImFkbWluIiwidXNlcl9pZCI6MiwidXNlcm5hbWUiOiJhZG1pbiJ9.qgMW54_bGx0V8t_GLFTfzdVrSs3cYIh3g9qxxDQuADE', '6149f1cfccbb5ece27dd755c879159369441d7a0d70f737e87b3025d278333cc', '', '::1', '2026-07-30 10:23:26.263') ON DUPLICATE KEY UPDATE user_role=VALUES(user_role), token=VALUES(token), refresh_token=VALUES(refresh_token), device_info=VALUES(device_info), ip_address=VALUES(ip_address), expires_at=VALUES(expires_at), created_at=NOW()
[GIN] 2026/07/23 - 10:23:26 | 200 |    288.4711ms |             ::1 | POST     "/api/auth/login"

2026/07/23 10:23:26 [32mD:/Develop/Project_pos_mahenz/BE/repository/log_request_repository.go:32
[0m[33m[1.900ms] [34;1m[rows:1][0m INSERT INTO log_requests (id, method, endpoint, status_code, request_body, response_body, user_id, duration_ms, ip_address, error_message, created_at) VALUES ('a0b6f51f-dd1e-44e3-81c5-c45241666d79', 'POST', '/api/auth/login', 200, '{"username":"admin","password":"admin123"}', '{"code":"00","status":true,"message":"Login berhasil","data":{"token":"eyJhbGciOiJIUzI1NiIsInR5cCI6IkpXVCJ9.eyJhcHBzIjoiIiwiZXhwIjoxNzg0ODA1ODA2LCJmdWxsX25hbWUiOiJBZG1pbmlzdHJhdG9yIiwicm9sZSI6ImFkbWluIiwidXNlcl9pZCI6MiwidXNlcm5hbWUiOiJhZG1pbiJ9.qgMW54_bGx0V8t_GLFTfzdVrSs3cYIh3g9qxxDQuADE","refresh_token":"6149f1cfccbb5ece27dd755c879159369441d7a0d70f737e87b3025d278333cc","expires_at":"2026-07-30T10:23:26.2632557+07:00","user":{"id":2,"username":"admin","full_name":"Administrator","role_id":2,"role_name":"admin"}}}', NULL, 288, '::1', NULL, '2026-07-23 10:23:26.276')

2026/07/23 10:23:26 [32mD:/Develop/Project_pos_mahenz/BE/domain/auth/repo/auth_repo.go:46
[0m[33m[0.508ms] [34;1m[rows:1][0m SELECT id, user_id, user_role, token, device_info, expires_at FROM sessions WHERE token = 'eyJhbGciOiJIUzI1NiIsInR5cCI6IkpXVCJ9.eyJhcHBzIjoiIiwiZXhwIjoxNzg0ODA1ODA2LCJmdWxsX25hbWUiOiJBZG1pbmlzdHJhdG9yIiwicm9sZSI6ImFkbWluIiwidXNlcl9pZCI6MiwidXNlcm5hbWUiOiJhZG1pbiJ9.qgMW54_bGx0V8t_GLFTfzdVrSs3cYIh3g9qxxDQuADE' LIMIT 1

2026/07/23 10:23:26 [32mD:/Develop/Project_pos_mahenz/BE/domain/product/repo/product_repo.go:136
[0m[33m[2.262ms] [34;1m[rows:1][0m 
		SELECT p.id, p.barcode, COALESCE(p.sku, '') as sku, p.name, p.category_id, COALESCE(c.name, '') as category_name,
		       p.purchase_price, p.selling_price, p.stock, p.reserved_qty, p.min_stock,
		       COALESCE(p.unit_id, 0) as unit_id, COALESCE(u.name, '') as unit_name, COALESCE(u.abbreviation, '') as unit_abbreviation,
		       p.is_active, p.created_at, p.updated_at,
		       (SELECT COUNT(*) FROM product_packages pp WHERE pp.product_id = p.id AND pp.is_default = 0) AS extra_packages,
		       (SELECT COUNT(*) FROM product_prices pr WHERE pr.product_id = p.id) AS price_tiers_count
		FROM products p
		LEFT JOIN categories c ON p.category_id = c.id
		LEFT JOIN units u ON u.id = p.unit_id
		WHERE p.id = 1 LIMIT 1

2026/07/23 10:23:26 [32mD:/Develop/Project_pos_mahenz/BE/domain/product/repo/product_package_repo.go:23
[0m[33m[0.530ms] [34;1m[rows:1][0m 
		SELECT pp.id, pp.product_id, pp.unit_id, COALESCE(u.name, '') AS unit_name, COALESCE(u.abbreviation, '') AS abbreviation,
		       COALESCE(pp.package_name, '') AS package_name, pp.ref_package_id, pp.qty, pp.ref_qty, pp.purchase_price, pp.selling_price, pp.is_default
		FROM product_packages pp
		JOIN units u ON u.id = pp.unit_id
		WHERE pp.product_id = 1
[GIN] 2026/07/23 - 10:23:26 | 200 |      4.4427ms |             ::1 | POST     "/api/products/1/packages/list"

2026/07/23 10:23:26 [32mD:/Develop/Project_pos_mahenz/BE/repository/log_request_repository.go:32
[0m[33m[2.634ms] [34;1m[rows:1][0m INSERT INTO log_requests (id, method, endpoint, status_code, request_body, response_body, user_id, duration_ms, ip_address, error_message, created_at) VALUES ('3ac77b34-71c7-4681-8456-583a7c1a4125', 'POST', '/api/products/1/packages/list', 200, '{}', '{"code":"00","status":true,"message":"Daftar paket produk","data":[{"id":1,"product_id":1,"unit_id":1,"unit_name":"Pcs","abbreviation":"pcs","package_name":"","ref_package_id":null,"qty":1,"ref_qty":null,"resolved_factor":1,"purchase_price":3500,"selling_price":5800,"is_default":true}]}', 2, 3, '::1', NULL, '2026-07-23 10:23:26.43')

2026/07/23 10:24:17 [32mD:/Develop/Project_pos_mahenz/BE/domain/auth/repo/auth_repo.go:17
[0m[33m[2.682ms] [34;1m[rows:1][0m SELECT u.id, u.username, u.password, u.full_name, u.role_id, r.name AS role_name, u.is_active FROM users u INNER JOIN roles r ON r.id = u.role_id WHERE u.username = 'admin' LIMIT 1

2026/07/23 10:24:17 [32mD:/Develop/Project_pos_mahenz/BE/domain/auth/repo/auth_repo.go:67
[0m[33m[8.993ms] [34;1m[rows:1][0m DELETE FROM sessions WHERE user_id = 2

2026/07/23 10:24:17 [32mD:/Develop/Project_pos_mahenz/BE/domain/auth/repo/auth_repo.go:38
[0m[33m[3.225ms] [34;1m[rows:1][0m INSERT INTO sessions (user_id, user_role, token, refresh_token, device_info, ip_address, expires_at) VALUES (2, 'admin', 'eyJhbGciOiJIUzI1NiIsInR5cCI6IkpXVCJ9.eyJhcHBzIjoiIiwiZXhwIjoxNzg0ODA1ODU3LCJmdWxsX25hbWUiOiJBZG1pbmlzdHJhdG9yIiwicm9sZSI6ImFkbWluIiwidXNlcl9pZCI6MiwidXNlcm5hbWUiOiJhZG1pbiJ9.OZoZ-t0B6u9Jr8bqkFtrHk17A41_sjFujJgbFfHhGr8', 'db5f75f8aac1d2ba7c63f7e72e3d0066d95af290cd065070be9a85b1ca7d6569', '', '::1', '2026-07-30 10:24:17.928') ON DUPLICATE KEY UPDATE user_role=VALUES(user_role), token=VALUES(token), refresh_token=VALUES(refresh_token), device_info=VALUES(device_info), ip_address=VALUES(ip_address), expires_at=VALUES(expires_at), created_at=NOW()
[GIN] 2026/07/23 - 10:24:17 | 200 |    277.9787ms |             ::1 | POST     "/api/auth/login"

2026/07/23 10:24:17 [32mD:/Develop/Project_pos_mahenz/BE/repository/log_request_repository.go:32
[0m[33m[2.351ms] [34;1m[rows:1][0m INSERT INTO log_requests (id, method, endpoint, status_code, request_body, response_body, user_id, duration_ms, ip_address, error_message, created_at) VALUES ('c9e39f7b-6e38-4fef-b908-03e072907ba2', 'POST', '/api/auth/login', 200, '{"username":"admin","password":"admin123"}', '{"code":"00","status":true,"message":"Login berhasil","data":{"token":"eyJhbGciOiJIUzI1NiIsInR5cCI6IkpXVCJ9.eyJhcHBzIjoiIiwiZXhwIjoxNzg0ODA1ODU3LCJmdWxsX25hbWUiOiJBZG1pbmlzdHJhdG9yIiwicm9sZSI6ImFkbWluIiwidXNlcl9pZCI6MiwidXNlcm5hbWUiOiJhZG1pbiJ9.OZoZ-t0B6u9Jr8bqkFtrHk17A41_sjFujJgbFfHhGr8","refresh_token":"db5f75f8aac1d2ba7c63f7e72e3d0066d95af290cd065070be9a85b1ca7d6569","expires_at":"2026-07-30T10:24:17.9287283+07:00","user":{"id":2,"username":"admin","full_name":"Administrator","role_id":2,"role_name":"admin"}}}', NULL, 277, '::1', NULL, '2026-07-23 10:24:17.94')

2026/07/23 10:24:18 [32mD:/Develop/Project_pos_mahenz/BE/domain/auth/repo/auth_repo.go:46
[0m[33m[0.507ms] [34;1m[rows:1][0m SELECT id, user_id, user_role, token, device_info, expires_at FROM sessions WHERE token = 'eyJhbGciOiJIUzI1NiIsInR5cCI6IkpXVCJ9.eyJhcHBzIjoiIiwiZXhwIjoxNzg0ODA1ODU3LCJmdWxsX25hbWUiOiJBZG1pbmlzdHJhdG9yIiwicm9sZSI6ImFkbWluIiwidXNlcl9pZCI6MiwidXNlcm5hbWUiOiJhZG1pbiJ9.OZoZ-t0B6u9Jr8bqkFtrHk17A41_sjFujJgbFfHhGr8' LIMIT 1

2026/07/23 10:24:18 [32mD:/Develop/Project_pos_mahenz/BE/domain/access/repo/access_repo.go:55
[0m[33m[0.531ms] [34;1m[rows:37][0m 
SELECT
    m.key_name,
    COALESCE(rma.can_view,   0) AS can_view,
    COALESCE(rma.can_create, 0) AS can_create,
    COALESCE(rma.can_edit,   0) AS can_edit,
    COALESCE(rma.can_delete, 0) AS can_delete
FROM menus m
LEFT JOIN role_menu_access rma ON rma.menu_id = m.id
    AND rma.role_id = (SELECT id FROM roles WHERE name = 'admin' AND is_active = 1 LIMIT 1)
WHERE m.is_active = 1
ORDER BY m.id ASC

2026/07/23 10:24:18 [32mD:/Develop/Project_pos_mahenz/BE/domain/cash_drawer/repo/cash_drawer_repo.go:149
[0m[33m[1.108ms] [34;1m[rows:0][0m SELECT cd.id, cd.user_id, cd.shift_id, cd.open_time, cd.opening_balance, cd.total_sales, cd.total_cash_sales, cd.total_expenses, (cd.opening_balance + COALESCE((SELECT SUM(total_amount) FROM transactions WHERE user_id = cd.user_id AND payment_method = 'cash' AND status = 'completed' AND transaction_date >= cd.open_time), 0) - COALESCE((SELECT SUM(amount) FROM expenses WHERE user_id = cd.user_id AND created_at >= cd.open_time), 0)) as expected_balance, cd.status FROM cash_drawer cd WHERE cd.user_id = 2 AND cd.status = 'open' LIMIT 1

2026/07/23 10:24:18 [32mD:/Develop/Project_pos_mahenz/BE/domain/product/repo/product_repo.go:136
[0m[33m[0.506ms] [34;1m[rows:1][0m 
		SELECT p.id, p.barcode, COALESCE(p.sku, '') as sku, p.name, p.category_id, COALESCE(c.name, '') as category_name,
		       p.purchase_price, p.selling_price, p.stock, p.reserved_qty, p.min_stock,
		       COALESCE(p.unit_id, 0) as unit_id, COALESCE(u.name, '') as unit_name, COALESCE(u.abbreviation, '') as unit_abbreviation,
		       p.is_active, p.created_at, p.updated_at,
		       (SELECT COUNT(*) FROM product_packages pp WHERE pp.product_id = p.id AND pp.is_default = 0) AS extra_packages,
		       (SELECT COUNT(*) FROM product_prices pr WHERE pr.product_id = p.id) AS price_tiers_count
		FROM products p
		LEFT JOIN categories c ON p.category_id = c.id
		LEFT JOIN units u ON u.id = p.unit_id
		WHERE p.id = 1 LIMIT 1

2026/07/23 10:24:18 [32mD:/Develop/Project_pos_mahenz/BE/domain/product/repo/product_package_repo.go:23
[0m[33m[0.763ms] [34;1m[rows:1][0m 
		SELECT pp.id, pp.product_id, pp.unit_id, COALESCE(u.name, '') AS unit_name, COALESCE(u.abbreviation, '') AS abbreviation,
		       COALESCE(pp.package_name, '') AS package_name, pp.ref_package_id, pp.qty, pp.ref_qty, pp.purchase_price, pp.selling_price, pp.is_default
		FROM product_packages pp
		JOIN units u ON u.id = pp.unit_id
		WHERE pp.product_id = 1
[GIN] 2026/07/23 - 10:24:18 | 400 |      3.9311ms |             ::1 | POST     "/api/transactions/create"
Error #01: Jumlah pembayaran kurang dari total transaksi

2026/07/23 10:24:18 [32mD:/Develop/Project_pos_mahenz/BE/repository/log_request_repository.go:32
[0m[33m[2.445ms] [34;1m[rows:1][0m INSERT INTO log_requests (id, method, endpoint, status_code, request_body, response_body, user_id, duration_ms, ip_address, error_message, created_at) VALUES ('d4de38df-1eaa-4be7-a893-e72a4f884d84', 'POST', '/api/transactions/create', 400, '{
  "subtotal": 2,
  "discount": 0,
  "tax": 0,
  "total_amount": 2,
  "payment_method": "cash",
  "payment_amount": 2,
  "device_source": "web",
  "items": [
    {"product_id": 1, "product_name": "Teh Botol Sosro 350ml (Edited)", "quantity": 2, "unit": "Pcs", "price": 1, "subtotal": 2, "discount_item": 0, "unit_id": 1}
  ]
}', '{"code":"40","status":false,"message":"Jumlah pembayaran kurang dari total transaksi","data":null}', 2, 3, '::1', 'Jumlah pembayaran kurang dari total transaksi', '2026-07-23 10:24:18.093')

2026/07/23 10:24:53 [32mD:/Develop/Project_pos_mahenz/BE/domain/auth/repo/auth_repo.go:17
[0m[33m[3.327ms] [34;1m[rows:1][0m SELECT u.id, u.username, u.password, u.full_name, u.role_id, r.name AS role_name, u.is_active FROM users u INNER JOIN roles r ON r.id = u.role_id WHERE u.username = 'admin' LIMIT 1

2026/07/23 10:24:53 [32mD:/Develop/Project_pos_mahenz/BE/domain/auth/repo/auth_repo.go:67
[0m[33m[2.710ms] [34;1m[rows:1][0m DELETE FROM sessions WHERE user_id = 2

2026/07/23 10:24:53 [32mD:/Develop/Project_pos_mahenz/BE/domain/auth/repo/auth_repo.go:38
[0m[33m[2.727ms] [34;1m[rows:1][0m INSERT INTO sessions (user_id, user_role, token, refresh_token, device_info, ip_address, expires_at) VALUES (2, 'admin', 'eyJhbGciOiJIUzI1NiIsInR5cCI6IkpXVCJ9.eyJhcHBzIjoiIiwiZXhwIjoxNzg0ODA1ODkzLCJmdWxsX25hbWUiOiJBZG1pbmlzdHJhdG9yIiwicm9sZSI6ImFkbWluIiwidXNlcl9pZCI6MiwidXNlcm5hbWUiOiJhZG1pbiJ9.AFl_6xp05RLrcSELPofWlK-LJLKbm4ukLEykmFqjfFc', '9458ee4cc62c9321c6b8efdd7944f4425297bf4a562d254b7ef72da8c5311203', '', '::1', '2026-07-30 10:24:53.636') ON DUPLICATE KEY UPDATE user_role=VALUES(user_role), token=VALUES(token), refresh_token=VALUES(refresh_token), device_info=VALUES(device_info), ip_address=VALUES(ip_address), expires_at=VALUES(expires_at), created_at=NOW()
[GIN] 2026/07/23 - 10:24:53 | 200 |    133.5028ms |             ::1 | POST     "/api/auth/login"

2026/07/23 10:24:53 [32mD:/Develop/Project_pos_mahenz/BE/repository/log_request_repository.go:32
[0m[33m[2.236ms] [34;1m[rows:1][0m INSERT INTO log_requests (id, method, endpoint, status_code, request_body, response_body, user_id, duration_ms, ip_address, error_message, created_at) VALUES ('23f31d04-000b-4453-a727-e9625f2acb83', 'POST', '/api/auth/login', 200, '{"username":"admin","password":"admin123"}', '{"code":"00","status":true,"message":"Login berhasil","data":{"token":"eyJhbGciOiJIUzI1NiIsInR5cCI6IkpXVCJ9.eyJhcHBzIjoiIiwiZXhwIjoxNzg0ODA1ODkzLCJmdWxsX25hbWUiOiJBZG1pbmlzdHJhdG9yIiwicm9sZSI6ImFkbWluIiwidXNlcl9pZCI6MiwidXNlcm5hbWUiOiJhZG1pbiJ9.AFl_6xp05RLrcSELPofWlK-LJLKbm4ukLEykmFqjfFc","refresh_token":"9458ee4cc62c9321c6b8efdd7944f4425297bf4a562d254b7ef72da8c5311203","expires_at":"2026-07-30T10:24:53.6361905+07:00","user":{"id":2,"username":"admin","full_name":"Administrator","role_id":2,"role_name":"admin"}}}', NULL, 133, '::1', NULL, '2026-07-23 10:24:53.642')

2026/07/23 10:24:53 [32mD:/Develop/Project_pos_mahenz/BE/domain/auth/repo/auth_repo.go:46
[0m[33m[0.619ms] [34;1m[rows:1][0m SELECT id, user_id, user_role, token, device_info, expires_at FROM sessions WHERE token = 'eyJhbGciOiJIUzI1NiIsInR5cCI6IkpXVCJ9.eyJhcHBzIjoiIiwiZXhwIjoxNzg0ODA1ODkzLCJmdWxsX25hbWUiOiJBZG1pbmlzdHJhdG9yIiwicm9sZSI6ImFkbWluIiwidXNlcl9pZCI6MiwidXNlcm5hbWUiOiJhZG1pbiJ9.AFl_6xp05RLrcSELPofWlK-LJLKbm4ukLEykmFqjfFc' LIMIT 1

2026/07/23 10:24:53 [32mD:/Develop/Project_pos_mahenz/BE/domain/cash_drawer/repo/cash_drawer_repo.go:149
[0m[33m[0.692ms] [34;1m[rows:0][0m SELECT cd.id, cd.user_id, cd.shift_id, cd.open_time, cd.opening_balance, cd.total_sales, cd.total_cash_sales, cd.total_expenses, (cd.opening_balance + COALESCE((SELECT SUM(total_amount) FROM transactions WHERE user_id = cd.user_id AND payment_method = 'cash' AND status = 'completed' AND transaction_date >= cd.open_time), 0) - COALESCE((SELECT SUM(amount) FROM expenses WHERE user_id = cd.user_id AND created_at >= cd.open_time), 0)) as expected_balance, cd.status FROM cash_drawer cd WHERE cd.user_id = 2 AND cd.status = 'open' LIMIT 1

2026/07/23 10:24:53 [32mD:/Develop/Project_pos_mahenz/BE/domain/product/repo/product_repo.go:136
[0m[33m[0.616ms] [34;1m[rows:1][0m 
		SELECT p.id, p.barcode, COALESCE(p.sku, '') as sku, p.name, p.category_id, COALESCE(c.name, '') as category_name,
		       p.purchase_price, p.selling_price, p.stock, p.reserved_qty, p.min_stock,
		       COALESCE(p.unit_id, 0) as unit_id, COALESCE(u.name, '') as unit_name, COALESCE(u.abbreviation, '') as unit_abbreviation,
		       p.is_active, p.created_at, p.updated_at,
		       (SELECT COUNT(*) FROM product_packages pp WHERE pp.product_id = p.id AND pp.is_default = 0) AS extra_packages,
		       (SELECT COUNT(*) FROM product_prices pr WHERE pr.product_id = p.id) AS price_tiers_count
		FROM products p
		LEFT JOIN categories c ON p.category_id = c.id
		LEFT JOIN units u ON u.id = p.unit_id
		WHERE p.id = 1 LIMIT 1

2026/07/23 10:24:53 [32mD:/Develop/Project_pos_mahenz/BE/domain/product/repo/product_package_repo.go:23
[0m[33m[0.805ms] [34;1m[rows:1][0m 
		SELECT pp.id, pp.product_id, pp.unit_id, COALESCE(u.name, '') AS unit_name, COALESCE(u.abbreviation, '') AS abbreviation,
		       COALESCE(pp.package_name, '') AS package_name, pp.ref_package_id, pp.qty, pp.ref_qty, pp.purchase_price, pp.selling_price, pp.is_default
		FROM product_packages pp
		JOIN units u ON u.id = pp.unit_id
		WHERE pp.product_id = 1

2026/07/23 10:24:53 [32mD:/Develop/Project_pos_mahenz/BE/domain/transaction/repo/transaction_repo.go:190
[0m[33m[0.000ms] [34;1m[rows:1][0m SELECT COUNT(*) FROM transactions WHERE DATE(transaction_date) = CURDATE() AND device_source = 'web'

2026/07/23 10:24:53 [32mD:/Develop/Project_pos_mahenz/BE/domain/transaction/repo/transaction_repo.go:196
[0m[33m[0.000ms] [34;1m[rows:1][0m INSERT INTO transactions (transaction_code, user_id, shift_id, transaction_date, subtotal, discount, tax, total_amount, payment_method, payment_amount, change_amount, customer_id, is_credit, status, device_source) VALUES ('WEB-20260723-001', 2, NULL, '2026-07-23 10:24:53.758', 11600, 0, 0, 11600, 'cash', 20000, 8400, NULL, false, 'completed', 'web')

2026/07/23 10:24:53 [32mD:/Develop/Project_pos_mahenz/BE/domain/transaction/repo/transaction_repo.go:206
[0m[33m[0.000ms] [34;1m[rows:1][0m SELECT LAST_INSERT_ID()

2026/07/23 10:24:53 [32mD:/Develop/Project_pos_mahenz/BE/domain/transaction/repo/transaction_repo.go:220
[0m[33m[0.516ms] [34;1m[rows:1][0m SELECT pp.id, pp.ref_package_id, pp.qty, pp.ref_qty, COALESCE(u.name, '') AS unit_name FROM product_packages pp JOIN units u ON u.id = pp.unit_id WHERE pp.product_id = 1

2026/07/23 10:24:53 [32mD:/Develop/Project_pos_mahenz/BE/domain/transaction/repo/transaction_repo.go:241
[0m[33m[0.523ms] [34;1m[rows:1][0m SELECT stock FROM products WHERE id = 1 LIMIT 1

2026/07/23 10:24:53 [32mD:/Develop/Project_pos_mahenz/BE/domain/transaction/repo/transaction_repo.go:248
[0m[33m[0.000ms] [34;1m[rows:1][0m SELECT purchase_price FROM products WHERE id = 1 LIMIT 1

2026/07/23 10:24:53 [32mD:/Develop/Project_pos_mahenz/BE/domain/transaction/repo/transaction_repo.go:253
[0m[33m[0.680ms] [34;1m[rows:1][0m UPDATE products SET stock = stock - 2, updated_at = NOW() WHERE id = 1 AND (stock - reserved_qty) >= 2

2026/07/23 10:24:53 [32mD:/Develop/Project_pos_mahenz/BE/domain/transaction/repo/transaction_repo.go:262
[0m[33m[0.554ms] [34;1m[rows:1][0m INSERT INTO transaction_items (transaction_id, product_id, product_name, quantity, unit, price, purchase_price, subtotal, discount_item, conversion_qty, unit_id) VALUES (1, 1, 'Teh Botol Sosro 350ml (Edited)', 2, 'Pcs', 5800, 3500, 11600, 0, 1, 1)

2026/07/23 10:24:53 [32mD:/Develop/Project_pos_mahenz/BE/domain/transaction/repo/transaction_repo.go:273
[0m[33m[0.602ms] [34;1m[rows:1][0m INSERT INTO stock_mutations (product_id, mutation_type, quantity, stock_before, stock_after, reference_type, reference_id, notes, user_id) VALUES (1, 'out', 2, 50, 48, 'transaction', 1, 'Transaksi WEB-20260723-001', 2)

2026/07/23 10:24:53 [32mD:/Develop/Project_pos_mahenz/BE/domain/cash_drawer/repo/cash_drawer_repo.go:149
[0m[33m[0.739ms] [34;1m[rows:0][0m SELECT cd.id, cd.user_id, cd.shift_id, cd.open_time, cd.opening_balance, cd.total_sales, cd.total_cash_sales, cd.total_expenses, (cd.opening_balance + COALESCE((SELECT SUM(total_amount) FROM transactions WHERE user_id = cd.user_id AND payment_method = 'cash' AND status = 'completed' AND transaction_date >= cd.open_time), 0) - COALESCE((SELECT SUM(amount) FROM expenses WHERE user_id = cd.user_id AND created_at >= cd.open_time), 0)) as expected_balance, cd.status FROM cash_drawer cd WHERE cd.user_id = 2 AND cd.status = 'open' LIMIT 1
[GIN] 2026/07/23 - 10:24:53 | 201 |     11.4688ms |             ::1 | POST     "/api/transactions/create"

2026/07/23 10:24:53 [32mD:/Develop/Project_pos_mahenz/BE/repository/log_request_repository.go:32
[0m[33m[1.289ms] [34;1m[rows:1][0m INSERT INTO log_requests (id, method, endpoint, status_code, request_body, response_body, user_id, duration_ms, ip_address, error_message, created_at) VALUES ('65259733-8809-4b6b-9e51-73a612461dd9', 'POST', '/api/transactions/create', 201, '{
  "subtotal": 2,
  "discount": 0,
  "tax": 0,
  "total_amount": 2,
  "payment_method": "cash",
  "payment_amount": 20000,
  "device_source": "web",
  "items": [
    {"product_id": 1, "product_name": "Teh Botol Sosro 350ml (Edited)", "quantity": 2, "unit": "Pcs", "price": 1, "subtotal": 2, "discount_item": 0, "unit_id": 1}
  ]
}', '{"code":"00","status":true,"message":"Transaksi berhasil dibuat","data":{"id":1,"transaction_code":"WEB-20260723-001","user_id":2,"kasir_name":"","shift_id":null,"transaction_date":"2026-07-23T10:24:53.7618317+07:00","subtotal":11600,"discount":0,"tax":0,"total_amount":11600,"payment_method":"cash","payment_amount":20000,"change_amount":8400,"customer_id":null,"customer_name":"","is_credit":false,"status":"completed","device_source":"web","items":[{"id":0,"product_id":1,"product_name":"Teh Botol Sosro 350ml (Edited)","quantity":2,"unit":"Pcs","price":5800,"subtotal":11600,"discount_item":0,"conversion_qty":0,"unit_id":1}]}}', 2, 10, '::1', NULL, '2026-07-23 10:24:53.764')
[GIN] 2026/07/23 - 10:25:47 | 204 |            0s |             ::1 | OPTIONS  "/api/auth/login"

2026/07/23 10:25:47 [32mD:/Develop/Project_pos_mahenz/BE/domain/auth/repo/auth_repo.go:17
[0m[33m[0.505ms] [34;1m[rows:1][0m SELECT u.id, u.username, u.password, u.full_name, u.role_id, r.name AS role_name, u.is_active FROM users u INNER JOIN roles r ON r.id = u.role_id WHERE u.username = 'admin' LIMIT 1

2026/07/23 10:25:47 [32mD:/Develop/Project_pos_mahenz/BE/domain/auth/repo/auth_repo.go:67
[0m[33m[2.000ms] [34;1m[rows:1][0m DELETE FROM sessions WHERE user_id = 2

2026/07/23 10:25:47 [32mD:/Develop/Project_pos_mahenz/BE/domain/auth/repo/auth_repo.go:38
[0m[33m[2.149ms] [34;1m[rows:1][0m INSERT INTO sessions (user_id, user_role, token, refresh_token, device_info, ip_address, expires_at) VALUES (2, 'admin', 'eyJhbGciOiJIUzI1NiIsInR5cCI6IkpXVCJ9.eyJhcHBzIjoid2ViIiwiZXhwIjoxNzg0ODA1OTQ3LCJmdWxsX25hbWUiOiJBZG1pbmlzdHJhdG9yIiwicm9sZSI6ImFkbWluIiwidXNlcl9pZCI6MiwidXNlcm5hbWUiOiJhZG1pbiJ9.eFUX8pMj060q0Oh5Gx27twsXnVbNZRrh0aj5hCYxknk', '3fd5dd5ce09f8fb4f79199eb572afd625ec6e096b34e0d308d709f100d5f1d90', 'web', '::1', '2026-07-30 10:25:47.481') ON DUPLICATE KEY UPDATE user_role=VALUES(user_role), token=VALUES(token), refresh_token=VALUES(refresh_token), device_info=VALUES(device_info), ip_address=VALUES(ip_address), expires_at=VALUES(expires_at), created_at=NOW()
[GIN] 2026/07/23 - 10:25:47 | 200 |     94.6581ms |             ::1 | POST     "/api/auth/login"

2026/07/23 10:25:47 [32mD:/Develop/Project_pos_mahenz/BE/repository/log_request_repository.go:32
[0m[33m[2.970ms] [34;1m[rows:1][0m INSERT INTO log_requests (id, method, endpoint, status_code, request_body, response_body, user_id, duration_ms, ip_address, error_message, created_at) VALUES ('71c948ee-f970-48a9-b693-6e9ab4b122ff', 'POST', '/api/auth/login', 200, '{"username":"admin","password":"admin123","device_info":"web"}', '{"code":"00","status":true,"message":"Login berhasil","data":{"token":"eyJhbGciOiJIUzI1NiIsInR5cCI6IkpXVCJ9.eyJhcHBzIjoid2ViIiwiZXhwIjoxNzg0ODA1OTQ3LCJmdWxsX25hbWUiOiJBZG1pbmlzdHJhdG9yIiwicm9sZSI6ImFkbWluIiwidXNlcl9pZCI6MiwidXNlcm5hbWUiOiJhZG1pbiJ9.eFUX8pMj060q0Oh5Gx27twsXnVbNZRrh0aj5hCYxknk","refresh_token":"3fd5dd5ce09f8fb4f79199eb572afd625ec6e096b34e0d308d709f100d5f1d90","expires_at":"2026-07-30T10:25:47.4813906+07:00","user":{"id":2,"username":"admin","full_name":"Administrator","role_id":2,"role_name":"admin"}}}', NULL, 94, '::1', NULL, '2026-07-23 10:25:47.486')
[GIN] 2026/07/23 - 10:25:47 | 204 |            0s |             ::1 | OPTIONS  "/api/menus/my"
[GIN] 2026/07/23 - 10:25:47 | 204 |            0s |             ::1 | OPTIONS  "/api/menus/my"

2026/07/23 10:25:47 [32mD:/Develop/Project_pos_mahenz/BE/domain/auth/repo/auth_repo.go:46
[0m[33m[1.521ms] [34;1m[rows:1][0m SELECT id, user_id, user_role, token, device_info, expires_at FROM sessions WHERE token = 'eyJhbGciOiJIUzI1NiIsInR5cCI6IkpXVCJ9.eyJhcHBzIjoid2ViIiwiZXhwIjoxNzg0ODA1OTQ3LCJmdWxsX25hbWUiOiJBZG1pbmlzdHJhdG9yIiwicm9sZSI6ImFkbWluIiwidXNlcl9pZCI6MiwidXNlcm5hbWUiOiJhZG1pbiJ9.eFUX8pMj060q0Oh5Gx27twsXnVbNZRrh0aj5hCYxknk' LIMIT 1

2026/07/23 10:25:47 [32mD:/Develop/Project_pos_mahenz/BE/domain/menu/repo/menu_repo.go:121
[0m[33m[1.039ms] [34;1m[rows:-][0m 
		SELECT
			m.id,
			m.parent_id,
			m.key_name,
			m.label,
			m.icon,
			m.path,
			m.order_index,
			COALESCE(rma.can_view,   0),
			COALESCE(rma.can_create, 0),
			COALESCE(rma.can_edit,   0),
			COALESCE(rma.can_delete, 0)
		FROM menus m
		LEFT JOIN role_menu_access rma ON rma.menu_id = m.id
			AND rma.role_id = (SELECT id FROM roles WHERE name = 'admin' AND is_active = 1 LIMIT 1)
		WHERE m.is_active = 1
		ORDER BY m.order_index ASC, m.id ASC
		
[GIN] 2026/07/23 - 10:25:47 | 200 |      3.6154ms |             ::1 | POST     "/api/menus/my"

2026/07/23 10:25:47 [32mD:/Develop/Project_pos_mahenz/BE/domain/auth/repo/auth_repo.go:46
[0m[33m[2.930ms] [34;1m[rows:1][0m SELECT id, user_id, user_role, token, device_info, expires_at FROM sessions WHERE token = 'eyJhbGciOiJIUzI1NiIsInR5cCI6IkpXVCJ9.eyJhcHBzIjoid2ViIiwiZXhwIjoxNzg0ODA1OTQ3LCJmdWxsX25hbWUiOiJBZG1pbmlzdHJhdG9yIiwicm9sZSI6ImFkbWluIiwidXNlcl9pZCI6MiwidXNlcm5hbWUiOiJhZG1pbiJ9.eFUX8pMj060q0Oh5Gx27twsXnVbNZRrh0aj5hCYxknk' LIMIT 1

2026/07/23 10:25:47 [32mD:/Develop/Project_pos_mahenz/BE/domain/menu/repo/menu_repo.go:121
[0m[33m[1.199ms] [34;1m[rows:-][0m 
		SELECT
			m.id,
			m.parent_id,
			m.key_name,
			m.label,
			m.icon,
			m.path,
			m.order_index,
			COALESCE(rma.can_view,   0),
			COALESCE(rma.can_create, 0),
			COALESCE(rma.can_edit,   0),
			COALESCE(rma.can_delete, 0)
		FROM menus m
		LEFT JOIN role_menu_access rma ON rma.menu_id = m.id
			AND rma.role_id = (SELECT id FROM roles WHERE name = 'admin' AND is_active = 1 LIMIT 1)
		WHERE m.is_active = 1
		ORDER BY m.order_index ASC, m.id ASC
		
[GIN] 2026/07/23 - 10:25:47 | 200 |      4.6585ms |             ::1 | POST     "/api/menus/my"

2026/07/23 10:25:47 [32mD:/Develop/Project_pos_mahenz/BE/repository/log_request_repository.go:32
[0m[33m[3.596ms] [34;1m[rows:1][0m INSERT INTO log_requests (id, method, endpoint, status_code, request_body, response_body, user_id, duration_ms, ip_address, error_message, created_at) VALUES ('7e59fe37-e4d8-45e3-847e-b7e9d5d1a4e7', 'POST', '/api/menus/my', 200, '{}', '{"code":"00","status":true,"message":"Menu akses","data":[{"key_name":"beranda","label":"Beranda","icon":"Home","path":null,"order_index":1,"permission":{"can_view":true,"can_create":true,"can_edit":true,"can_delete":false},"children":[{"key_name":"beranda.dashboard","label":"Dashboard","icon":"LayoutDashboard","path":"/dashboard","order_index":1,"permission":{"can_view":true,"can_create":true,"can_edit":true,"can_delete":false},"children":[]}]},{"key_name":"penjualan","label":"Penjualan","icon":"ShoppingCart","path":null,"order_index":2,"permission":{"can_view":true,"can_create":true,"can_edit":true,"can_delete":false},"children":[{"key_name":"penjualan.kasir","label":"Kasir","icon":"ShoppingCart","path":"/kasir","order_index":1,"permission":{"can_view":true,"can_create":true,"can_edit":true,"can_delete":false},"children":[]},{"key_name":"penjualan.transaksi","label":"Transaksi","icon":"Receipt","path":"/transactions","order_index":2,"permission":{"can_view":true,"can_create":true,"can_edit":true,"can_delete":false},"children":[]}]},{"key_name":"produk","label":"Produk","icon":"Package","path":null,"order_index":3,"permission":{"can_view":true,"can_create":true,"can_edit":true,"can_delete":false},"children":[{"key_name":"produk.produk","label":"Produk","icon":"Package","path":"/products","order_index":1,"permission":{"can_view":true,"can_create":true,"can_edit":true,"can_delete":false},"children":[]},{"key_name":"produk.kategori","label":"Kategori","icon":"Tag","path":"/products/categories","order_index":2,"permission":{"can_view":true,"can_create":true,"can_edit":true,"can_delete":false},"children":[]},{"key_name":"produk.unit","label":"Unit","icon":"PackageSearch","path":"/products/units","order_index":3,"permission":{"can_view":true,"can_create":true,"can_edit":true,"can_delete":false},"children":[]}]},{"key_name":"pengadaan","label":"Pengadaan","icon":"Truck","path":null,"order_index":4,"permission":{"can_view":true,"can_create":true,"can_edit":true,"can_delete":false},"children":[{"key_name":"pengadaan.supplier","label":"Supplier","icon":"Truck","path":"/suppliers","order_index":1,"permission":{"can_view":true,"can_create":true,"can_edit":true,"can_delete":false},"children":[]},{"key_name":"pengadaan.pembelian","label":"Pembelian","icon":"ShoppingBag","path":"/suppliers/purchases","order_index":2,"permission":{"can_view":true,"can_create":true,"can_edit":true,"can_delete":false},"children":[]},{"key_name":"pengadaan.retur","label":"Retur","icon":"RotateCcw","path":"/suppliers/returns","order_index":3,"permission":{"can_view":true,"can_create":true,"can_edit":true,"can_delete":false},"children":[]}]},{"key_name":"pelanggan","label":"Pelanggan","icon":"Users","path":null,"order_index":5,"permission":{"can_view":true,"can_create":true,"can_edit":true,"can_delete":false},"children":[{"key_name":"pelanggan.pelanggan","label":"Pelanggan","icon":"Users","path":"/customers","order_index":1,"permission":{"can_view":true,"can_create":true,"can_edit":true,"can_delete":false},"children":[]},{"key_name":"pelanggan.piutang","label":"Piutang","icon":"CreditCard","path":"/receivables","order_index":2,"permission":{"can_view":true,"can_create":true,"can_edit":true,"can_delete":false},"children":[]}]},{"key_name":"keuangan","label":"Keuangan","icon":"Wallet","path":null,"order_index":6,"permission":{"can_view":true,"can_create":true,"can_edit":true,"can_delete":false},"children":[{"key_name":"keuangan.dashboard","label":"Dashboard Keuangan","icon":"Wallet","path":"/finance","order_index":1,"permission":{"can_view":true,"can_create":true,"can_edit":true,"can_delete":false},"children":[]},{"key_name":"keuangan.kas_harian","label":"Kas Harian","icon":"Landmark","path":"/finance/cash-drawer","order_index":2,"permission":{"can_view":true,"can_create":true,"can_edit":true,"can_delete":false},"children":[]},{"key_name":"keuangan.pengeluaran","label":"Pengeluaran","icon":"TrendingDown","path":"/finance/expenses","order_index":3,"permission":{"can_view":true,"can_create":true,"can_edit":true,"can_delete":false},"children":[]},{"key_name":"keuangan.kas_saya","label":"Kas Saya","icon":"Wallet","path":"/finance/my-cash","order_index":4,"permission":{"can_view":true,"can_create":true,"can_edit":true,"can_delete":false},"children":[]}]},{"key_name":"pelaporan","label":"Pelaporan","icon":"BarChart2","path":null,"order_index":7,"permission":{"can_view":true,"can_create":true,"can_edit":true,"can_delete":false},"children":[{"key_name":"pelaporan.penjualan","label":"Penjualan","icon":"TrendingUp","path":"/reports/sales","order_index":1,"permission":{"can_view":true,"can_create":true,"can_edit":true,"can_delete":false},"children":[]},{"key_name":"pelaporan.laba_rugi","label":"Laba Rugi","icon":"LineChart","path":"/reports/profit-loss","order_index":2,"permission":{"can_view":true,"can_create":true,"can_edit":true,"can_delete":false},"children":[]},{"key_name":"pelaporan.stok","label":"Stok","icon":"PackageSearch","path":"/reports/stock","order_index":3,"permission":{"can_view":true,"can_create":true,"can_edit":true,"can_delete":false},"children":[]},{"key_name":"pelaporan.kinerja_kasir","label":"Kinerja Kasir","icon":"BarChart2","path":"/reports/cashier","order_index":4,"permission":{"can_view":true,"can_create":true,"can_edit":true,"can_delete":false},"children":[]}]},{"key_name":"operasional","label":"Operasional","icon":"Clock","path":null,"order_index":8,"permission":{"can_view":true,"can_create":true,"can_edit":true,"can_delete":false},"children":[{"key_name":"operasional.shift","label":"Shift","icon":"Clock","path":"/shifts","order_index":1,"permission":{"can_view":true,"can_create":true,"can_edit":true,"can_delete":false},"children":[]},{"key_name":"operasional.sync","label":"Sync Center","icon":"RefreshCw","path":"/sync","order_index":2,"permission":{"can_view":true,"can_create":true,"can_edit":true,"can_delete":false},"children":[]}]},{"key_name":"sistem","label":"Sistem","icon":"Settings","path":null,"order_index":9,"permission":{"can_view":true,"can_create":true,"can_edit":true,"can_delete":false},"children":[{"key_name":"sistem.profil_toko","label":"Profil Toko","icon":"Settings","path":"/settings/store","order_index":1,"permission":{"can_view":true,"can_create":true,"can_edit":true,"can_delete":false},"children":[]},{"key_name":"sistem.roles","label":"Manajemen Role","icon":"Shield","path":"/settings/roles","order_index":3,"permission":{"can_view":true,"can_create":false,"can_edit":false,"can_delete":false},"children":[]},{"key_name":"sistem.menus","label":"Manajemen Menu","icon":"LayoutList","path":"/settings/menus","order_index":4,"permission":{"can_view":true,"can_create":false,"can_edit":false,"can_delete":false},"children":[]},{"key_name":"sistem.printer","label":"Printer","icon":"Printer","path":"/settings/printer","order_index":5,"permission":{"can_view":true,"can_create":true,"can_edit":true,"can_delete":false},"children":[]},{"key_name":"sistem.versi","label":"Versi Aplikasi","icon":"RefreshCw","path":"/settings/versions","order_index":6,"permission":{"can_view":true,"can_create":false,"can_edit":false,"can_delete":false},"children":[]},{"key_name":"sistem.backup","label":"Backup \u0026 Restore","icon":"DatabaseBackup","path":"/settings/backup","order_index":7,"permission":{"can_view":true,"can_create":true,"can_edit":true,"can_delete":false},"children":[]}]}]}', 2, 3, '::1', NULL, '2026-07-23 10:25:47.501')

2026/07/23 10:25:47 [32mD:/Develop/Project_pos_mahenz/BE/repository/log_request_repository.go:32
[0m[33m[7.200ms] [34;1m[rows:1][0m INSERT INTO log_requests (id, method, endpoint, status_code, request_body, response_body, user_id, duration_ms, ip_address, error_message, created_at) VALUES ('34ad9f35-9240-4b79-aee9-def3c7942d2d', 'POST', '/api/menus/my', 200, '{}', '{"code":"00","status":true,"message":"Menu akses","data":[{"key_name":"beranda","label":"Beranda","icon":"Home","path":null,"order_index":1,"permission":{"can_view":true,"can_create":true,"can_edit":true,"can_delete":false},"children":[{"key_name":"beranda.dashboard","label":"Dashboard","icon":"LayoutDashboard","path":"/dashboard","order_index":1,"permission":{"can_view":true,"can_create":true,"can_edit":true,"can_delete":false},"children":[]}]},{"key_name":"penjualan","label":"Penjualan","icon":"ShoppingCart","path":null,"order_index":2,"permission":{"can_view":true,"can_create":true,"can_edit":true,"can_delete":false},"children":[{"key_name":"penjualan.kasir","label":"Kasir","icon":"ShoppingCart","path":"/kasir","order_index":1,"permission":{"can_view":true,"can_create":true,"can_edit":true,"can_delete":false},"children":[]},{"key_name":"penjualan.transaksi","label":"Transaksi","icon":"Receipt","path":"/transactions","order_index":2,"permission":{"can_view":true,"can_create":true,"can_edit":true,"can_delete":false},"children":[]}]},{"key_name":"produk","label":"Produk","icon":"Package","path":null,"order_index":3,"permission":{"can_view":true,"can_create":true,"can_edit":true,"can_delete":false},"children":[{"key_name":"produk.produk","label":"Produk","icon":"Package","path":"/products","order_index":1,"permission":{"can_view":true,"can_create":true,"can_edit":true,"can_delete":false},"children":[]},{"key_name":"produk.kategori","label":"Kategori","icon":"Tag","path":"/products/categories","order_index":2,"permission":{"can_view":true,"can_create":true,"can_edit":true,"can_delete":false},"children":[]},{"key_name":"produk.unit","label":"Unit","icon":"PackageSearch","path":"/products/units","order_index":3,"permission":{"can_view":true,"can_create":true,"can_edit":true,"can_delete":false},"children":[]}]},{"key_name":"pengadaan","label":"Pengadaan","icon":"Truck","path":null,"order_index":4,"permission":{"can_view":true,"can_create":true,"can_edit":true,"can_delete":false},"children":[{"key_name":"pengadaan.supplier","label":"Supplier","icon":"Truck","path":"/suppliers","order_index":1,"permission":{"can_view":true,"can_create":true,"can_edit":true,"can_delete":false},"children":[]},{"key_name":"pengadaan.pembelian","label":"Pembelian","icon":"ShoppingBag","path":"/suppliers/purchases","order_index":2,"permission":{"can_view":true,"can_create":true,"can_edit":true,"can_delete":false},"children":[]},{"key_name":"pengadaan.retur","label":"Retur","icon":"RotateCcw","path":"/suppliers/returns","order_index":3,"permission":{"can_view":true,"can_create":true,"can_edit":true,"can_delete":false},"children":[]}]},{"key_name":"pelanggan","label":"Pelanggan","icon":"Users","path":null,"order_index":5,"permission":{"can_view":true,"can_create":true,"can_edit":true,"can_delete":false},"children":[{"key_name":"pelanggan.pelanggan","label":"Pelanggan","icon":"Users","path":"/customers","order_index":1,"permission":{"can_view":true,"can_create":true,"can_edit":true,"can_delete":false},"children":[]},{"key_name":"pelanggan.piutang","label":"Piutang","icon":"CreditCard","path":"/receivables","order_index":2,"permission":{"can_view":true,"can_create":true,"can_edit":true,"can_delete":false},"children":[]}]},{"key_name":"keuangan","label":"Keuangan","icon":"Wallet","path":null,"order_index":6,"permission":{"can_view":true,"can_create":true,"can_edit":true,"can_delete":false},"children":[{"key_name":"keuangan.dashboard","label":"Dashboard Keuangan","icon":"Wallet","path":"/finance","order_index":1,"permission":{"can_view":true,"can_create":true,"can_edit":true,"can_delete":false},"children":[]},{"key_name":"keuangan.kas_harian","label":"Kas Harian","icon":"Landmark","path":"/finance/cash-drawer","order_index":2,"permission":{"can_view":true,"can_create":true,"can_edit":true,"can_delete":false},"children":[]},{"key_name":"keuangan.pengeluaran","label":"Pengeluaran","icon":"TrendingDown","path":"/finance/expenses","order_index":3,"permission":{"can_view":true,"can_create":true,"can_edit":true,"can_delete":false},"children":[]},{"key_name":"keuangan.kas_saya","label":"Kas Saya","icon":"Wallet","path":"/finance/my-cash","order_index":4,"permission":{"can_view":true,"can_create":true,"can_edit":true,"can_delete":false},"children":[]}]},{"key_name":"pelaporan","label":"Pelaporan","icon":"BarChart2","path":null,"order_index":7,"permission":{"can_view":true,"can_create":true,"can_edit":true,"can_delete":false},"children":[{"key_name":"pelaporan.penjualan","label":"Penjualan","icon":"TrendingUp","path":"/reports/sales","order_index":1,"permission":{"can_view":true,"can_create":true,"can_edit":true,"can_delete":false},"children":[]},{"key_name":"pelaporan.laba_rugi","label":"Laba Rugi","icon":"LineChart","path":"/reports/profit-loss","order_index":2,"permission":{"can_view":true,"can_create":true,"can_edit":true,"can_delete":false},"children":[]},{"key_name":"pelaporan.stok","label":"Stok","icon":"PackageSearch","path":"/reports/stock","order_index":3,"permission":{"can_view":true,"can_create":true,"can_edit":true,"can_delete":false},"children":[]},{"key_name":"pelaporan.kinerja_kasir","label":"Kinerja Kasir","icon":"BarChart2","path":"/reports/cashier","order_index":4,"permission":{"can_view":true,"can_create":true,"can_edit":true,"can_delete":false},"children":[]}]},{"key_name":"operasional","label":"Operasional","icon":"Clock","path":null,"order_index":8,"permission":{"can_view":true,"can_create":true,"can_edit":true,"can_delete":false},"children":[{"key_name":"operasional.shift","label":"Shift","icon":"Clock","path":"/shifts","order_index":1,"permission":{"can_view":true,"can_create":true,"can_edit":true,"can_delete":false},"children":[]},{"key_name":"operasional.sync","label":"Sync Center","icon":"RefreshCw","path":"/sync","order_index":2,"permission":{"can_view":true,"can_create":true,"can_edit":true,"can_delete":false},"children":[]}]},{"key_name":"sistem","label":"Sistem","icon":"Settings","path":null,"order_index":9,"permission":{"can_view":true,"can_create":true,"can_edit":true,"can_delete":false},"children":[{"key_name":"sistem.profil_toko","label":"Profil Toko","icon":"Settings","path":"/settings/store","order_index":1,"permission":{"can_view":true,"can_create":true,"can_edit":true,"can_delete":false},"children":[]},{"key_name":"sistem.roles","label":"Manajemen Role","icon":"Shield","path":"/settings/roles","order_index":3,"permission":{"can_view":true,"can_create":false,"can_edit":false,"can_delete":false},"children":[]},{"key_name":"sistem.menus","label":"Manajemen Menu","icon":"LayoutList","path":"/settings/menus","order_index":4,"permission":{"can_view":true,"can_create":false,"can_edit":false,"can_delete":false},"children":[]},{"key_name":"sistem.printer","label":"Printer","icon":"Printer","path":"/settings/printer","order_index":5,"permission":{"can_view":true,"can_create":true,"can_edit":true,"can_delete":false},"children":[]},{"key_name":"sistem.versi","label":"Versi Aplikasi","icon":"RefreshCw","path":"/settings/versions","order_index":6,"permission":{"can_view":true,"can_create":false,"can_edit":false,"can_delete":false},"children":[]},{"key_name":"sistem.backup","label":"Backup \u0026 Restore","icon":"DatabaseBackup","path":"/settings/backup","order_index":7,"permission":{"can_view":true,"can_create":true,"can_edit":true,"can_delete":false},"children":[]}]}]}', 2, 4, '::1', NULL, '2026-07-23 10:25:47.504')

2026/07/23 10:25:48 [32mD:/Develop/Project_pos_mahenz/BE/domain/auth/repo/auth_repo.go:46
[0m[33m[0.793ms] [34;1m[rows:1][0m SELECT id, user_id, user_role, token, device_info, expires_at FROM sessions WHERE token = 'eyJhbGciOiJIUzI1NiIsInR5cCI6IkpXVCJ9.eyJhcHBzIjoid2ViIiwiZXhwIjoxNzg0ODA1OTQ3LCJmdWxsX25hbWUiOiJBZG1pbmlzdHJhdG9yIiwicm9sZSI6ImFkbWluIiwidXNlcl9pZCI6MiwidXNlcm5hbWUiOiJhZG1pbiJ9.eFUX8pMj060q0Oh5Gx27twsXnVbNZRrh0aj5hCYxknk' LIMIT 1

2026/07/23 10:25:48 [32mD:/Develop/Project_pos_mahenz/BE/domain/menu/repo/menu_repo.go:121
[0m[33m[0.541ms] [34;1m[rows:-][0m 
		SELECT
			m.id,
			m.parent_id,
			m.key_name,
			m.label,
			m.icon,
			m.path,
			m.order_index,
			COALESCE(rma.can_view,   0),
			COALESCE(rma.can_create, 0),
			COALESCE(rma.can_edit,   0),
			COALESCE(rma.can_delete, 0)
		FROM menus m
		LEFT JOIN role_menu_access rma ON rma.menu_id = m.id
			AND rma.role_id = (SELECT id FROM roles WHERE name = 'admin' AND is_active = 1 LIMIT 1)
		WHERE m.is_active = 1
		ORDER BY m.order_index ASC, m.id ASC
		
[GIN] 2026/07/23 - 10:25:48 | 200 |      2.8828ms |             ::1 | POST     "/api/menus/my"

2026/07/23 10:25:48 [32mD:/Develop/Project_pos_mahenz/BE/repository/log_request_repository.go:32
[0m[33m[9.152ms] [34;1m[rows:1][0m INSERT INTO log_requests (id, method, endpoint, status_code, request_body, response_body, user_id, duration_ms, ip_address, error_message, created_at) VALUES ('84f6c81f-96a4-462d-9d8b-b8f8d9a1a587', 'POST', '/api/menus/my', 200, '{}', '{"code":"00","status":true,"message":"Menu akses","data":[{"key_name":"beranda","label":"Beranda","icon":"Home","path":null,"order_index":1,"permission":{"can_view":true,"can_create":true,"can_edit":true,"can_delete":false},"children":[{"key_name":"beranda.dashboard","label":"Dashboard","icon":"LayoutDashboard","path":"/dashboard","order_index":1,"permission":{"can_view":true,"can_create":true,"can_edit":true,"can_delete":false},"children":[]}]},{"key_name":"penjualan","label":"Penjualan","icon":"ShoppingCart","path":null,"order_index":2,"permission":{"can_view":true,"can_create":true,"can_edit":true,"can_delete":false},"children":[{"key_name":"penjualan.kasir","label":"Kasir","icon":"ShoppingCart","path":"/kasir","order_index":1,"permission":{"can_view":true,"can_create":true,"can_edit":true,"can_delete":false},"children":[]},{"key_name":"penjualan.transaksi","label":"Transaksi","icon":"Receipt","path":"/transactions","order_index":2,"permission":{"can_view":true,"can_create":true,"can_edit":true,"can_delete":false},"children":[]}]},{"key_name":"produk","label":"Produk","icon":"Package","path":null,"order_index":3,"permission":{"can_view":true,"can_create":true,"can_edit":true,"can_delete":false},"children":[{"key_name":"produk.produk","label":"Produk","icon":"Package","path":"/products","order_index":1,"permission":{"can_view":true,"can_create":true,"can_edit":true,"can_delete":false},"children":[]},{"key_name":"produk.kategori","label":"Kategori","icon":"Tag","path":"/products/categories","order_index":2,"permission":{"can_view":true,"can_create":true,"can_edit":true,"can_delete":false},"children":[]},{"key_name":"produk.unit","label":"Unit","icon":"PackageSearch","path":"/products/units","order_index":3,"permission":{"can_view":true,"can_create":true,"can_edit":true,"can_delete":false},"children":[]}]},{"key_name":"pengadaan","label":"Pengadaan","icon":"Truck","path":null,"order_index":4,"permission":{"can_view":true,"can_create":true,"can_edit":true,"can_delete":false},"children":[{"key_name":"pengadaan.supplier","label":"Supplier","icon":"Truck","path":"/suppliers","order_index":1,"permission":{"can_view":true,"can_create":true,"can_edit":true,"can_delete":false},"children":[]},{"key_name":"pengadaan.pembelian","label":"Pembelian","icon":"ShoppingBag","path":"/suppliers/purchases","order_index":2,"permission":{"can_view":true,"can_create":true,"can_edit":true,"can_delete":false},"children":[]},{"key_name":"pengadaan.retur","label":"Retur","icon":"RotateCcw","path":"/suppliers/returns","order_index":3,"permission":{"can_view":true,"can_create":true,"can_edit":true,"can_delete":false},"children":[]}]},{"key_name":"pelanggan","label":"Pelanggan","icon":"Users","path":null,"order_index":5,"permission":{"can_view":true,"can_create":true,"can_edit":true,"can_delete":false},"children":[{"key_name":"pelanggan.pelanggan","label":"Pelanggan","icon":"Users","path":"/customers","order_index":1,"permission":{"can_view":true,"can_create":true,"can_edit":true,"can_delete":false},"children":[]},{"key_name":"pelanggan.piutang","label":"Piutang","icon":"CreditCard","path":"/receivables","order_index":2,"permission":{"can_view":true,"can_create":true,"can_edit":true,"can_delete":false},"children":[]}]},{"key_name":"keuangan","label":"Keuangan","icon":"Wallet","path":null,"order_index":6,"permission":{"can_view":true,"can_create":true,"can_edit":true,"can_delete":false},"children":[{"key_name":"keuangan.dashboard","label":"Dashboard Keuangan","icon":"Wallet","path":"/finance","order_index":1,"permission":{"can_view":true,"can_create":true,"can_edit":true,"can_delete":false},"children":[]},{"key_name":"keuangan.kas_harian","label":"Kas Harian","icon":"Landmark","path":"/finance/cash-drawer","order_index":2,"permission":{"can_view":true,"can_create":true,"can_edit":true,"can_delete":false},"children":[]},{"key_name":"keuangan.pengeluaran","label":"Pengeluaran","icon":"TrendingDown","path":"/finance/expenses","order_index":3,"permission":{"can_view":true,"can_create":true,"can_edit":true,"can_delete":false},"children":[]},{"key_name":"keuangan.kas_saya","label":"Kas Saya","icon":"Wallet","path":"/finance/my-cash","order_index":4,"permission":{"can_view":true,"can_create":true,"can_edit":true,"can_delete":false},"children":[]}]},{"key_name":"pelaporan","label":"Pelaporan","icon":"BarChart2","path":null,"order_index":7,"permission":{"can_view":true,"can_create":true,"can_edit":true,"can_delete":false},"children":[{"key_name":"pelaporan.penjualan","label":"Penjualan","icon":"TrendingUp","path":"/reports/sales","order_index":1,"permission":{"can_view":true,"can_create":true,"can_edit":true,"can_delete":false},"children":[]},{"key_name":"pelaporan.laba_rugi","label":"Laba Rugi","icon":"LineChart","path":"/reports/profit-loss","order_index":2,"permission":{"can_view":true,"can_create":true,"can_edit":true,"can_delete":false},"children":[]},{"key_name":"pelaporan.stok","label":"Stok","icon":"PackageSearch","path":"/reports/stock","order_index":3,"permission":{"can_view":true,"can_create":true,"can_edit":true,"can_delete":false},"children":[]},{"key_name":"pelaporan.kinerja_kasir","label":"Kinerja Kasir","icon":"BarChart2","path":"/reports/cashier","order_index":4,"permission":{"can_view":true,"can_create":true,"can_edit":true,"can_delete":false},"children":[]}]},{"key_name":"operasional","label":"Operasional","icon":"Clock","path":null,"order_index":8,"permission":{"can_view":true,"can_create":true,"can_edit":true,"can_delete":false},"children":[{"key_name":"operasional.shift","label":"Shift","icon":"Clock","path":"/shifts","order_index":1,"permission":{"can_view":true,"can_create":true,"can_edit":true,"can_delete":false},"children":[]},{"key_name":"operasional.sync","label":"Sync Center","icon":"RefreshCw","path":"/sync","order_index":2,"permission":{"can_view":true,"can_create":true,"can_edit":true,"can_delete":false},"children":[]}]},{"key_name":"sistem","label":"Sistem","icon":"Settings","path":null,"order_index":9,"permission":{"can_view":true,"can_create":true,"can_edit":true,"can_delete":false},"children":[{"key_name":"sistem.profil_toko","label":"Profil Toko","icon":"Settings","path":"/settings/store","order_index":1,"permission":{"can_view":true,"can_create":true,"can_edit":true,"can_delete":false},"children":[]},{"key_name":"sistem.roles","label":"Manajemen Role","icon":"Shield","path":"/settings/roles","order_index":3,"permission":{"can_view":true,"can_create":false,"can_edit":false,"can_delete":false},"children":[]},{"key_name":"sistem.menus","label":"Manajemen Menu","icon":"LayoutList","path":"/settings/menus","order_index":4,"permission":{"can_view":true,"can_create":false,"can_edit":false,"can_delete":false},"children":[]},{"key_name":"sistem.printer","label":"Printer","icon":"Printer","path":"/settings/printer","order_index":5,"permission":{"can_view":true,"can_create":true,"can_edit":true,"can_delete":false},"children":[]},{"key_name":"sistem.versi","label":"Versi Aplikasi","icon":"RefreshCw","path":"/settings/versions","order_index":6,"permission":{"can_view":true,"can_create":false,"can_edit":false,"can_delete":false},"children":[]},{"key_name":"sistem.backup","label":"Backup \u0026 Restore","icon":"DatabaseBackup","path":"/settings/backup","order_index":7,"permission":{"can_view":true,"can_create":true,"can_edit":true,"can_delete":false},"children":[]}]}]}', 2, 2, '::1', NULL, '2026-07-23 10:25:48.107')
[GIN] 2026/07/23 - 10:25:48 | 204 |            0s |             ::1 | OPTIONS  "/api/sync/conflicts/count"

2026/07/23 10:25:48 [32mD:/Develop/Project_pos_mahenz/BE/domain/auth/repo/auth_repo.go:46
[0m[33m[0.507ms] [34;1m[rows:1][0m SELECT id, user_id, user_role, token, device_info, expires_at FROM sessions WHERE token = 'eyJhbGciOiJIUzI1NiIsInR5cCI6IkpXVCJ9.eyJhcHBzIjoid2ViIiwiZXhwIjoxNzg0ODA1OTQ3LCJmdWxsX25hbWUiOiJBZG1pbmlzdHJhdG9yIiwicm9sZSI6ImFkbWluIiwidXNlcl9pZCI6MiwidXNlcm5hbWUiOiJhZG1pbiJ9.eFUX8pMj060q0Oh5Gx27twsXnVbNZRrh0aj5hCYxknk' LIMIT 1

2026/07/23 10:25:48 [32mD:/Develop/Project_pos_mahenz/BE/domain/sync/repo/sync_repo.go:84
[0m[33m[0.701ms] [34;1m[rows:1][0m SELECT COUNT(*) FROM sync_conflicts WHERE status = 'pending'
[GIN] 2026/07/23 - 10:25:48 | 200 |      1.2081ms |             ::1 | GET      "/api/sync/conflicts/count"

2026/07/23 10:25:48 [32mD:/Develop/Project_pos_mahenz/BE/repository/log_request_repository.go:32
[0m[33m[2.642ms] [34;1m[rows:1][0m INSERT INTO log_requests (id, method, endpoint, status_code, request_body, response_body, user_id, duration_ms, ip_address, error_message, created_at) VALUES ('9852fef2-0e38-45b9-87fb-95c7f7e9a94b', 'GET', '/api/sync/conflicts/count', 200, '', '{"code":"00","status":true,"message":"Jumlah konflik pending","data":{"count":0}}', 2, 1, '::1', NULL, '2026-07-23 10:25:48.163')

2026/07/23 10:25:48 [32mD:/Develop/Project_pos_mahenz/BE/domain/auth/repo/auth_repo.go:46
[0m[33m[1.387ms] [34;1m[rows:1][0m SELECT id, user_id, user_role, token, device_info, expires_at FROM sessions WHERE token = 'eyJhbGciOiJIUzI1NiIsInR5cCI6IkpXVCJ9.eyJhcHBzIjoid2ViIiwiZXhwIjoxNzg0ODA1OTQ3LCJmdWxsX25hbWUiOiJBZG1pbmlzdHJhdG9yIiwicm9sZSI6ImFkbWluIiwidXNlcl9pZCI6MiwidXNlcm5hbWUiOiJhZG1pbiJ9.eFUX8pMj060q0Oh5Gx27twsXnVbNZRrh0aj5hCYxknk' LIMIT 1

2026/07/23 10:25:48 [32mD:/Develop/Project_pos_mahenz/BE/domain/menu/repo/menu_repo.go:121
[0m[33m[0.585ms] [34;1m[rows:-][0m 
		SELECT
			m.id,
			m.parent_id,
			m.key_name,
			m.label,
			m.icon,
			m.path,
			m.order_index,
			COALESCE(rma.can_view,   0),
			COALESCE(rma.can_create, 0),
			COALESCE(rma.can_edit,   0),
			COALESCE(rma.can_delete, 0)
		FROM menus m
		LEFT JOIN role_menu_access rma ON rma.menu_id = m.id
			AND rma.role_id = (SELECT id FROM roles WHERE name = 'admin' AND is_active = 1 LIMIT 1)
		WHERE m.is_active = 1
		ORDER BY m.order_index ASC, m.id ASC
		
[GIN] 2026/07/23 - 10:25:48 | 200 |      2.3791ms |             ::1 | POST     "/api/menus/my"

2026/07/23 10:25:48 [32mD:/Develop/Project_pos_mahenz/BE/repository/log_request_repository.go:32
[0m[33m[2.544ms] [34;1m[rows:1][0m INSERT INTO log_requests (id, method, endpoint, status_code, request_body, response_body, user_id, duration_ms, ip_address, error_message, created_at) VALUES ('52f26bfe-2378-43de-8fcb-e8415f63b32b', 'POST', '/api/menus/my', 200, '{}', '{"code":"00","status":true,"message":"Menu akses","data":[{"key_name":"beranda","label":"Beranda","icon":"Home","path":null,"order_index":1,"permission":{"can_view":true,"can_create":true,"can_edit":true,"can_delete":false},"children":[{"key_name":"beranda.dashboard","label":"Dashboard","icon":"LayoutDashboard","path":"/dashboard","order_index":1,"permission":{"can_view":true,"can_create":true,"can_edit":true,"can_delete":false},"children":[]}]},{"key_name":"penjualan","label":"Penjualan","icon":"ShoppingCart","path":null,"order_index":2,"permission":{"can_view":true,"can_create":true,"can_edit":true,"can_delete":false},"children":[{"key_name":"penjualan.kasir","label":"Kasir","icon":"ShoppingCart","path":"/kasir","order_index":1,"permission":{"can_view":true,"can_create":true,"can_edit":true,"can_delete":false},"children":[]},{"key_name":"penjualan.transaksi","label":"Transaksi","icon":"Receipt","path":"/transactions","order_index":2,"permission":{"can_view":true,"can_create":true,"can_edit":true,"can_delete":false},"children":[]}]},{"key_name":"produk","label":"Produk","icon":"Package","path":null,"order_index":3,"permission":{"can_view":true,"can_create":true,"can_edit":true,"can_delete":false},"children":[{"key_name":"produk.produk","label":"Produk","icon":"Package","path":"/products","order_index":1,"permission":{"can_view":true,"can_create":true,"can_edit":true,"can_delete":false},"children":[]},{"key_name":"produk.kategori","label":"Kategori","icon":"Tag","path":"/products/categories","order_index":2,"permission":{"can_view":true,"can_create":true,"can_edit":true,"can_delete":false},"children":[]},{"key_name":"produk.unit","label":"Unit","icon":"PackageSearch","path":"/products/units","order_index":3,"permission":{"can_view":true,"can_create":true,"can_edit":true,"can_delete":false},"children":[]}]},{"key_name":"pengadaan","label":"Pengadaan","icon":"Truck","path":null,"order_index":4,"permission":{"can_view":true,"can_create":true,"can_edit":true,"can_delete":false},"children":[{"key_name":"pengadaan.supplier","label":"Supplier","icon":"Truck","path":"/suppliers","order_index":1,"permission":{"can_view":true,"can_create":true,"can_edit":true,"can_delete":false},"children":[]},{"key_name":"pengadaan.pembelian","label":"Pembelian","icon":"ShoppingBag","path":"/suppliers/purchases","order_index":2,"permission":{"can_view":true,"can_create":true,"can_edit":true,"can_delete":false},"children":[]},{"key_name":"pengadaan.retur","label":"Retur","icon":"RotateCcw","path":"/suppliers/returns","order_index":3,"permission":{"can_view":true,"can_create":true,"can_edit":true,"can_delete":false},"children":[]}]},{"key_name":"pelanggan","label":"Pelanggan","icon":"Users","path":null,"order_index":5,"permission":{"can_view":true,"can_create":true,"can_edit":true,"can_delete":false},"children":[{"key_name":"pelanggan.pelanggan","label":"Pelanggan","icon":"Users","path":"/customers","order_index":1,"permission":{"can_view":true,"can_create":true,"can_edit":true,"can_delete":false},"children":[]},{"key_name":"pelanggan.piutang","label":"Piutang","icon":"CreditCard","path":"/receivables","order_index":2,"permission":{"can_view":true,"can_create":true,"can_edit":true,"can_delete":false},"children":[]}]},{"key_name":"keuangan","label":"Keuangan","icon":"Wallet","path":null,"order_index":6,"permission":{"can_view":true,"can_create":true,"can_edit":true,"can_delete":false},"children":[{"key_name":"keuangan.dashboard","label":"Dashboard Keuangan","icon":"Wallet","path":"/finance","order_index":1,"permission":{"can_view":true,"can_create":true,"can_edit":true,"can_delete":false},"children":[]},{"key_name":"keuangan.kas_harian","label":"Kas Harian","icon":"Landmark","path":"/finance/cash-drawer","order_index":2,"permission":{"can_view":true,"can_create":true,"can_edit":true,"can_delete":false},"children":[]},{"key_name":"keuangan.pengeluaran","label":"Pengeluaran","icon":"TrendingDown","path":"/finance/expenses","order_index":3,"permission":{"can_view":true,"can_create":true,"can_edit":true,"can_delete":false},"children":[]},{"key_name":"keuangan.kas_saya","label":"Kas Saya","icon":"Wallet","path":"/finance/my-cash","order_index":4,"permission":{"can_view":true,"can_create":true,"can_edit":true,"can_delete":false},"children":[]}]},{"key_name":"pelaporan","label":"Pelaporan","icon":"BarChart2","path":null,"order_index":7,"permission":{"can_view":true,"can_create":true,"can_edit":true,"can_delete":false},"children":[{"key_name":"pelaporan.penjualan","label":"Penjualan","icon":"TrendingUp","path":"/reports/sales","order_index":1,"permission":{"can_view":true,"can_create":true,"can_edit":true,"can_delete":false},"children":[]},{"key_name":"pelaporan.laba_rugi","label":"Laba Rugi","icon":"LineChart","path":"/reports/profit-loss","order_index":2,"permission":{"can_view":true,"can_create":true,"can_edit":true,"can_delete":false},"children":[]},{"key_name":"pelaporan.stok","label":"Stok","icon":"PackageSearch","path":"/reports/stock","order_index":3,"permission":{"can_view":true,"can_create":true,"can_edit":true,"can_delete":false},"children":[]},{"key_name":"pelaporan.kinerja_kasir","label":"Kinerja Kasir","icon":"BarChart2","path":"/reports/cashier","order_index":4,"permission":{"can_view":true,"can_create":true,"can_edit":true,"can_delete":false},"children":[]}]},{"key_name":"operasional","label":"Operasional","icon":"Clock","path":null,"order_index":8,"permission":{"can_view":true,"can_create":true,"can_edit":true,"can_delete":false},"children":[{"key_name":"operasional.shift","label":"Shift","icon":"Clock","path":"/shifts","order_index":1,"permission":{"can_view":true,"can_create":true,"can_edit":true,"can_delete":false},"children":[]},{"key_name":"operasional.sync","label":"Sync Center","icon":"RefreshCw","path":"/sync","order_index":2,"permission":{"can_view":true,"can_create":true,"can_edit":true,"can_delete":false},"children":[]}]},{"key_name":"sistem","label":"Sistem","icon":"Settings","path":null,"order_index":9,"permission":{"can_view":true,"can_create":true,"can_edit":true,"can_delete":false},"children":[{"key_name":"sistem.profil_toko","label":"Profil Toko","icon":"Settings","path":"/settings/store","order_index":1,"permission":{"can_view":true,"can_create":true,"can_edit":true,"can_delete":false},"children":[]},{"key_name":"sistem.roles","label":"Manajemen Role","icon":"Shield","path":"/settings/roles","order_index":3,"permission":{"can_view":true,"can_create":false,"can_edit":false,"can_delete":false},"children":[]},{"key_name":"sistem.menus","label":"Manajemen Menu","icon":"LayoutList","path":"/settings/menus","order_index":4,"permission":{"can_view":true,"can_create":false,"can_edit":false,"can_delete":false},"children":[]},{"key_name":"sistem.printer","label":"Printer","icon":"Printer","path":"/settings/printer","order_index":5,"permission":{"can_view":true,"can_create":true,"can_edit":true,"can_delete":false},"children":[]},{"key_name":"sistem.versi","label":"Versi Aplikasi","icon":"RefreshCw","path":"/settings/versions","order_index":6,"permission":{"can_view":true,"can_create":false,"can_edit":false,"can_delete":false},"children":[]},{"key_name":"sistem.backup","label":"Backup \u0026 Restore","icon":"DatabaseBackup","path":"/settings/backup","order_index":7,"permission":{"can_view":true,"can_create":true,"can_edit":true,"can_delete":false},"children":[]}]}]}', 2, 2, '::1', NULL, '2026-07-23 10:25:48.455')

2026/07/23 10:25:48 [32mD:/Develop/Project_pos_mahenz/BE/domain/auth/repo/auth_repo.go:46
[0m[33m[0.696ms] [34;1m[rows:1][0m SELECT id, user_id, user_role, token, device_info, expires_at FROM sessions WHERE token = 'eyJhbGciOiJIUzI1NiIsInR5cCI6IkpXVCJ9.eyJhcHBzIjoid2ViIiwiZXhwIjoxNzg0ODA1OTQ3LCJmdWxsX25hbWUiOiJBZG1pbmlzdHJhdG9yIiwicm9sZSI6ImFkbWluIiwidXNlcl9pZCI6MiwidXNlcm5hbWUiOiJhZG1pbiJ9.eFUX8pMj060q0Oh5Gx27twsXnVbNZRrh0aj5hCYxknk' LIMIT 1

2026/07/23 10:25:48 [32mD:/Develop/Project_pos_mahenz/BE/domain/sync/repo/sync_repo.go:84
[0m[33m[0.709ms] [34;1m[rows:1][0m SELECT COUNT(*) FROM sync_conflicts WHERE status = 'pending'
[GIN] 2026/07/23 - 10:25:48 | 200 |      1.4051ms |             ::1 | GET      "/api/sync/conflicts/count"

2026/07/23 10:25:48 [32mD:/Develop/Project_pos_mahenz/BE/repository/log_request_repository.go:32
[0m[33m[2.131ms] [34;1m[rows:1][0m INSERT INTO log_requests (id, method, endpoint, status_code, request_body, response_body, user_id, duration_ms, ip_address, error_message, created_at) VALUES ('26bed15c-ae4c-4ec4-9084-b9b9740f33a0', 'GET', '/api/sync/conflicts/count', 200, '', '{"code":"00","status":true,"message":"Jumlah konflik pending","data":{"count":0}}', 2, 1, '::1', NULL, '2026-07-23 10:25:48.522')
[GIN] 2026/07/23 - 10:25:48 | 204 |            0s |             ::1 | OPTIONS  "/api/categories/options"
[GIN] 2026/07/23 - 10:25:48 | 204 |            0s |             ::1 | OPTIONS  "/api/units/options"

2026/07/23 10:25:48 [32mD:/Develop/Project_pos_mahenz/BE/domain/auth/repo/auth_repo.go:46
[0m[33m[1.699ms] [34;1m[rows:1][0m SELECT id, user_id, user_role, token, device_info, expires_at FROM sessions WHERE token = 'eyJhbGciOiJIUzI1NiIsInR5cCI6IkpXVCJ9.eyJhcHBzIjoid2ViIiwiZXhwIjoxNzg0ODA1OTQ3LCJmdWxsX25hbWUiOiJBZG1pbmlzdHJhdG9yIiwicm9sZSI6ImFkbWluIiwidXNlcl9pZCI6MiwidXNlcm5hbWUiOiJhZG1pbiJ9.eFUX8pMj060q0Oh5Gx27twsXnVbNZRrh0aj5hCYxknk' LIMIT 1

2026/07/23 10:25:48 [32mD:/Develop/Project_pos_mahenz/BE/domain/auth/repo/auth_repo.go:46
[0m[33m[1.763ms] [34;1m[rows:1][0m SELECT id, user_id, user_role, token, device_info, expires_at FROM sessions WHERE token = 'eyJhbGciOiJIUzI1NiIsInR5cCI6IkpXVCJ9.eyJhcHBzIjoid2ViIiwiZXhwIjoxNzg0ODA1OTQ3LCJmdWxsX25hbWUiOiJBZG1pbmlzdHJhdG9yIiwicm9sZSI6ImFkbWluIiwidXNlcl9pZCI6MiwidXNlcm5hbWUiOiJhZG1pbiJ9.eFUX8pMj060q0Oh5Gx27twsXnVbNZRrh0aj5hCYxknk' LIMIT 1

2026/07/23 10:25:48 [32mD:/Develop/Project_pos_mahenz/BE/domain/product_category/repo/product_category_repo.go:70
[0m[33m[1.546ms] [34;1m[rows:2][0m SELECT id, name FROM categories WHERE is_active = 1 ORDER BY name

2026/07/23 10:25:48 [32mD:/Develop/Project_pos_mahenz/BE/domain/product_unit/repo/unit_repo.go:72
[0m[33m[0.966ms] [34;1m[rows:4][0m SELECT id, name, abbreviation FROM units WHERE is_active = 1 ORDER BY name
[GIN] 2026/07/23 - 10:25:48 | 200 |      3.2457ms |             ::1 | POST     "/api/categories/options"
[GIN] 2026/07/23 - 10:25:48 | 200 |      3.7601ms |             ::1 | POST     "/api/units/options"

2026/07/23 10:25:48 [32mD:/Develop/Project_pos_mahenz/BE/repository/log_request_repository.go:32
[0m[33m[4.667ms] [34;1m[rows:1][0m INSERT INTO log_requests (id, method, endpoint, status_code, request_body, response_body, user_id, duration_ms, ip_address, error_message, created_at) VALUES ('a8e8d871-a753-4053-a915-bdc0b0579a9e', 'POST', '/api/categories/options', 200, '{}', '{"code":"00","status":true,"message":"Opsi kategori","data":[{"id":2,"name":"Makanan"},{"id":1,"name":"Minuman"}]}', 2, 3, '::1', NULL, '2026-07-23 10:25:48.826')

2026/07/23 10:25:48 [32mD:/Develop/Project_pos_mahenz/BE/repository/log_request_repository.go:32
[0m[33m[4.153ms] [34;1m[rows:1][0m INSERT INTO log_requests (id, method, endpoint, status_code, request_body, response_body, user_id, duration_ms, ip_address, error_message, created_at) VALUES ('bd76fdd5-4272-4485-913a-074b43c6af94', 'POST', '/api/units/options', 200, '{}', '{"code":"00","status":true,"message":"Opsi satuan","data":[{"id":4,"name":"Batang","abbreviation":"btg"},{"id":2,"name":"Pack","abbreviation":"pack"},{"id":1,"name":"Pcs","abbreviation":"pcs"},{"id":3,"name":"Slop","abbreviation":"slop"}]}', 2, 3, '::1', NULL, '2026-07-23 10:25:48.826')
[GIN] 2026/07/23 - 10:25:48 | 204 |            0s |             ::1 | OPTIONS  "/api/settings/pagination_sizes"
[GIN] 2026/07/23 - 10:25:48 | 204 |            0s |             ::1 | OPTIONS  "/api/products/list"

2026/07/23 10:25:48 [32mD:/Develop/Project_pos_mahenz/BE/domain/auth/repo/auth_repo.go:46
[0m[33m[0.530ms] [34;1m[rows:1][0m SELECT id, user_id, user_role, token, device_info, expires_at FROM sessions WHERE token = 'eyJhbGciOiJIUzI1NiIsInR5cCI6IkpXVCJ9.eyJhcHBzIjoid2ViIiwiZXhwIjoxNzg0ODA1OTQ3LCJmdWxsX25hbWUiOiJBZG1pbmlzdHJhdG9yIiwicm9sZSI6ImFkbWluIiwidXNlcl9pZCI6MiwidXNlcm5hbWUiOiJhZG1pbiJ9.eFUX8pMj060q0Oh5Gx27twsXnVbNZRrh0aj5hCYxknk' LIMIT 1

2026/07/23 10:25:48 [32mD:/Develop/Project_pos_mahenz/BE/domain/auth/repo/auth_repo.go:46
[0m[33m[0.530ms] [34;1m[rows:1][0m SELECT id, user_id, user_role, token, device_info, expires_at FROM sessions WHERE token = 'eyJhbGciOiJIUzI1NiIsInR5cCI6IkpXVCJ9.eyJhcHBzIjoid2ViIiwiZXhwIjoxNzg0ODA1OTQ3LCJmdWxsX25hbWUiOiJBZG1pbmlzdHJhdG9yIiwicm9sZSI6ImFkbWluIiwidXNlcl9pZCI6MiwidXNlcm5hbWUiOiJhZG1pbiJ9.eFUX8pMj060q0Oh5Gx27twsXnVbNZRrh0aj5hCYxknk' LIMIT 1

2026/07/23 10:25:48 [32mD:/Develop/Project_pos_mahenz/BE/domain/product/repo/product_repo.go:100
[0m[33m[0.000ms] [34;1m[rows:1][0m SELECT COUNT(*) FROM products p WHERE 1=1

2026/07/23 10:25:48 [32mD:/Develop/Project_pos_mahenz/BE/domain/setting/repo/setting_repo.go:32
[0m[33m[0.739ms] [34;1m[rows:-][0m SELECT setting_key, setting_value FROM settings WHERE setting_key = 'pagination_sizes'
[GIN] 2026/07/23 - 10:25:48 | 200 |      1.8977ms |             ::1 | GET      "/api/settings/pagination_sizes"

2026/07/23 10:25:48 [32mD:/Develop/Project_pos_mahenz/BE/domain/product/repo/product_repo.go:119
[0m[33m[1.154ms] [34;1m[rows:9][0m 
		SELECT p.id, p.barcode, COALESCE(p.sku, '') as sku, p.name, p.category_id, COALESCE(c.name, '') as category_name,
		       p.purchase_price, p.selling_price, p.stock, p.reserved_qty, p.min_stock,
		       COALESCE(p.unit_id, 0) as unit_id, COALESCE(u.name, '') as unit_name, COALESCE(u.abbreviation, '') as unit_abbreviation,
		       p.is_active,
		       (SELECT COUNT(*) FROM product_packages pp WHERE pp.product_id = p.id AND pp.is_default = 0) AS extra_packages,
		       (SELECT COUNT(*) FROM product_prices pr WHERE pr.product_id = p.id) AS price_tiers_count
		FROM products p
		LEFT JOIN categories c ON p.category_id = c.id
		LEFT JOIN units u ON u.id = p.unit_id
		WHERE 1=1 ORDER BY p.name ASC LIMIT 10 OFFSET 0
[GIN] 2026/07/23 - 10:25:48 | 200 |      2.4232ms |             ::1 | POST     "/api/products/list"

2026/07/23 10:25:48 [32mD:/Develop/Project_pos_mahenz/BE/repository/log_request_repository.go:32
[0m[33m[2.324ms] [34;1m[rows:1][0m INSERT INTO log_requests (id, method, endpoint, status_code, request_body, response_body, user_id, duration_ms, ip_address, error_message, created_at) VALUES ('3903eca6-1c25-455c-b427-738791122fca', 'GET', '/api/settings/pagination_sizes', 200, '', '{"code":"00","status":true,"message":"Detail pengaturan","data":{"key":"pagination_sizes","value":"[10,20,50]"}}', 2, 1, '::1', NULL, '2026-07-23 10:25:48.936')

2026/07/23 10:25:48 [32mD:/Develop/Project_pos_mahenz/BE/repository/log_request_repository.go:32
[0m[33m[2.325ms] [34;1m[rows:1][0m INSERT INTO log_requests (id, method, endpoint, status_code, request_body, response_body, user_id, duration_ms, ip_address, error_message, created_at) VALUES ('04b58c34-c29a-405d-8c83-066e18ae1d6d', 'POST', '/api/products/list', 200, '{"page":1,"limit":10,"search":""}', '{"code":"00","status":true,"message":"Daftar produk","data":[{"id":10,"barcode":"9990001112229","sku":"MAK-0003","name":"Import Barcode Duplikat A","category_id":2,"category_name":"Makanan","purchase_price":1000,"selling_price":2000,"stock":5,"reserved_qty":0,"min_stock":1,"unit_id":1,"unit_name":"Pcs","unit_abbreviation":"pcs","is_active":true,"extra_packages":0,"price_tiers_count":0},{"id":11,"barcode":"8995170829136","sku":"MAK-0004","name":"Import Beras Premium 5kg","category_id":2,"category_name":"Makanan","purchase_price":55000,"selling_price":65000,"stock":15,"reserved_qty":0,"min_stock":3,"unit_id":1,"unit_name":"Pcs","unit_abbreviation":"pcs","is_active":true,"extra_packages":1,"price_tiers_count":0},{"id":9,"barcode":"9990001112223","sku":"MAK-0002","name":"Import Gula Pasir 1kg","category_id":2,"category_name":"Makanan","purchase_price":13000,"selling_price":15000,"stock":10,"reserved_qty":0,"min_stock":2,"unit_id":1,"unit_name":"Pcs","unit_abbreviation":"pcs","is_active":true,"extra_packages":0,"price_tiers_count":0},{"id":8,"barcode":"8992258362998","sku":"MAK-0001","name":"Import Kopi Sachet 3in1","category_id":2,"category_name":"Makanan","purchase_price":1200,"selling_price":1800,"stock":20,"reserved_qty":0,"min_stock":5,"unit_id":1,"unit_name":"Pcs","unit_abbreviation":"pcs","is_active":true,"extra_packages":0,"price_tiers_count":0},{"id":7,"barcode":"7777777777777","sku":"MIN-0005","name":"Manual SKU Jump Test","category_id":1,"category_name":"Minuman","purchase_price":0,"selling_price":1000,"stock":0,"reserved_qty":0,"min_stock":0,"unit_id":1,"unit_name":"Pcs","unit_abbreviation":"pcs","is_active":true,"extra_packages":0,"price_tiers_count":0},{"id":5,"barcode":"5555555555555","sku":"MIN-BYP1","name":"Owner Bypass Stock Test","category_id":1,"category_name":"Minuman","purchase_price":0,"selling_price":1000,"stock":0,"reserved_qty":0,"min_stock":0,"unit_id":1,"unit_name":"Pcs","unit_abbreviation":"pcs","is_active":true,"extra_packages":0,"price_tiers_count":0},{"id":6,"barcode":"6666666666666","sku":"MIN-SPF1","name":"Owner Spoof Role Test","category_id":1,"category_name":"Minuman","purchase_price":0,"selling_price":1000,"stock":0,"reserved_qty":0,"min_stock":0,"unit_id":1,"unit_name":"Pcs","unit_abbreviation":"pcs","is_active":true,"extra_packages":0,"price_tiers_count":0},{"id":4,"barcode":"4444444444444","sku":"MIN-5555","name":"Sanity Check Product","category_id":1,"category_name":"Minuman","purchase_price":0,"selling_price":1000,"stock":0,"reserved_qty":0,"min_stock":0,"unit_id":1,"unit_name":"Pcs","unit_abbreviation":"pcs","is_active":true,"extra_packages":0,"price_tiers_count":0},{"id":1,"barcode":"8990874779046","sku":"MIN-0001","name":"Teh Botol Sosro 350ml (Edited)","category_id":1,"category_name":"Minuman","purchase_price":3500,"selling_price":5800,"stock":48,"reserved_qty":0,"min_stock":10,"unit_id":1,"unit_name":"Pcs","unit_abbreviation":"pcs","is_active":true,"extra_packages":0,"price_tiers_count":0}],"pagination":{"page":1,"per_page":10,"total":9,"total_pages":1}}', 2, 2, '::1', NULL, '2026-07-23 10:25:48.937')
[GIN] 2026/07/23 - 10:25:51 | 204 |            0s |             ::1 | OPTIONS  "/api/products/generate-barcode"

2026/07/23 10:25:51 [32mD:/Develop/Project_pos_mahenz/BE/domain/auth/repo/auth_repo.go:46
[0m[33m[0.683ms] [34;1m[rows:1][0m SELECT id, user_id, user_role, token, device_info, expires_at FROM sessions WHERE token = 'eyJhbGciOiJIUzI1NiIsInR5cCI6IkpXVCJ9.eyJhcHBzIjoid2ViIiwiZXhwIjoxNzg0ODA1OTQ3LCJmdWxsX25hbWUiOiJBZG1pbmlzdHJhdG9yIiwicm9sZSI6ImFkbWluIiwidXNlcl9pZCI6MiwidXNlcm5hbWUiOiJhZG1pbiJ9.eFUX8pMj060q0Oh5Gx27twsXnVbNZRrh0aj5hCYxknk' LIMIT 1
[GIN] 2026/07/23 - 10:25:51 | 200 |      1.2104ms |             ::1 | POST     "/api/products/generate-barcode"

2026/07/23 10:25:51 [32mD:/Develop/Project_pos_mahenz/BE/repository/log_request_repository.go:32
[0m[33m[2.737ms] [34;1m[rows:1][0m INSERT INTO log_requests (id, method, endpoint, status_code, request_body, response_body, user_id, duration_ms, ip_address, error_message, created_at) VALUES ('6f13a040-8bf0-4f04-9ea3-fc4878b46f7d', 'POST', '/api/products/generate-barcode', 200, '{}', '{"code":"00","status":true,"message":"Barcode berhasil digenerate","data":{"barcode":"8992233103578"}}', 2, 1, '::1', NULL, '2026-07-23 10:25:51.407')
[GIN] 2026/07/23 - 10:25:51 | 204 |            0s |             ::1 | OPTIONS  "/api/products/generate-sku"

2026/07/23 10:25:51 [32mD:/Develop/Project_pos_mahenz/BE/domain/auth/repo/auth_repo.go:46
[0m[33m[1.085ms] [34;1m[rows:1][0m SELECT id, user_id, user_role, token, device_info, expires_at FROM sessions WHERE token = 'eyJhbGciOiJIUzI1NiIsInR5cCI6IkpXVCJ9.eyJhcHBzIjoid2ViIiwiZXhwIjoxNzg0ODA1OTQ3LCJmdWxsX25hbWUiOiJBZG1pbmlzdHJhdG9yIiwicm9sZSI6ImFkbWluIiwidXNlcl9pZCI6MiwidXNlcm5hbWUiOiJhZG1pbiJ9.eFUX8pMj060q0Oh5Gx27twsXnVbNZRrh0aj5hCYxknk' LIMIT 1

2026/07/23 10:25:51 [32mD:/Develop/Project_pos_mahenz/BE/domain/product_category/repo/product_category_repo.go:79
[0m[33m[0.892ms] [34;1m[rows:1][0m SELECT c.id, c.name, COALESCE(c.code, '') as code, c.description, COALESCE(c.is_active, 1) as is_active, (SELECT COUNT(*) FROM products p WHERE p.category_id = c.id) AS product_count, (SELECT COUNT(*) FROM products p WHERE p.category_id = c.id AND p.is_active = 1) AS active_product_count, c.created_at FROM categories c WHERE c.id = 2 LIMIT 1

2026/07/23 10:25:51 [32mD:/Develop/Project_pos_mahenz/BE/domain/product/repo/product_generate_repo.go:39
[0m[33m[0.000ms] [34;1m[rows:1][0m SELECT COUNT(*) FROM products WHERE category_id = 2

2026/07/23 10:25:51 [32mD:/Develop/Project_pos_mahenz/BE/domain/product/repo/product_generate_repo.go:21
[0m[33m[0.579ms] [34;1m[rows:0][0m SELECT id FROM products WHERE sku = 'MAK-0005' AND id != 0 LIMIT 1
[GIN] 2026/07/23 - 10:25:51 | 200 |       3.571ms |             ::1 | POST     "/api/products/generate-sku"

2026/07/23 10:25:51 [32mD:/Develop/Project_pos_mahenz/BE/repository/log_request_repository.go:32
[0m[33m[10.632ms] [34;1m[rows:1][0m INSERT INTO log_requests (id, method, endpoint, status_code, request_body, response_body, user_id, duration_ms, ip_address, error_message, created_at) VALUES ('5493e1b2-85ce-4749-971e-c41311f983d7', 'POST', '/api/products/generate-sku', 200, '{"category_id":2}', '{"code":"00","status":true,"message":"SKU berhasil digenerate","data":{"sku":"MAK-0005"}}', 2, 3, '::1', NULL, '2026-07-23 10:25:51.862')
[GIN] 2026/07/23 - 10:25:57 | 204 |            0s |             ::1 | OPTIONS  "/api/products/create"

2026/07/23 10:25:57 [32mD:/Develop/Project_pos_mahenz/BE/domain/auth/repo/auth_repo.go:46
[0m[33m[1.049ms] [34;1m[rows:1][0m SELECT id, user_id, user_role, token, device_info, expires_at FROM sessions WHERE token = 'eyJhbGciOiJIUzI1NiIsInR5cCI6IkpXVCJ9.eyJhcHBzIjoid2ViIiwiZXhwIjoxNzg0ODA1OTQ3LCJmdWxsX25hbWUiOiJBZG1pbmlzdHJhdG9yIiwicm9sZSI6ImFkbWluIiwidXNlcl9pZCI6MiwidXNlcm5hbWUiOiJhZG1pbiJ9.eFUX8pMj060q0Oh5Gx27twsXnVbNZRrh0aj5hCYxknk' LIMIT 1

2026/07/23 10:25:57 [32mD:/Develop/Project_pos_mahenz/BE/domain/product_category/repo/product_category_repo.go:79
[0m[33m[0.625ms] [34;1m[rows:1][0m SELECT c.id, c.name, COALESCE(c.code, '') as code, c.description, COALESCE(c.is_active, 1) as is_active, (SELECT COUNT(*) FROM products p WHERE p.category_id = c.id) AS product_count, (SELECT COUNT(*) FROM products p WHERE p.category_id = c.id AND p.is_active = 1) AS active_product_count, c.created_at FROM categories c WHERE c.id = 2 LIMIT 1

2026/07/23 10:25:57 [32mD:/Develop/Project_pos_mahenz/BE/domain/product_unit/repo/unit_repo.go:81
[0m[33m[0.592ms] [34;1m[rows:1][0m SELECT id, name, abbreviation, is_active, created_at FROM units WHERE id = 4 LIMIT 1

2026/07/23 10:25:57 [32mD:/Develop/Project_pos_mahenz/BE/domain/product/repo/product_generate_repo.go:12
[0m[33m[0.615ms] [34;1m[rows:0][0m SELECT id FROM products WHERE barcode = '8992233103578' AND id != 0 LIMIT 1

2026/07/23 10:25:57 [32mD:/Develop/Project_pos_mahenz/BE/domain/product/repo/product_generate_repo.go:21
[0m[33m[0.000ms] [34;1m[rows:0][0m SELECT id FROM products WHERE sku = 'MAK-0005' AND id != 0 LIMIT 1

2026/07/23 10:25:57 [32mD:/Develop/Project_pos_mahenz/BE/domain/product/repo/product_generate_repo.go:30
[0m[33m[0.618ms] [34;1m[rows:0][0m SELECT id FROM products WHERE LOWER(TRIM(name)) = LOWER(TRIM('Rokok Chain Test A')) AND id != 0 LIMIT 1

2026/07/23 10:25:57 [32mD:/Develop/Project_pos_mahenz/BE/domain/product/repo/product_repo.go:212
[0m[33m[0.659ms] [34;1m[rows:1][0m INSERT INTO products (barcode, sku, name, category_id, purchase_price, selling_price, stock, min_stock, unit_id) VALUES ('8992233103578', 'MAK-0005', 'Rokok Chain Test A', 2, 500, 1000, 1000, 5, 4)

2026/07/23 10:25:57 [32mD:/Develop/Project_pos_mahenz/BE/domain/product/repo/product_repo.go:219
[0m[33m[0.000ms] [34;1m[rows:1][0m SELECT LAST_INSERT_ID()

2026/07/23 10:25:57 [32mD:/Develop/Project_pos_mahenz/BE/domain/product/repo/product_repo.go:223
[0m[33m[0.575ms] [34;1m[rows:1][0m INSERT INTO product_packages (product_id, unit_id, purchase_price, selling_price, is_default) VALUES (12, 4, 500, 1000, 1)

2026/07/23 10:25:57 [32mD:/Develop/Project_pos_mahenz/BE/domain/product/repo/product_repo.go:227
[0m[33m[0.000ms] [34;1m[rows:1][0m SELECT LAST_INSERT_ID()

2026/07/23 10:25:57 [32mD:/Develop/Project_pos_mahenz/BE/domain/product/repo/product_repo.go:244
[0m[33m[0.759ms] [34;1m[rows:1][0m INSERT INTO product_packages (product_id, unit_id, package_name, ref_package_id, qty, ref_qty, purchase_price, selling_price, is_default) VALUES (12, 2, NULL, 12, 1, 12, 5500, 11000, 0)

2026/07/23 10:25:57 [32mD:/Develop/Project_pos_mahenz/BE/domain/product/repo/product_repo.go:250
[0m[33m[0.586ms] [34;1m[rows:1][0m SELECT LAST_INSERT_ID()

2026/07/23 10:25:57 [32mD:/Develop/Project_pos_mahenz/BE/domain/product/repo/product_repo.go:244
[0m[33m[0.000ms] [34;1m[rows:1][0m INSERT INTO product_packages (product_id, unit_id, package_name, ref_package_id, qty, ref_qty, purchase_price, selling_price, is_default) VALUES (12, 3, NULL, 13, 1, 10, 52000, 105000, 0)

2026/07/23 10:25:57 [32mD:/Develop/Project_pos_mahenz/BE/domain/product/repo/product_repo.go:250
[0m[33m[0.000ms] [34;1m[rows:1][0m SELECT LAST_INSERT_ID()

2026/07/23 10:25:57 [32mD:/Develop/Project_pos_mahenz/BE/domain/product/repo/product_repo.go:136
[0m[33m[0.928ms] [34;1m[rows:1][0m 
		SELECT p.id, p.barcode, COALESCE(p.sku, '') as sku, p.name, p.category_id, COALESCE(c.name, '') as category_name,
		       p.purchase_price, p.selling_price, p.stock, p.reserved_qty, p.min_stock,
		       COALESCE(p.unit_id, 0) as unit_id, COALESCE(u.name, '') as unit_name, COALESCE(u.abbreviation, '') as unit_abbreviation,
		       p.is_active, p.created_at, p.updated_at,
		       (SELECT COUNT(*) FROM product_packages pp WHERE pp.product_id = p.id AND pp.is_default = 0) AS extra_packages,
		       (SELECT COUNT(*) FROM product_prices pr WHERE pr.product_id = p.id) AS price_tiers_count
		FROM products p
		LEFT JOIN categories c ON p.category_id = c.id
		LEFT JOIN units u ON u.id = p.unit_id
		WHERE p.id = 12 LIMIT 1
[GIN] 2026/07/23 - 10:25:57 | 201 |     17.6667ms |             ::1 | POST     "/api/products/create"

2026/07/23 10:25:57 [32mD:/Develop/Project_pos_mahenz/BE/repository/log_request_repository.go:32
[0m[33m[2.902ms] [34;1m[rows:1][0m INSERT INTO log_requests (id, method, endpoint, status_code, request_body, response_body, user_id, duration_ms, ip_address, error_message, created_at) VALUES ('c60df434-3698-4d05-8400-05992c81a2b7', 'POST', '/api/products/create', 201, '{"name":"Rokok Chain Test A","sku":"MAK-0005","barcode":"8992233103578","category_id":2,"purchase_price":500,"selling_price":1000,"stock":1000,"min_stock":5,"unit_id":4,"is_active":true,"packages":[{"temp_id":1,"unit_id":2,"ref_temp_id":0,"qty":1,"ref_qty":12,"purchase_price":5500,"selling_price":11000},{"temp_id":2,"unit_id":3,"ref_temp_id":1,"qty":1,"ref_qty":10,"purchase_price":52000,"selling_price":105000}]}', '{"code":"00","status":true,"message":"Produk berhasil dibuat","data":{"id":12,"barcode":"8992233103578","sku":"MAK-0005","name":"Rokok Chain Test A","category_id":2,"category_name":"Makanan","purchase_price":500,"selling_price":1000,"stock":1000,"reserved_qty":0,"min_stock":5,"unit_id":4,"unit_name":"Batang","unit_abbreviation":"btg","is_active":true,"extra_packages":2,"price_tiers_count":0}}', 2, 17, '::1', NULL, '2026-07-23 10:25:57.158')

2026/07/23 10:25:57 [32mD:/Develop/Project_pos_mahenz/BE/domain/auth/repo/auth_repo.go:46
[0m[33m[0.511ms] [34;1m[rows:1][0m SELECT id, user_id, user_role, token, device_info, expires_at FROM sessions WHERE token = 'eyJhbGciOiJIUzI1NiIsInR5cCI6IkpXVCJ9.eyJhcHBzIjoid2ViIiwiZXhwIjoxNzg0ODA1OTQ3LCJmdWxsX25hbWUiOiJBZG1pbmlzdHJhdG9yIiwicm9sZSI6ImFkbWluIiwidXNlcl9pZCI6MiwidXNlcm5hbWUiOiJhZG1pbiJ9.eFUX8pMj060q0Oh5Gx27twsXnVbNZRrh0aj5hCYxknk' LIMIT 1

2026/07/23 10:25:57 [32mD:/Develop/Project_pos_mahenz/BE/domain/product/repo/product_repo.go:100
[0m[33m[0.000ms] [34;1m[rows:1][0m SELECT COUNT(*) FROM products p WHERE 1=1

2026/07/23 10:25:57 [32mD:/Develop/Project_pos_mahenz/BE/domain/product/repo/product_repo.go:119
[0m[33m[1.664ms] [34;1m[rows:10][0m 
		SELECT p.id, p.barcode, COALESCE(p.sku, '') as sku, p.name, p.category_id, COALESCE(c.name, '') as category_name,
		       p.purchase_price, p.selling_price, p.stock, p.reserved_qty, p.min_stock,
		       COALESCE(p.unit_id, 0) as unit_id, COALESCE(u.name, '') as unit_name, COALESCE(u.abbreviation, '') as unit_abbreviation,
		       p.is_active,
		       (SELECT COUNT(*) FROM product_packages pp WHERE pp.product_id = p.id AND pp.is_default = 0) AS extra_packages,
		       (SELECT COUNT(*) FROM product_prices pr WHERE pr.product_id = p.id) AS price_tiers_count
		FROM products p
		LEFT JOIN categories c ON p.category_id = c.id
		LEFT JOIN units u ON u.id = p.unit_id
		WHERE 1=1 ORDER BY p.name ASC LIMIT 10 OFFSET 0
[GIN] 2026/07/23 - 10:25:57 | 200 |      2.7208ms |             ::1 | POST     "/api/products/list"

2026/07/23 10:25:57 [32mD:/Develop/Project_pos_mahenz/BE/repository/log_request_repository.go:32
[0m[33m[2.949ms] [34;1m[rows:1][0m INSERT INTO log_requests (id, method, endpoint, status_code, request_body, response_body, user_id, duration_ms, ip_address, error_message, created_at) VALUES ('329e47ca-ebe7-42cb-bbad-b9bd372aa59d', 'POST', '/api/products/list', 200, '{"page":1,"limit":10,"search":""}', '{"code":"00","status":true,"message":"Daftar produk","data":[{"id":10,"barcode":"9990001112229","sku":"MAK-0003","name":"Import Barcode Duplikat A","category_id":2,"category_name":"Makanan","purchase_price":1000,"selling_price":2000,"stock":5,"reserved_qty":0,"min_stock":1,"unit_id":1,"unit_name":"Pcs","unit_abbreviation":"pcs","is_active":true,"extra_packages":0,"price_tiers_count":0},{"id":11,"barcode":"8995170829136","sku":"MAK-0004","name":"Import Beras Premium 5kg","category_id":2,"category_name":"Makanan","purchase_price":55000,"selling_price":65000,"stock":15,"reserved_qty":0,"min_stock":3,"unit_id":1,"unit_name":"Pcs","unit_abbreviation":"pcs","is_active":true,"extra_packages":1,"price_tiers_count":0},{"id":9,"barcode":"9990001112223","sku":"MAK-0002","name":"Import Gula Pasir 1kg","category_id":2,"category_name":"Makanan","purchase_price":13000,"selling_price":15000,"stock":10,"reserved_qty":0,"min_stock":2,"unit_id":1,"unit_name":"Pcs","unit_abbreviation":"pcs","is_active":true,"extra_packages":0,"price_tiers_count":0},{"id":8,"barcode":"8992258362998","sku":"MAK-0001","name":"Import Kopi Sachet 3in1","category_id":2,"category_name":"Makanan","purchase_price":1200,"selling_price":1800,"stock":20,"reserved_qty":0,"min_stock":5,"unit_id":1,"unit_name":"Pcs","unit_abbreviation":"pcs","is_active":true,"extra_packages":0,"price_tiers_count":0},{"id":7,"barcode":"7777777777777","sku":"MIN-0005","name":"Manual SKU Jump Test","category_id":1,"category_name":"Minuman","purchase_price":0,"selling_price":1000,"stock":0,"reserved_qty":0,"min_stock":0,"unit_id":1,"unit_name":"Pcs","unit_abbreviation":"pcs","is_active":true,"extra_packages":0,"price_tiers_count":0},{"id":5,"barcode":"5555555555555","sku":"MIN-BYP1","name":"Owner Bypass Stock Test","category_id":1,"category_name":"Minuman","purchase_price":0,"selling_price":1000,"stock":0,"reserved_qty":0,"min_stock":0,"unit_id":1,"unit_name":"Pcs","unit_abbreviation":"pcs","is_active":true,"extra_packages":0,"price_tiers_count":0},{"id":6,"barcode":"6666666666666","sku":"MIN-SPF1","name":"Owner Spoof Role Test","category_id":1,"category_name":"Minuman","purchase_price":0,"selling_price":1000,"stock":0,"reserved_qty":0,"min_stock":0,"unit_id":1,"unit_name":"Pcs","unit_abbreviation":"pcs","is_active":true,"extra_packages":0,"price_tiers_count":0},{"id":12,"barcode":"8992233103578","sku":"MAK-0005","name":"Rokok Chain Test A","category_id":2,"category_name":"Makanan","purchase_price":500,"selling_price":1000,"stock":1000,"reserved_qty":0,"min_stock":5,"unit_id":4,"unit_name":"Batang","unit_abbreviation":"btg","is_active":true,"extra_packages":2,"price_tiers_count":0},{"id":4,"barcode":"4444444444444","sku":"MIN-5555","name":"Sanity Check Product","category_id":1,"category_name":"Minuman","purchase_price":0,"selling_price":1000,"stock":0,"reserved_qty":0,"min_stock":0,"unit_id":1,"unit_name":"Pcs","unit_abbreviation":"pcs","is_active":true,"extra_packages":0,"price_tiers_count":0},{"id":1,"barcode":"8990874779046","sku":"MIN-0001","name":"Teh Botol Sosro 350ml (Edited)","category_id":1,"category_name":"Minuman","purchase_price":3500,"selling_price":5800,"stock":48,"reserved_qty":0,"min_stock":10,"unit_id":1,"unit_name":"Pcs","unit_abbreviation":"pcs","is_active":true,"extra_packages":0,"price_tiers_count":0}],"pagination":{"page":1,"per_page":10,"total":10,"total_pages":1}}', 2, 2, '::1', NULL, '2026-07-23 10:25:57.166')

2026/07/23 10:26:45 [32mD:/Develop/Project_pos_mahenz/BE/domain/auth/repo/auth_repo.go:17
[0m[33m[2.007ms] [34;1m[rows:1][0m SELECT u.id, u.username, u.password, u.full_name, u.role_id, r.name AS role_name, u.is_active FROM users u INNER JOIN roles r ON r.id = u.role_id WHERE u.username = 'admin' LIMIT 1

2026/07/23 10:26:45 [32mD:/Develop/Project_pos_mahenz/BE/domain/auth/repo/auth_repo.go:67
[0m[33m[1.538ms] [34;1m[rows:1][0m DELETE FROM sessions WHERE user_id = 2

2026/07/23 10:26:45 [32mD:/Develop/Project_pos_mahenz/BE/domain/auth/repo/auth_repo.go:38
[0m[33m[0.000ms] [34;1m[rows:1][0m INSERT INTO sessions (user_id, user_role, token, refresh_token, device_info, ip_address, expires_at) VALUES (2, 'admin', 'eyJhbGciOiJIUzI1NiIsInR5cCI6IkpXVCJ9.eyJhcHBzIjoiIiwiZXhwIjoxNzg0ODA2MDA1LCJmdWxsX25hbWUiOiJBZG1pbmlzdHJhdG9yIiwicm9sZSI6ImFkbWluIiwidXNlcl9pZCI6MiwidXNlcm5hbWUiOiJhZG1pbiJ9.p3BiXeZyX3MTWW2KucExWI7JtFdECyhXRlV620znDng', '6bf5bba44f9c42e9247d0070831f1766956864b841132d00b87df51fda680c56', '', '::1', '2026-07-30 10:26:45.562') ON DUPLICATE KEY UPDATE user_role=VALUES(user_role), token=VALUES(token), refresh_token=VALUES(refresh_token), device_info=VALUES(device_info), ip_address=VALUES(ip_address), expires_at=VALUES(expires_at), created_at=NOW()
[GIN] 2026/07/23 - 10:26:45 | 200 |    113.8644ms |             ::1 | POST     "/api/auth/login"

2026/07/23 10:26:45 [32mD:/Develop/Project_pos_mahenz/BE/repository/log_request_repository.go:32
[0m[33m[0.000ms] [34;1m[rows:1][0m INSERT INTO log_requests (id, method, endpoint, status_code, request_body, response_body, user_id, duration_ms, ip_address, error_message, created_at) VALUES ('b0931530-63af-4d4f-a60b-fb819b84008c', 'POST', '/api/auth/login', 200, '{"username":"admin","password":"admin123"}', '{"code":"00","status":true,"message":"Login berhasil","data":{"token":"eyJhbGciOiJIUzI1NiIsInR5cCI6IkpXVCJ9.eyJhcHBzIjoiIiwiZXhwIjoxNzg0ODA2MDA1LCJmdWxsX25hbWUiOiJBZG1pbmlzdHJhdG9yIiwicm9sZSI6ImFkbWluIiwidXNlcl9pZCI6MiwidXNlcm5hbWUiOiJhZG1pbiJ9.p3BiXeZyX3MTWW2KucExWI7JtFdECyhXRlV620znDng","refresh_token":"6bf5bba44f9c42e9247d0070831f1766956864b841132d00b87df51fda680c56","expires_at":"2026-07-30T10:26:45.5624083+07:00","user":{"id":2,"username":"admin","full_name":"Administrator","role_id":2,"role_name":"admin"}}}', NULL, 113, '::1', NULL, '2026-07-23 10:26:45.563')

2026/07/23 10:26:45 [32mD:/Develop/Project_pos_mahenz/BE/domain/auth/repo/auth_repo.go:46
[0m[33m[0.505ms] [34;1m[rows:1][0m SELECT id, user_id, user_role, token, device_info, expires_at FROM sessions WHERE token = 'eyJhbGciOiJIUzI1NiIsInR5cCI6IkpXVCJ9.eyJhcHBzIjoiIiwiZXhwIjoxNzg0ODA2MDA1LCJmdWxsX25hbWUiOiJBZG1pbmlzdHJhdG9yIiwicm9sZSI6ImFkbWluIiwidXNlcl9pZCI6MiwidXNlcm5hbWUiOiJhZG1pbiJ9.p3BiXeZyX3MTWW2KucExWI7JtFdECyhXRlV620znDng' LIMIT 1

2026/07/23 10:26:45 [32mD:/Develop/Project_pos_mahenz/BE/domain/product/repo/product_repo.go:100
[0m[33m[0.553ms] [34;1m[rows:1][0m SELECT COUNT(*) FROM products p WHERE 1=1 AND (p.name LIKE '%Rokok Chain Test A%' OR p.barcode LIKE '%Rokok Chain Test A%')

2026/07/23 10:26:45 [32mD:/Develop/Project_pos_mahenz/BE/domain/product/repo/product_repo.go:119
[0m[33m[2.192ms] [34;1m[rows:1][0m 
		SELECT p.id, p.barcode, COALESCE(p.sku, '') as sku, p.name, p.category_id, COALESCE(c.name, '') as category_name,
		       p.purchase_price, p.selling_price, p.stock, p.reserved_qty, p.min_stock,
		       COALESCE(p.unit_id, 0) as unit_id, COALESCE(u.name, '') as unit_name, COALESCE(u.abbreviation, '') as unit_abbreviation,
		       p.is_active,
		       (SELECT COUNT(*) FROM product_packages pp WHERE pp.product_id = p.id AND pp.is_default = 0) AS extra_packages,
		       (SELECT COUNT(*) FROM product_prices pr WHERE pr.product_id = p.id) AS price_tiers_count
		FROM products p
		LEFT JOIN categories c ON p.category_id = c.id
		LEFT JOIN units u ON u.id = p.unit_id
		WHERE 1=1 AND (p.name LIKE '%Rokok Chain Test A%' OR p.barcode LIKE '%Rokok Chain Test A%') ORDER BY p.name ASC LIMIT 50 OFFSET 0
[GIN] 2026/07/23 - 10:26:45 | 200 |      4.4374ms |             ::1 | POST     "/api/products/list"

2026/07/23 10:26:45 [32mD:/Develop/Project_pos_mahenz/BE/repository/log_request_repository.go:32
[0m[33m[2.517ms] [34;1m[rows:1][0m INSERT INTO log_requests (id, method, endpoint, status_code, request_body, response_body, user_id, duration_ms, ip_address, error_message, created_at) VALUES ('720f3f8e-4f6b-4285-9608-9862fecb8525', 'POST', '/api/products/list', 200, '{"page":1,"limit":50,"search":"Rokok Chain Test A"}', '{"code":"00","status":true,"message":"Daftar produk","data":[{"id":12,"barcode":"8992233103578","sku":"MAK-0005","name":"Rokok Chain Test A","category_id":2,"category_name":"Makanan","purchase_price":500,"selling_price":1000,"stock":1000,"reserved_qty":0,"min_stock":5,"unit_id":4,"unit_name":"Batang","unit_abbreviation":"btg","is_active":true,"extra_packages":2,"price_tiers_count":0}],"pagination":{"page":1,"per_page":50,"total":1,"total_pages":1}}', 2, 4, '::1', NULL, '2026-07-23 10:26:45.713')

2026/07/23 10:26:45 [32mD:/Develop/Project_pos_mahenz/BE/domain/auth/repo/auth_repo.go:46
[0m[33m[0.576ms] [34;1m[rows:1][0m SELECT id, user_id, user_role, token, device_info, expires_at FROM sessions WHERE token = 'eyJhbGciOiJIUzI1NiIsInR5cCI6IkpXVCJ9.eyJhcHBzIjoiIiwiZXhwIjoxNzg0ODA2MDA1LCJmdWxsX25hbWUiOiJBZG1pbmlzdHJhdG9yIiwicm9sZSI6ImFkbWluIiwidXNlcl9pZCI6MiwidXNlcm5hbWUiOiJhZG1pbiJ9.p3BiXeZyX3MTWW2KucExWI7JtFdECyhXRlV620znDng' LIMIT 1

2026/07/23 10:26:45 [32mD:/Develop/Project_pos_mahenz/BE/domain/product/repo/product_repo.go:136
[0m[33m[1.423ms] [34;1m[rows:1][0m 
		SELECT p.id, p.barcode, COALESCE(p.sku, '') as sku, p.name, p.category_id, COALESCE(c.name, '') as category_name,
		       p.purchase_price, p.selling_price, p.stock, p.reserved_qty, p.min_stock,
		       COALESCE(p.unit_id, 0) as unit_id, COALESCE(u.name, '') as unit_name, COALESCE(u.abbreviation, '') as unit_abbreviation,
		       p.is_active, p.created_at, p.updated_at,
		       (SELECT COUNT(*) FROM product_packages pp WHERE pp.product_id = p.id AND pp.is_default = 0) AS extra_packages,
		       (SELECT COUNT(*) FROM product_prices pr WHERE pr.product_id = p.id) AS price_tiers_count
		FROM products p
		LEFT JOIN categories c ON p.category_id = c.id
		LEFT JOIN units u ON u.id = p.unit_id
		WHERE p.id = 12 LIMIT 1

2026/07/23 10:26:45 [32mD:/Develop/Project_pos_mahenz/BE/domain/product/repo/product_package_repo.go:23
[0m[33m[0.693ms] [34;1m[rows:3][0m 
		SELECT pp.id, pp.product_id, pp.unit_id, COALESCE(u.name, '') AS unit_name, COALESCE(u.abbreviation, '') AS abbreviation,
		       COALESCE(pp.package_name, '') AS package_name, pp.ref_package_id, pp.qty, pp.ref_qty, pp.purchase_price, pp.selling_price, pp.is_default
		FROM product_packages pp
		JOIN units u ON u.id = pp.unit_id
		WHERE pp.product_id = 12
[GIN] 2026/07/23 - 10:26:45 | 200 |      3.3916ms |             ::1 | POST     "/api/products/12/packages/list"

2026/07/23 10:26:45 [32mD:/Develop/Project_pos_mahenz/BE/repository/log_request_repository.go:32
[0m[33m[2.618ms] [34;1m[rows:1][0m INSERT INTO log_requests (id, method, endpoint, status_code, request_body, response_body, user_id, duration_ms, ip_address, error_message, created_at) VALUES ('bc167117-6710-4bcf-8827-f55153420d1a', 'POST', '/api/products/12/packages/list', 200, '{}', '{"code":"00","status":true,"message":"Daftar paket produk","data":[{"id":12,"product_id":12,"unit_id":4,"unit_name":"Batang","abbreviation":"btg","package_name":"","ref_package_id":null,"qty":1,"ref_qty":null,"resolved_factor":1,"purchase_price":500,"selling_price":1000,"is_default":true},{"id":13,"product_id":12,"unit_id":2,"unit_name":"Pack","abbreviation":"pack","package_name":"","ref_package_id":12,"qty":1,"ref_qty":12,"resolved_factor":12,"purchase_price":5500,"selling_price":11000,"is_default":false},{"id":14,"product_id":12,"unit_id":3,"unit_name":"Slop","abbreviation":"slop","package_name":"","ref_package_id":13,"qty":1,"ref_qty":10,"resolved_factor":120,"purchase_price":52000,"selling_price":105000,"is_default":false}]}', 2, 3, '::1', NULL, '2026-07-23 10:26:45.947')

2026/07/23 10:26:59 [32mD:/Develop/Project_pos_mahenz/BE/domain/auth/repo/auth_repo.go:17
[0m[33m[0.508ms] [34;1m[rows:1][0m SELECT u.id, u.username, u.password, u.full_name, u.role_id, r.name AS role_name, u.is_active FROM users u INNER JOIN roles r ON r.id = u.role_id WHERE u.username = 'admin' LIMIT 1

2026/07/23 10:26:59 [32mD:/Develop/Project_pos_mahenz/BE/domain/auth/repo/auth_repo.go:67
[0m[33m[3.301ms] [34;1m[rows:1][0m DELETE FROM sessions WHERE user_id = 2

2026/07/23 10:26:59 [32mD:/Develop/Project_pos_mahenz/BE/domain/auth/repo/auth_repo.go:38
[0m[33m[2.541ms] [34;1m[rows:1][0m INSERT INTO sessions (user_id, user_role, token, refresh_token, device_info, ip_address, expires_at) VALUES (2, 'admin', 'eyJhbGciOiJIUzI1NiIsInR5cCI6IkpXVCJ9.eyJhcHBzIjoiIiwiZXhwIjoxNzg0ODA2MDE5LCJmdWxsX25hbWUiOiJBZG1pbmlzdHJhdG9yIiwicm9sZSI6ImFkbWluIiwidXNlcl9pZCI6MiwidXNlcm5hbWUiOiJhZG1pbiJ9.FtoHA9xvD4kO3Ux4NBwBpB0UKfIP9ySY9UMonFGrldI', '8840c78a427add2c1ea208c445c95bac098296f9d0216e2c57baf1a2c46f56da', '', '::1', '2026-07-30 10:26:59.491') ON DUPLICATE KEY UPDATE user_role=VALUES(user_role), token=VALUES(token), refresh_token=VALUES(refresh_token), device_info=VALUES(device_info), ip_address=VALUES(ip_address), expires_at=VALUES(expires_at), created_at=NOW()
[GIN] 2026/07/23 - 10:26:59 | 200 |      85.285ms |             ::1 | POST     "/api/auth/login"

2026/07/23 10:26:59 [32mD:/Develop/Project_pos_mahenz/BE/repository/log_request_repository.go:32
[0m[33m[1.844ms] [34;1m[rows:1][0m INSERT INTO log_requests (id, method, endpoint, status_code, request_body, response_body, user_id, duration_ms, ip_address, error_message, created_at) VALUES ('14253b8e-8556-4e89-b466-593400348bc4', 'POST', '/api/auth/login', 200, '{"username":"admin","password":"admin123"}', '{"code":"00","status":true,"message":"Login berhasil","data":{"token":"eyJhbGciOiJIUzI1NiIsInR5cCI6IkpXVCJ9.eyJhcHBzIjoiIiwiZXhwIjoxNzg0ODA2MDE5LCJmdWxsX25hbWUiOiJBZG1pbmlzdHJhdG9yIiwicm9sZSI6ImFkbWluIiwidXNlcl9pZCI6MiwidXNlcm5hbWUiOiJhZG1pbiJ9.FtoHA9xvD4kO3Ux4NBwBpB0UKfIP9ySY9UMonFGrldI","refresh_token":"8840c78a427add2c1ea208c445c95bac098296f9d0216e2c57baf1a2c46f56da","expires_at":"2026-07-30T10:26:59.4916706+07:00","user":{"id":2,"username":"admin","full_name":"Administrator","role_id":2,"role_name":"admin"}}}', NULL, 85, '::1', NULL, '2026-07-23 10:26:59.497')

2026/07/23 10:26:59 [32mD:/Develop/Project_pos_mahenz/BE/domain/auth/repo/auth_repo.go:46
[0m[33m[0.610ms] [34;1m[rows:1][0m SELECT id, user_id, user_role, token, device_info, expires_at FROM sessions WHERE token = 'eyJhbGciOiJIUzI1NiIsInR5cCI6IkpXVCJ9.eyJhcHBzIjoiIiwiZXhwIjoxNzg0ODA2MDE5LCJmdWxsX25hbWUiOiJBZG1pbmlzdHJhdG9yIiwicm9sZSI6ImFkbWluIiwidXNlcl9pZCI6MiwidXNlcm5hbWUiOiJhZG1pbiJ9.FtoHA9xvD4kO3Ux4NBwBpB0UKfIP9ySY9UMonFGrldI' LIMIT 1
[GIN] 2026/07/23 - 10:26:59 | 403 |      1.3854ms |             ::1 | POST     "/api/products/12/packages/delete/12"
Error #01: Anda tidak memiliki akses ke fitur ini

2026/07/23 10:26:59 [32mD:/Develop/Project_pos_mahenz/BE/repository/log_request_repository.go:32
[0m[33m[2.324ms] [34;1m[rows:1][0m INSERT INTO log_requests (id, method, endpoint, status_code, request_body, response_body, user_id, duration_ms, ip_address, error_message, created_at) VALUES ('bf4eaa26-0f89-4b76-8eb7-105a11d48642', 'POST', '/api/products/12/packages/delete/12', 403, '{}', '{"code":"43","status":false,"message":"Anda tidak memiliki akses ke fitur ini","data":null}', 2, 1, '::1', 'Anda tidak memiliki akses ke fitur ini', '2026-07-23 10:26:59.589')

2026/07/23 10:26:59 [32mD:/Develop/Project_pos_mahenz/BE/domain/auth/repo/auth_repo.go:46
[0m[33m[0.513ms] [34;1m[rows:1][0m SELECT id, user_id, user_role, token, device_info, expires_at FROM sessions WHERE token = 'eyJhbGciOiJIUzI1NiIsInR5cCI6IkpXVCJ9.eyJhcHBzIjoiIiwiZXhwIjoxNzg0ODA2MDE5LCJmdWxsX25hbWUiOiJBZG1pbmlzdHJhdG9yIiwicm9sZSI6ImFkbWluIiwidXNlcl9pZCI6MiwidXNlcm5hbWUiOiJhZG1pbiJ9.FtoHA9xvD4kO3Ux4NBwBpB0UKfIP9ySY9UMonFGrldI' LIMIT 1
[GIN] 2026/07/23 - 10:26:59 | 403 |      1.2768ms |             ::1 | POST     "/api/products/12/packages/delete/13"
Error #01: Anda tidak memiliki akses ke fitur ini

2026/07/23 10:26:59 [32mD:/Develop/Project_pos_mahenz/BE/repository/log_request_repository.go:32
[0m[33m[2.972ms] [34;1m[rows:1][0m INSERT INTO log_requests (id, method, endpoint, status_code, request_body, response_body, user_id, duration_ms, ip_address, error_message, created_at) VALUES ('bcb5a589-2f8d-42e7-a499-017652870fad', 'POST', '/api/products/12/packages/delete/13', 403, '{}', '{"code":"43","status":false,"message":"Anda tidak memiliki akses ke fitur ini","data":null}', 2, 1, '::1', 'Anda tidak memiliki akses ke fitur ini', '2026-07-23 10:26:59.699')

2026/07/23 10:26:59 [32mD:/Develop/Project_pos_mahenz/BE/domain/auth/repo/auth_repo.go:46
[0m[33m[0.645ms] [34;1m[rows:1][0m SELECT id, user_id, user_role, token, device_info, expires_at FROM sessions WHERE token = 'eyJhbGciOiJIUzI1NiIsInR5cCI6IkpXVCJ9.eyJhcHBzIjoiIiwiZXhwIjoxNzg0ODA2MDE5LCJmdWxsX25hbWUiOiJBZG1pbmlzdHJhdG9yIiwicm9sZSI6ImFkbWluIiwidXNlcl9pZCI6MiwidXNlcm5hbWUiOiJhZG1pbiJ9.FtoHA9xvD4kO3Ux4NBwBpB0UKfIP9ySY9UMonFGrldI' LIMIT 1
[GIN] 2026/07/23 - 10:26:59 | 422 |      1.2678ms |             ::1 | POST     "/api/products/12/packages/update/12"
Error #01: Key: 'UpdatePackageRequest.ref_package_id' Error:Field validation for 'ref_package_id' failed on the 'required' tag

2026/07/23 10:26:59 [32mD:/Develop/Project_pos_mahenz/BE/repository/log_request_repository.go:32
[0m[33m[2.747ms] [34;1m[rows:1][0m INSERT INTO log_requests (id, method, endpoint, status_code, request_body, response_body, user_id, duration_ms, ip_address, error_message, created_at) VALUES ('8156b7f6-0bc7-49ac-bda5-0f8294faffe1', 'POST', '/api/products/12/packages/update/12', 422, '{"unit_id":4,"ref_package_id":0,"qty":1,"ref_qty":2,"purchase_price":500,"selling_price":1000}', '{"code":"42","status":false,"message":"Invalid Request","data":null,"errors":{"ref_package_id":"ref package id wajib diisi"}}', 2, 1, '::1', 'Key: ''UpdatePackageRequest.ref_package_id'' Error:Field validation for ''ref_package_id'' failed on the ''required'' tag', '2026-07-23 10:26:59.793')

2026/07/23 10:26:59 [32mD:/Develop/Project_pos_mahenz/BE/domain/auth/repo/auth_repo.go:46
[0m[33m[0.509ms] [34;1m[rows:1][0m SELECT id, user_id, user_role, token, device_info, expires_at FROM sessions WHERE token = 'eyJhbGciOiJIUzI1NiIsInR5cCI6IkpXVCJ9.eyJhcHBzIjoiIiwiZXhwIjoxNzg0ODA2MDE5LCJmdWxsX25hbWUiOiJBZG1pbmlzdHJhdG9yIiwicm9sZSI6ImFkbWluIiwidXNlcl9pZCI6MiwidXNlcm5hbWUiOiJhZG1pbiJ9.FtoHA9xvD4kO3Ux4NBwBpB0UKfIP9ySY9UMonFGrldI' LIMIT 1

2026/07/23 10:26:59 [32mD:/Develop/Project_pos_mahenz/BE/domain/product/repo/product_repo.go:136
[0m[33m[0.529ms] [34;1m[rows:1][0m 
		SELECT p.id, p.barcode, COALESCE(p.sku, '') as sku, p.name, p.category_id, COALESCE(c.name, '') as category_name,
		       p.purchase_price, p.selling_price, p.stock, p.reserved_qty, p.min_stock,
		       COALESCE(p.unit_id, 0) as unit_id, COALESCE(u.name, '') as unit_name, COALESCE(u.abbreviation, '') as unit_abbreviation,
		       p.is_active, p.created_at, p.updated_at,
		       (SELECT COUNT(*) FROM product_packages pp WHERE pp.product_id = p.id AND pp.is_default = 0) AS extra_packages,
		       (SELECT COUNT(*) FROM product_prices pr WHERE pr.product_id = p.id) AS price_tiers_count
		FROM products p
		LEFT JOIN categories c ON p.category_id = c.id
		LEFT JOIN units u ON u.id = p.unit_id
		WHERE p.id = 12 LIMIT 1

2026/07/23 10:26:59 [32mD:/Develop/Project_pos_mahenz/BE/domain/product/repo/product_package_repo.go:23
[0m[33m[0.670ms] [34;1m[rows:3][0m 
		SELECT pp.id, pp.product_id, pp.unit_id, COALESCE(u.name, '') AS unit_name, COALESCE(u.abbreviation, '') AS abbreviation,
		       COALESCE(pp.package_name, '') AS package_name, pp.ref_package_id, pp.qty, pp.ref_qty, pp.purchase_price, pp.selling_price, pp.is_default
		FROM product_packages pp
		JOIN units u ON u.id = pp.unit_id
		WHERE pp.product_id = 12
[GIN] 2026/07/23 - 10:26:59 | 400 |      2.2471ms |             ::1 | POST     "/api/products/12/packages/update/13"
Error #01: Referensi tidak valid: konversi paket 13 melingkar

2026/07/23 10:26:59 [32mD:/Develop/Project_pos_mahenz/BE/repository/log_request_repository.go:32
[0m[33m[2.604ms] [34;1m[rows:1][0m INSERT INTO log_requests (id, method, endpoint, status_code, request_body, response_body, user_id, duration_ms, ip_address, error_message, created_at) VALUES ('f361ce09-d51d-4eac-a2c8-88ee1f75cefd', 'POST', '/api/products/12/packages/update/13', 400, '{"unit_id":2,"ref_package_id":14,"qty":1,"ref_qty":10,"purchase_price":5500,"selling_price":11000}', '{"code":"40","status":false,"message":"Referensi tidak valid: konversi paket 13 melingkar","data":null}', 2, 2, '::1', 'Referensi tidak valid: konversi paket 13 melingkar', '2026-07-23 10:26:59.895')

2026/07/23 10:26:59 [32mD:/Develop/Project_pos_mahenz/BE/domain/auth/repo/auth_repo.go:46
[0m[33m[0.508ms] [34;1m[rows:1][0m SELECT id, user_id, user_role, token, device_info, expires_at FROM sessions WHERE token = 'eyJhbGciOiJIUzI1NiIsInR5cCI6IkpXVCJ9.eyJhcHBzIjoiIiwiZXhwIjoxNzg0ODA2MDE5LCJmdWxsX25hbWUiOiJBZG1pbmlzdHJhdG9yIiwicm9sZSI6ImFkbWluIiwidXNlcl9pZCI6MiwidXNlcm5hbWUiOiJhZG1pbiJ9.FtoHA9xvD4kO3Ux4NBwBpB0UKfIP9ySY9UMonFGrldI' LIMIT 1

2026/07/23 10:26:59 [32mD:/Develop/Project_pos_mahenz/BE/domain/product/repo/product_repo.go:136
[0m[33m[0.860ms] [34;1m[rows:1][0m 
		SELECT p.id, p.barcode, COALESCE(p.sku, '') as sku, p.name, p.category_id, COALESCE(c.name, '') as category_name,
		       p.purchase_price, p.selling_price, p.stock, p.reserved_qty, p.min_stock,
		       COALESCE(p.unit_id, 0) as unit_id, COALESCE(u.name, '') as unit_name, COALESCE(u.abbreviation, '') as unit_abbreviation,
		       p.is_active, p.created_at, p.updated_at,
		       (SELECT COUNT(*) FROM product_packages pp WHERE pp.product_id = p.id AND pp.is_default = 0) AS extra_packages,
		       (SELECT COUNT(*) FROM product_prices pr WHERE pr.product_id = p.id) AS price_tiers_count
		FROM products p
		LEFT JOIN categories c ON p.category_id = c.id
		LEFT JOIN units u ON u.id = p.unit_id
		WHERE p.id = 12 LIMIT 1

2026/07/23 10:26:59 [32mD:/Develop/Project_pos_mahenz/BE/domain/product/repo/product_package_repo.go:23
[0m[33m[0.519ms] [34;1m[rows:3][0m 
		SELECT pp.id, pp.product_id, pp.unit_id, COALESCE(u.name, '') AS unit_name, COALESCE(u.abbreviation, '') AS abbreviation,
		       COALESCE(pp.package_name, '') AS package_name, pp.ref_package_id, pp.qty, pp.ref_qty, pp.purchase_price, pp.selling_price, pp.is_default
		FROM product_packages pp
		JOIN units u ON u.id = pp.unit_id
		WHERE pp.product_id = 12

2026/07/23 10:27:00 [32mD:/Develop/Project_pos_mahenz/BE/domain/product/repo/product_package_repo.go:57
[0m[33m[2.367ms] [34;1m[rows:1][0m UPDATE product_packages SET unit_id = 2, package_name = NULL, ref_package_id = 12, qty = 1, ref_qty = 15, purchase_price = 5500, selling_price = 11000, updated_at = NOW() WHERE id = 13 AND product_id = 12 AND is_default = 0

2026/07/23 10:27:00 [32mD:/Develop/Project_pos_mahenz/BE/domain/product/repo/product_package_repo.go:23
[0m[33m[1.850ms] [34;1m[rows:3][0m 
		SELECT pp.id, pp.product_id, pp.unit_id, COALESCE(u.name, '') AS unit_name, COALESCE(u.abbreviation, '') AS abbreviation,
		       COALESCE(pp.package_name, '') AS package_name, pp.ref_package_id, pp.qty, pp.ref_qty, pp.purchase_price, pp.selling_price, pp.is_default
		FROM product_packages pp
		JOIN units u ON u.id = pp.unit_id
		WHERE pp.product_id = 12
[GIN] 2026/07/23 - 10:27:00 | 200 |      6.7306ms |             ::1 | POST     "/api/products/12/packages/update/13"

2026/07/23 10:27:00 [32mD:/Develop/Project_pos_mahenz/BE/repository/log_request_repository.go:32
[0m[33m[2.750ms] [34;1m[rows:1][0m INSERT INTO log_requests (id, method, endpoint, status_code, request_body, response_body, user_id, duration_ms, ip_address, error_message, created_at) VALUES ('dfcdf1b2-f575-4f90-91a4-4552c6c3ebd6', 'POST', '/api/products/12/packages/update/13', 200, '{"unit_id":2,"ref_package_id":12,"qty":1,"ref_qty":15,"purchase_price":5500,"selling_price":11000}', '{"code":"00","status":true,"message":"Paket produk berhasil diperbarui","data":{"id":13,"product_id":12,"unit_id":2,"unit_name":"Pack","abbreviation":"pack","package_name":"","ref_package_id":12,"qty":1,"ref_qty":15,"resolved_factor":15,"purchase_price":5500,"selling_price":11000,"is_default":false}}', 2, 6, '::1', NULL, '2026-07-23 10:27:00.002')

2026/07/23 10:27:27 [32mD:/Develop/Project_pos_mahenz/BE/domain/auth/repo/auth_repo.go:17
[0m[33m[16.604ms] [34;1m[rows:1][0m SELECT u.id, u.username, u.password, u.full_name, u.role_id, r.name AS role_name, u.is_active FROM users u INNER JOIN roles r ON r.id = u.role_id WHERE u.username = 'admin' LIMIT 1

2026/07/23 10:27:27 [32mD:/Develop/Project_pos_mahenz/BE/domain/auth/repo/auth_repo.go:67
[0m[33m[8.623ms] [34;1m[rows:1][0m DELETE FROM sessions WHERE user_id = 2

2026/07/23 10:27:27 [32mD:/Develop/Project_pos_mahenz/BE/domain/auth/repo/auth_repo.go:38
[0m[33m[2.548ms] [34;1m[rows:1][0m INSERT INTO sessions (user_id, user_role, token, refresh_token, device_info, ip_address, expires_at) VALUES (2, 'admin', 'eyJhbGciOiJIUzI1NiIsInR5cCI6IkpXVCJ9.eyJhcHBzIjoiIiwiZXhwIjoxNzg0ODA2MDQ3LCJmdWxsX25hbWUiOiJBZG1pbmlzdHJhdG9yIiwicm9sZSI6ImFkbWluIiwidXNlcl9pZCI6MiwidXNlcm5hbWUiOiJhZG1pbiJ9.UtOyxQzIFF94TbE3ltv6OKIX3VuXTAdQuHzTlzpBNFs', '8c6ebf38e4118564f9302c31bc38df2a5391964d7271aeae1ece109c2cf53d0a', '', '::1', '2026-07-30 10:27:27.596') ON DUPLICATE KEY UPDATE user_role=VALUES(user_role), token=VALUES(token), refresh_token=VALUES(refresh_token), device_info=VALUES(device_info), ip_address=VALUES(ip_address), expires_at=VALUES(expires_at), created_at=NOW()
[GIN] 2026/07/23 - 10:27:27 | 200 |    306.2984ms |             ::1 | POST     "/api/auth/login"

2026/07/23 10:27:27 [32mD:/Develop/Project_pos_mahenz/BE/repository/log_request_repository.go:32
[0m[33m[2.113ms] [34;1m[rows:1][0m INSERT INTO log_requests (id, method, endpoint, status_code, request_body, response_body, user_id, duration_ms, ip_address, error_message, created_at) VALUES ('388441d7-c3c5-4c6b-966a-1ad7badf6fc5', 'POST', '/api/auth/login', 200, '{"username":"admin","password":"admin123"}', '{"code":"00","status":true,"message":"Login berhasil","data":{"token":"eyJhbGciOiJIUzI1NiIsInR5cCI6IkpXVCJ9.eyJhcHBzIjoiIiwiZXhwIjoxNzg0ODA2MDQ3LCJmdWxsX25hbWUiOiJBZG1pbmlzdHJhdG9yIiwicm9sZSI6ImFkbWluIiwidXNlcl9pZCI6MiwidXNlcm5hbWUiOiJhZG1pbiJ9.UtOyxQzIFF94TbE3ltv6OKIX3VuXTAdQuHzTlzpBNFs","refresh_token":"8c6ebf38e4118564f9302c31bc38df2a5391964d7271aeae1ece109c2cf53d0a","expires_at":"2026-07-30T10:27:27.5962688+07:00","user":{"id":2,"username":"admin","full_name":"Administrator","role_id":2,"role_name":"admin"}}}', NULL, 306, '::1', NULL, '2026-07-23 10:27:27.607')

2026/07/23 10:27:27 [32mD:/Develop/Project_pos_mahenz/BE/domain/auth/repo/auth_repo.go:46
[0m[33m[0.509ms] [34;1m[rows:1][0m SELECT id, user_id, user_role, token, device_info, expires_at FROM sessions WHERE token = 'eyJhbGciOiJIUzI1NiIsInR5cCI6IkpXVCJ9.eyJhcHBzIjoiIiwiZXhwIjoxNzg0ODA2MDQ3LCJmdWxsX25hbWUiOiJBZG1pbmlzdHJhdG9yIiwicm9sZSI6ImFkbWluIiwidXNlcl9pZCI6MiwidXNlcm5hbWUiOiJhZG1pbiJ9.UtOyxQzIFF94TbE3ltv6OKIX3VuXTAdQuHzTlzpBNFs' LIMIT 1

2026/07/23 10:27:27 [32mD:/Develop/Project_pos_mahenz/BE/domain/product/repo/product_repo.go:136
[0m[33m[0.000ms] [34;1m[rows:1][0m 
		SELECT p.id, p.barcode, COALESCE(p.sku, '') as sku, p.name, p.category_id, COALESCE(c.name, '') as category_name,
		       p.purchase_price, p.selling_price, p.stock, p.reserved_qty, p.min_stock,
		       COALESCE(p.unit_id, 0) as unit_id, COALESCE(u.name, '') as unit_name, COALESCE(u.abbreviation, '') as unit_abbreviation,
		       p.is_active, p.created_at, p.updated_at,
		       (SELECT COUNT(*) FROM product_packages pp WHERE pp.product_id = p.id AND pp.is_default = 0) AS extra_packages,
		       (SELECT COUNT(*) FROM product_prices pr WHERE pr.product_id = p.id) AS price_tiers_count
		FROM products p
		LEFT JOIN categories c ON p.category_id = c.id
		LEFT JOIN units u ON u.id = p.unit_id
		WHERE p.id = 12 LIMIT 1

2026/07/23 10:27:27 [32mD:/Develop/Project_pos_mahenz/BE/domain/product/repo/product_package_repo.go:23
[0m[33m[0.000ms] [34;1m[rows:3][0m 
		SELECT pp.id, pp.product_id, pp.unit_id, COALESCE(u.name, '') AS unit_name, COALESCE(u.abbreviation, '') AS abbreviation,
		       COALESCE(pp.package_name, '') AS package_name, pp.ref_package_id, pp.qty, pp.ref_qty, pp.purchase_price, pp.selling_price, pp.is_default
		FROM product_packages pp
		JOIN units u ON u.id = pp.unit_id
		WHERE pp.product_id = 12
[GIN] 2026/07/23 - 10:27:27 | 400 |      1.7027ms |             ::1 | POST     "/api/products/12/packages/update/12"
Error #01: Paket anchor (satuan pencatatan stok) tidak bisa diubah

2026/07/23 10:27:27 [32mD:/Develop/Project_pos_mahenz/BE/repository/log_request_repository.go:32
[0m[33m[2.442ms] [34;1m[rows:1][0m INSERT INTO log_requests (id, method, endpoint, status_code, request_body, response_body, user_id, duration_ms, ip_address, error_message, created_at) VALUES ('dad947af-016f-4cbf-8091-c6935aa9cf84', 'POST', '/api/products/12/packages/update/12', 400, '{"unit_id":4,"ref_package_id":13,"qty":1,"ref_qty":2,"purchase_price":500,"selling_price":1000}', '{"code":"40","status":false,"message":"Paket anchor (satuan pencatatan stok) tidak bisa diubah","data":null}', 2, 1, '::1', 'Paket anchor (satuan pencatatan stok) tidak bisa diubah', '2026-07-23 10:27:27.802')

2026/07/23 10:27:41 [32mD:/Develop/Project_pos_mahenz/BE/domain/auth/repo/auth_repo.go:17
[0m[33m[2.588ms] [34;1m[rows:1][0m SELECT u.id, u.username, u.password, u.full_name, u.role_id, r.name AS role_name, u.is_active FROM users u INNER JOIN roles r ON r.id = u.role_id WHERE u.username = 'owner' LIMIT 1

2026/07/23 10:27:41 [32mD:/Develop/Project_pos_mahenz/BE/domain/auth/repo/auth_repo.go:67
[0m[33m[0.000ms] [34;1m[rows:1][0m DELETE FROM sessions WHERE user_id = 1

2026/07/23 10:27:41 [32mD:/Develop/Project_pos_mahenz/BE/domain/auth/repo/auth_repo.go:38
[0m[33m[4.856ms] [34;1m[rows:1][0m INSERT INTO sessions (user_id, user_role, token, refresh_token, device_info, ip_address, expires_at) VALUES (1, 'owner', 'eyJhbGciOiJIUzI1NiIsInR5cCI6IkpXVCJ9.eyJhcHBzIjoiIiwiZXhwIjoxNzg0ODA2MDYxLCJmdWxsX25hbWUiOiJPd25lciIsInJvbGUiOiJvd25lciIsInVzZXJfaWQiOjEsInVzZXJuYW1lIjoib3duZXIifQ.HLvWx8d5S_vQvUG3JRnp0wTkR71sQdjbNl-8UGsRSBk', '7721f3f3c57b337a98126e5b9cd8b19e7ec81ed3f439eafb1d8486bf1ec46ad9', '', '::1', '2026-07-30 10:27:41.501') ON DUPLICATE KEY UPDATE user_role=VALUES(user_role), token=VALUES(token), refresh_token=VALUES(refresh_token), device_info=VALUES(device_info), ip_address=VALUES(ip_address), expires_at=VALUES(expires_at), created_at=NOW()
[GIN] 2026/07/23 - 10:27:41 | 200 |    360.0272ms |             ::1 | POST     "/api/auth/login"

2026/07/23 10:27:41 [32mD:/Develop/Project_pos_mahenz/BE/repository/log_request_repository.go:32
[0m[33m[1.815ms] [34;1m[rows:1][0m INSERT INTO log_requests (id, method, endpoint, status_code, request_body, response_body, user_id, duration_ms, ip_address, error_message, created_at) VALUES ('b9459564-42ab-4cc0-80c9-710434093dd9', 'POST', '/api/auth/login', 200, '{"username":"owner","password":"owner123"}', '{"code":"00","status":true,"message":"Login berhasil","data":{"token":"eyJhbGciOiJIUzI1NiIsInR5cCI6IkpXVCJ9.eyJhcHBzIjoiIiwiZXhwIjoxNzg0ODA2MDYxLCJmdWxsX25hbWUiOiJPd25lciIsInJvbGUiOiJvd25lciIsInVzZXJfaWQiOjEsInVzZXJuYW1lIjoib3duZXIifQ.HLvWx8d5S_vQvUG3JRnp0wTkR71sQdjbNl-8UGsRSBk","refresh_token":"7721f3f3c57b337a98126e5b9cd8b19e7ec81ed3f439eafb1d8486bf1ec46ad9","expires_at":"2026-07-30T10:27:41.5013259+07:00","user":{"id":1,"username":"owner","full_name":"Owner","role_id":1,"role_name":"owner"}}}', NULL, 360, '::1', NULL, '2026-07-23 10:27:41.506')

2026/07/23 10:27:41 [32mD:/Develop/Project_pos_mahenz/BE/domain/auth/repo/auth_repo.go:46
[0m[33m[0.508ms] [34;1m[rows:1][0m SELECT id, user_id, user_role, token, device_info, expires_at FROM sessions WHERE token = 'eyJhbGciOiJIUzI1NiIsInR5cCI6IkpXVCJ9.eyJhcHBzIjoiIiwiZXhwIjoxNzg0ODA2MDYxLCJmdWxsX25hbWUiOiJPd25lciIsInJvbGUiOiJvd25lciIsInVzZXJfaWQiOjEsInVzZXJuYW1lIjoib3duZXIifQ.HLvWx8d5S_vQvUG3JRnp0wTkR71sQdjbNl-8UGsRSBk' LIMIT 1

2026/07/23 10:27:41 [32mD:/Develop/Project_pos_mahenz/BE/domain/access/repo/access_repo.go:55
[0m[33m[0.540ms] [34;1m[rows:37][0m 
SELECT
    m.key_name,
    COALESCE(rma.can_view,   0) AS can_view,
    COALESCE(rma.can_create, 0) AS can_create,
    COALESCE(rma.can_edit,   0) AS can_edit,
    COALESCE(rma.can_delete, 0) AS can_delete
FROM menus m
LEFT JOIN role_menu_access rma ON rma.menu_id = m.id
    AND rma.role_id = (SELECT id FROM roles WHERE name = 'owner' AND is_active = 1 LIMIT 1)
WHERE m.is_active = 1
ORDER BY m.id ASC

2026/07/23 10:27:41 [32mD:/Develop/Project_pos_mahenz/BE/domain/product/repo/product_repo.go:136
[0m[33m[0.611ms] [34;1m[rows:1][0m 
		SELECT p.id, p.barcode, COALESCE(p.sku, '') as sku, p.name, p.category_id, COALESCE(c.name, '') as category_name,
		       p.purchase_price, p.selling_price, p.stock, p.reserved_qty, p.min_stock,
		       COALESCE(p.unit_id, 0) as unit_id, COALESCE(u.name, '') as unit_name, COALESCE(u.abbreviation, '') as unit_abbreviation,
		       p.is_active, p.created_at, p.updated_at,
		       (SELECT COUNT(*) FROM product_packages pp WHERE pp.product_id = p.id AND pp.is_default = 0) AS extra_packages,
		       (SELECT COUNT(*) FROM product_prices pr WHERE pr.product_id = p.id) AS price_tiers_count
		FROM products p
		LEFT JOIN categories c ON p.category_id = c.id
		LEFT JOIN units u ON u.id = p.unit_id
		WHERE p.id = 12 LIMIT 1

2026/07/23 10:27:41 [32mD:/Develop/Project_pos_mahenz/BE/domain/product/repo/product_package_repo.go:23
[0m[33m[0.000ms] [34;1m[rows:3][0m 
		SELECT pp.id, pp.product_id, pp.unit_id, COALESCE(u.name, '') AS unit_name, COALESCE(u.abbreviation, '') AS abbreviation,
		       COALESCE(pp.package_name, '') AS package_name, pp.ref_package_id, pp.qty, pp.ref_qty, pp.purchase_price, pp.selling_price, pp.is_default
		FROM product_packages pp
		JOIN units u ON u.id = pp.unit_id
		WHERE pp.product_id = 12
[GIN] 2026/07/23 - 10:27:41 | 400 |      2.3267ms |             ::1 | POST     "/api/products/12/packages/delete/12"
Error #01: Paket anchor (satuan pencatatan stok) tidak bisa dihapus

2026/07/23 10:27:41 [32mD:/Develop/Project_pos_mahenz/BE/repository/log_request_repository.go:32
[0m[33m[2.747ms] [34;1m[rows:1][0m INSERT INTO log_requests (id, method, endpoint, status_code, request_body, response_body, user_id, duration_ms, ip_address, error_message, created_at) VALUES ('8c93f674-72e5-40ac-81a7-307143070aa7', 'POST', '/api/products/12/packages/delete/12', 400, '{}', '{"code":"40","status":false,"message":"Paket anchor (satuan pencatatan stok) tidak bisa dihapus","data":null}', 1, 2, '::1', 'Paket anchor (satuan pencatatan stok) tidak bisa dihapus', '2026-07-23 10:27:41.63')

2026/07/23 10:27:41 [32mD:/Develop/Project_pos_mahenz/BE/domain/auth/repo/auth_repo.go:46
[0m[33m[0.564ms] [34;1m[rows:1][0m SELECT id, user_id, user_role, token, device_info, expires_at FROM sessions WHERE token = 'eyJhbGciOiJIUzI1NiIsInR5cCI6IkpXVCJ9.eyJhcHBzIjoiIiwiZXhwIjoxNzg0ODA2MDYxLCJmdWxsX25hbWUiOiJPd25lciIsInJvbGUiOiJvd25lciIsInVzZXJfaWQiOjEsInVzZXJuYW1lIjoib3duZXIifQ.HLvWx8d5S_vQvUG3JRnp0wTkR71sQdjbNl-8UGsRSBk' LIMIT 1

2026/07/23 10:27:41 [32mD:/Develop/Project_pos_mahenz/BE/domain/product/repo/product_repo.go:136
[0m[33m[0.556ms] [34;1m[rows:1][0m 
		SELECT p.id, p.barcode, COALESCE(p.sku, '') as sku, p.name, p.category_id, COALESCE(c.name, '') as category_name,
		       p.purchase_price, p.selling_price, p.stock, p.reserved_qty, p.min_stock,
		       COALESCE(p.unit_id, 0) as unit_id, COALESCE(u.name, '') as unit_name, COALESCE(u.abbreviation, '') as unit_abbreviation,
		       p.is_active, p.created_at, p.updated_at,
		       (SELECT COUNT(*) FROM product_packages pp WHERE pp.product_id = p.id AND pp.is_default = 0) AS extra_packages,
		       (SELECT COUNT(*) FROM product_prices pr WHERE pr.product_id = p.id) AS price_tiers_count
		FROM products p
		LEFT JOIN categories c ON p.category_id = c.id
		LEFT JOIN units u ON u.id = p.unit_id
		WHERE p.id = 12 LIMIT 1

2026/07/23 10:27:41 [32mD:/Develop/Project_pos_mahenz/BE/domain/product/repo/product_package_repo.go:23
[0m[33m[0.639ms] [34;1m[rows:3][0m 
		SELECT pp.id, pp.product_id, pp.unit_id, COALESCE(u.name, '') AS unit_name, COALESCE(u.abbreviation, '') AS abbreviation,
		       COALESCE(pp.package_name, '') AS package_name, pp.ref_package_id, pp.qty, pp.ref_qty, pp.purchase_price, pp.selling_price, pp.is_default
		FROM product_packages pp
		JOIN units u ON u.id = pp.unit_id
		WHERE pp.product_id = 12

2026/07/23 10:27:41 [32mD:/Develop/Project_pos_mahenz/BE/domain/product/repo/product_package_repo.go:64
[0m[33m[0.567ms] [34;1m[rows:1][0m SELECT COUNT(*) FROM product_packages WHERE ref_package_id = 13
[GIN] 2026/07/23 - 10:27:41 | 400 |      3.0598ms |             ::1 | POST     "/api/products/12/packages/delete/13"
Error #01: Paket masih dipakai sebagai acuan paket lain, hapus/pindahkan itu dulu

2026/07/23 10:27:41 [32mD:/Develop/Project_pos_mahenz/BE/repository/log_request_repository.go:32
[0m[33m[2.378ms] [34;1m[rows:1][0m INSERT INTO log_requests (id, method, endpoint, status_code, request_body, response_body, user_id, duration_ms, ip_address, error_message, created_at) VALUES ('1738dd26-0d4e-4a26-b2e6-09e10bcb1f0e', 'POST', '/api/products/12/packages/delete/13', 400, '{}', '{"code":"40","status":false,"message":"Paket masih dipakai sebagai acuan paket lain, hapus/pindahkan itu dulu","data":null}', 1, 3, '::1', 'Paket masih dipakai sebagai acuan paket lain, hapus/pindahkan itu dulu', '2026-07-23 10:27:41.742')

2026/07/23 10:27:41 [32mD:/Develop/Project_pos_mahenz/BE/domain/auth/repo/auth_repo.go:46
[0m[33m[0.939ms] [34;1m[rows:1][0m SELECT id, user_id, user_role, token, device_info, expires_at FROM sessions WHERE token = 'eyJhbGciOiJIUzI1NiIsInR5cCI6IkpXVCJ9.eyJhcHBzIjoiIiwiZXhwIjoxNzg0ODA2MDYxLCJmdWxsX25hbWUiOiJPd25lciIsInJvbGUiOiJvd25lciIsInVzZXJfaWQiOjEsInVzZXJuYW1lIjoib3duZXIifQ.HLvWx8d5S_vQvUG3JRnp0wTkR71sQdjbNl-8UGsRSBk' LIMIT 1

2026/07/23 10:27:41 [32mD:/Develop/Project_pos_mahenz/BE/domain/product/repo/product_repo.go:136
[0m[33m[1.034ms] [34;1m[rows:1][0m 
		SELECT p.id, p.barcode, COALESCE(p.sku, '') as sku, p.name, p.category_id, COALESCE(c.name, '') as category_name,
		       p.purchase_price, p.selling_price, p.stock, p.reserved_qty, p.min_stock,
		       COALESCE(p.unit_id, 0) as unit_id, COALESCE(u.name, '') as unit_name, COALESCE(u.abbreviation, '') as unit_abbreviation,
		       p.is_active, p.created_at, p.updated_at,
		       (SELECT COUNT(*) FROM product_packages pp WHERE pp.product_id = p.id AND pp.is_default = 0) AS extra_packages,
		       (SELECT COUNT(*) FROM product_prices pr WHERE pr.product_id = p.id) AS price_tiers_count
		FROM products p
		LEFT JOIN categories c ON p.category_id = c.id
		LEFT JOIN units u ON u.id = p.unit_id
		WHERE p.id = 12 LIMIT 1

2026/07/23 10:27:41 [32mD:/Develop/Project_pos_mahenz/BE/domain/product/repo/product_package_repo.go:23
[0m[33m[0.542ms] [34;1m[rows:3][0m 
		SELECT pp.id, pp.product_id, pp.unit_id, COALESCE(u.name, '') AS unit_name, COALESCE(u.abbreviation, '') AS abbreviation,
		       COALESCE(pp.package_name, '') AS package_name, pp.ref_package_id, pp.qty, pp.ref_qty, pp.purchase_price, pp.selling_price, pp.is_default
		FROM product_packages pp
		JOIN units u ON u.id = pp.unit_id
		WHERE pp.product_id = 12

2026/07/23 10:27:41 [32mD:/Develop/Project_pos_mahenz/BE/domain/product/repo/product_package_repo.go:64
[0m[33m[0.544ms] [34;1m[rows:1][0m SELECT COUNT(*) FROM product_packages WHERE ref_package_id = 14

2026/07/23 10:27:41 [32mD:/Develop/Project_pos_mahenz/BE/domain/product/repo/product_package_repo.go:72
[0m[33m[2.756ms] [34;1m[rows:1][0m DELETE FROM product_packages WHERE id = 14 AND product_id = 12 AND is_default = 0
[GIN] 2026/07/23 - 10:27:41 | 200 |      7.6845ms |             ::1 | POST     "/api/products/12/packages/delete/14"

2026/07/23 10:27:41 [32mD:/Develop/Project_pos_mahenz/BE/repository/log_request_repository.go:32
[0m[33m[1.795ms] [34;1m[rows:1][0m INSERT INTO log_requests (id, method, endpoint, status_code, request_body, response_body, user_id, duration_ms, ip_address, error_message, created_at) VALUES ('da1d171f-9445-4cc8-a7f0-a3e1db704c79', 'POST', '/api/products/12/packages/delete/14', 200, '{}', '{"code":"00","status":true,"message":"Paket produk berhasil dihapus","data":null}', 1, 7, '::1', NULL, '2026-07-23 10:27:41.854')

2026/07/23 10:27:41 [32mD:/Develop/Project_pos_mahenz/BE/domain/auth/repo/auth_repo.go:46
[0m[33m[0.509ms] [34;1m[rows:1][0m SELECT id, user_id, user_role, token, device_info, expires_at FROM sessions WHERE token = 'eyJhbGciOiJIUzI1NiIsInR5cCI6IkpXVCJ9.eyJhcHBzIjoiIiwiZXhwIjoxNzg0ODA2MDYxLCJmdWxsX25hbWUiOiJPd25lciIsInJvbGUiOiJvd25lciIsInVzZXJfaWQiOjEsInVzZXJuYW1lIjoib3duZXIifQ.HLvWx8d5S_vQvUG3JRnp0wTkR71sQdjbNl-8UGsRSBk' LIMIT 1

2026/07/23 10:27:41 [32mD:/Develop/Project_pos_mahenz/BE/domain/product/repo/product_repo.go:136
[0m[33m[0.532ms] [34;1m[rows:1][0m 
		SELECT p.id, p.barcode, COALESCE(p.sku, '') as sku, p.name, p.category_id, COALESCE(c.name, '') as category_name,
		       p.purchase_price, p.selling_price, p.stock, p.reserved_qty, p.min_stock,
		       COALESCE(p.unit_id, 0) as unit_id, COALESCE(u.name, '') as unit_name, COALESCE(u.abbreviation, '') as unit_abbreviation,
		       p.is_active, p.created_at, p.updated_at,
		       (SELECT COUNT(*) FROM product_packages pp WHERE pp.product_id = p.id AND pp.is_default = 0) AS extra_packages,
		       (SELECT COUNT(*) FROM product_prices pr WHERE pr.product_id = p.id) AS price_tiers_count
		FROM products p
		LEFT JOIN categories c ON p.category_id = c.id
		LEFT JOIN units u ON u.id = p.unit_id
		WHERE p.id = 12 LIMIT 1

2026/07/23 10:27:41 [32mD:/Develop/Project_pos_mahenz/BE/domain/product/repo/product_package_repo.go:23
[0m[33m[0.000ms] [34;1m[rows:2][0m 
		SELECT pp.id, pp.product_id, pp.unit_id, COALESCE(u.name, '') AS unit_name, COALESCE(u.abbreviation, '') AS abbreviation,
		       COALESCE(pp.package_name, '') AS package_name, pp.ref_package_id, pp.qty, pp.ref_qty, pp.purchase_price, pp.selling_price, pp.is_default
		FROM product_packages pp
		JOIN units u ON u.id = pp.unit_id
		WHERE pp.product_id = 12

2026/07/23 10:27:41 [32mD:/Develop/Project_pos_mahenz/BE/domain/product/repo/product_package_repo.go:64
[0m[33m[0.533ms] [34;1m[rows:1][0m SELECT COUNT(*) FROM product_packages WHERE ref_package_id = 13

2026/07/23 10:27:41 [32mD:/Develop/Project_pos_mahenz/BE/domain/product/repo/product_package_repo.go:72
[0m[33m[1.978ms] [34;1m[rows:1][0m DELETE FROM product_packages WHERE id = 13 AND product_id = 12 AND is_default = 0
[GIN] 2026/07/23 - 10:27:41 | 200 |      4.2455ms |             ::1 | POST     "/api/products/12/packages/delete/13"

2026/07/23 10:27:41 [32mD:/Develop/Project_pos_mahenz/BE/repository/log_request_repository.go:32
[0m[33m[1.823ms] [34;1m[rows:1][0m INSERT INTO log_requests (id, method, endpoint, status_code, request_body, response_body, user_id, duration_ms, ip_address, error_message, created_at) VALUES ('f8b7851b-ba4c-405b-8b61-93a72ae58bfe', 'POST', '/api/products/12/packages/delete/13', 200, '{}', '{"code":"00","status":true,"message":"Paket produk berhasil dihapus","data":null}', 1, 4, '::1', NULL, '2026-07-23 10:27:41.963')

2026/07/23 10:28:28 [32mD:/Develop/Project_pos_mahenz/BE/domain/auth/repo/auth_repo.go:17
[0m[33m[0.506ms] [34;1m[rows:1][0m SELECT u.id, u.username, u.password, u.full_name, u.role_id, r.name AS role_name, u.is_active FROM users u INNER JOIN roles r ON r.id = u.role_id WHERE u.username = 'admin' LIMIT 1

2026/07/23 10:28:28 [32mD:/Develop/Project_pos_mahenz/BE/domain/auth/repo/auth_repo.go:67
[0m[33m[6.929ms] [34;1m[rows:1][0m DELETE FROM sessions WHERE user_id = 2

2026/07/23 10:28:28 [32mD:/Develop/Project_pos_mahenz/BE/domain/auth/repo/auth_repo.go:38
[0m[33m[4.925ms] [34;1m[rows:1][0m INSERT INTO sessions (user_id, user_role, token, refresh_token, device_info, ip_address, expires_at) VALUES (2, 'admin', 'eyJhbGciOiJIUzI1NiIsInR5cCI6IkpXVCJ9.eyJhcHBzIjoiIiwiZXhwIjoxNzg0ODA2MTA4LCJmdWxsX25hbWUiOiJBZG1pbmlzdHJhdG9yIiwicm9sZSI6ImFkbWluIiwidXNlcl9pZCI6MiwidXNlcm5hbWUiOiJhZG1pbiJ9.JRQqw8PzEZEKxXk5FxkE3Ef4SHu8e7EWuWee94rosZM', 'ae607b28a1d22c9aba747d18af6555b58e5423c56eb1f23d0924ee90dc24df0c', '', '::1', '2026-07-30 10:28:28.726') ON DUPLICATE KEY UPDATE user_role=VALUES(user_role), token=VALUES(token), refresh_token=VALUES(refresh_token), device_info=VALUES(device_info), ip_address=VALUES(ip_address), expires_at=VALUES(expires_at), created_at=NOW()
[GIN] 2026/07/23 - 10:28:28 | 200 |    286.7969ms |             ::1 | POST     "/api/auth/login"

2026/07/23 10:28:28 [32mD:/Develop/Project_pos_mahenz/BE/repository/log_request_repository.go:32
[0m[33m[2.067ms] [34;1m[rows:1][0m INSERT INTO log_requests (id, method, endpoint, status_code, request_body, response_body, user_id, duration_ms, ip_address, error_message, created_at) VALUES ('389bef72-5688-4cc7-83b9-62bff1e7b541', 'POST', '/api/auth/login', 200, '{"username":"admin","password":"admin123"}', '{"code":"00","status":true,"message":"Login berhasil","data":{"token":"eyJhbGciOiJIUzI1NiIsInR5cCI6IkpXVCJ9.eyJhcHBzIjoiIiwiZXhwIjoxNzg0ODA2MTA4LCJmdWxsX25hbWUiOiJBZG1pbmlzdHJhdG9yIiwicm9sZSI6ImFkbWluIiwidXNlcl9pZCI6MiwidXNlcm5hbWUiOiJhZG1pbiJ9.JRQqw8PzEZEKxXk5FxkE3Ef4SHu8e7EWuWee94rosZM","refresh_token":"ae607b28a1d22c9aba747d18af6555b58e5423c56eb1f23d0924ee90dc24df0c","expires_at":"2026-07-30T10:28:28.7267065+07:00","user":{"id":2,"username":"admin","full_name":"Administrator","role_id":2,"role_name":"admin"}}}', NULL, 286, '::1', NULL, '2026-07-23 10:28:28.739')

2026/07/23 10:28:28 [32mD:/Develop/Project_pos_mahenz/BE/domain/auth/repo/auth_repo.go:46
[0m[33m[0.526ms] [34;1m[rows:1][0m SELECT id, user_id, user_role, token, device_info, expires_at FROM sessions WHERE token = 'eyJhbGciOiJIUzI1NiIsInR5cCI6IkpXVCJ9.eyJhcHBzIjoiIiwiZXhwIjoxNzg0ODA2MTA4LCJmdWxsX25hbWUiOiJBZG1pbmlzdHJhdG9yIiwicm9sZSI6ImFkbWluIiwidXNlcl9pZCI6MiwidXNlcm5hbWUiOiJhZG1pbiJ9.JRQqw8PzEZEKxXk5FxkE3Ef4SHu8e7EWuWee94rosZM' LIMIT 1

2026/07/23 10:28:28 [32mD:/Develop/Project_pos_mahenz/BE/domain/product_category/repo/product_category_repo.go:79
[0m[33m[0.000ms] [34;1m[rows:1][0m SELECT c.id, c.name, COALESCE(c.code, '') as code, c.description, COALESCE(c.is_active, 1) as is_active, (SELECT COUNT(*) FROM products p WHERE p.category_id = c.id) AS product_count, (SELECT COUNT(*) FROM products p WHERE p.category_id = c.id AND p.is_active = 1) AS active_product_count, c.created_at FROM categories c WHERE c.id = 2 LIMIT 1

2026/07/23 10:28:28 [32mD:/Develop/Project_pos_mahenz/BE/domain/product_unit/repo/unit_repo.go:81
[0m[33m[0.000ms] [34;1m[rows:1][0m SELECT id, name, abbreviation, is_active, created_at FROM units WHERE id = 4 LIMIT 1

2026/07/23 10:28:28 [32mD:/Develop/Project_pos_mahenz/BE/domain/product/repo/product_generate_repo.go:12
[0m[33m[0.442ms] [34;1m[rows:0][0m SELECT id FROM products WHERE barcode = '9991112223334' AND id != 0 LIMIT 1

2026/07/23 10:28:28 [32mD:/Develop/Project_pos_mahenz/BE/domain/product/repo/product_generate_repo.go:21
[0m[33m[0.543ms] [34;1m[rows:0][0m SELECT id FROM products WHERE sku = 'CYC-0001' AND id != 0 LIMIT 1

2026/07/23 10:28:28 [32mD:/Develop/Project_pos_mahenz/BE/domain/product/repo/product_generate_repo.go:30
[0m[33m[0.599ms] [34;1m[rows:0][0m SELECT id FROM products WHERE LOWER(TRIM(name)) = LOWER(TRIM('Cycle Test Product')) AND id != 0 LIMIT 1
[GIN] 2026/07/23 - 10:28:28 | 400 |      3.3699ms |             ::1 | POST     "/api/products/create"
Error #01: Paket ke-1 merujuk paket yang belum dibuat

2026/07/23 10:28:28 [32mD:/Develop/Project_pos_mahenz/BE/repository/log_request_repository.go:32
[0m[33m[1.754ms] [34;1m[rows:1][0m INSERT INTO log_requests (id, method, endpoint, status_code, request_body, response_body, user_id, duration_ms, ip_address, error_message, created_at) VALUES ('48be7e50-387e-47e8-8e81-bcd83506c542', 'POST', '/api/products/create', 400, '{
  "name":"Cycle Test Product","sku":"CYC-0001","barcode":"9991112223334","category_id":2,"unit_id":4,"selling_price":1000,
  "packages":[
    {"temp_id":2,"unit_id":2,"ref_temp_id":3,"qty":1,"ref_qty":10,"purchase_price":100,"selling_price":200},
    {"temp_id":3,"unit_id":3,"ref_temp_id":2,"qty":1,"ref_qty":5,"purchase_price":500,"selling_price":900}
  ]
}', '{"code":"40","status":false,"message":"Paket ke-1 merujuk paket yang belum dibuat","data":null}', 2, 3, '::1', 'Paket ke-1 merujuk paket yang belum dibuat', '2026-07-23 10:28:28.894')

2026/07/23 10:28:43 [32mD:/Develop/Project_pos_mahenz/BE/domain/auth/repo/auth_repo.go:17
[0m[33m[0.513ms] [34;1m[rows:1][0m SELECT u.id, u.username, u.password, u.full_name, u.role_id, r.name AS role_name, u.is_active FROM users u INNER JOIN roles r ON r.id = u.role_id WHERE u.username = 'admin' LIMIT 1

2026/07/23 10:28:44 [32mD:/Develop/Project_pos_mahenz/BE/domain/auth/repo/auth_repo.go:67
[0m[33m[1.866ms] [34;1m[rows:1][0m DELETE FROM sessions WHERE user_id = 2

2026/07/23 10:28:44 [32mD:/Develop/Project_pos_mahenz/BE/domain/auth/repo/auth_repo.go:38
[0m[33m[0.000ms] [34;1m[rows:1][0m INSERT INTO sessions (user_id, user_role, token, refresh_token, device_info, ip_address, expires_at) VALUES (2, 'admin', 'eyJhbGciOiJIUzI1NiIsInR5cCI6IkpXVCJ9.eyJhcHBzIjoiIiwiZXhwIjoxNzg0ODA2MTI0LCJmdWxsX25hbWUiOiJBZG1pbmlzdHJhdG9yIiwicm9sZSI6ImFkbWluIiwidXNlcl9pZCI6MiwidXNlcm5hbWUiOiJhZG1pbiJ9.CSi-DwcEuXUsJ-nS3zmgveLDY2jSGSvhI2We2mnk0Gw', 'fd19a9c9d26a3ecb154b17532738bc76a11d452811bd8d28e215df37e943ab7f', '', '::1', '2026-07-30 10:28:44.185') ON DUPLICATE KEY UPDATE user_role=VALUES(user_role), token=VALUES(token), refresh_token=VALUES(refresh_token), device_info=VALUES(device_info), ip_address=VALUES(ip_address), expires_at=VALUES(expires_at), created_at=NOW()
[GIN] 2026/07/23 - 10:28:44 | 200 |    361.1428ms |             ::1 | POST     "/api/auth/login"

2026/07/23 10:28:44 [32mD:/Develop/Project_pos_mahenz/BE/repository/log_request_repository.go:32
[0m[33m[0.000ms] [34;1m[rows:1][0m INSERT INTO log_requests (id, method, endpoint, status_code, request_body, response_body, user_id, duration_ms, ip_address, error_message, created_at) VALUES ('c63e6d7e-10fe-4b30-a445-e39fd6a690e4', 'POST', '/api/auth/login', 200, '{"username":"admin","password":"admin123"}', '{"code":"00","status":true,"message":"Login berhasil","data":{"token":"eyJhbGciOiJIUzI1NiIsInR5cCI6IkpXVCJ9.eyJhcHBzIjoiIiwiZXhwIjoxNzg0ODA2MTI0LCJmdWxsX25hbWUiOiJBZG1pbmlzdHJhdG9yIiwicm9sZSI6ImFkbWluIiwidXNlcl9pZCI6MiwidXNlcm5hbWUiOiJhZG1pbiJ9.CSi-DwcEuXUsJ-nS3zmgveLDY2jSGSvhI2We2mnk0Gw","refresh_token":"fd19a9c9d26a3ecb154b17532738bc76a11d452811bd8d28e215df37e943ab7f","expires_at":"2026-07-30T10:28:44.1853157+07:00","user":{"id":2,"username":"admin","full_name":"Administrator","role_id":2,"role_name":"admin"}}}', NULL, 361, '::1', NULL, '2026-07-23 10:28:44.187')

2026/07/23 10:28:44 [32mD:/Develop/Project_pos_mahenz/BE/domain/auth/repo/auth_repo.go:46
[0m[33m[0.522ms] [34;1m[rows:1][0m SELECT id, user_id, user_role, token, device_info, expires_at FROM sessions WHERE token = 'eyJhbGciOiJIUzI1NiIsInR5cCI6IkpXVCJ9.eyJhcHBzIjoiIiwiZXhwIjoxNzg0ODA2MTI0LCJmdWxsX25hbWUiOiJBZG1pbmlzdHJhdG9yIiwicm9sZSI6ImFkbWluIiwidXNlcl9pZCI6MiwidXNlcm5hbWUiOiJhZG1pbiJ9.CSi-DwcEuXUsJ-nS3zmgveLDY2jSGSvhI2We2mnk0Gw' LIMIT 1

2026/07/23 10:28:44 [32mD:/Develop/Project_pos_mahenz/BE/domain/product_category/repo/product_category_repo.go:79
[0m[33m[0.614ms] [34;1m[rows:1][0m SELECT c.id, c.name, COALESCE(c.code, '') as code, c.description, COALESCE(c.is_active, 1) as is_active, (SELECT COUNT(*) FROM products p WHERE p.category_id = c.id) AS product_count, (SELECT COUNT(*) FROM products p WHERE p.category_id = c.id AND p.is_active = 1) AS active_product_count, c.created_at FROM categories c WHERE c.id = 2 LIMIT 1

2026/07/23 10:28:44 [32mD:/Develop/Project_pos_mahenz/BE/domain/product_unit/repo/unit_repo.go:81
[0m[33m[0.685ms] [34;1m[rows:1][0m SELECT id, name, abbreviation, is_active, created_at FROM units WHERE id = 4 LIMIT 1

2026/07/23 10:28:44 [32mD:/Develop/Project_pos_mahenz/BE/domain/product/repo/product_generate_repo.go:12
[0m[33m[0.000ms] [34;1m[rows:0][0m SELECT id FROM products WHERE barcode = '9991112223335' AND id != 0 LIMIT 1

2026/07/23 10:28:44 [32mD:/Develop/Project_pos_mahenz/BE/domain/product/repo/product_generate_repo.go:21
[0m[33m[0.000ms] [34;1m[rows:0][0m SELECT id FROM products WHERE sku = 'SLF-0001' AND id != 0 LIMIT 1

2026/07/23 10:28:44 [32mD:/Develop/Project_pos_mahenz/BE/domain/product/repo/product_generate_repo.go:30
[0m[33m[0.601ms] [34;1m[rows:0][0m SELECT id FROM products WHERE LOWER(TRIM(name)) = LOWER(TRIM('Self Ref Test')) AND id != 0 LIMIT 1
[GIN] 2026/07/23 - 10:28:44 | 400 |      3.6392ms |             ::1 | POST     "/api/products/create"
Error #01: Paket ke-1 merujuk paket yang belum dibuat

2026/07/23 10:28:44 [32mD:/Develop/Project_pos_mahenz/BE/repository/log_request_repository.go:32
[0m[33m[3.544ms] [34;1m[rows:1][0m INSERT INTO log_requests (id, method, endpoint, status_code, request_body, response_body, user_id, duration_ms, ip_address, error_message, created_at) VALUES ('e6afde10-6e88-4776-912d-32beda07e0b9', 'POST', '/api/products/create', 400, '{
  "name":"Self Ref Test","sku":"SLF-0001","barcode":"9991112223335","category_id":2,"unit_id":4,"selling_price":1000,
  "packages":[{"temp_id":5,"unit_id":2,"ref_temp_id":5,"qty":1,"ref_qty":10,"purchase_price":100,"selling_price":200}]
}', '{"code":"40","status":false,"message":"Paket ke-1 merujuk paket yang belum dibuat","data":null}', 2, 3, '::1', 'Paket ke-1 merujuk paket yang belum dibuat', '2026-07-23 10:28:44.329')

2026/07/23 10:28:44 [32mD:/Develop/Project_pos_mahenz/BE/domain/auth/repo/auth_repo.go:46
[0m[33m[0.630ms] [34;1m[rows:1][0m SELECT id, user_id, user_role, token, device_info, expires_at FROM sessions WHERE token = 'eyJhbGciOiJIUzI1NiIsInR5cCI6IkpXVCJ9.eyJhcHBzIjoiIiwiZXhwIjoxNzg0ODA2MTI0LCJmdWxsX25hbWUiOiJBZG1pbmlzdHJhdG9yIiwicm9sZSI6ImFkbWluIiwidXNlcl9pZCI6MiwidXNlcm5hbWUiOiJhZG1pbiJ9.CSi-DwcEuXUsJ-nS3zmgveLDY2jSGSvhI2We2mnk0Gw' LIMIT 1

2026/07/23 10:28:44 [32mD:/Develop/Project_pos_mahenz/BE/domain/product_category/repo/product_category_repo.go:79
[0m[33m[0.533ms] [34;1m[rows:1][0m SELECT c.id, c.name, COALESCE(c.code, '') as code, c.description, COALESCE(c.is_active, 1) as is_active, (SELECT COUNT(*) FROM products p WHERE p.category_id = c.id) AS product_count, (SELECT COUNT(*) FROM products p WHERE p.category_id = c.id AND p.is_active = 1) AS active_product_count, c.created_at FROM categories c WHERE c.id = 2 LIMIT 1

2026/07/23 10:28:44 [32mD:/Develop/Project_pos_mahenz/BE/domain/product_unit/repo/unit_repo.go:81
[0m[33m[0.000ms] [34;1m[rows:1][0m SELECT id, name, abbreviation, is_active, created_at FROM units WHERE id = 4 LIMIT 1

2026/07/23 10:28:44 [32mD:/Develop/Project_pos_mahenz/BE/domain/product/repo/product_generate_repo.go:12
[0m[33m[0.570ms] [34;1m[rows:0][0m SELECT id FROM products WHERE barcode = '9991112223336' AND id != 0 LIMIT 1

2026/07/23 10:28:44 [32mD:/Develop/Project_pos_mahenz/BE/domain/product/repo/product_generate_repo.go:21
[0m[33m[0.000ms] [34;1m[rows:0][0m SELECT id FROM products WHERE sku = 'DUP-0001' AND id != 0 LIMIT 1

2026/07/23 10:28:44 [32mD:/Develop/Project_pos_mahenz/BE/domain/product/repo/product_generate_repo.go:30
[0m[33m[0.537ms] [34;1m[rows:0][0m SELECT id FROM products WHERE LOWER(TRIM(name)) = LOWER(TRIM('Dup TempID Test')) AND id != 0 LIMIT 1
[GIN] 2026/07/23 - 10:28:44 | 400 |      3.0293ms |             ::1 | POST     "/api/products/create"
Error #01: temp_id 1 dipakai lebih dari sekali

2026/07/23 10:28:44 [32mD:/Develop/Project_pos_mahenz/BE/repository/log_request_repository.go:32
[0m[33m[2.054ms] [34;1m[rows:1][0m INSERT INTO log_requests (id, method, endpoint, status_code, request_body, response_body, user_id, duration_ms, ip_address, error_message, created_at) VALUES ('4ef191a4-1f67-4ff0-95b2-279240d9e492', 'POST', '/api/products/create', 400, '{
  "name":"Dup TempID Test","sku":"DUP-0001","barcode":"9991112223336","category_id":2,"unit_id":4,"selling_price":1000,
  "packages":[
    {"temp_id":1,"unit_id":2,"ref_temp_id":0,"qty":1,"ref_qty":10,"purchase_price":100,"selling_price":200},
    {"temp_id":1,"unit_id":3,"ref_temp_id":0,"qty":1,"ref_qty":5,"purchase_price":500,"selling_price":900}
  ]
}', '{"code":"40","status":false,"message":"temp_id 1 dipakai lebih dari sekali","data":null}', 2, 3, '::1', 'temp_id 1 dipakai lebih dari sekali', '2026-07-23 10:28:44.454')

2026/07/23 10:29:02 [32mD:/Develop/Project_pos_mahenz/BE/domain/auth/repo/auth_repo.go:17
[0m[33m[0.507ms] [34;1m[rows:1][0m SELECT u.id, u.username, u.password, u.full_name, u.role_id, r.name AS role_name, u.is_active FROM users u INNER JOIN roles r ON r.id = u.role_id WHERE u.username = 'admin' LIMIT 1

2026/07/23 10:29:03 [32mD:/Develop/Project_pos_mahenz/BE/domain/auth/repo/auth_repo.go:67
[0m[33m[25.236ms] [34;1m[rows:1][0m DELETE FROM sessions WHERE user_id = 2

2026/07/23 10:29:03 [32mD:/Develop/Project_pos_mahenz/BE/domain/auth/repo/auth_repo.go:38
[0m[33m[0.510ms] [34;1m[rows:1][0m INSERT INTO sessions (user_id, user_role, token, refresh_token, device_info, ip_address, expires_at) VALUES (2, 'admin', 'eyJhbGciOiJIUzI1NiIsInR5cCI6IkpXVCJ9.eyJhcHBzIjoiIiwiZXhwIjoxNzg0ODA2MTQzLCJmdWxsX25hbWUiOiJBZG1pbmlzdHJhdG9yIiwicm9sZSI6ImFkbWluIiwidXNlcl9pZCI6MiwidXNlcm5hbWUiOiJhZG1pbiJ9.6Y2Qn09wLulSy2xTQw3yubQ37nyMwFYwGvvIUjBezEE', 'e1cfe4870e5a0b50daaa17c0193a904328cd38ae83b3f91b81c8ea870c6ba5fb', '', '::1', '2026-07-30 10:29:03.202') ON DUPLICATE KEY UPDATE user_role=VALUES(user_role), token=VALUES(token), refresh_token=VALUES(refresh_token), device_info=VALUES(device_info), ip_address=VALUES(ip_address), expires_at=VALUES(expires_at), created_at=NOW()
[GIN] 2026/07/23 - 10:29:03 | 200 |    261.9651ms |             ::1 | POST     "/api/auth/login"

2026/07/23 10:29:03 [32mD:/Develop/Project_pos_mahenz/BE/repository/log_request_repository.go:32
[0m[33m[4.423ms] [34;1m[rows:1][0m INSERT INTO log_requests (id, method, endpoint, status_code, request_body, response_body, user_id, duration_ms, ip_address, error_message, created_at) VALUES ('c9b5570d-1c74-4a5f-80d4-19613fe38b69', 'POST', '/api/auth/login', 200, '{"username":"admin","password":"admin123"}', '{"code":"00","status":true,"message":"Login berhasil","data":{"token":"eyJhbGciOiJIUzI1NiIsInR5cCI6IkpXVCJ9.eyJhcHBzIjoiIiwiZXhwIjoxNzg0ODA2MTQzLCJmdWxsX25hbWUiOiJBZG1pbmlzdHJhdG9yIiwicm9sZSI6ImFkbWluIiwidXNlcl9pZCI6MiwidXNlcm5hbWUiOiJhZG1pbiJ9.6Y2Qn09wLulSy2xTQw3yubQ37nyMwFYwGvvIUjBezEE","refresh_token":"e1cfe4870e5a0b50daaa17c0193a904328cd38ae83b3f91b81c8ea870c6ba5fb","expires_at":"2026-07-30T10:29:03.2024947+07:00","user":{"id":2,"username":"admin","full_name":"Administrator","role_id":2,"role_name":"admin"}}}', NULL, 259, '::1', NULL, '2026-07-23 10:29:03.23')

2026/07/23 10:29:03 [32mD:/Develop/Project_pos_mahenz/BE/domain/auth/repo/auth_repo.go:46
[0m[33m[0.506ms] [34;1m[rows:1][0m SELECT id, user_id, user_role, token, device_info, expires_at FROM sessions WHERE token = 'eyJhbGciOiJIUzI1NiIsInR5cCI6IkpXVCJ9.eyJhcHBzIjoiIiwiZXhwIjoxNzg0ODA2MTQzLCJmdWxsX25hbWUiOiJBZG1pbmlzdHJhdG9yIiwicm9sZSI6ImFkbWluIiwidXNlcl9pZCI6MiwidXNlcm5hbWUiOiJhZG1pbiJ9.6Y2Qn09wLulSy2xTQw3yubQ37nyMwFYwGvvIUjBezEE' LIMIT 1

2026/07/23 10:29:03 [32mD:/Develop/Project_pos_mahenz/BE/domain/product/repo/product_repo.go:136
[0m[33m[0.646ms] [34;1m[rows:1][0m 
		SELECT p.id, p.barcode, COALESCE(p.sku, '') as sku, p.name, p.category_id, COALESCE(c.name, '') as category_name,
		       p.purchase_price, p.selling_price, p.stock, p.reserved_qty, p.min_stock,
		       COALESCE(p.unit_id, 0) as unit_id, COALESCE(u.name, '') as unit_name, COALESCE(u.abbreviation, '') as unit_abbreviation,
		       p.is_active, p.created_at, p.updated_at,
		       (SELECT COUNT(*) FROM product_packages pp WHERE pp.product_id = p.id AND pp.is_default = 0) AS extra_packages,
		       (SELECT COUNT(*) FROM product_prices pr WHERE pr.product_id = p.id) AS price_tiers_count
		FROM products p
		LEFT JOIN categories c ON p.category_id = c.id
		LEFT JOIN units u ON u.id = p.unit_id
		WHERE p.id = 1 LIMIT 1

2026/07/23 10:29:03 [32mD:/Develop/Project_pos_mahenz/BE/domain/product/repo/product_price_repo.go:27
[0m[33m[0.000ms] [34;1m[rows:0][0m DELETE FROM product_prices WHERE product_id = 1

2026/07/23 10:29:03 [32mD:/Develop/Project_pos_mahenz/BE/domain/product/repo/product_price_repo.go:32
[0m[33m[0.517ms] [34;1m[rows:1][0m INSERT INTO product_prices (product_id, tier_name, min_qty, price) VALUES (1, 'Grosir 12+', 12, 5000)

2026/07/23 10:29:03 [32mD:/Develop/Project_pos_mahenz/BE/domain/product/repo/product_price_repo.go:32
[0m[33m[0.591ms] [34;1m[rows:1][0m INSERT INTO product_prices (product_id, tier_name, min_qty, price) VALUES (1, 'Grosir 24+', 24, 4500)
[GIN] 2026/07/23 - 10:29:03 | 200 |      4.4034ms |             ::1 | POST     "/api/products/1/prices/save"

2026/07/23 10:29:03 [32mD:/Develop/Project_pos_mahenz/BE/repository/log_request_repository.go:32
[0m[33m[1.924ms] [34;1m[rows:1][0m INSERT INTO log_requests (id, method, endpoint, status_code, request_body, response_body, user_id, duration_ms, ip_address, error_message, created_at) VALUES ('bddd6673-db04-48b4-8e3b-e248126ee9a5', 'POST', '/api/products/1/prices/save', 200, '{"prices":[{"tier_name":"Grosir 12+","min_qty":12,"price":5000},{"tier_name":"Grosir 24+","min_qty":24,"price":4500}]}', '{"code":"00","status":true,"message":"Harga tier produk berhasil disimpan","data":null}', 2, 4, '::1', NULL, '2026-07-23 10:29:03.359')

2026/07/23 10:29:03 [32mD:/Develop/Project_pos_mahenz/BE/domain/auth/repo/auth_repo.go:46
[0m[33m[0.507ms] [34;1m[rows:1][0m SELECT id, user_id, user_role, token, device_info, expires_at FROM sessions WHERE token = 'eyJhbGciOiJIUzI1NiIsInR5cCI6IkpXVCJ9.eyJhcHBzIjoiIiwiZXhwIjoxNzg0ODA2MTQzLCJmdWxsX25hbWUiOiJBZG1pbmlzdHJhdG9yIiwicm9sZSI6ImFkbWluIiwidXNlcl9pZCI6MiwidXNlcm5hbWUiOiJhZG1pbiJ9.6Y2Qn09wLulSy2xTQw3yubQ37nyMwFYwGvvIUjBezEE' LIMIT 1

2026/07/23 10:29:03 [32mD:/Develop/Project_pos_mahenz/BE/domain/cash_drawer/repo/cash_drawer_repo.go:149
[0m[33m[0.622ms] [34;1m[rows:0][0m SELECT cd.id, cd.user_id, cd.shift_id, cd.open_time, cd.opening_balance, cd.total_sales, cd.total_cash_sales, cd.total_expenses, (cd.opening_balance + COALESCE((SELECT SUM(total_amount) FROM transactions WHERE user_id = cd.user_id AND payment_method = 'cash' AND status = 'completed' AND transaction_date >= cd.open_time), 0) - COALESCE((SELECT SUM(amount) FROM expenses WHERE user_id = cd.user_id AND created_at >= cd.open_time), 0)) as expected_balance, cd.status FROM cash_drawer cd WHERE cd.user_id = 2 AND cd.status = 'open' LIMIT 1

2026/07/23 10:29:03 [32mD:/Develop/Project_pos_mahenz/BE/domain/product/repo/product_repo.go:136
[0m[33m[0.972ms] [34;1m[rows:1][0m 
		SELECT p.id, p.barcode, COALESCE(p.sku, '') as sku, p.name, p.category_id, COALESCE(c.name, '') as category_name,
		       p.purchase_price, p.selling_price, p.stock, p.reserved_qty, p.min_stock,
		       COALESCE(p.unit_id, 0) as unit_id, COALESCE(u.name, '') as unit_name, COALESCE(u.abbreviation, '') as unit_abbreviation,
		       p.is_active, p.created_at, p.updated_at,
		       (SELECT COUNT(*) FROM product_packages pp WHERE pp.product_id = p.id AND pp.is_default = 0) AS extra_packages,
		       (SELECT COUNT(*) FROM product_prices pr WHERE pr.product_id = p.id) AS price_tiers_count
		FROM products p
		LEFT JOIN categories c ON p.category_id = c.id
		LEFT JOIN units u ON u.id = p.unit_id
		WHERE p.id = 1 LIMIT 1

2026/07/23 10:29:03 [32mD:/Develop/Project_pos_mahenz/BE/domain/product/repo/product_price_repo.go:18
[0m[33m[1.411ms] [34;1m[rows:2][0m SELECT id, product_id, tier_name, min_qty, price FROM product_prices WHERE product_id = 1 ORDER BY min_qty

2026/07/23 10:29:03 [32mD:/Develop/Project_pos_mahenz/BE/domain/transaction/repo/transaction_repo.go:190
[0m[33m[0.549ms] [34;1m[rows:1][0m SELECT COUNT(*) FROM transactions WHERE DATE(transaction_date) = CURDATE() AND device_source = 'web'

2026/07/23 10:29:03 [32mD:/Develop/Project_pos_mahenz/BE/domain/transaction/repo/transaction_repo.go:196
[0m[33m[0.615ms] [34;1m[rows:1][0m INSERT INTO transactions (transaction_code, user_id, shift_id, transaction_date, subtotal, discount, tax, total_amount, payment_method, payment_amount, change_amount, customer_id, is_credit, status, device_source) VALUES ('WEB-20260723-002', 2, NULL, '2026-07-23 10:29:03.467', 75000, 0, 0, 75000, 'cash', 100000, 25000, NULL, false, 'completed', 'web')

2026/07/23 10:29:03 [32mD:/Develop/Project_pos_mahenz/BE/domain/transaction/repo/transaction_repo.go:206
[0m[33m[0.000ms] [34;1m[rows:1][0m SELECT LAST_INSERT_ID()

2026/07/23 10:29:03 [32mD:/Develop/Project_pos_mahenz/BE/domain/transaction/repo/transaction_repo.go:241
[0m[33m[0.000ms] [34;1m[rows:1][0m SELECT stock FROM products WHERE id = 1 LIMIT 1

2026/07/23 10:29:03 [32mD:/Develop/Project_pos_mahenz/BE/domain/transaction/repo/transaction_repo.go:248
[0m[33m[0.524ms] [34;1m[rows:1][0m SELECT purchase_price FROM products WHERE id = 1 LIMIT 1

2026/07/23 10:29:03 [32mD:/Develop/Project_pos_mahenz/BE/domain/transaction/repo/transaction_repo.go:253
[0m[33m[0.644ms] [34;1m[rows:1][0m UPDATE products SET stock = stock - 15, updated_at = NOW() WHERE id = 1 AND (stock - reserved_qty) >= 15

2026/07/23 10:29:03 [32mD:/Develop/Project_pos_mahenz/BE/domain/transaction/repo/transaction_repo.go:262
[0m[33m[0.000ms] [34;1m[rows:1][0m INSERT INTO transaction_items (transaction_id, product_id, product_name, quantity, unit, price, purchase_price, subtotal, discount_item, conversion_qty, unit_id) VALUES (2, 1, 'Teh Botol Sosro', 15, 'Pcs', 5000, 3500, 75000, 0, 1, NULL)

2026/07/23 10:29:03 [32mD:/Develop/Project_pos_mahenz/BE/domain/transaction/repo/transaction_repo.go:273
[0m[33m[0.000ms] [34;1m[rows:1][0m INSERT INTO stock_mutations (product_id, mutation_type, quantity, stock_before, stock_after, reference_type, reference_id, notes, user_id) VALUES (1, 'out', 15, 48, 33, 'transaction', 2, 'Transaksi WEB-20260723-002', 2)

2026/07/23 10:29:03 [32mD:/Develop/Project_pos_mahenz/BE/domain/cash_drawer/repo/cash_drawer_repo.go:149
[0m[33m[0.000ms] [34;1m[rows:0][0m SELECT cd.id, cd.user_id, cd.shift_id, cd.open_time, cd.opening_balance, cd.total_sales, cd.total_cash_sales, cd.total_expenses, (cd.opening_balance + COALESCE((SELECT SUM(total_amount) FROM transactions WHERE user_id = cd.user_id AND payment_method = 'cash' AND status = 'completed' AND transaction_date >= cd.open_time), 0) - COALESCE((SELECT SUM(amount) FROM expenses WHERE user_id = cd.user_id AND created_at >= cd.open_time), 0)) as expected_balance, cd.status FROM cash_drawer cd WHERE cd.user_id = 2 AND cd.status = 'open' LIMIT 1
[GIN] 2026/07/23 - 10:29:03 | 201 |     12.5646ms |             ::1 | POST     "/api/transactions/create"

2026/07/23 10:29:03 [32mD:/Develop/Project_pos_mahenz/BE/repository/log_request_repository.go:32
[0m[33m[1.952ms] [34;1m[rows:1][0m INSERT INTO log_requests (id, method, endpoint, status_code, request_body, response_body, user_id, duration_ms, ip_address, error_message, created_at) VALUES ('968ff4a1-b0b3-4eee-80b0-af6e9927c4f4', 'POST', '/api/transactions/create', 201, '{
  "subtotal": 1, "discount": 0, "tax": 0, "total_amount": 1, "payment_method": "cash", "payment_amount": 100000, "device_source": "web",
  "items": [{"product_id": 1, "product_name": "Teh Botol Sosro", "quantity": 15, "unit": "Pcs", "price": 1, "subtotal": 1, "discount_item": 0}]
}', '{"code":"00","status":true,"message":"Transaksi berhasil dibuat","data":{"id":2,"transaction_code":"WEB-20260723-002","user_id":2,"kasir_name":"","shift_id":null,"transaction_date":"2026-07-23T10:29:03.4713254+07:00","subtotal":75000,"discount":0,"tax":0,"total_amount":75000,"payment_method":"cash","payment_amount":100000,"change_amount":25000,"customer_id":null,"customer_name":"","is_credit":false,"status":"completed","device_source":"web","items":[{"id":0,"product_id":1,"product_name":"Teh Botol Sosro","quantity":15,"unit":"Pcs","price":5000,"subtotal":75000,"discount_item":0,"conversion_qty":0,"unit_id":null}]}}', 2, 12, '::1', NULL, '2026-07-23 10:29:03.474')

2026/07/23 10:29:16 [32mD:/Develop/Project_pos_mahenz/BE/domain/auth/repo/auth_repo.go:17
[0m[33m[0.717ms] [34;1m[rows:1][0m SELECT u.id, u.username, u.password, u.full_name, u.role_id, r.name AS role_name, u.is_active FROM users u INNER JOIN roles r ON r.id = u.role_id WHERE u.username = 'admin' LIMIT 1

2026/07/23 10:29:16 [32mD:/Develop/Project_pos_mahenz/BE/domain/auth/repo/auth_repo.go:67
[0m[33m[8.232ms] [34;1m[rows:1][0m DELETE FROM sessions WHERE user_id = 2

2026/07/23 10:29:16 [32mD:/Develop/Project_pos_mahenz/BE/domain/auth/repo/auth_repo.go:38
[0m[33m[3.024ms] [34;1m[rows:1][0m INSERT INTO sessions (user_id, user_role, token, refresh_token, device_info, ip_address, expires_at) VALUES (2, 'admin', 'eyJhbGciOiJIUzI1NiIsInR5cCI6IkpXVCJ9.eyJhcHBzIjoiIiwiZXhwIjoxNzg0ODA2MTU2LCJmdWxsX25hbWUiOiJBZG1pbmlzdHJhdG9yIiwicm9sZSI6ImFkbWluIiwidXNlcl9pZCI6MiwidXNlcm5hbWUiOiJhZG1pbiJ9.mx_IyuUBHBS8l_lgK2dXPOoYj380UcUsYDFLQ8w--NU', '4341e64b4779b063f3970fc5033776e6d08c2dd5dfbc5ca76f597180006600e2', '', '::1', '2026-07-30 10:29:16.499') ON DUPLICATE KEY UPDATE user_role=VALUES(user_role), token=VALUES(token), refresh_token=VALUES(refresh_token), device_info=VALUES(device_info), ip_address=VALUES(ip_address), expires_at=VALUES(expires_at), created_at=NOW()
[GIN] 2026/07/23 - 10:29:16 | 200 |    360.6449ms |             ::1 | POST     "/api/auth/login"

2026/07/23 10:29:16 [32mD:/Develop/Project_pos_mahenz/BE/repository/log_request_repository.go:32
[0m[33m[4.522ms] [34;1m[rows:1][0m INSERT INTO log_requests (id, method, endpoint, status_code, request_body, response_body, user_id, duration_ms, ip_address, error_message, created_at) VALUES ('6632c173-1394-4ff5-8f7d-3c9c116a9658', 'POST', '/api/auth/login', 200, '{"username":"admin","password":"admin123"}', '{"code":"00","status":true,"message":"Login berhasil","data":{"token":"eyJhbGciOiJIUzI1NiIsInR5cCI6IkpXVCJ9.eyJhcHBzIjoiIiwiZXhwIjoxNzg0ODA2MTU2LCJmdWxsX25hbWUiOiJBZG1pbmlzdHJhdG9yIiwicm9sZSI6ImFkbWluIiwidXNlcl9pZCI6MiwidXNlcm5hbWUiOiJhZG1pbiJ9.mx_IyuUBHBS8l_lgK2dXPOoYj380UcUsYDFLQ8w--NU","refresh_token":"4341e64b4779b063f3970fc5033776e6d08c2dd5dfbc5ca76f597180006600e2","expires_at":"2026-07-30T10:29:16.4999848+07:00","user":{"id":2,"username":"admin","full_name":"Administrator","role_id":2,"role_name":"admin"}}}', NULL, 360, '::1', NULL, '2026-07-23 10:29:16.511')

2026/07/23 10:29:16 [32mD:/Develop/Project_pos_mahenz/BE/domain/auth/repo/auth_repo.go:46
[0m[33m[1.311ms] [34;1m[rows:1][0m SELECT id, user_id, user_role, token, device_info, expires_at FROM sessions WHERE token = 'eyJhbGciOiJIUzI1NiIsInR5cCI6IkpXVCJ9.eyJhcHBzIjoiIiwiZXhwIjoxNzg0ODA2MTU2LCJmdWxsX25hbWUiOiJBZG1pbmlzdHJhdG9yIiwicm9sZSI6ImFkbWluIiwidXNlcl9pZCI6MiwidXNlcm5hbWUiOiJhZG1pbiJ9.mx_IyuUBHBS8l_lgK2dXPOoYj380UcUsYDFLQ8w--NU' LIMIT 1

2026/07/23 10:29:16 [32mD:/Develop/Project_pos_mahenz/BE/domain/cash_drawer/repo/cash_drawer_repo.go:149
[0m[33m[0.673ms] [34;1m[rows:0][0m SELECT cd.id, cd.user_id, cd.shift_id, cd.open_time, cd.opening_balance, cd.total_sales, cd.total_cash_sales, cd.total_expenses, (cd.opening_balance + COALESCE((SELECT SUM(total_amount) FROM transactions WHERE user_id = cd.user_id AND payment_method = 'cash' AND status = 'completed' AND transaction_date >= cd.open_time), 0) - COALESCE((SELECT SUM(amount) FROM expenses WHERE user_id = cd.user_id AND created_at >= cd.open_time), 0)) as expected_balance, cd.status FROM cash_drawer cd WHERE cd.user_id = 2 AND cd.status = 'open' LIMIT 1

2026/07/23 10:29:16 [32mD:/Develop/Project_pos_mahenz/BE/domain/product/repo/product_repo.go:136
[0m[33m[0.556ms] [34;1m[rows:1][0m 
		SELECT p.id, p.barcode, COALESCE(p.sku, '') as sku, p.name, p.category_id, COALESCE(c.name, '') as category_name,
		       p.purchase_price, p.selling_price, p.stock, p.reserved_qty, p.min_stock,
		       COALESCE(p.unit_id, 0) as unit_id, COALESCE(u.name, '') as unit_name, COALESCE(u.abbreviation, '') as unit_abbreviation,
		       p.is_active, p.created_at, p.updated_at,
		       (SELECT COUNT(*) FROM product_packages pp WHERE pp.product_id = p.id AND pp.is_default = 0) AS extra_packages,
		       (SELECT COUNT(*) FROM product_prices pr WHERE pr.product_id = p.id) AS price_tiers_count
		FROM products p
		LEFT JOIN categories c ON p.category_id = c.id
		LEFT JOIN units u ON u.id = p.unit_id
		WHERE p.id = 1 LIMIT 1

2026/07/23 10:29:16 [32mD:/Develop/Project_pos_mahenz/BE/domain/product/repo/product_price_repo.go:18
[0m[33m[0.567ms] [34;1m[rows:2][0m SELECT id, product_id, tier_name, min_qty, price FROM product_prices WHERE product_id = 1 ORDER BY min_qty

2026/07/23 10:29:16 [32mD:/Develop/Project_pos_mahenz/BE/domain/transaction/repo/transaction_repo.go:190
[0m[33m[12.150ms] [34;1m[rows:1][0m SELECT COUNT(*) FROM transactions WHERE DATE(transaction_date) = CURDATE() AND device_source = 'web'

2026/07/23 10:29:16 [32mD:/Develop/Project_pos_mahenz/BE/domain/transaction/repo/transaction_repo.go:196
[0m[33m[0.344ms] [34;1m[rows:1][0m INSERT INTO transactions (transaction_code, user_id, shift_id, transaction_date, subtotal, discount, tax, total_amount, payment_method, payment_amount, change_amount, customer_id, is_credit, status, device_source) VALUES ('WEB-20260723-003', 2, NULL, '2026-07-23 10:29:16.834', 29000, 0, 0, 29000, 'cash', 100000, 71000, NULL, false, 'completed', 'web')

2026/07/23 10:29:16 [32mD:/Develop/Project_pos_mahenz/BE/domain/transaction/repo/transaction_repo.go:206
[0m[33m[0.000ms] [34;1m[rows:1][0m SELECT LAST_INSERT_ID()

2026/07/23 10:29:16 [32mD:/Develop/Project_pos_mahenz/BE/domain/transaction/repo/transaction_repo.go:241
[0m[33m[0.534ms] [34;1m[rows:1][0m SELECT stock FROM products WHERE id = 1 LIMIT 1

2026/07/23 10:29:16 [32mD:/Develop/Project_pos_mahenz/BE/domain/transaction/repo/transaction_repo.go:248
[0m[33m[0.549ms] [34;1m[rows:1][0m SELECT purchase_price FROM products WHERE id = 1 LIMIT 1

2026/07/23 10:29:16 [32mD:/Develop/Project_pos_mahenz/BE/domain/transaction/repo/transaction_repo.go:253
[0m[33m[1.596ms] [34;1m[rows:1][0m UPDATE products SET stock = stock - 5, updated_at = NOW() WHERE id = 1 AND (stock - reserved_qty) >= 5

2026/07/23 10:29:16 [32mD:/Develop/Project_pos_mahenz/BE/domain/transaction/repo/transaction_repo.go:262
[0m[33m[0.504ms] [34;1m[rows:1][0m INSERT INTO transaction_items (transaction_id, product_id, product_name, quantity, unit, price, purchase_price, subtotal, discount_item, conversion_qty, unit_id) VALUES (3, 1, 'Teh Botol Sosro', 5, 'Pcs', 5800, 3500, 29000, 0, 1, NULL)

2026/07/23 10:29:16 [32mD:/Develop/Project_pos_mahenz/BE/domain/transaction/repo/transaction_repo.go:273
[0m[33m[1.455ms] [34;1m[rows:1][0m INSERT INTO stock_mutations (product_id, mutation_type, quantity, stock_before, stock_after, reference_type, reference_id, notes, user_id) VALUES (1, 'out', 5, 33, 28, 'transaction', 3, 'Transaksi WEB-20260723-003', 2)

2026/07/23 10:29:16 [32mD:/Develop/Project_pos_mahenz/BE/domain/cash_drawer/repo/cash_drawer_repo.go:149
[0m[33m[12.998ms] [34;1m[rows:0][0m SELECT cd.id, cd.user_id, cd.shift_id, cd.open_time, cd.opening_balance, cd.total_sales, cd.total_cash_sales, cd.total_expenses, (cd.opening_balance + COALESCE((SELECT SUM(total_amount) FROM transactions WHERE user_id = cd.user_id AND payment_method = 'cash' AND status = 'completed' AND transaction_date >= cd.open_time), 0) - COALESCE((SELECT SUM(amount) FROM expenses WHERE user_id = cd.user_id AND created_at >= cd.open_time), 0)) as expected_balance, cd.status FROM cash_drawer cd WHERE cd.user_id = 2 AND cd.status = 'open' LIMIT 1
[GIN] 2026/07/23 - 10:29:16 | 201 |     43.7431ms |             ::1 | POST     "/api/transactions/create"

2026/07/23 10:29:16 [32mD:/Develop/Project_pos_mahenz/BE/repository/log_request_repository.go:32
[0m[33m[32.480ms] [34;1m[rows:1][0m INSERT INTO log_requests (id, method, endpoint, status_code, request_body, response_body, user_id, duration_ms, ip_address, error_message, created_at) VALUES ('6b791fed-80f9-4d75-8895-006ae599ac1e', 'POST', '/api/transactions/create', 201, '{
  "subtotal": 1, "discount": 0, "tax": 0, "total_amount": 1, "payment_method": "cash", "payment_amount": 100000, "device_source": "web",
  "items": [{"product_id": 1, "product_name": "Teh Botol Sosro", "quantity": 5, "unit": "Pcs", "price": 1, "subtotal": 1, "discount_item": 0}]
}', '{"code":"00","status":true,"message":"Transaksi berhasil dibuat","data":{"id":3,"transaction_code":"WEB-20260723-003","user_id":2,"kasir_name":"","shift_id":null,"transaction_date":"2026-07-23T10:29:16.8434504+07:00","subtotal":29000,"discount":0,"tax":0,"total_amount":29000,"payment_method":"cash","payment_amount":100000,"change_amount":71000,"customer_id":null,"customer_name":"","is_credit":false,"status":"completed","device_source":"web","items":[{"id":0,"product_id":1,"product_name":"Teh Botol Sosro","quantity":5,"unit":"Pcs","price":5800,"subtotal":29000,"discount_item":0,"conversion_qty":0,"unit_id":null}]}}', 2, 43, '::1', NULL, '2026-07-23 10:29:16.858')

2026/07/23 10:29:17 [32mD:/Develop/Project_pos_mahenz/BE/domain/auth/repo/auth_repo.go:46
[0m[33m[0.507ms] [34;1m[rows:1][0m SELECT id, user_id, user_role, token, device_info, expires_at FROM sessions WHERE token = 'eyJhbGciOiJIUzI1NiIsInR5cCI6IkpXVCJ9.eyJhcHBzIjoiIiwiZXhwIjoxNzg0ODA2MTU2LCJmdWxsX25hbWUiOiJBZG1pbmlzdHJhdG9yIiwicm9sZSI6ImFkbWluIiwidXNlcl9pZCI6MiwidXNlcm5hbWUiOiJhZG1pbiJ9.mx_IyuUBHBS8l_lgK2dXPOoYj380UcUsYDFLQ8w--NU' LIMIT 1

2026/07/23 10:29:17 [32mD:/Develop/Project_pos_mahenz/BE/domain/cash_drawer/repo/cash_drawer_repo.go:149
[0m[33m[0.534ms] [34;1m[rows:0][0m SELECT cd.id, cd.user_id, cd.shift_id, cd.open_time, cd.opening_balance, cd.total_sales, cd.total_cash_sales, cd.total_expenses, (cd.opening_balance + COALESCE((SELECT SUM(total_amount) FROM transactions WHERE user_id = cd.user_id AND payment_method = 'cash' AND status = 'completed' AND transaction_date >= cd.open_time), 0) - COALESCE((SELECT SUM(amount) FROM expenses WHERE user_id = cd.user_id AND created_at >= cd.open_time), 0)) as expected_balance, cd.status FROM cash_drawer cd WHERE cd.user_id = 2 AND cd.status = 'open' LIMIT 1

2026/07/23 10:29:17 [32mD:/Develop/Project_pos_mahenz/BE/domain/product/repo/product_repo.go:136
[0m[33m[0.736ms] [34;1m[rows:1][0m 
		SELECT p.id, p.barcode, COALESCE(p.sku, '') as sku, p.name, p.category_id, COALESCE(c.name, '') as category_name,
		       p.purchase_price, p.selling_price, p.stock, p.reserved_qty, p.min_stock,
		       COALESCE(p.unit_id, 0) as unit_id, COALESCE(u.name, '') as unit_name, COALESCE(u.abbreviation, '') as unit_abbreviation,
		       p.is_active, p.created_at, p.updated_at,
		       (SELECT COUNT(*) FROM product_packages pp WHERE pp.product_id = p.id AND pp.is_default = 0) AS extra_packages,
		       (SELECT COUNT(*) FROM product_prices pr WHERE pr.product_id = p.id) AS price_tiers_count
		FROM products p
		LEFT JOIN categories c ON p.category_id = c.id
		LEFT JOIN units u ON u.id = p.unit_id
		WHERE p.id = 1 LIMIT 1

2026/07/23 10:29:17 [32mD:/Develop/Project_pos_mahenz/BE/domain/product/repo/product_price_repo.go:18
[0m[33m[0.550ms] [34;1m[rows:2][0m SELECT id, product_id, tier_name, min_qty, price FROM product_prices WHERE product_id = 1 ORDER BY min_qty

2026/07/23 10:29:17 [32mD:/Develop/Project_pos_mahenz/BE/domain/transaction/repo/transaction_repo.go:190
[0m[33m[0.702ms] [34;1m[rows:1][0m SELECT COUNT(*) FROM transactions WHERE DATE(transaction_date) = CURDATE() AND device_source = 'web'

2026/07/23 10:29:17 [32mD:/Develop/Project_pos_mahenz/BE/domain/transaction/repo/transaction_repo.go:196
[0m[33m[0.524ms] [34;1m[rows:1][0m INSERT INTO transactions (transaction_code, user_id, shift_id, transaction_date, subtotal, discount, tax, total_amount, payment_method, payment_amount, change_amount, customer_id, is_credit, status, device_source) VALUES ('WEB-20260723-004', 2, NULL, '2026-07-23 10:29:17.075', 108000, 0, 0, 108000, 'cash', 200000, 92000, NULL, false, 'completed', 'web')

2026/07/23 10:29:17 [32mD:/Develop/Project_pos_mahenz/BE/domain/transaction/repo/transaction_repo.go:206
[0m[33m[0.000ms] [34;1m[rows:1][0m SELECT LAST_INSERT_ID()

2026/07/23 10:29:17 [32mD:/Develop/Project_pos_mahenz/BE/domain/transaction/repo/transaction_repo.go:241
[0m[33m[0.000ms] [34;1m[rows:1][0m SELECT stock FROM products WHERE id = 1 LIMIT 1

2026/07/23 10:29:17 [32mD:/Develop/Project_pos_mahenz/BE/domain/transaction/repo/transaction_repo.go:248
[0m[33m[0.000ms] [34;1m[rows:1][0m SELECT purchase_price FROM products WHERE id = 1 LIMIT 1

2026/07/23 10:29:17 [32mD:/Develop/Project_pos_mahenz/BE/domain/transaction/repo/transaction_repo.go:253
[0m[33m[0.551ms] [34;1m[rows:1][0m UPDATE products SET stock = stock - 24, updated_at = NOW() WHERE id = 1 AND (stock - reserved_qty) >= 24

2026/07/23 10:29:17 [32mD:/Develop/Project_pos_mahenz/BE/domain/transaction/repo/transaction_repo.go:262
[0m[33m[0.617ms] [34;1m[rows:1][0m INSERT INTO transaction_items (transaction_id, product_id, product_name, quantity, unit, price, purchase_price, subtotal, discount_item, conversion_qty, unit_id) VALUES (4, 1, 'Teh Botol Sosro', 24, 'Pcs', 4500, 3500, 108000, 0, 1, NULL)

2026/07/23 10:29:17 [32mD:/Develop/Project_pos_mahenz/BE/domain/transaction/repo/transaction_repo.go:273
[0m[33m[0.591ms] [34;1m[rows:1][0m INSERT INTO stock_mutations (product_id, mutation_type, quantity, stock_before, stock_after, reference_type, reference_id, notes, user_id) VALUES (1, 'out', 24, 28, 4, 'transaction', 4, 'Transaksi WEB-20260723-004', 2)

2026/07/23 10:29:17 [32mD:/Develop/Project_pos_mahenz/BE/domain/cash_drawer/repo/cash_drawer_repo.go:149
[0m[33m[0.680ms] [34;1m[rows:0][0m SELECT cd.id, cd.user_id, cd.shift_id, cd.open_time, cd.opening_balance, cd.total_sales, cd.total_cash_sales, cd.total_expenses, (cd.opening_balance + COALESCE((SELECT SUM(total_amount) FROM transactions WHERE user_id = cd.user_id AND payment_method = 'cash' AND status = 'completed' AND transaction_date >= cd.open_time), 0) - COALESCE((SELECT SUM(amount) FROM expenses WHERE user_id = cd.user_id AND created_at >= cd.open_time), 0)) as expected_balance, cd.status FROM cash_drawer cd WHERE cd.user_id = 2 AND cd.status = 'open' LIMIT 1
[GIN] 2026/07/23 - 10:29:17 | 201 |      9.7675ms |             ::1 | POST     "/api/transactions/create"

2026/07/23 10:29:17 [32mD:/Develop/Project_pos_mahenz/BE/repository/log_request_repository.go:32
[0m[33m[2.026ms] [34;1m[rows:1][0m INSERT INTO log_requests (id, method, endpoint, status_code, request_body, response_body, user_id, duration_ms, ip_address, error_message, created_at) VALUES ('bd4e58d9-1ae8-4319-81b0-b4429f758e7b', 'POST', '/api/transactions/create', 201, '{
  "subtotal": 1, "discount": 0, "tax": 0, "total_amount": 1, "payment_method": "cash", "payment_amount": 200000, "device_source": "web",
  "items": [{"product_id": 1, "product_name": "Teh Botol Sosro", "quantity": 24, "unit": "Pcs", "price": 1, "subtotal": 1, "discount_item": 0}]
}', '{"code":"00","status":true,"message":"Transaksi berhasil dibuat","data":{"id":4,"transaction_code":"WEB-20260723-004","user_id":2,"kasir_name":"","shift_id":null,"transaction_date":"2026-07-23T10:29:17.0793311+07:00","subtotal":108000,"discount":0,"tax":0,"total_amount":108000,"payment_method":"cash","payment_amount":200000,"change_amount":92000,"customer_id":null,"customer_name":"","is_credit":false,"status":"completed","device_source":"web","items":[{"id":0,"product_id":1,"product_name":"Teh Botol Sosro","quantity":24,"unit":"Pcs","price":4500,"subtotal":108000,"discount_item":0,"conversion_qty":0,"unit_id":null}]}}', 2, 9, '::1', NULL, '2026-07-23 10:29:17.081')
[GIN] 2026/07/23 - 10:32:20 | 204 |            0s |             ::1 | OPTIONS  "/api/menus/my"
[GIN] 2026/07/23 - 10:32:20 | 401 |            0s |             ::1 | POST     "/api/menus/my"
Error #01: Token expired

2026/07/23 10:32:20 [32mD:/Develop/Project_pos_mahenz/BE/repository/log_request_repository.go:32
[0m[33m[5.940ms] [34;1m[rows:1][0m INSERT INTO log_requests (id, method, endpoint, status_code, request_body, response_body, user_id, duration_ms, ip_address, error_message, created_at) VALUES ('c544a8e5-15f8-4418-95b2-79090d2ffc76', 'POST', '/api/menus/my', 401, '{}', '{"code":"41","status":false,"message":"Token expired","data":null}', NULL, 0, '::1', 'Token expired', '2026-07-23 10:32:20.245')
[GIN] 2026/07/23 - 10:32:20 | 204 |            0s |             ::1 | OPTIONS  "/api/auth/refresh"

2026/07/23 10:32:20 [32mD:/Develop/Project_pos_mahenz/BE/domain/auth/repo/auth_repo.go:57
[0m[33m[0.505ms] [34;1m[rows:0][0m SELECT id, user_id, refresh_token, expires_at FROM sessions WHERE refresh_token = '9dc4b8281a8513ae458716b2c5b79f995266af17583ff1f72ae37be6ca3f9cd8' LIMIT 1
[GIN] 2026/07/23 - 10:32:20 | 401 |      1.0421ms |             ::1 | POST     "/api/auth/refresh"
Error #01: Refresh token tidak valid

2026/07/23 10:32:20 [32mD:/Develop/Project_pos_mahenz/BE/repository/log_request_repository.go:32
[0m[33m[2.620ms] [34;1m[rows:1][0m INSERT INTO log_requests (id, method, endpoint, status_code, request_body, response_body, user_id, duration_ms, ip_address, error_message, created_at) VALUES ('28853f28-9608-47df-be04-c5eecf468a19', 'POST', '/api/auth/refresh', 401, '{"refresh_token":"9dc4b8281a8513ae458716b2c5b79f995266af17583ff1f72ae37be6ca3f9cd8"}', '{"code":"41","status":false,"message":"Refresh token tidak valid","data":null}', NULL, 1, '::1', 'Refresh token tidak valid', '2026-07-23 10:32:20.276')
[GIN] 2026/07/23 - 10:32:27 | 204 |            0s |             ::1 | OPTIONS  "/api/auth/login"

2026/07/23 10:32:27 [32mD:/Develop/Project_pos_mahenz/BE/domain/auth/repo/auth_repo.go:17
[0m[33m[1.193ms] [34;1m[rows:1][0m SELECT u.id, u.username, u.password, u.full_name, u.role_id, r.name AS role_name, u.is_active FROM users u INNER JOIN roles r ON r.id = u.role_id WHERE u.username = 'owner' LIMIT 1

2026/07/23 10:32:27 [32mD:/Develop/Project_pos_mahenz/BE/domain/auth/repo/auth_repo.go:67
[0m[33m[11.395ms] [34;1m[rows:1][0m DELETE FROM sessions WHERE user_id = 1

2026/07/23 10:32:27 [32mD:/Develop/Project_pos_mahenz/BE/domain/auth/repo/auth_repo.go:38
[0m[33m[3.697ms] [34;1m[rows:1][0m INSERT INTO sessions (user_id, user_role, token, refresh_token, device_info, ip_address, expires_at) VALUES (1, 'owner', 'eyJhbGciOiJIUzI1NiIsInR5cCI6IkpXVCJ9.eyJhcHBzIjoid2ViIiwiZXhwIjoxNzg0ODA2MzQ3LCJmdWxsX25hbWUiOiJPd25lciIsInJvbGUiOiJvd25lciIsInVzZXJfaWQiOjEsInVzZXJuYW1lIjoib3duZXIifQ.sVitSHGCqjQWCzu8N4t6Cw8Z9k-cYTtP-HoRuuRrZ3w', 'b33c654865b97031b7870eb70357b30de46bf10993980ee7298abab5e95589ca', 'web', '::1', '2026-07-30 10:32:27.352') ON DUPLICATE KEY UPDATE user_role=VALUES(user_role), token=VALUES(token), refresh_token=VALUES(refresh_token), device_info=VALUES(device_info), ip_address=VALUES(ip_address), expires_at=VALUES(expires_at), created_at=NOW()
[GIN] 2026/07/23 - 10:32:27 | 200 |    108.5732ms |             ::1 | POST     "/api/auth/login"

2026/07/23 10:32:27 [32mD:/Develop/Project_pos_mahenz/BE/repository/log_request_repository.go:32
[0m[33m[3.327ms] [34;1m[rows:1][0m INSERT INTO log_requests (id, method, endpoint, status_code, request_body, response_body, user_id, duration_ms, ip_address, error_message, created_at) VALUES ('e6522b55-7f98-46f1-a784-a2676dad35d8', 'POST', '/api/auth/login', 200, '{"username":"owner","password":"owner123","device_info":"web"}', '{"code":"00","status":true,"message":"Login berhasil","data":{"token":"eyJhbGciOiJIUzI1NiIsInR5cCI6IkpXVCJ9.eyJhcHBzIjoid2ViIiwiZXhwIjoxNzg0ODA2MzQ3LCJmdWxsX25hbWUiOiJPd25lciIsInJvbGUiOiJvd25lciIsInVzZXJfaWQiOjEsInVzZXJuYW1lIjoib3duZXIifQ.sVitSHGCqjQWCzu8N4t6Cw8Z9k-cYTtP-HoRuuRrZ3w","refresh_token":"b33c654865b97031b7870eb70357b30de46bf10993980ee7298abab5e95589ca","expires_at":"2026-07-30T10:32:27.3525224+07:00","user":{"id":1,"username":"owner","full_name":"Owner","role_id":1,"role_name":"owner"}}}', NULL, 108, '::1', NULL, '2026-07-23 10:32:27.367')

2026/07/23 10:32:27 [32mD:/Develop/Project_pos_mahenz/BE/domain/auth/repo/auth_repo.go:46
[0m[33m[0.507ms] [34;1m[rows:1][0m SELECT id, user_id, user_role, token, device_info, expires_at FROM sessions WHERE token = 'eyJhbGciOiJIUzI1NiIsInR5cCI6IkpXVCJ9.eyJhcHBzIjoid2ViIiwiZXhwIjoxNzg0ODA2MzQ3LCJmdWxsX25hbWUiOiJPd25lciIsInJvbGUiOiJvd25lciIsInVzZXJfaWQiOjEsInVzZXJuYW1lIjoib3duZXIifQ.sVitSHGCqjQWCzu8N4t6Cw8Z9k-cYTtP-HoRuuRrZ3w' LIMIT 1

2026/07/23 10:32:27 [32mD:/Develop/Project_pos_mahenz/BE/domain/menu/repo/menu_repo.go:121
[0m[33m[1.163ms] [34;1m[rows:-][0m 
		SELECT
			m.id,
			m.parent_id,
			m.key_name,
			m.label,
			m.icon,
			m.path,
			m.order_index,
			COALESCE(rma.can_view,   0),
			COALESCE(rma.can_create, 0),
			COALESCE(rma.can_edit,   0),
			COALESCE(rma.can_delete, 0)
		FROM menus m
		LEFT JOIN role_menu_access rma ON rma.menu_id = m.id
			AND rma.role_id = (SELECT id FROM roles WHERE name = 'owner' AND is_active = 1 LIMIT 1)
		WHERE m.is_active = 1
		ORDER BY m.order_index ASC, m.id ASC
		
[GIN] 2026/07/23 - 10:32:27 | 200 |      3.5979ms |             ::1 | POST     "/api/menus/my"

2026/07/23 10:32:27 [32mD:/Develop/Project_pos_mahenz/BE/domain/auth/repo/auth_repo.go:46
[0m[33m[6.868ms] [34;1m[rows:1][0m SELECT id, user_id, user_role, token, device_info, expires_at FROM sessions WHERE token = 'eyJhbGciOiJIUzI1NiIsInR5cCI6IkpXVCJ9.eyJhcHBzIjoid2ViIiwiZXhwIjoxNzg0ODA2MzQ3LCJmdWxsX25hbWUiOiJPd25lciIsInJvbGUiOiJvd25lciIsInVzZXJfaWQiOjEsInVzZXJuYW1lIjoib3duZXIifQ.sVitSHGCqjQWCzu8N4t6Cw8Z9k-cYTtP-HoRuuRrZ3w' LIMIT 1

2026/07/23 10:32:27 [32mD:/Develop/Project_pos_mahenz/BE/repository/log_request_repository.go:32
[0m[33m[6.635ms] [34;1m[rows:1][0m INSERT INTO log_requests (id, method, endpoint, status_code, request_body, response_body, user_id, duration_ms, ip_address, error_message, created_at) VALUES ('159d2f9c-7c19-447e-94a6-9ddad975e549', 'POST', '/api/menus/my', 200, '{}', '{"code":"00","status":true,"message":"Menu akses","data":[{"key_name":"beranda","label":"Beranda","icon":"Home","path":null,"order_index":1,"permission":{"can_view":true,"can_create":true,"can_edit":true,"can_delete":true},"children":[{"key_name":"beranda.dashboard","label":"Dashboard","icon":"LayoutDashboard","path":"/dashboard","order_index":1,"permission":{"can_view":true,"can_create":true,"can_edit":true,"can_delete":true},"children":[]}]},{"key_name":"penjualan","label":"Penjualan","icon":"ShoppingCart","path":null,"order_index":2,"permission":{"can_view":true,"can_create":true,"can_edit":true,"can_delete":true},"children":[{"key_name":"penjualan.kasir","label":"Kasir","icon":"ShoppingCart","path":"/kasir","order_index":1,"permission":{"can_view":true,"can_create":true,"can_edit":true,"can_delete":true},"children":[]},{"key_name":"penjualan.transaksi","label":"Transaksi","icon":"Receipt","path":"/transactions","order_index":2,"permission":{"can_view":true,"can_create":true,"can_edit":true,"can_delete":true},"children":[]}]},{"key_name":"produk","label":"Produk","icon":"Package","path":null,"order_index":3,"permission":{"can_view":true,"can_create":true,"can_edit":true,"can_delete":true},"children":[{"key_name":"produk.produk","label":"Produk","icon":"Package","path":"/products","order_index":1,"permission":{"can_view":true,"can_create":true,"can_edit":true,"can_delete":true},"children":[]},{"key_name":"produk.kategori","label":"Kategori","icon":"Tag","path":"/products/categories","order_index":2,"permission":{"can_view":true,"can_create":true,"can_edit":true,"can_delete":true},"children":[]},{"key_name":"produk.unit","label":"Unit","icon":"PackageSearch","path":"/products/units","order_index":3,"permission":{"can_view":true,"can_create":true,"can_edit":true,"can_delete":true},"children":[]}]},{"key_name":"pengadaan","label":"Pengadaan","icon":"Truck","path":null,"order_index":4,"permission":{"can_view":true,"can_create":true,"can_edit":true,"can_delete":true},"children":[{"key_name":"pengadaan.supplier","label":"Supplier","icon":"Truck","path":"/suppliers","order_index":1,"permission":{"can_view":true,"can_create":true,"can_edit":true,"can_delete":true},"children":[]},{"key_name":"pengadaan.pembelian","label":"Pembelian","icon":"ShoppingBag","path":"/suppliers/purchases","order_index":2,"permission":{"can_view":true,"can_create":true,"can_edit":true,"can_delete":true},"children":[]},{"key_name":"pengadaan.retur","label":"Retur","icon":"RotateCcw","path":"/suppliers/returns","order_index":3,"permission":{"can_view":true,"can_create":true,"can_edit":true,"can_delete":true},"children":[]}]},{"key_name":"pelanggan","label":"Pelanggan","icon":"Users","path":null,"order_index":5,"permission":{"can_view":true,"can_create":true,"can_edit":true,"can_delete":true},"children":[{"key_name":"pelanggan.pelanggan","label":"Pelanggan","icon":"Users","path":"/customers","order_index":1,"permission":{"can_view":true,"can_create":true,"can_edit":true,"can_delete":true},"children":[]},{"key_name":"pelanggan.piutang","label":"Piutang","icon":"CreditCard","path":"/receivables","order_index":2,"permission":{"can_view":true,"can_create":true,"can_edit":true,"can_delete":true},"children":[]}]},{"key_name":"keuangan","label":"Keuangan","icon":"Wallet","path":null,"order_index":6,"permission":{"can_view":true,"can_create":true,"can_edit":true,"can_delete":true},"children":[{"key_name":"keuangan.dashboard","label":"Dashboard Keuangan","icon":"Wallet","path":"/finance","order_index":1,"permission":{"can_view":true,"can_create":true,"can_edit":true,"can_delete":true},"children":[]},{"key_name":"keuangan.kas_harian","label":"Kas Harian","icon":"Landmark","path":"/finance/cash-drawer","order_index":2,"permission":{"can_view":true,"can_create":true,"can_edit":true,"can_delete":true},"children":[]},{"key_name":"keuangan.pengeluaran","label":"Pengeluaran","icon":"TrendingDown","path":"/finance/expenses","order_index":3,"permission":{"can_view":true,"can_create":true,"can_edit":true,"can_delete":true},"children":[]},{"key_name":"keuangan.kas_saya","label":"Kas Saya","icon":"Wallet","path":"/finance/my-cash","order_index":4,"permission":{"can_view":true,"can_create":true,"can_edit":true,"can_delete":true},"children":[]}]},{"key_name":"pelaporan","label":"Pelaporan","icon":"BarChart2","path":null,"order_index":7,"permission":{"can_view":true,"can_create":true,"can_edit":true,"can_delete":true},"children":[{"key_name":"pelaporan.penjualan","label":"Penjualan","icon":"TrendingUp","path":"/reports/sales","order_index":1,"permission":{"can_view":true,"can_create":true,"can_edit":true,"can_delete":true},"children":[]},{"key_name":"pelaporan.laba_rugi","label":"Laba Rugi","icon":"LineChart","path":"/reports/profit-loss","order_index":2,"permission":{"can_view":true,"can_create":true,"can_edit":true,"can_delete":true},"children":[]},{"key_name":"pelaporan.stok","label":"Stok","icon":"PackageSearch","path":"/reports/stock","order_index":3,"permission":{"can_view":true,"can_create":true,"can_edit":true,"can_delete":true},"children":[]},{"key_name":"pelaporan.kinerja_kasir","label":"Kinerja Kasir","icon":"BarChart2","path":"/reports/cashier","order_index":4,"permission":{"can_view":true,"can_create":true,"can_edit":true,"can_delete":true},"children":[]}]},{"key_name":"operasional","label":"Operasional","icon":"Clock","path":null,"order_index":8,"permission":{"can_view":true,"can_create":true,"can_edit":true,"can_delete":true},"children":[{"key_name":"operasional.shift","label":"Shift","icon":"Clock","path":"/shifts","order_index":1,"permission":{"can_view":true,"can_create":true,"can_edit":true,"can_delete":true},"children":[]},{"key_name":"operasional.sync","label":"Sync Center","icon":"RefreshCw","path":"/sync","order_index":2,"permission":{"can_view":true,"can_create":true,"can_edit":true,"can_delete":true},"children":[]}]},{"key_name":"sistem","label":"Sistem","icon":"Settings","path":null,"order_index":9,"permission":{"can_view":true,"can_create":true,"can_edit":true,"can_delete":true},"children":[{"key_name":"sistem.profil_toko","label":"Profil Toko","icon":"Settings","path":"/settings/store","order_index":1,"permission":{"can_view":true,"can_create":true,"can_edit":true,"can_delete":true},"children":[]},{"key_name":"sistem.users","label":"Manajemen User","icon":"Users","path":"/settings/users","order_index":2,"permission":{"can_view":true,"can_create":true,"can_edit":true,"can_delete":true},"children":[]},{"key_name":"sistem.roles","label":"Manajemen Role","icon":"Shield","path":"/settings/roles","order_index":3,"permission":{"can_view":true,"can_create":true,"can_edit":true,"can_delete":true},"children":[]},{"key_name":"sistem.menus","label":"Manajemen Menu","icon":"LayoutList","path":"/settings/menus","order_index":4,"permission":{"can_view":true,"can_create":true,"can_edit":true,"can_delete":true},"children":[]},{"key_name":"sistem.printer","label":"Printer","icon":"Printer","path":"/settings/printer","order_index":5,"permission":{"can_view":true,"can_create":true,"can_edit":true,"can_delete":true},"children":[]},{"key_name":"sistem.versi","label":"Versi Aplikasi","icon":"RefreshCw","path":"/settings/versions","order_index":6,"permission":{"can_view":true,"can_create":true,"can_edit":true,"can_delete":true},"children":[]},{"key_name":"sistem.backup","label":"Backup \u0026 Restore","icon":"DatabaseBackup","path":"/settings/backup","order_index":7,"permission":{"can_view":true,"can_create":true,"can_edit":true,"can_delete":true},"children":[]}]}]}', 1, 3, '::1', NULL, '2026-07-23 10:32:27.378')

2026/07/23 10:32:27 [32mD:/Develop/Project_pos_mahenz/BE/domain/menu/repo/menu_repo.go:121
[0m[33m[1.186ms] [34;1m[rows:-][0m 
		SELECT
			m.id,
			m.parent_id,
			m.key_name,
			m.label,
			m.icon,
			m.path,
			m.order_index,
			COALESCE(rma.can_view,   0),
			COALESCE(rma.can_create, 0),
			COALESCE(rma.can_edit,   0),
			COALESCE(rma.can_delete, 0)
		FROM menus m
		LEFT JOIN role_menu_access rma ON rma.menu_id = m.id
			AND rma.role_id = (SELECT id FROM roles WHERE name = 'owner' AND is_active = 1 LIMIT 1)
		WHERE m.is_active = 1
		ORDER BY m.order_index ASC, m.id ASC
		
[GIN] 2026/07/23 - 10:32:27 | 200 |      9.8124ms |             ::1 | POST     "/api/menus/my"

2026/07/23 10:32:27 [32mD:/Develop/Project_pos_mahenz/BE/repository/log_request_repository.go:32
[0m[33m[3.917ms] [34;1m[rows:1][0m INSERT INTO log_requests (id, method, endpoint, status_code, request_body, response_body, user_id, duration_ms, ip_address, error_message, created_at) VALUES ('232cb640-b170-4a10-8bf9-3c0fcaa5d378', 'POST', '/api/menus/my', 200, '{}', '{"code":"00","status":true,"message":"Menu akses","data":[{"key_name":"beranda","label":"Beranda","icon":"Home","path":null,"order_index":1,"permission":{"can_view":true,"can_create":true,"can_edit":true,"can_delete":true},"children":[{"key_name":"beranda.dashboard","label":"Dashboard","icon":"LayoutDashboard","path":"/dashboard","order_index":1,"permission":{"can_view":true,"can_create":true,"can_edit":true,"can_delete":true},"children":[]}]},{"key_name":"penjualan","label":"Penjualan","icon":"ShoppingCart","path":null,"order_index":2,"permission":{"can_view":true,"can_create":true,"can_edit":true,"can_delete":true},"children":[{"key_name":"penjualan.kasir","label":"Kasir","icon":"ShoppingCart","path":"/kasir","order_index":1,"permission":{"can_view":true,"can_create":true,"can_edit":true,"can_delete":true},"children":[]},{"key_name":"penjualan.transaksi","label":"Transaksi","icon":"Receipt","path":"/transactions","order_index":2,"permission":{"can_view":true,"can_create":true,"can_edit":true,"can_delete":true},"children":[]}]},{"key_name":"produk","label":"Produk","icon":"Package","path":null,"order_index":3,"permission":{"can_view":true,"can_create":true,"can_edit":true,"can_delete":true},"children":[{"key_name":"produk.produk","label":"Produk","icon":"Package","path":"/products","order_index":1,"permission":{"can_view":true,"can_create":true,"can_edit":true,"can_delete":true},"children":[]},{"key_name":"produk.kategori","label":"Kategori","icon":"Tag","path":"/products/categories","order_index":2,"permission":{"can_view":true,"can_create":true,"can_edit":true,"can_delete":true},"children":[]},{"key_name":"produk.unit","label":"Unit","icon":"PackageSearch","path":"/products/units","order_index":3,"permission":{"can_view":true,"can_create":true,"can_edit":true,"can_delete":true},"children":[]}]},{"key_name":"pengadaan","label":"Pengadaan","icon":"Truck","path":null,"order_index":4,"permission":{"can_view":true,"can_create":true,"can_edit":true,"can_delete":true},"children":[{"key_name":"pengadaan.supplier","label":"Supplier","icon":"Truck","path":"/suppliers","order_index":1,"permission":{"can_view":true,"can_create":true,"can_edit":true,"can_delete":true},"children":[]},{"key_name":"pengadaan.pembelian","label":"Pembelian","icon":"ShoppingBag","path":"/suppliers/purchases","order_index":2,"permission":{"can_view":true,"can_create":true,"can_edit":true,"can_delete":true},"children":[]},{"key_name":"pengadaan.retur","label":"Retur","icon":"RotateCcw","path":"/suppliers/returns","order_index":3,"permission":{"can_view":true,"can_create":true,"can_edit":true,"can_delete":true},"children":[]}]},{"key_name":"pelanggan","label":"Pelanggan","icon":"Users","path":null,"order_index":5,"permission":{"can_view":true,"can_create":true,"can_edit":true,"can_delete":true},"children":[{"key_name":"pelanggan.pelanggan","label":"Pelanggan","icon":"Users","path":"/customers","order_index":1,"permission":{"can_view":true,"can_create":true,"can_edit":true,"can_delete":true},"children":[]},{"key_name":"pelanggan.piutang","label":"Piutang","icon":"CreditCard","path":"/receivables","order_index":2,"permission":{"can_view":true,"can_create":true,"can_edit":true,"can_delete":true},"children":[]}]},{"key_name":"keuangan","label":"Keuangan","icon":"Wallet","path":null,"order_index":6,"permission":{"can_view":true,"can_create":true,"can_edit":true,"can_delete":true},"children":[{"key_name":"keuangan.dashboard","label":"Dashboard Keuangan","icon":"Wallet","path":"/finance","order_index":1,"permission":{"can_view":true,"can_create":true,"can_edit":true,"can_delete":true},"children":[]},{"key_name":"keuangan.kas_harian","label":"Kas Harian","icon":"Landmark","path":"/finance/cash-drawer","order_index":2,"permission":{"can_view":true,"can_create":true,"can_edit":true,"can_delete":true},"children":[]},{"key_name":"keuangan.pengeluaran","label":"Pengeluaran","icon":"TrendingDown","path":"/finance/expenses","order_index":3,"permission":{"can_view":true,"can_create":true,"can_edit":true,"can_delete":true},"children":[]},{"key_name":"keuangan.kas_saya","label":"Kas Saya","icon":"Wallet","path":"/finance/my-cash","order_index":4,"permission":{"can_view":true,"can_create":true,"can_edit":true,"can_delete":true},"children":[]}]},{"key_name":"pelaporan","label":"Pelaporan","icon":"BarChart2","path":null,"order_index":7,"permission":{"can_view":true,"can_create":true,"can_edit":true,"can_delete":true},"children":[{"key_name":"pelaporan.penjualan","label":"Penjualan","icon":"TrendingUp","path":"/reports/sales","order_index":1,"permission":{"can_view":true,"can_create":true,"can_edit":true,"can_delete":true},"children":[]},{"key_name":"pelaporan.laba_rugi","label":"Laba Rugi","icon":"LineChart","path":"/reports/profit-loss","order_index":2,"permission":{"can_view":true,"can_create":true,"can_edit":true,"can_delete":true},"children":[]},{"key_name":"pelaporan.stok","label":"Stok","icon":"PackageSearch","path":"/reports/stock","order_index":3,"permission":{"can_view":true,"can_create":true,"can_edit":true,"can_delete":true},"children":[]},{"key_name":"pelaporan.kinerja_kasir","label":"Kinerja Kasir","icon":"BarChart2","path":"/reports/cashier","order_index":4,"permission":{"can_view":true,"can_create":true,"can_edit":true,"can_delete":true},"children":[]}]},{"key_name":"operasional","label":"Operasional","icon":"Clock","path":null,"order_index":8,"permission":{"can_view":true,"can_create":true,"can_edit":true,"can_delete":true},"children":[{"key_name":"operasional.shift","label":"Shift","icon":"Clock","path":"/shifts","order_index":1,"permission":{"can_view":true,"can_create":true,"can_edit":true,"can_delete":true},"children":[]},{"key_name":"operasional.sync","label":"Sync Center","icon":"RefreshCw","path":"/sync","order_index":2,"permission":{"can_view":true,"can_create":true,"can_edit":true,"can_delete":true},"children":[]}]},{"key_name":"sistem","label":"Sistem","icon":"Settings","path":null,"order_index":9,"permission":{"can_view":true,"can_create":true,"can_edit":true,"can_delete":true},"children":[{"key_name":"sistem.profil_toko","label":"Profil Toko","icon":"Settings","path":"/settings/store","order_index":1,"permission":{"can_view":true,"can_create":true,"can_edit":true,"can_delete":true},"children":[]},{"key_name":"sistem.users","label":"Manajemen User","icon":"Users","path":"/settings/users","order_index":2,"permission":{"can_view":true,"can_create":true,"can_edit":true,"can_delete":true},"children":[]},{"key_name":"sistem.roles","label":"Manajemen Role","icon":"Shield","path":"/settings/roles","order_index":3,"permission":{"can_view":true,"can_create":true,"can_edit":true,"can_delete":true},"children":[]},{"key_name":"sistem.menus","label":"Manajemen Menu","icon":"LayoutList","path":"/settings/menus","order_index":4,"permission":{"can_view":true,"can_create":true,"can_edit":true,"can_delete":true},"children":[]},{"key_name":"sistem.printer","label":"Printer","icon":"Printer","path":"/settings/printer","order_index":5,"permission":{"can_view":true,"can_create":true,"can_edit":true,"can_delete":true},"children":[]},{"key_name":"sistem.versi","label":"Versi Aplikasi","icon":"RefreshCw","path":"/settings/versions","order_index":6,"permission":{"can_view":true,"can_create":true,"can_edit":true,"can_delete":true},"children":[]},{"key_name":"sistem.backup","label":"Backup \u0026 Restore","icon":"DatabaseBackup","path":"/settings/backup","order_index":7,"permission":{"can_view":true,"can_create":true,"can_edit":true,"can_delete":true},"children":[]}]}]}', 1, 9, '::1', NULL, '2026-07-23 10:32:27.387')

2026/07/23 10:32:27 [32mD:/Develop/Project_pos_mahenz/BE/domain/auth/repo/auth_repo.go:46
[0m[33m[0.504ms] [34;1m[rows:1][0m SELECT id, user_id, user_role, token, device_info, expires_at FROM sessions WHERE token = 'eyJhbGciOiJIUzI1NiIsInR5cCI6IkpXVCJ9.eyJhcHBzIjoid2ViIiwiZXhwIjoxNzg0ODA2MzQ3LCJmdWxsX25hbWUiOiJPd25lciIsInJvbGUiOiJvd25lciIsInVzZXJfaWQiOjEsInVzZXJuYW1lIjoib3duZXIifQ.sVitSHGCqjQWCzu8N4t6Cw8Z9k-cYTtP-HoRuuRrZ3w' LIMIT 1

2026/07/23 10:32:27 [32mD:/Develop/Project_pos_mahenz/BE/domain/menu/repo/menu_repo.go:121
[0m[33m[0.523ms] [34;1m[rows:-][0m 
		SELECT
			m.id,
			m.parent_id,
			m.key_name,
			m.label,
			m.icon,
			m.path,
			m.order_index,
			COALESCE(rma.can_view,   0),
			COALESCE(rma.can_create, 0),
			COALESCE(rma.can_edit,   0),
			COALESCE(rma.can_delete, 0)
		FROM menus m
		LEFT JOIN role_menu_access rma ON rma.menu_id = m.id
			AND rma.role_id = (SELECT id FROM roles WHERE name = 'owner' AND is_active = 1 LIMIT 1)
		WHERE m.is_active = 1
		ORDER BY m.order_index ASC, m.id ASC
		
[GIN] 2026/07/23 - 10:32:27 | 200 |       1.695ms |             ::1 | POST     "/api/menus/my"

2026/07/23 10:32:27 [32mD:/Develop/Project_pos_mahenz/BE/repository/log_request_repository.go:32
[0m[33m[2.726ms] [34;1m[rows:1][0m INSERT INTO log_requests (id, method, endpoint, status_code, request_body, response_body, user_id, duration_ms, ip_address, error_message, created_at) VALUES ('1db52508-8e58-4021-9dfb-912d03b0d794', 'POST', '/api/menus/my', 200, '{}', '{"code":"00","status":true,"message":"Menu akses","data":[{"key_name":"beranda","label":"Beranda","icon":"Home","path":null,"order_index":1,"permission":{"can_view":true,"can_create":true,"can_edit":true,"can_delete":true},"children":[{"key_name":"beranda.dashboard","label":"Dashboard","icon":"LayoutDashboard","path":"/dashboard","order_index":1,"permission":{"can_view":true,"can_create":true,"can_edit":true,"can_delete":true},"children":[]}]},{"key_name":"penjualan","label":"Penjualan","icon":"ShoppingCart","path":null,"order_index":2,"permission":{"can_view":true,"can_create":true,"can_edit":true,"can_delete":true},"children":[{"key_name":"penjualan.kasir","label":"Kasir","icon":"ShoppingCart","path":"/kasir","order_index":1,"permission":{"can_view":true,"can_create":true,"can_edit":true,"can_delete":true},"children":[]},{"key_name":"penjualan.transaksi","label":"Transaksi","icon":"Receipt","path":"/transactions","order_index":2,"permission":{"can_view":true,"can_create":true,"can_edit":true,"can_delete":true},"children":[]}]},{"key_name":"produk","label":"Produk","icon":"Package","path":null,"order_index":3,"permission":{"can_view":true,"can_create":true,"can_edit":true,"can_delete":true},"children":[{"key_name":"produk.produk","label":"Produk","icon":"Package","path":"/products","order_index":1,"permission":{"can_view":true,"can_create":true,"can_edit":true,"can_delete":true},"children":[]},{"key_name":"produk.kategori","label":"Kategori","icon":"Tag","path":"/products/categories","order_index":2,"permission":{"can_view":true,"can_create":true,"can_edit":true,"can_delete":true},"children":[]},{"key_name":"produk.unit","label":"Unit","icon":"PackageSearch","path":"/products/units","order_index":3,"permission":{"can_view":true,"can_create":true,"can_edit":true,"can_delete":true},"children":[]}]},{"key_name":"pengadaan","label":"Pengadaan","icon":"Truck","path":null,"order_index":4,"permission":{"can_view":true,"can_create":true,"can_edit":true,"can_delete":true},"children":[{"key_name":"pengadaan.supplier","label":"Supplier","icon":"Truck","path":"/suppliers","order_index":1,"permission":{"can_view":true,"can_create":true,"can_edit":true,"can_delete":true},"children":[]},{"key_name":"pengadaan.pembelian","label":"Pembelian","icon":"ShoppingBag","path":"/suppliers/purchases","order_index":2,"permission":{"can_view":true,"can_create":true,"can_edit":true,"can_delete":true},"children":[]},{"key_name":"pengadaan.retur","label":"Retur","icon":"RotateCcw","path":"/suppliers/returns","order_index":3,"permission":{"can_view":true,"can_create":true,"can_edit":true,"can_delete":true},"children":[]}]},{"key_name":"pelanggan","label":"Pelanggan","icon":"Users","path":null,"order_index":5,"permission":{"can_view":true,"can_create":true,"can_edit":true,"can_delete":true},"children":[{"key_name":"pelanggan.pelanggan","label":"Pelanggan","icon":"Users","path":"/customers","order_index":1,"permission":{"can_view":true,"can_create":true,"can_edit":true,"can_delete":true},"children":[]},{"key_name":"pelanggan.piutang","label":"Piutang","icon":"CreditCard","path":"/receivables","order_index":2,"permission":{"can_view":true,"can_create":true,"can_edit":true,"can_delete":true},"children":[]}]},{"key_name":"keuangan","label":"Keuangan","icon":"Wallet","path":null,"order_index":6,"permission":{"can_view":true,"can_create":true,"can_edit":true,"can_delete":true},"children":[{"key_name":"keuangan.dashboard","label":"Dashboard Keuangan","icon":"Wallet","path":"/finance","order_index":1,"permission":{"can_view":true,"can_create":true,"can_edit":true,"can_delete":true},"children":[]},{"key_name":"keuangan.kas_harian","label":"Kas Harian","icon":"Landmark","path":"/finance/cash-drawer","order_index":2,"permission":{"can_view":true,"can_create":true,"can_edit":true,"can_delete":true},"children":[]},{"key_name":"keuangan.pengeluaran","label":"Pengeluaran","icon":"TrendingDown","path":"/finance/expenses","order_index":3,"permission":{"can_view":true,"can_create":true,"can_edit":true,"can_delete":true},"children":[]},{"key_name":"keuangan.kas_saya","label":"Kas Saya","icon":"Wallet","path":"/finance/my-cash","order_index":4,"permission":{"can_view":true,"can_create":true,"can_edit":true,"can_delete":true},"children":[]}]},{"key_name":"pelaporan","label":"Pelaporan","icon":"BarChart2","path":null,"order_index":7,"permission":{"can_view":true,"can_create":true,"can_edit":true,"can_delete":true},"children":[{"key_name":"pelaporan.penjualan","label":"Penjualan","icon":"TrendingUp","path":"/reports/sales","order_index":1,"permission":{"can_view":true,"can_create":true,"can_edit":true,"can_delete":true},"children":[]},{"key_name":"pelaporan.laba_rugi","label":"Laba Rugi","icon":"LineChart","path":"/reports/profit-loss","order_index":2,"permission":{"can_view":true,"can_create":true,"can_edit":true,"can_delete":true},"children":[]},{"key_name":"pelaporan.stok","label":"Stok","icon":"PackageSearch","path":"/reports/stock","order_index":3,"permission":{"can_view":true,"can_create":true,"can_edit":true,"can_delete":true},"children":[]},{"key_name":"pelaporan.kinerja_kasir","label":"Kinerja Kasir","icon":"BarChart2","path":"/reports/cashier","order_index":4,"permission":{"can_view":true,"can_create":true,"can_edit":true,"can_delete":true},"children":[]}]},{"key_name":"operasional","label":"Operasional","icon":"Clock","path":null,"order_index":8,"permission":{"can_view":true,"can_create":true,"can_edit":true,"can_delete":true},"children":[{"key_name":"operasional.shift","label":"Shift","icon":"Clock","path":"/shifts","order_index":1,"permission":{"can_view":true,"can_create":true,"can_edit":true,"can_delete":true},"children":[]},{"key_name":"operasional.sync","label":"Sync Center","icon":"RefreshCw","path":"/sync","order_index":2,"permission":{"can_view":true,"can_create":true,"can_edit":true,"can_delete":true},"children":[]}]},{"key_name":"sistem","label":"Sistem","icon":"Settings","path":null,"order_index":9,"permission":{"can_view":true,"can_create":true,"can_edit":true,"can_delete":true},"children":[{"key_name":"sistem.profil_toko","label":"Profil Toko","icon":"Settings","path":"/settings/store","order_index":1,"permission":{"can_view":true,"can_create":true,"can_edit":true,"can_delete":true},"children":[]},{"key_name":"sistem.users","label":"Manajemen User","icon":"Users","path":"/settings/users","order_index":2,"permission":{"can_view":true,"can_create":true,"can_edit":true,"can_delete":true},"children":[]},{"key_name":"sistem.roles","label":"Manajemen Role","icon":"Shield","path":"/settings/roles","order_index":3,"permission":{"can_view":true,"can_create":true,"can_edit":true,"can_delete":true},"children":[]},{"key_name":"sistem.menus","label":"Manajemen Menu","icon":"LayoutList","path":"/settings/menus","order_index":4,"permission":{"can_view":true,"can_create":true,"can_edit":true,"can_delete":true},"children":[]},{"key_name":"sistem.printer","label":"Printer","icon":"Printer","path":"/settings/printer","order_index":5,"permission":{"can_view":true,"can_create":true,"can_edit":true,"can_delete":true},"children":[]},{"key_name":"sistem.versi","label":"Versi Aplikasi","icon":"RefreshCw","path":"/settings/versions","order_index":6,"permission":{"can_view":true,"can_create":true,"can_edit":true,"can_delete":true},"children":[]},{"key_name":"sistem.backup","label":"Backup \u0026 Restore","icon":"DatabaseBackup","path":"/settings/backup","order_index":7,"permission":{"can_view":true,"can_create":true,"can_edit":true,"can_delete":true},"children":[]}]}]}', 1, 1, '::1', NULL, '2026-07-23 10:32:27.876')
[GIN] 2026/07/23 - 10:32:27 | 204 |            0s |             ::1 | OPTIONS  "/api/sync/conflicts/count"

2026/07/23 10:32:27 [32mD:/Develop/Project_pos_mahenz/BE/domain/auth/repo/auth_repo.go:46
[0m[33m[1.464ms] [34;1m[rows:1][0m SELECT id, user_id, user_role, token, device_info, expires_at FROM sessions WHERE token = 'eyJhbGciOiJIUzI1NiIsInR5cCI6IkpXVCJ9.eyJhcHBzIjoid2ViIiwiZXhwIjoxNzg0ODA2MzQ3LCJmdWxsX25hbWUiOiJPd25lciIsInJvbGUiOiJvd25lciIsInVzZXJfaWQiOjEsInVzZXJuYW1lIjoib3duZXIifQ.sVitSHGCqjQWCzu8N4t6Cw8Z9k-cYTtP-HoRuuRrZ3w' LIMIT 1

2026/07/23 10:32:27 [32mD:/Develop/Project_pos_mahenz/BE/domain/sync/repo/sync_repo.go:84
[0m[33m[0.669ms] [34;1m[rows:1][0m SELECT COUNT(*) FROM sync_conflicts WHERE status = 'pending'
[GIN] 2026/07/23 - 10:32:27 | 200 |      2.6376ms |             ::1 | GET      "/api/sync/conflicts/count"

2026/07/23 10:32:27 [32mD:/Develop/Project_pos_mahenz/BE/repository/log_request_repository.go:32
[0m[33m[2.700ms] [34;1m[rows:1][0m INSERT INTO log_requests (id, method, endpoint, status_code, request_body, response_body, user_id, duration_ms, ip_address, error_message, created_at) VALUES ('49d32525-ab9e-446b-acf5-7caf72b5dee9', 'GET', '/api/sync/conflicts/count', 200, '', '{"code":"00","status":true,"message":"Jumlah konflik pending","data":{"count":0}}', 1, 2, '::1', NULL, '2026-07-23 10:32:27.926')
[GIN] 2026/07/23 - 10:32:28 | 204 |            0s |             ::1 | OPTIONS  "/api/dashboard/stats?period=today"
[GIN] 2026/07/23 - 10:32:28 | 204 |            0s |             ::1 | OPTIONS  "/api/dashboard/sales-trend?period=7days"
[GIN] 2026/07/23 - 10:32:28 | 204 |            0s |             ::1 | OPTIONS  "/api/dashboard/top-products?start_date=2026-07-17&end_date=2026-07-23&limit=10"

2026/07/23 10:32:28 [32mD:/Develop/Project_pos_mahenz/BE/domain/auth/repo/auth_repo.go:46
[0m[33m[1.059ms] [34;1m[rows:1][0m SELECT id, user_id, user_role, token, device_info, expires_at FROM sessions WHERE token = 'eyJhbGciOiJIUzI1NiIsInR5cCI6IkpXVCJ9.eyJhcHBzIjoid2ViIiwiZXhwIjoxNzg0ODA2MzQ3LCJmdWxsX25hbWUiOiJPd25lciIsInJvbGUiOiJvd25lciIsInVzZXJfaWQiOjEsInVzZXJuYW1lIjoib3duZXIifQ.sVitSHGCqjQWCzu8N4t6Cw8Z9k-cYTtP-HoRuuRrZ3w' LIMIT 1

2026/07/23 10:32:28 [32mD:/Develop/Project_pos_mahenz/BE/domain/auth/repo/auth_repo.go:46
[0m[33m[1.749ms] [34;1m[rows:1][0m SELECT id, user_id, user_role, token, device_info, expires_at FROM sessions WHERE token = 'eyJhbGciOiJIUzI1NiIsInR5cCI6IkpXVCJ9.eyJhcHBzIjoid2ViIiwiZXhwIjoxNzg0ODA2MzQ3LCJmdWxsX25hbWUiOiJPd25lciIsInJvbGUiOiJvd25lciIsInVzZXJfaWQiOjEsInVzZXJuYW1lIjoib3duZXIifQ.sVitSHGCqjQWCzu8N4t6Cw8Z9k-cYTtP-HoRuuRrZ3w' LIMIT 1

2026/07/23 10:32:28 [32mD:/Develop/Project_pos_mahenz/BE/domain/dashboard/repo/dashboard_repo.go:124
[0m[33m[1.226ms] [34;1m[rows:-][0m 
		SELECT COUNT(*) as total_transactions, COALESCE(SUM(total_amount),0) as total_sales,
		       COALESCE(SUM(discount),0) as total_discount
		FROM transactions WHERE DATE(transaction_date) BETWEEN '2026-07-23' AND '2026-07-23' AND status = 'completed'

2026/07/23 10:32:28 [32mD:/Develop/Project_pos_mahenz/BE/domain/dashboard/repo/dashboard_repo.go:133
[0m[33m[0.805ms] [34;1m[rows:-][0m SELECT COALESCE(SUM(amount),0) as total FROM expenses WHERE expense_date BETWEEN '2026-07-23' AND '2026-07-23'

2026/07/23 10:32:28 [32mD:/Develop/Project_pos_mahenz/BE/domain/dashboard/repo/dashboard_repo.go:199
[0m[33m[1.340ms] [34;1m[rows:-][0m 
		SELECT ti.product_id, p.name as product_name,
		       SUM(ti.quantity) as total_qty,
		       SUM(ti.subtotal) as total_value
		FROM transaction_items ti
		LEFT JOIN products p ON ti.product_id = p.id
		LEFT JOIN transactions t ON ti.transaction_id = t.id
		WHERE DATE(t.transaction_date) BETWEEN '2026-07-17' AND '2026-07-23' AND t.status = 'completed'
		GROUP BY ti.product_id, p.name
		ORDER BY total_qty DESC LIMIT 10
[GIN] 2026/07/23 - 10:32:28 | 200 |      3.8386ms |             ::1 | GET      "/api/dashboard/top-products?start_date=2026-07-17&end_date=2026-07-23&limit=10"

2026/07/23 10:32:28 [32mD:/Develop/Project_pos_mahenz/BE/domain/auth/repo/auth_repo.go:46
[0m[33m[3.839ms] [34;1m[rows:1][0m SELECT id, user_id, user_role, token, device_info, expires_at FROM sessions WHERE token = 'eyJhbGciOiJIUzI1NiIsInR5cCI6IkpXVCJ9.eyJhcHBzIjoid2ViIiwiZXhwIjoxNzg0ODA2MzQ3LCJmdWxsX25hbWUiOiJPd25lciIsInJvbGUiOiJvd25lciIsInVzZXJfaWQiOjEsInVzZXJuYW1lIjoib3duZXIifQ.sVitSHGCqjQWCzu8N4t6Cw8Z9k-cYTtP-HoRuuRrZ3w' LIMIT 1

2026/07/23 10:32:28 [32mD:/Develop/Project_pos_mahenz/BE/domain/dashboard/repo/dashboard_repo.go:142
[0m[33m[0.749ms] [34;1m[rows:-][0m 
		SELECT COUNT(*) as total_transactions, COALESCE(SUM(total_amount),0) as total_sales
		FROM transactions WHERE MONTH(transaction_date) = MONTH(NOW())
		AND YEAR(transaction_date) = YEAR(NOW()) AND status = 'completed'

2026/07/23 10:32:28 [32mD:/Develop/Project_pos_mahenz/BE/domain/dashboard/repo/dashboard_repo.go:151
[0m[33m[0.540ms] [34;1m[rows:-][0m 
		SELECT COALESCE(SUM(amount),0) as total FROM expenses
		WHERE MONTH(expense_date) = MONTH(NOW()) AND YEAR(expense_date) = YEAR(NOW())

2026/07/23 10:32:28 [32mD:/Develop/Project_pos_mahenz/BE/domain/dashboard/repo/dashboard_repo.go:160
[0m[33m[0.546ms] [34;1m[rows:-][0m SELECT COUNT(*) FROM products WHERE stock <= min_stock AND is_active = 1

2026/07/23 10:32:28 [32mD:/Develop/Project_pos_mahenz/BE/repository/log_request_repository.go:32
[0m[33m[1.654ms] [34;1m[rows:1][0m INSERT INTO log_requests (id, method, endpoint, status_code, request_body, response_body, user_id, duration_ms, ip_address, error_message, created_at) VALUES ('82808d58-680d-44da-90fd-3eecefa88839', 'GET', '/api/dashboard/top-products?start_date=2026-07-17&end_date=2026-07-23&limit=10', 200, '', '{"code":"00","status":true,"message":"Produk terlaris","data":[{"product_id":1,"product_name":"Teh Botol Sosro 350ml (Edited)","total_qty":46,"total_value":223600}]}', 1, 3, '::1', NULL, '2026-07-23 10:32:28.245')

2026/07/23 10:32:28 [32mD:/Develop/Project_pos_mahenz/BE/domain/dashboard/repo/dashboard_repo.go:177
[0m[33m[2.416ms] [34;1m[rows:-][0m 
		SELECT DATE_FORMAT(transaction_date, '%Y-%m-%d') as label,
		       COALESCE(SUM(total_amount),0) as total_sales,
		       COUNT(*) as total_transactions
		FROM transactions
		WHERE transaction_date >= DATE_SUB(NOW(), INTERVAL 7 DAY) AND status = 'completed'
		GROUP BY DATE(transaction_date) ORDER BY label
[GIN] 2026/07/23 - 10:32:28 | 200 |      6.2547ms |             ::1 | GET      "/api/dashboard/sales-trend?period=7days"

2026/07/23 10:32:28 [32mD:/Develop/Project_pos_mahenz/BE/domain/dashboard/repo/dashboard_repo.go:169
[0m[33m[0.762ms] [34;1m[rows:-][0m SELECT COUNT(*) FROM receivables WHERE status != 'paid'
[GIN] 2026/07/23 - 10:32:28 | 200 |      6.9424ms |             ::1 | GET      "/api/dashboard/stats?period=today"

2026/07/23 10:32:28 [32mD:/Develop/Project_pos_mahenz/BE/repository/log_request_repository.go:32
[0m[33m[2.657ms] [34;1m[rows:1][0m INSERT INTO log_requests (id, method, endpoint, status_code, request_body, response_body, user_id, duration_ms, ip_address, error_message, created_at) VALUES ('21c1b426-ffd4-479f-bd1a-56832376ab3b', 'GET', '/api/dashboard/sales-trend?period=7days', 200, '', '{"code":"00","status":true,"message":"Tren penjualan","data":[{"label":"2026-07-23","total_sales":223600,"total_transactions":4}]}', 1, 6, '::1', NULL, '2026-07-23 10:32:28.248')

2026/07/23 10:32:28 [32mD:/Develop/Project_pos_mahenz/BE/repository/log_request_repository.go:32
[0m[33m[1.969ms] [34;1m[rows:1][0m INSERT INTO log_requests (id, method, endpoint, status_code, request_body, response_body, user_id, duration_ms, ip_address, error_message, created_at) VALUES ('b2adf6e3-efb2-4b4f-a8ed-c162ae6dc626', 'GET', '/api/dashboard/stats?period=today', 200, '', '{"code":"00","status":true,"message":"Statistik dashboard","data":{"today":{"total_transactions":4,"total_sales":223600,"total_discount":0,"total_expenses":0,"gross_profit":223600},"this_month":{"total_transactions":4,"total_sales":223600,"total_expenses":0,"gross_profit":223600},"low_stock_count":5,"open_receivables":0}}', 1, 6, '::1', NULL, '2026-07-23 10:32:28.248')
[GIN] 2026/07/23 - 10:32:31 | 204 |            0s |             ::1 | OPTIONS  "/api/categories/options"
[GIN] 2026/07/23 - 10:32:31 | 204 |            0s |             ::1 | OPTIONS  "/api/units/options"

2026/07/23 10:32:31 [32mD:/Develop/Project_pos_mahenz/BE/domain/auth/repo/auth_repo.go:46
[0m[33m[0.560ms] [34;1m[rows:1][0m SELECT id, user_id, user_role, token, device_info, expires_at FROM sessions WHERE token = 'eyJhbGciOiJIUzI1NiIsInR5cCI6IkpXVCJ9.eyJhcHBzIjoid2ViIiwiZXhwIjoxNzg0ODA2MzQ3LCJmdWxsX25hbWUiOiJPd25lciIsInJvbGUiOiJvd25lciIsInVzZXJfaWQiOjEsInVzZXJuYW1lIjoib3duZXIifQ.sVitSHGCqjQWCzu8N4t6Cw8Z9k-cYTtP-HoRuuRrZ3w' LIMIT 1

2026/07/23 10:32:31 [32mD:/Develop/Project_pos_mahenz/BE/domain/auth/repo/auth_repo.go:46
[0m[33m[0.560ms] [34;1m[rows:1][0m SELECT id, user_id, user_role, token, device_info, expires_at FROM sessions WHERE token = 'eyJhbGciOiJIUzI1NiIsInR5cCI6IkpXVCJ9.eyJhcHBzIjoid2ViIiwiZXhwIjoxNzg0ODA2MzQ3LCJmdWxsX25hbWUiOiJPd25lciIsInJvbGUiOiJvd25lciIsInVzZXJfaWQiOjEsInVzZXJuYW1lIjoib3duZXIifQ.sVitSHGCqjQWCzu8N4t6Cw8Z9k-cYTtP-HoRuuRrZ3w' LIMIT 1

2026/07/23 10:32:31 [32mD:/Develop/Project_pos_mahenz/BE/domain/product_category/repo/product_category_repo.go:70
[0m[33m[0.526ms] [34;1m[rows:2][0m SELECT id, name FROM categories WHERE is_active = 1 ORDER BY name
[GIN] 2026/07/23 - 10:32:31 | 200 |      2.2384ms |             ::1 | POST     "/api/categories/options"

2026/07/23 10:32:31 [32mD:/Develop/Project_pos_mahenz/BE/domain/product_unit/repo/unit_repo.go:72
[0m[33m[0.526ms] [34;1m[rows:4][0m SELECT id, name, abbreviation FROM units WHERE is_active = 1 ORDER BY name
[GIN] 2026/07/23 - 10:32:31 | 200 |      1.7064ms |             ::1 | POST     "/api/units/options"

2026/07/23 10:32:31 [32mD:/Develop/Project_pos_mahenz/BE/repository/log_request_repository.go:32
[0m[33m[2.109ms] [34;1m[rows:1][0m INSERT INTO log_requests (id, method, endpoint, status_code, request_body, response_body, user_id, duration_ms, ip_address, error_message, created_at) VALUES ('48f63aab-bd9d-4dc7-a91e-5ab735b4e59b', 'POST', '/api/categories/options', 200, '{}', '{"code":"00","status":true,"message":"Opsi kategori","data":[{"id":2,"name":"Makanan"},{"id":1,"name":"Minuman"}]}', 1, 1, '::1', NULL, '2026-07-23 10:32:31.245')

2026/07/23 10:32:31 [32mD:/Develop/Project_pos_mahenz/BE/repository/log_request_repository.go:32
[0m[33m[2.109ms] [34;1m[rows:1][0m INSERT INTO log_requests (id, method, endpoint, status_code, request_body, response_body, user_id, duration_ms, ip_address, error_message, created_at) VALUES ('4f71bd90-19de-4575-8d7a-d3c1166356ab', 'POST', '/api/units/options', 200, '{}', '{"code":"00","status":true,"message":"Opsi satuan","data":[{"id":4,"name":"Batang","abbreviation":"btg"},{"id":2,"name":"Pack","abbreviation":"pack"},{"id":1,"name":"Pcs","abbreviation":"pcs"},{"id":3,"name":"Slop","abbreviation":"slop"}]}', 1, 1, '::1', NULL, '2026-07-23 10:32:31.245')
[GIN] 2026/07/23 - 10:32:31 | 204 |            0s |             ::1 | OPTIONS  "/api/settings/pagination_sizes"
[GIN] 2026/07/23 - 10:32:31 | 204 |            0s |             ::1 | OPTIONS  "/api/products/list"

2026/07/23 10:32:31 [32mD:/Develop/Project_pos_mahenz/BE/domain/auth/repo/auth_repo.go:46
[0m[33m[0.760ms] [34;1m[rows:1][0m SELECT id, user_id, user_role, token, device_info, expires_at FROM sessions WHERE token = 'eyJhbGciOiJIUzI1NiIsInR5cCI6IkpXVCJ9.eyJhcHBzIjoid2ViIiwiZXhwIjoxNzg0ODA2MzQ3LCJmdWxsX25hbWUiOiJPd25lciIsInJvbGUiOiJvd25lciIsInVzZXJfaWQiOjEsInVzZXJuYW1lIjoib3duZXIifQ.sVitSHGCqjQWCzu8N4t6Cw8Z9k-cYTtP-HoRuuRrZ3w' LIMIT 1

2026/07/23 10:32:31 [32mD:/Develop/Project_pos_mahenz/BE/domain/product/repo/product_repo.go:100
[0m[33m[0.506ms] [34;1m[rows:1][0m SELECT COUNT(*) FROM products p WHERE 1=1

2026/07/23 10:32:31 [32mD:/Develop/Project_pos_mahenz/BE/domain/auth/repo/auth_repo.go:46
[0m[33m[0.507ms] [34;1m[rows:1][0m SELECT id, user_id, user_role, token, device_info, expires_at FROM sessions WHERE token = 'eyJhbGciOiJIUzI1NiIsInR5cCI6IkpXVCJ9.eyJhcHBzIjoid2ViIiwiZXhwIjoxNzg0ODA2MzQ3LCJmdWxsX25hbWUiOiJPd25lciIsInJvbGUiOiJvd25lciIsInVzZXJfaWQiOjEsInVzZXJuYW1lIjoib3duZXIifQ.sVitSHGCqjQWCzu8N4t6Cw8Z9k-cYTtP-HoRuuRrZ3w' LIMIT 1

2026/07/23 10:32:31 [32mD:/Develop/Project_pos_mahenz/BE/domain/setting/repo/setting_repo.go:32
[0m[33m[0.380ms] [34;1m[rows:-][0m SELECT setting_key, setting_value FROM settings WHERE setting_key = 'pagination_sizes'
[GIN] 2026/07/23 - 10:32:31 | 200 |      1.4119ms |             ::1 | GET      "/api/settings/pagination_sizes"

2026/07/23 10:32:31 [32mD:/Develop/Project_pos_mahenz/BE/domain/product/repo/product_repo.go:119
[0m[33m[2.058ms] [34;1m[rows:10][0m 
		SELECT p.id, p.barcode, COALESCE(p.sku, '') as sku, p.name, p.category_id, COALESCE(c.name, '') as category_name,
		       p.purchase_price, p.selling_price, p.stock, p.reserved_qty, p.min_stock,
		       COALESCE(p.unit_id, 0) as unit_id, COALESCE(u.name, '') as unit_name, COALESCE(u.abbreviation, '') as unit_abbreviation,
		       p.is_active,
		       (SELECT COUNT(*) FROM product_packages pp WHERE pp.product_id = p.id AND pp.is_default = 0) AS extra_packages,
		       (SELECT COUNT(*) FROM product_prices pr WHERE pr.product_id = p.id) AS price_tiers_count
		FROM products p
		LEFT JOIN categories c ON p.category_id = c.id
		LEFT JOIN units u ON u.id = p.unit_id
		WHERE 1=1 ORDER BY p.name ASC LIMIT 10 OFFSET 0
[GIN] 2026/07/23 - 10:32:31 | 200 |      4.9672ms |             ::1 | POST     "/api/products/list"

2026/07/23 10:32:31 [32mD:/Develop/Project_pos_mahenz/BE/repository/log_request_repository.go:32
[0m[33m[3.308ms] [34;1m[rows:1][0m INSERT INTO log_requests (id, method, endpoint, status_code, request_body, response_body, user_id, duration_ms, ip_address, error_message, created_at) VALUES ('0e3fda5b-3903-4611-a59d-85230ea2fa03', 'GET', '/api/settings/pagination_sizes', 200, '', '{"code":"00","status":true,"message":"Detail pengaturan","data":{"key":"pagination_sizes","value":"[10,20,50]"}}', 1, 1, '::1', NULL, '2026-07-23 10:32:31.308')

2026/07/23 10:32:31 [32mD:/Develop/Project_pos_mahenz/BE/repository/log_request_repository.go:32
[0m[33m[1.615ms] [34;1m[rows:1][0m INSERT INTO log_requests (id, method, endpoint, status_code, request_body, response_body, user_id, duration_ms, ip_address, error_message, created_at) VALUES ('94a85a35-7872-4488-b459-653bd0bcb2e7', 'POST', '/api/products/list', 200, '{"page":1,"limit":10,"search":""}', '{"code":"00","status":true,"message":"Daftar produk","data":[{"id":10,"barcode":"9990001112229","sku":"MAK-0003","name":"Import Barcode Duplikat A","category_id":2,"category_name":"Makanan","purchase_price":1000,"selling_price":2000,"stock":5,"reserved_qty":0,"min_stock":1,"unit_id":1,"unit_name":"Pcs","unit_abbreviation":"pcs","is_active":true,"extra_packages":0,"price_tiers_count":0},{"id":11,"barcode":"8995170829136","sku":"MAK-0004","name":"Import Beras Premium 5kg","category_id":2,"category_name":"Makanan","purchase_price":55000,"selling_price":65000,"stock":15,"reserved_qty":0,"min_stock":3,"unit_id":1,"unit_name":"Pcs","unit_abbreviation":"pcs","is_active":true,"extra_packages":1,"price_tiers_count":0},{"id":9,"barcode":"9990001112223","sku":"MAK-0002","name":"Import Gula Pasir 1kg","category_id":2,"category_name":"Makanan","purchase_price":13000,"selling_price":15000,"stock":10,"reserved_qty":0,"min_stock":2,"unit_id":1,"unit_name":"Pcs","unit_abbreviation":"pcs","is_active":true,"extra_packages":0,"price_tiers_count":0},{"id":8,"barcode":"8992258362998","sku":"MAK-0001","name":"Import Kopi Sachet 3in1","category_id":2,"category_name":"Makanan","purchase_price":1200,"selling_price":1800,"stock":20,"reserved_qty":0,"min_stock":5,"unit_id":1,"unit_name":"Pcs","unit_abbreviation":"pcs","is_active":true,"extra_packages":0,"price_tiers_count":0},{"id":7,"barcode":"7777777777777","sku":"MIN-0005","name":"Manual SKU Jump Test","category_id":1,"category_name":"Minuman","purchase_price":0,"selling_price":1000,"stock":0,"reserved_qty":0,"min_stock":0,"unit_id":1,"unit_name":"Pcs","unit_abbreviation":"pcs","is_active":true,"extra_packages":0,"price_tiers_count":0},{"id":5,"barcode":"5555555555555","sku":"MIN-BYP1","name":"Owner Bypass Stock Test","category_id":1,"category_name":"Minuman","purchase_price":0,"selling_price":1000,"stock":0,"reserved_qty":0,"min_stock":0,"unit_id":1,"unit_name":"Pcs","unit_abbreviation":"pcs","is_active":true,"extra_packages":0,"price_tiers_count":0},{"id":6,"barcode":"6666666666666","sku":"MIN-SPF1","name":"Owner Spoof Role Test","category_id":1,"category_name":"Minuman","purchase_price":0,"selling_price":1000,"stock":0,"reserved_qty":0,"min_stock":0,"unit_id":1,"unit_name":"Pcs","unit_abbreviation":"pcs","is_active":true,"extra_packages":0,"price_tiers_count":0},{"id":12,"barcode":"8992233103578","sku":"MAK-0005","name":"Rokok Chain Test A","category_id":2,"category_name":"Makanan","purchase_price":500,"selling_price":1000,"stock":1000,"reserved_qty":0,"min_stock":5,"unit_id":4,"unit_name":"Batang","unit_abbreviation":"btg","is_active":true,"extra_packages":0,"price_tiers_count":0},{"id":4,"barcode":"4444444444444","sku":"MIN-5555","name":"Sanity Check Product","category_id":1,"category_name":"Minuman","purchase_price":0,"selling_price":1000,"stock":0,"reserved_qty":0,"min_stock":0,"unit_id":1,"unit_name":"Pcs","unit_abbreviation":"pcs","is_active":true,"extra_packages":0,"price_tiers_count":0},{"id":1,"barcode":"8990874779046","sku":"MIN-0001","name":"Teh Botol Sosro 350ml (Edited)","category_id":1,"category_name":"Minuman","purchase_price":3500,"selling_price":5800,"stock":4,"reserved_qty":0,"min_stock":10,"unit_id":1,"unit_name":"Pcs","unit_abbreviation":"pcs","is_active":true,"extra_packages":0,"price_tiers_count":2}],"pagination":{"page":1,"per_page":10,"total":10,"total_pages":1}}', 1, 4, '::1', NULL, '2026-07-23 10:32:31.31')
[GIN] 2026/07/23 - 10:32:38 | 204 |            0s |             ::1 | OPTIONS  "/api/suppliers/list"

2026/07/23 10:32:38 [32mD:/Develop/Project_pos_mahenz/BE/domain/auth/repo/auth_repo.go:46
[0m[33m[0.986ms] [34;1m[rows:1][0m SELECT id, user_id, user_role, token, device_info, expires_at FROM sessions WHERE token = 'eyJhbGciOiJIUzI1NiIsInR5cCI6IkpXVCJ9.eyJhcHBzIjoid2ViIiwiZXhwIjoxNzg0ODA2MzQ3LCJmdWxsX25hbWUiOiJPd25lciIsInJvbGUiOiJvd25lciIsInVzZXJfaWQiOjEsInVzZXJuYW1lIjoib3duZXIifQ.sVitSHGCqjQWCzu8N4t6Cw8Z9k-cYTtP-HoRuuRrZ3w' LIMIT 1

2026/07/23 10:32:38 [32mD:/Develop/Project_pos_mahenz/BE/domain/product/repo/product_repo.go:100
[0m[33m[0.538ms] [34;1m[rows:1][0m SELECT COUNT(*) FROM products p WHERE 1=1

2026/07/23 10:32:38 [32mD:/Develop/Project_pos_mahenz/BE/domain/auth/repo/auth_repo.go:46
[0m[33m[0.658ms] [34;1m[rows:1][0m SELECT id, user_id, user_role, token, device_info, expires_at FROM sessions WHERE token = 'eyJhbGciOiJIUzI1NiIsInR5cCI6IkpXVCJ9.eyJhcHBzIjoid2ViIiwiZXhwIjoxNzg0ODA2MzQ3LCJmdWxsX25hbWUiOiJPd25lciIsInJvbGUiOiJvd25lciIsInVzZXJfaWQiOjEsInVzZXJuYW1lIjoib3duZXIifQ.sVitSHGCqjQWCzu8N4t6Cw8Z9k-cYTtP-HoRuuRrZ3w' LIMIT 1

2026/07/23 10:32:38 [32mD:/Develop/Project_pos_mahenz/BE/domain/product/repo/product_repo.go:119
[0m[33m[1.293ms] [34;1m[rows:1][0m 
		SELECT p.id, p.barcode, COALESCE(p.sku, '') as sku, p.name, p.category_id, COALESCE(c.name, '') as category_name,
		       p.purchase_price, p.selling_price, p.stock, p.reserved_qty, p.min_stock,
		       COALESCE(p.unit_id, 0) as unit_id, COALESCE(u.name, '') as unit_name, COALESCE(u.abbreviation, '') as unit_abbreviation,
		       p.is_active,
		       (SELECT COUNT(*) FROM product_packages pp WHERE pp.product_id = p.id AND pp.is_default = 0) AS extra_packages,
		       (SELECT COUNT(*) FROM product_prices pr WHERE pr.product_id = p.id) AS price_tiers_count
		FROM products p
		LEFT JOIN categories c ON p.category_id = c.id
		LEFT JOIN units u ON u.id = p.unit_id
		WHERE 1=1 ORDER BY p.name ASC LIMIT 1 OFFSET 0
[GIN] 2026/07/23 - 10:32:38 | 200 |      2.8174ms |             ::1 | POST     "/api/products/list"

2026/07/23 10:32:38 [32mD:/Develop/Project_pos_mahenz/BE/domain/supplier/repo/supplier_repo.go:44
[0m[33m[2.344ms] [34;1m[rows:1][0m SELECT COUNT(*) FROM suppliers WHERE 1=1

2026/07/23 10:32:38 [32mD:/Develop/Project_pos_mahenz/BE/domain/supplier/repo/supplier_repo.go:67
[0m[33m[0.506ms] [34;1m[rows:0][0m SELECT id, supplier_code, name, address, phone, email, contact_person, notes, is_active, created_at FROM suppliers WHERE 1=1 ORDER BY name ASC LIMIT 1 OFFSET 0
[GIN] 2026/07/23 - 10:32:38 | 200 |      4.1114ms |             ::1 | POST     "/api/suppliers/list"

2026/07/23 10:32:38 [32mD:/Develop/Project_pos_mahenz/BE/repository/log_request_repository.go:32
[0m[33m[2.818ms] [34;1m[rows:1][0m INSERT INTO log_requests (id, method, endpoint, status_code, request_body, response_body, user_id, duration_ms, ip_address, error_message, created_at) VALUES ('9793afe5-0d05-4722-9d31-0378679f1453', 'POST', '/api/products/list', 200, '{"page":1,"limit":1,"search":""}', '{"code":"00","status":true,"message":"Daftar produk","data":[{"id":10,"barcode":"9990001112229","sku":"MAK-0003","name":"Import Barcode Duplikat A","category_id":2,"category_name":"Makanan","purchase_price":1000,"selling_price":2000,"stock":5,"reserved_qty":0,"min_stock":1,"unit_id":1,"unit_name":"Pcs","unit_abbreviation":"pcs","is_active":true,"extra_packages":0,"price_tiers_count":0}],"pagination":{"page":1,"per_page":1,"total":10,"total_pages":10}}', 1, 2, '::1', NULL, '2026-07-23 10:32:38.374')

2026/07/23 10:32:38 [32mD:/Develop/Project_pos_mahenz/BE/repository/log_request_repository.go:32
[0m[33m[2.425ms] [34;1m[rows:1][0m INSERT INTO log_requests (id, method, endpoint, status_code, request_body, response_body, user_id, duration_ms, ip_address, error_message, created_at) VALUES ('f7c066b1-2ab0-471e-9e51-6a51d5c2ba20', 'POST', '/api/suppliers/list', 200, '{"page":1,"limit":1,"search":""}', '{"code":"00","status":true,"message":"Daftar supplier","data":[],"pagination":{"page":1,"per_page":1,"total":0,"total_pages":0}}', 1, 4, '::1', NULL, '2026-07-23 10:32:38.376')

2026/07/23 10:32:57 [32mD:/Develop/Project_pos_mahenz/BE/domain/auth/repo/auth_repo.go:46
[0m[33m[0.507ms] [34;1m[rows:1][0m SELECT id, user_id, user_role, token, device_info, expires_at FROM sessions WHERE token = 'eyJhbGciOiJIUzI1NiIsInR5cCI6IkpXVCJ9.eyJhcHBzIjoid2ViIiwiZXhwIjoxNzg0ODA2MzQ3LCJmdWxsX25hbWUiOiJPd25lciIsInJvbGUiOiJvd25lciIsInVzZXJfaWQiOjEsInVzZXJuYW1lIjoib3duZXIifQ.sVitSHGCqjQWCzu8N4t6Cw8Z9k-cYTtP-HoRuuRrZ3w' LIMIT 1

2026/07/23 10:32:57 [32mD:/Develop/Project_pos_mahenz/BE/domain/sync/repo/sync_repo.go:84
[0m[33m[0.523ms] [34;1m[rows:1][0m SELECT COUNT(*) FROM sync_conflicts WHERE status = 'pending'
[GIN] 2026/07/23 - 10:32:57 | 200 |      1.5816ms |             ::1 | GET      "/api/sync/conflicts/count"

2026/07/23 10:32:57 [32mD:/Develop/Project_pos_mahenz/BE/repository/log_request_repository.go:32
[0m[33m[2.243ms] [34;1m[rows:1][0m INSERT INTO log_requests (id, method, endpoint, status_code, request_body, response_body, user_id, duration_ms, ip_address, error_message, created_at) VALUES ('c08a37c4-cb94-4228-adfa-5eae0515fd43', 'GET', '/api/sync/conflicts/count', 200, '', '{"code":"00","status":true,"message":"Jumlah konflik pending","data":{"count":0}}', 1, 1, '::1', NULL, '2026-07-23 10:32:57.945')
[GIN] 2026/07/23 - 10:33:41 | 204 |            0s |             ::1 | OPTIONS  "/api/products/detail/10"
[GIN] 2026/07/23 - 10:33:41 | 204 |            0s |             ::1 | OPTIONS  "/api/products/10/packages/list"

2026/07/23 10:33:41 [32mD:/Develop/Project_pos_mahenz/BE/domain/auth/repo/auth_repo.go:46
[0m[33m[1.032ms] [34;1m[rows:1][0m SELECT id, user_id, user_role, token, device_info, expires_at FROM sessions WHERE token = 'eyJhbGciOiJIUzI1NiIsInR5cCI6IkpXVCJ9.eyJhcHBzIjoid2ViIiwiZXhwIjoxNzg0ODA2MzQ3LCJmdWxsX25hbWUiOiJPd25lciIsInJvbGUiOiJvd25lciIsInVzZXJfaWQiOjEsInVzZXJuYW1lIjoib3duZXIifQ.sVitSHGCqjQWCzu8N4t6Cw8Z9k-cYTtP-HoRuuRrZ3w' LIMIT 1

2026/07/23 10:33:41 [32mD:/Develop/Project_pos_mahenz/BE/domain/auth/repo/auth_repo.go:46
[0m[33m[1.032ms] [34;1m[rows:1][0m SELECT id, user_id, user_role, token, device_info, expires_at FROM sessions WHERE token = 'eyJhbGciOiJIUzI1NiIsInR5cCI6IkpXVCJ9.eyJhcHBzIjoid2ViIiwiZXhwIjoxNzg0ODA2MzQ3LCJmdWxsX25hbWUiOiJPd25lciIsInJvbGUiOiJvd25lciIsInVzZXJfaWQiOjEsInVzZXJuYW1lIjoib3duZXIifQ.sVitSHGCqjQWCzu8N4t6Cw8Z9k-cYTtP-HoRuuRrZ3w' LIMIT 1

2026/07/23 10:33:41 [32mD:/Develop/Project_pos_mahenz/BE/domain/product/repo/product_repo.go:136
[0m[33m[3.649ms] [34;1m[rows:1][0m 
		SELECT p.id, p.barcode, COALESCE(p.sku, '') as sku, p.name, p.category_id, COALESCE(c.name, '') as category_name,
		       p.purchase_price, p.selling_price, p.stock, p.reserved_qty, p.min_stock,
		       COALESCE(p.unit_id, 0) as unit_id, COALESCE(u.name, '') as unit_name, COALESCE(u.abbreviation, '') as unit_abbreviation,
		       p.is_active, p.created_at, p.updated_at,
		       (SELECT COUNT(*) FROM product_packages pp WHERE pp.product_id = p.id AND pp.is_default = 0) AS extra_packages,
		       (SELECT COUNT(*) FROM product_prices pr WHERE pr.product_id = p.id) AS price_tiers_count
		FROM products p
		LEFT JOIN categories c ON p.category_id = c.id
		LEFT JOIN units u ON u.id = p.unit_id
		WHERE p.id = 10 LIMIT 1

2026/07/23 10:33:41 [32mD:/Develop/Project_pos_mahenz/BE/domain/product/repo/product_repo.go:136
[0m[33m[3.649ms] [34;1m[rows:1][0m 
		SELECT p.id, p.barcode, COALESCE(p.sku, '') as sku, p.name, p.category_id, COALESCE(c.name, '') as category_name,
		       p.purchase_price, p.selling_price, p.stock, p.reserved_qty, p.min_stock,
		       COALESCE(p.unit_id, 0) as unit_id, COALESCE(u.name, '') as unit_name, COALESCE(u.abbreviation, '') as unit_abbreviation,
		       p.is_active, p.created_at, p.updated_at,
		       (SELECT COUNT(*) FROM product_packages pp WHERE pp.product_id = p.id AND pp.is_default = 0) AS extra_packages,
		       (SELECT COUNT(*) FROM product_prices pr WHERE pr.product_id = p.id) AS price_tiers_count
		FROM products p
		LEFT JOIN categories c ON p.category_id = c.id
		LEFT JOIN units u ON u.id = p.unit_id
		WHERE p.id = 10 LIMIT 1
[GIN] 2026/07/23 - 10:33:41 | 200 |     12.3114ms |             ::1 | POST     "/api/products/detail/10"

2026/07/23 10:33:41 [32mD:/Develop/Project_pos_mahenz/BE/domain/product/repo/product_package_repo.go:23
[0m[33m[10.481ms] [34;1m[rows:1][0m 
		SELECT pp.id, pp.product_id, pp.unit_id, COALESCE(u.name, '') AS unit_name, COALESCE(u.abbreviation, '') AS abbreviation,
		       COALESCE(pp.package_name, '') AS package_name, pp.ref_package_id, pp.qty, pp.ref_qty, pp.purchase_price, pp.selling_price, pp.is_default
		FROM product_packages pp
		JOIN units u ON u.id = pp.unit_id
		WHERE pp.product_id = 10
[GIN] 2026/07/23 - 10:33:41 | 200 |     18.2087ms |             ::1 | POST     "/api/products/10/packages/list"

2026/07/23 10:33:41 [32mD:/Develop/Project_pos_mahenz/BE/repository/log_request_repository.go:32
[0m[33m[7.450ms] [34;1m[rows:1][0m INSERT INTO log_requests (id, method, endpoint, status_code, request_body, response_body, user_id, duration_ms, ip_address, error_message, created_at) VALUES ('b9b06caf-d1e9-4022-bb23-cbbaed121bf1', 'POST', '/api/products/detail/10', 200, '{}', '{"code":"00","status":true,"message":"Detail produk","data":{"id":10,"barcode":"9990001112229","sku":"MAK-0003","name":"Import Barcode Duplikat A","category_id":2,"category_name":"Makanan","purchase_price":1000,"selling_price":2000,"stock":5,"reserved_qty":0,"min_stock":1,"unit_id":1,"unit_name":"Pcs","unit_abbreviation":"pcs","is_active":true,"extra_packages":0,"price_tiers_count":0}}', 1, 12, '::1', NULL, '2026-07-23 10:33:41.261')

2026/07/23 10:33:41 [32mD:/Develop/Project_pos_mahenz/BE/repository/log_request_repository.go:32
[0m[33m[2.407ms] [34;1m[rows:1][0m INSERT INTO log_requests (id, method, endpoint, status_code, request_body, response_body, user_id, duration_ms, ip_address, error_message, created_at) VALUES ('de0bd4f8-346c-4e92-9686-d9ad84c80c3f', 'POST', '/api/products/10/packages/list', 200, '{}', '{"code":"00","status":true,"message":"Daftar paket produk","data":[{"id":9,"product_id":10,"unit_id":1,"unit_name":"Pcs","abbreviation":"pcs","package_name":"","ref_package_id":null,"qty":1,"ref_qty":null,"resolved_factor":1,"purchase_price":1000,"selling_price":2000,"is_default":true}]}', 1, 18, '::1', NULL, '2026-07-23 10:33:41.267')
[GIN] 2026/07/23 - 10:33:49 | 204 |            0s |             ::1 | OPTIONS  "/api/products/detail/11"
[GIN] 2026/07/23 - 10:33:49 | 204 |            0s |             ::1 | OPTIONS  "/api/products/11/packages/list"

2026/07/23 10:33:49 [32mD:/Develop/Project_pos_mahenz/BE/domain/auth/repo/auth_repo.go:46
[0m[33m[0.869ms] [34;1m[rows:1][0m SELECT id, user_id, user_role, token, device_info, expires_at FROM sessions WHERE token = 'eyJhbGciOiJIUzI1NiIsInR5cCI6IkpXVCJ9.eyJhcHBzIjoid2ViIiwiZXhwIjoxNzg0ODA2MzQ3LCJmdWxsX25hbWUiOiJPd25lciIsInJvbGUiOiJvd25lciIsInVzZXJfaWQiOjEsInVzZXJuYW1lIjoib3duZXIifQ.sVitSHGCqjQWCzu8N4t6Cw8Z9k-cYTtP-HoRuuRrZ3w' LIMIT 1

2026/07/23 10:33:49 [32mD:/Develop/Project_pos_mahenz/BE/domain/auth/repo/auth_repo.go:46
[0m[33m[1.261ms] [34;1m[rows:1][0m SELECT id, user_id, user_role, token, device_info, expires_at FROM sessions WHERE token = 'eyJhbGciOiJIUzI1NiIsInR5cCI6IkpXVCJ9.eyJhcHBzIjoid2ViIiwiZXhwIjoxNzg0ODA2MzQ3LCJmdWxsX25hbWUiOiJPd25lciIsInJvbGUiOiJvd25lciIsInVzZXJfaWQiOjEsInVzZXJuYW1lIjoib3duZXIifQ.sVitSHGCqjQWCzu8N4t6Cw8Z9k-cYTtP-HoRuuRrZ3w' LIMIT 1

2026/07/23 10:33:49 [32mD:/Develop/Project_pos_mahenz/BE/domain/product/repo/product_repo.go:136
[0m[33m[0.778ms] [34;1m[rows:1][0m 
		SELECT p.id, p.barcode, COALESCE(p.sku, '') as sku, p.name, p.category_id, COALESCE(c.name, '') as category_name,
		       p.purchase_price, p.selling_price, p.stock, p.reserved_qty, p.min_stock,
		       COALESCE(p.unit_id, 0) as unit_id, COALESCE(u.name, '') as unit_name, COALESCE(u.abbreviation, '') as unit_abbreviation,
		       p.is_active, p.created_at, p.updated_at,
		       (SELECT COUNT(*) FROM product_packages pp WHERE pp.product_id = p.id AND pp.is_default = 0) AS extra_packages,
		       (SELECT COUNT(*) FROM product_prices pr WHERE pr.product_id = p.id) AS price_tiers_count
		FROM products p
		LEFT JOIN categories c ON p.category_id = c.id
		LEFT JOIN units u ON u.id = p.unit_id
		WHERE p.id = 11 LIMIT 1
[GIN] 2026/07/23 - 10:33:49 | 200 |      2.0393ms |             ::1 | POST     "/api/products/detail/11"

2026/07/23 10:33:49 [32mD:/Develop/Project_pos_mahenz/BE/domain/product/repo/product_repo.go:136
[0m[33m[0.778ms] [34;1m[rows:1][0m 
		SELECT p.id, p.barcode, COALESCE(p.sku, '') as sku, p.name, p.category_id, COALESCE(c.name, '') as category_name,
		       p.purchase_price, p.selling_price, p.stock, p.reserved_qty, p.min_stock,
		       COALESCE(p.unit_id, 0) as unit_id, COALESCE(u.name, '') as unit_name, COALESCE(u.abbreviation, '') as unit_abbreviation,
		       p.is_active, p.created_at, p.updated_at,
		       (SELECT COUNT(*) FROM product_packages pp WHERE pp.product_id = p.id AND pp.is_default = 0) AS extra_packages,
		       (SELECT COUNT(*) FROM product_prices pr WHERE pr.product_id = p.id) AS price_tiers_count
		FROM products p
		LEFT JOIN categories c ON p.category_id = c.id
		LEFT JOIN units u ON u.id = p.unit_id
		WHERE p.id = 11 LIMIT 1

2026/07/23 10:33:49 [32mD:/Develop/Project_pos_mahenz/BE/domain/product/repo/product_package_repo.go:23
[0m[33m[0.529ms] [34;1m[rows:2][0m 
		SELECT pp.id, pp.product_id, pp.unit_id, COALESCE(u.name, '') AS unit_name, COALESCE(u.abbreviation, '') AS abbreviation,
		       COALESCE(pp.package_name, '') AS package_name, pp.ref_package_id, pp.qty, pp.ref_qty, pp.purchase_price, pp.selling_price, pp.is_default
		FROM product_packages pp
		JOIN units u ON u.id = pp.unit_id
		WHERE pp.product_id = 11
[GIN] 2026/07/23 - 10:33:49 | 200 |      3.1729ms |             ::1 | POST     "/api/products/11/packages/list"

2026/07/23 10:33:49 [32mD:/Develop/Project_pos_mahenz/BE/repository/log_request_repository.go:32
[0m[33m[10.634ms] [34;1m[rows:1][0m INSERT INTO log_requests (id, method, endpoint, status_code, request_body, response_body, user_id, duration_ms, ip_address, error_message, created_at) VALUES ('ebc76d24-c1ee-4794-85f2-1594f09c40cc', 'POST', '/api/products/detail/11', 200, '{}', '{"code":"00","status":true,"message":"Detail produk","data":{"id":11,"barcode":"8995170829136","sku":"MAK-0004","name":"Import Beras Premium 5kg","category_id":2,"category_name":"Makanan","purchase_price":55000,"selling_price":65000,"stock":15,"reserved_qty":0,"min_stock":3,"unit_id":1,"unit_name":"Pcs","unit_abbreviation":"pcs","is_active":true,"extra_packages":1,"price_tiers_count":0}}', 1, 2, '::1', NULL, '2026-07-23 10:33:49.461')

2026/07/23 10:33:49 [32mD:/Develop/Project_pos_mahenz/BE/repository/log_request_repository.go:32
[0m[33m[9.501ms] [34;1m[rows:1][0m INSERT INTO log_requests (id, method, endpoint, status_code, request_body, response_body, user_id, duration_ms, ip_address, error_message, created_at) VALUES ('0eba988f-0114-47f7-80db-3f44f6680341', 'POST', '/api/products/11/packages/list', 200, '{}', '{"code":"00","status":true,"message":"Daftar paket produk","data":[{"id":10,"product_id":11,"unit_id":1,"unit_name":"Pcs","abbreviation":"pcs","package_name":"","ref_package_id":null,"qty":1,"ref_qty":null,"resolved_factor":1,"purchase_price":55000,"selling_price":65000,"is_default":true},{"id":11,"product_id":11,"unit_id":2,"unit_name":"Pack","abbreviation":"pack","package_name":"Karung","ref_package_id":10,"qty":10,"ref_qty":1,"resolved_factor":0.1,"purchase_price":500000,"selling_price":620000,"is_default":false}]}', 1, 3, '::1', NULL, '2026-07-23 10:33:49.462')

2026/07/23 10:33:57 [32mD:/Develop/Project_pos_mahenz/BE/domain/auth/repo/auth_repo.go:46
[0m[33m[0.506ms] [34;1m[rows:1][0m SELECT id, user_id, user_role, token, device_info, expires_at FROM sessions WHERE token = 'eyJhbGciOiJIUzI1NiIsInR5cCI6IkpXVCJ9.eyJhcHBzIjoid2ViIiwiZXhwIjoxNzg0ODA2MzQ3LCJmdWxsX25hbWUiOiJPd25lciIsInJvbGUiOiJvd25lciIsInVzZXJfaWQiOjEsInVzZXJuYW1lIjoib3duZXIifQ.sVitSHGCqjQWCzu8N4t6Cw8Z9k-cYTtP-HoRuuRrZ3w' LIMIT 1

2026/07/23 10:33:57 [32mD:/Develop/Project_pos_mahenz/BE/domain/sync/repo/sync_repo.go:84
[0m[33m[0.954ms] [34;1m[rows:1][0m SELECT COUNT(*) FROM sync_conflicts WHERE status = 'pending'
[GIN] 2026/07/23 - 10:33:57 | 200 |      2.0338ms |             ::1 | GET      "/api/sync/conflicts/count"

2026/07/23 10:33:57 [32mD:/Develop/Project_pos_mahenz/BE/repository/log_request_repository.go:32
[0m[33m[2.780ms] [34;1m[rows:1][0m INSERT INTO log_requests (id, method, endpoint, status_code, request_body, response_body, user_id, duration_ms, ip_address, error_message, created_at) VALUES ('61ee7939-266e-451a-bb6b-9963f45ec8c5', 'GET', '/api/sync/conflicts/count', 200, '', '{"code":"00","status":true,"message":"Jumlah konflik pending","data":{"count":0}}', 1, 2, '::1', NULL, '2026-07-23 10:33:57.955')

2026/07/23 10:35:53 [32mD:/Develop/Project_pos_mahenz/BE/domain/auth/repo/auth_repo.go:46
[0m[33m[1.149ms] [34;1m[rows:1][0m SELECT id, user_id, user_role, token, device_info, expires_at FROM sessions WHERE token = 'eyJhbGciOiJIUzI1NiIsInR5cCI6IkpXVCJ9.eyJhcHBzIjoid2ViIiwiZXhwIjoxNzg0ODA2MzQ3LCJmdWxsX25hbWUiOiJPd25lciIsInJvbGUiOiJvd25lciIsInVzZXJfaWQiOjEsInVzZXJuYW1lIjoib3duZXIifQ.sVitSHGCqjQWCzu8N4t6Cw8Z9k-cYTtP-HoRuuRrZ3w' LIMIT 1

2026/07/23 10:35:53 [32mD:/Develop/Project_pos_mahenz/BE/domain/menu/repo/menu_repo.go:121
[0m[33m[1.508ms] [34;1m[rows:-][0m 
		SELECT
			m.id,
			m.parent_id,
			m.key_name,
			m.label,
			m.icon,
			m.path,
			m.order_index,
			COALESCE(rma.can_view,   0),
			COALESCE(rma.can_create, 0),
			COALESCE(rma.can_edit,   0),
			COALESCE(rma.can_delete, 0)
		FROM menus m
		LEFT JOIN role_menu_access rma ON rma.menu_id = m.id
			AND rma.role_id = (SELECT id FROM roles WHERE name = 'owner' AND is_active = 1 LIMIT 1)
		WHERE m.is_active = 1
		ORDER BY m.order_index ASC, m.id ASC
		
[GIN] 2026/07/23 - 10:35:53 | 200 |      3.3461ms |             ::1 | POST     "/api/menus/my"

2026/07/23 10:35:53 [32mD:/Develop/Project_pos_mahenz/BE/repository/log_request_repository.go:32
[0m[33m[4.711ms] [34;1m[rows:1][0m INSERT INTO log_requests (id, method, endpoint, status_code, request_body, response_body, user_id, duration_ms, ip_address, error_message, created_at) VALUES ('77d40ce5-f8db-4ac1-b0a6-582ea59e6fe8', 'POST', '/api/menus/my', 200, '{}', '{"code":"00","status":true,"message":"Menu akses","data":[{"key_name":"beranda","label":"Beranda","icon":"Home","path":null,"order_index":1,"permission":{"can_view":true,"can_create":true,"can_edit":true,"can_delete":true},"children":[{"key_name":"beranda.dashboard","label":"Dashboard","icon":"LayoutDashboard","path":"/dashboard","order_index":1,"permission":{"can_view":true,"can_create":true,"can_edit":true,"can_delete":true},"children":[]}]},{"key_name":"penjualan","label":"Penjualan","icon":"ShoppingCart","path":null,"order_index":2,"permission":{"can_view":true,"can_create":true,"can_edit":true,"can_delete":true},"children":[{"key_name":"penjualan.kasir","label":"Kasir","icon":"ShoppingCart","path":"/kasir","order_index":1,"permission":{"can_view":true,"can_create":true,"can_edit":true,"can_delete":true},"children":[]},{"key_name":"penjualan.transaksi","label":"Transaksi","icon":"Receipt","path":"/transactions","order_index":2,"permission":{"can_view":true,"can_create":true,"can_edit":true,"can_delete":true},"children":[]}]},{"key_name":"produk","label":"Produk","icon":"Package","path":null,"order_index":3,"permission":{"can_view":true,"can_create":true,"can_edit":true,"can_delete":true},"children":[{"key_name":"produk.produk","label":"Produk","icon":"Package","path":"/products","order_index":1,"permission":{"can_view":true,"can_create":true,"can_edit":true,"can_delete":true},"children":[]},{"key_name":"produk.kategori","label":"Kategori","icon":"Tag","path":"/products/categories","order_index":2,"permission":{"can_view":true,"can_create":true,"can_edit":true,"can_delete":true},"children":[]},{"key_name":"produk.unit","label":"Unit","icon":"PackageSearch","path":"/products/units","order_index":3,"permission":{"can_view":true,"can_create":true,"can_edit":true,"can_delete":true},"children":[]}]},{"key_name":"pengadaan","label":"Pengadaan","icon":"Truck","path":null,"order_index":4,"permission":{"can_view":true,"can_create":true,"can_edit":true,"can_delete":true},"children":[{"key_name":"pengadaan.supplier","label":"Supplier","icon":"Truck","path":"/suppliers","order_index":1,"permission":{"can_view":true,"can_create":true,"can_edit":true,"can_delete":true},"children":[]},{"key_name":"pengadaan.pembelian","label":"Pembelian","icon":"ShoppingBag","path":"/suppliers/purchases","order_index":2,"permission":{"can_view":true,"can_create":true,"can_edit":true,"can_delete":true},"children":[]},{"key_name":"pengadaan.retur","label":"Retur","icon":"RotateCcw","path":"/suppliers/returns","order_index":3,"permission":{"can_view":true,"can_create":true,"can_edit":true,"can_delete":true},"children":[]}]},{"key_name":"pelanggan","label":"Pelanggan","icon":"Users","path":null,"order_index":5,"permission":{"can_view":true,"can_create":true,"can_edit":true,"can_delete":true},"children":[{"key_name":"pelanggan.pelanggan","label":"Pelanggan","icon":"Users","path":"/customers","order_index":1,"permission":{"can_view":true,"can_create":true,"can_edit":true,"can_delete":true},"children":[]},{"key_name":"pelanggan.piutang","label":"Piutang","icon":"CreditCard","path":"/receivables","order_index":2,"permission":{"can_view":true,"can_create":true,"can_edit":true,"can_delete":true},"children":[]}]},{"key_name":"keuangan","label":"Keuangan","icon":"Wallet","path":null,"order_index":6,"permission":{"can_view":true,"can_create":true,"can_edit":true,"can_delete":true},"children":[{"key_name":"keuangan.dashboard","label":"Dashboard Keuangan","icon":"Wallet","path":"/finance","order_index":1,"permission":{"can_view":true,"can_create":true,"can_edit":true,"can_delete":true},"children":[]},{"key_name":"keuangan.kas_harian","label":"Kas Harian","icon":"Landmark","path":"/finance/cash-drawer","order_index":2,"permission":{"can_view":true,"can_create":true,"can_edit":true,"can_delete":true},"children":[]},{"key_name":"keuangan.pengeluaran","label":"Pengeluaran","icon":"TrendingDown","path":"/finance/expenses","order_index":3,"permission":{"can_view":true,"can_create":true,"can_edit":true,"can_delete":true},"children":[]},{"key_name":"keuangan.kas_saya","label":"Kas Saya","icon":"Wallet","path":"/finance/my-cash","order_index":4,"permission":{"can_view":true,"can_create":true,"can_edit":true,"can_delete":true},"children":[]}]},{"key_name":"pelaporan","label":"Pelaporan","icon":"BarChart2","path":null,"order_index":7,"permission":{"can_view":true,"can_create":true,"can_edit":true,"can_delete":true},"children":[{"key_name":"pelaporan.penjualan","label":"Penjualan","icon":"TrendingUp","path":"/reports/sales","order_index":1,"permission":{"can_view":true,"can_create":true,"can_edit":true,"can_delete":true},"children":[]},{"key_name":"pelaporan.laba_rugi","label":"Laba Rugi","icon":"LineChart","path":"/reports/profit-loss","order_index":2,"permission":{"can_view":true,"can_create":true,"can_edit":true,"can_delete":true},"children":[]},{"key_name":"pelaporan.stok","label":"Stok","icon":"PackageSearch","path":"/reports/stock","order_index":3,"permission":{"can_view":true,"can_create":true,"can_edit":true,"can_delete":true},"children":[]},{"key_name":"pelaporan.kinerja_kasir","label":"Kinerja Kasir","icon":"BarChart2","path":"/reports/cashier","order_index":4,"permission":{"can_view":true,"can_create":true,"can_edit":true,"can_delete":true},"children":[]}]},{"key_name":"operasional","label":"Operasional","icon":"Clock","path":null,"order_index":8,"permission":{"can_view":true,"can_create":true,"can_edit":true,"can_delete":true},"children":[{"key_name":"operasional.shift","label":"Shift","icon":"Clock","path":"/shifts","order_index":1,"permission":{"can_view":true,"can_create":true,"can_edit":true,"can_delete":true},"children":[]},{"key_name":"operasional.sync","label":"Sync Center","icon":"RefreshCw","path":"/sync","order_index":2,"permission":{"can_view":true,"can_create":true,"can_edit":true,"can_delete":true},"children":[]}]},{"key_name":"sistem","label":"Sistem","icon":"Settings","path":null,"order_index":9,"permission":{"can_view":true,"can_create":true,"can_edit":true,"can_delete":true},"children":[{"key_name":"sistem.profil_toko","label":"Profil Toko","icon":"Settings","path":"/settings/store","order_index":1,"permission":{"can_view":true,"can_create":true,"can_edit":true,"can_delete":true},"children":[]},{"key_name":"sistem.users","label":"Manajemen User","icon":"Users","path":"/settings/users","order_index":2,"permission":{"can_view":true,"can_create":true,"can_edit":true,"can_delete":true},"children":[]},{"key_name":"sistem.roles","label":"Manajemen Role","icon":"Shield","path":"/settings/roles","order_index":3,"permission":{"can_view":true,"can_create":true,"can_edit":true,"can_delete":true},"children":[]},{"key_name":"sistem.menus","label":"Manajemen Menu","icon":"LayoutList","path":"/settings/menus","order_index":4,"permission":{"can_view":true,"can_create":true,"can_edit":true,"can_delete":true},"children":[]},{"key_name":"sistem.printer","label":"Printer","icon":"Printer","path":"/settings/printer","order_index":5,"permission":{"can_view":true,"can_create":true,"can_edit":true,"can_delete":true},"children":[]},{"key_name":"sistem.versi","label":"Versi Aplikasi","icon":"RefreshCw","path":"/settings/versions","order_index":6,"permission":{"can_view":true,"can_create":true,"can_edit":true,"can_delete":true},"children":[]},{"key_name":"sistem.backup","label":"Backup \u0026 Restore","icon":"DatabaseBackup","path":"/settings/backup","order_index":7,"permission":{"can_view":true,"can_create":true,"can_edit":true,"can_delete":true},"children":[]}]}]}', 1, 3, '::1', NULL, '2026-07-23 10:35:53.469')

2026/07/23 10:35:53 [32mD:/Develop/Project_pos_mahenz/BE/domain/auth/repo/auth_repo.go:46
[0m[33m[0.000ms] [34;1m[rows:1][0m SELECT id, user_id, user_role, token, device_info, expires_at FROM sessions WHERE token = 'eyJhbGciOiJIUzI1NiIsInR5cCI6IkpXVCJ9.eyJhcHBzIjoid2ViIiwiZXhwIjoxNzg0ODA2MzQ3LCJmdWxsX25hbWUiOiJPd25lciIsInJvbGUiOiJvd25lciIsInVzZXJfaWQiOjEsInVzZXJuYW1lIjoib3duZXIifQ.sVitSHGCqjQWCzu8N4t6Cw8Z9k-cYTtP-HoRuuRrZ3w' LIMIT 1

2026/07/23 10:35:53 [32mD:/Develop/Project_pos_mahenz/BE/domain/sync/repo/sync_repo.go:84
[0m[33m[0.000ms] [34;1m[rows:1][0m SELECT COUNT(*) FROM sync_conflicts WHERE status = 'pending'
[GIN] 2026/07/23 - 10:35:53 | 200 |            0s |             ::1 | GET      "/api/sync/conflicts/count"

2026/07/23 10:35:53 [32mD:/Develop/Project_pos_mahenz/BE/repository/log_request_repository.go:32
[0m[33m[0.000ms] [34;1m[rows:1][0m INSERT INTO log_requests (id, method, endpoint, status_code, request_body, response_body, user_id, duration_ms, ip_address, error_message, created_at) VALUES ('2e127bd4-9c83-45b1-936d-18b900db709b', 'GET', '/api/sync/conflicts/count', 200, '', '{"code":"00","status":true,"message":"Jumlah konflik pending","data":{"count":0}}', 1, 0, '::1', NULL, '2026-07-23 10:35:53.513')

2026/07/23 10:35:53 [32mD:/Develop/Project_pos_mahenz/BE/domain/auth/repo/auth_repo.go:46
[0m[33m[2.012ms] [34;1m[rows:1][0m SELECT id, user_id, user_role, token, device_info, expires_at FROM sessions WHERE token = 'eyJhbGciOiJIUzI1NiIsInR5cCI6IkpXVCJ9.eyJhcHBzIjoid2ViIiwiZXhwIjoxNzg0ODA2MzQ3LCJmdWxsX25hbWUiOiJPd25lciIsInJvbGUiOiJvd25lciIsInVzZXJfaWQiOjEsInVzZXJuYW1lIjoib3duZXIifQ.sVitSHGCqjQWCzu8N4t6Cw8Z9k-cYTtP-HoRuuRrZ3w' LIMIT 1

2026/07/23 10:35:53 [32mD:/Develop/Project_pos_mahenz/BE/domain/auth/repo/auth_repo.go:46
[0m[33m[2.632ms] [34;1m[rows:1][0m SELECT id, user_id, user_role, token, device_info, expires_at FROM sessions WHERE token = 'eyJhbGciOiJIUzI1NiIsInR5cCI6IkpXVCJ9.eyJhcHBzIjoid2ViIiwiZXhwIjoxNzg0ODA2MzQ3LCJmdWxsX25hbWUiOiJPd25lciIsInJvbGUiOiJvd25lciIsInVzZXJfaWQiOjEsInVzZXJuYW1lIjoib3duZXIifQ.sVitSHGCqjQWCzu8N4t6Cw8Z9k-cYTtP-HoRuuRrZ3w' LIMIT 1

2026/07/23 10:35:53 [32mD:/Develop/Project_pos_mahenz/BE/domain/product_unit/repo/unit_repo.go:72
[0m[33m[0.000ms] [34;1m[rows:4][0m SELECT id, name, abbreviation FROM units WHERE is_active = 1 ORDER BY name
[GIN] 2026/07/23 - 10:35:53 | 200 |      3.3631ms |             ::1 | POST     "/api/units/options"

2026/07/23 10:35:53 [32mD:/Develop/Project_pos_mahenz/BE/domain/product_category/repo/product_category_repo.go:70
[0m[33m[0.731ms] [34;1m[rows:2][0m SELECT id, name FROM categories WHERE is_active = 1 ORDER BY name
[GIN] 2026/07/23 - 10:35:53 | 200 |      4.8005ms |             ::1 | POST     "/api/categories/options"

2026/07/23 10:35:53 [32mD:/Develop/Project_pos_mahenz/BE/repository/log_request_repository.go:32
[0m[33m[4.123ms] [34;1m[rows:1][0m INSERT INTO log_requests (id, method, endpoint, status_code, request_body, response_body, user_id, duration_ms, ip_address, error_message, created_at) VALUES ('e5410d83-74bb-444c-9215-4a5228c3423f', 'POST', '/api/units/options', 200, '{}', '{"code":"00","status":true,"message":"Opsi satuan","data":[{"id":4,"name":"Batang","abbreviation":"btg"},{"id":2,"name":"Pack","abbreviation":"pack"},{"id":1,"name":"Pcs","abbreviation":"pcs"},{"id":3,"name":"Slop","abbreviation":"slop"}]}', 1, 3, '::1', NULL, '2026-07-23 10:35:53.833')

2026/07/23 10:35:53 [32mD:/Develop/Project_pos_mahenz/BE/repository/log_request_repository.go:32
[0m[33m[8.802ms] [34;1m[rows:1][0m INSERT INTO log_requests (id, method, endpoint, status_code, request_body, response_body, user_id, duration_ms, ip_address, error_message, created_at) VALUES ('eec9f247-23dd-4ff8-9743-f53f29112a7d', 'POST', '/api/categories/options', 200, '{}', '{"code":"00","status":true,"message":"Opsi kategori","data":[{"id":2,"name":"Makanan"},{"id":1,"name":"Minuman"}]}', 1, 4, '::1', NULL, '2026-07-23 10:35:53.834')

2026/07/23 10:35:53 [32mD:/Develop/Project_pos_mahenz/BE/domain/auth/repo/auth_repo.go:46
[0m[33m[0.506ms] [34;1m[rows:1][0m SELECT id, user_id, user_role, token, device_info, expires_at FROM sessions WHERE token = 'eyJhbGciOiJIUzI1NiIsInR5cCI6IkpXVCJ9.eyJhcHBzIjoid2ViIiwiZXhwIjoxNzg0ODA2MzQ3LCJmdWxsX25hbWUiOiJPd25lciIsInJvbGUiOiJvd25lciIsInVzZXJfaWQiOjEsInVzZXJuYW1lIjoib3duZXIifQ.sVitSHGCqjQWCzu8N4t6Cw8Z9k-cYTtP-HoRuuRrZ3w' LIMIT 1

2026/07/23 10:35:53 [32mD:/Develop/Project_pos_mahenz/BE/domain/product/repo/product_repo.go:100
[0m[33m[0.000ms] [34;1m[rows:1][0m SELECT COUNT(*) FROM products p WHERE 1=1

2026/07/23 10:35:53 [32mD:/Develop/Project_pos_mahenz/BE/domain/auth/repo/auth_repo.go:46
[0m[33m[0.578ms] [34;1m[rows:1][0m SELECT id, user_id, user_role, token, device_info, expires_at FROM sessions WHERE token = 'eyJhbGciOiJIUzI1NiIsInR5cCI6IkpXVCJ9.eyJhcHBzIjoid2ViIiwiZXhwIjoxNzg0ODA2MzQ3LCJmdWxsX25hbWUiOiJPd25lciIsInJvbGUiOiJvd25lciIsInVzZXJfaWQiOjEsInVzZXJuYW1lIjoib3duZXIifQ.sVitSHGCqjQWCzu8N4t6Cw8Z9k-cYTtP-HoRuuRrZ3w' LIMIT 1

2026/07/23 10:35:53 [32mD:/Develop/Project_pos_mahenz/BE/domain/setting/repo/setting_repo.go:32
[0m[33m[0.000ms] [34;1m[rows:-][0m SELECT setting_key, setting_value FROM settings WHERE setting_key = 'pagination_sizes'
[GIN] 2026/07/23 - 10:35:53 | 200 |       1.765ms |             ::1 | GET      "/api/settings/pagination_sizes"

2026/07/23 10:35:53 [32mD:/Develop/Project_pos_mahenz/BE/domain/product/repo/product_repo.go:119
[0m[33m[1.142ms] [34;1m[rows:10][0m 
		SELECT p.id, p.barcode, COALESCE(p.sku, '') as sku, p.name, p.category_id, COALESCE(c.name, '') as category_name,
		       p.purchase_price, p.selling_price, p.stock, p.reserved_qty, p.min_stock,
		       COALESCE(p.unit_id, 0) as unit_id, COALESCE(u.name, '') as unit_name, COALESCE(u.abbreviation, '') as unit_abbreviation,
		       p.is_active,
		       (SELECT COUNT(*) FROM product_packages pp WHERE pp.product_id = p.id AND pp.is_default = 0) AS extra_packages,
		       (SELECT COUNT(*) FROM product_prices pr WHERE pr.product_id = p.id) AS price_tiers_count
		FROM products p
		LEFT JOIN categories c ON p.category_id = c.id
		LEFT JOIN units u ON u.id = p.unit_id
		WHERE 1=1 ORDER BY p.name ASC LIMIT 10 OFFSET 0
[GIN] 2026/07/23 - 10:35:53 | 200 |      3.7339ms |             ::1 | POST     "/api/products/list"

2026/07/23 10:35:53 [32mD:/Develop/Project_pos_mahenz/BE/repository/log_request_repository.go:32
[0m[33m[4.105ms] [34;1m[rows:1][0m INSERT INTO log_requests (id, method, endpoint, status_code, request_body, response_body, user_id, duration_ms, ip_address, error_message, created_at) VALUES ('2d7473b9-4c47-4978-b699-20cf1b5b910b', 'GET', '/api/settings/pagination_sizes', 200, '', '{"code":"00","status":true,"message":"Detail pengaturan","data":{"key":"pagination_sizes","value":"[10,20,50]"}}', 1, 1, '::1', NULL, '2026-07-23 10:35:53.906')

2026/07/23 10:35:53 [32mD:/Develop/Project_pos_mahenz/BE/repository/log_request_repository.go:32
[0m[33m[12.169ms] [34;1m[rows:1][0m INSERT INTO log_requests (id, method, endpoint, status_code, request_body, response_body, user_id, duration_ms, ip_address, error_message, created_at) VALUES ('8de2c126-4e66-4ed7-ac86-9222e26fc108', 'POST', '/api/products/list', 200, '{"page":1,"limit":10,"search":""}', '{"code":"00","status":true,"message":"Daftar produk","data":[{"id":10,"barcode":"9990001112229","sku":"MAK-0003","name":"Import Barcode Duplikat A","category_id":2,"category_name":"Makanan","purchase_price":1000,"selling_price":2000,"stock":5,"reserved_qty":0,"min_stock":1,"unit_id":1,"unit_name":"Pcs","unit_abbreviation":"pcs","is_active":true,"extra_packages":0,"price_tiers_count":0},{"id":11,"barcode":"8995170829136","sku":"MAK-0004","name":"Import Beras Premium 5kg","category_id":2,"category_name":"Makanan","purchase_price":55000,"selling_price":65000,"stock":15,"reserved_qty":0,"min_stock":3,"unit_id":1,"unit_name":"Pcs","unit_abbreviation":"pcs","is_active":true,"extra_packages":1,"price_tiers_count":0},{"id":9,"barcode":"9990001112223","sku":"MAK-0002","name":"Import Gula Pasir 1kg","category_id":2,"category_name":"Makanan","purchase_price":13000,"selling_price":15000,"stock":10,"reserved_qty":0,"min_stock":2,"unit_id":1,"unit_name":"Pcs","unit_abbreviation":"pcs","is_active":true,"extra_packages":0,"price_tiers_count":0},{"id":8,"barcode":"8992258362998","sku":"MAK-0001","name":"Import Kopi Sachet 3in1","category_id":2,"category_name":"Makanan","purchase_price":1200,"selling_price":1800,"stock":20,"reserved_qty":0,"min_stock":5,"unit_id":1,"unit_name":"Pcs","unit_abbreviation":"pcs","is_active":true,"extra_packages":0,"price_tiers_count":0},{"id":7,"barcode":"7777777777777","sku":"MIN-0005","name":"Manual SKU Jump Test","category_id":1,"category_name":"Minuman","purchase_price":0,"selling_price":1000,"stock":0,"reserved_qty":0,"min_stock":0,"unit_id":1,"unit_name":"Pcs","unit_abbreviation":"pcs","is_active":true,"extra_packages":0,"price_tiers_count":0},{"id":5,"barcode":"5555555555555","sku":"MIN-BYP1","name":"Owner Bypass Stock Test","category_id":1,"category_name":"Minuman","purchase_price":0,"selling_price":1000,"stock":0,"reserved_qty":0,"min_stock":0,"unit_id":1,"unit_name":"Pcs","unit_abbreviation":"pcs","is_active":true,"extra_packages":0,"price_tiers_count":0},{"id":6,"barcode":"6666666666666","sku":"MIN-SPF1","name":"Owner Spoof Role Test","category_id":1,"category_name":"Minuman","purchase_price":0,"selling_price":1000,"stock":0,"reserved_qty":0,"min_stock":0,"unit_id":1,"unit_name":"Pcs","unit_abbreviation":"pcs","is_active":true,"extra_packages":0,"price_tiers_count":0},{"id":12,"barcode":"8992233103578","sku":"MAK-0005","name":"Rokok Chain Test A","category_id":2,"category_name":"Makanan","purchase_price":500,"selling_price":1000,"stock":1000,"reserved_qty":0,"min_stock":5,"unit_id":4,"unit_name":"Batang","unit_abbreviation":"btg","is_active":true,"extra_packages":0,"price_tiers_count":0},{"id":4,"barcode":"4444444444444","sku":"MIN-5555","name":"Sanity Check Product","category_id":1,"category_name":"Minuman","purchase_price":0,"selling_price":1000,"stock":0,"reserved_qty":0,"min_stock":0,"unit_id":1,"unit_name":"Pcs","unit_abbreviation":"pcs","is_active":true,"extra_packages":0,"price_tiers_count":0},{"id":1,"barcode":"8990874779046","sku":"MIN-0001","name":"Teh Botol Sosro 350ml (Edited)","category_id":1,"category_name":"Minuman","purchase_price":3500,"selling_price":5800,"stock":4,"reserved_qty":0,"min_stock":10,"unit_id":1,"unit_name":"Pcs","unit_abbreviation":"pcs","is_active":true,"extra_packages":0,"price_tiers_count":2}],"pagination":{"page":1,"per_page":10,"total":10,"total_pages":1}}', 1, 3, '::1', NULL, '2026-07-23 10:35:53.907')
[GIN] 2026/07/23 - 10:36:02 | 204 |            0s |             ::1 | OPTIONS  "/api/auth/login"

2026/07/23 10:36:02 [32mD:/Develop/Project_pos_mahenz/BE/domain/auth/repo/auth_repo.go:17
[0m[33m[1.225ms] [34;1m[rows:1][0m SELECT u.id, u.username, u.password, u.full_name, u.role_id, r.name AS role_name, u.is_active FROM users u INNER JOIN roles r ON r.id = u.role_id WHERE u.username = 'admin' LIMIT 1

2026/07/23 10:36:03 [32mD:/Develop/Project_pos_mahenz/BE/domain/auth/repo/auth_repo.go:67
[0m[33m[12.287ms] [34;1m[rows:1][0m DELETE FROM sessions WHERE user_id = 2

2026/07/23 10:36:03 [32mD:/Develop/Project_pos_mahenz/BE/domain/auth/repo/auth_repo.go:38
[0m[33m[2.928ms] [34;1m[rows:1][0m INSERT INTO sessions (user_id, user_role, token, refresh_token, device_info, ip_address, expires_at) VALUES (2, 'admin', 'eyJhbGciOiJIUzI1NiIsInR5cCI6IkpXVCJ9.eyJhcHBzIjoid2ViIiwiZXhwIjoxNzg0ODA2NTYzLCJmdWxsX25hbWUiOiJBZG1pbmlzdHJhdG9yIiwicm9sZSI6ImFkbWluIiwidXNlcl9pZCI6MiwidXNlcm5hbWUiOiJhZG1pbiJ9.MuKXM6IuqQlqncnacRqIYGbsoxbT-yOahXDZlb3uQaE', '2d6cfbaccfee416f5e6f35bc4c91bb038a6d5ba4dc08ec205a151a634c8076a1', 'web', '::1', '2026-07-30 10:36:03.057') ON DUPLICATE KEY UPDATE user_role=VALUES(user_role), token=VALUES(token), refresh_token=VALUES(refresh_token), device_info=VALUES(device_info), ip_address=VALUES(ip_address), expires_at=VALUES(expires_at), created_at=NOW()
[GIN] 2026/07/23 - 10:36:03 | 200 |      77.419ms |             ::1 | POST     "/api/auth/login"

2026/07/23 10:36:03 [32mD:/Develop/Project_pos_mahenz/BE/repository/log_request_repository.go:32
[0m[33m[2.455ms] [34;1m[rows:1][0m INSERT INTO log_requests (id, method, endpoint, status_code, request_body, response_body, user_id, duration_ms, ip_address, error_message, created_at) VALUES ('f4dd2a98-61a4-44d7-977d-2b76dd913d7f', 'POST', '/api/auth/login', 200, '{"username":"admin","password":"admin123","device_info":"web"}', '{"code":"00","status":true,"message":"Login berhasil","data":{"token":"eyJhbGciOiJIUzI1NiIsInR5cCI6IkpXVCJ9.eyJhcHBzIjoid2ViIiwiZXhwIjoxNzg0ODA2NTYzLCJmdWxsX25hbWUiOiJBZG1pbmlzdHJhdG9yIiwicm9sZSI6ImFkbWluIiwidXNlcl9pZCI6MiwidXNlcm5hbWUiOiJhZG1pbiJ9.MuKXM6IuqQlqncnacRqIYGbsoxbT-yOahXDZlb3uQaE","refresh_token":"2d6cfbaccfee416f5e6f35bc4c91bb038a6d5ba4dc08ec205a151a634c8076a1","expires_at":"2026-07-30T10:36:03.0575477+07:00","user":{"id":2,"username":"admin","full_name":"Administrator","role_id":2,"role_name":"admin"}}}', NULL, 77, '::1', NULL, '2026-07-23 10:36:03.072')
[GIN] 2026/07/23 - 10:36:03 | 204 |            0s |             ::1 | OPTIONS  "/api/menus/my"
[GIN] 2026/07/23 - 10:36:03 | 204 |            0s |             ::1 | OPTIONS  "/api/menus/my"

2026/07/23 10:36:03 [32mD:/Develop/Project_pos_mahenz/BE/domain/auth/repo/auth_repo.go:46
[0m[33m[0.505ms] [34;1m[rows:1][0m SELECT id, user_id, user_role, token, device_info, expires_at FROM sessions WHERE token = 'eyJhbGciOiJIUzI1NiIsInR5cCI6IkpXVCJ9.eyJhcHBzIjoid2ViIiwiZXhwIjoxNzg0ODA2NTYzLCJmdWxsX25hbWUiOiJBZG1pbmlzdHJhdG9yIiwicm9sZSI6ImFkbWluIiwidXNlcl9pZCI6MiwidXNlcm5hbWUiOiJhZG1pbiJ9.MuKXM6IuqQlqncnacRqIYGbsoxbT-yOahXDZlb3uQaE' LIMIT 1

2026/07/23 10:36:03 [32mD:/Develop/Project_pos_mahenz/BE/domain/auth/repo/auth_repo.go:46
[0m[33m[0.549ms] [34;1m[rows:1][0m SELECT id, user_id, user_role, token, device_info, expires_at FROM sessions WHERE token = 'eyJhbGciOiJIUzI1NiIsInR5cCI6IkpXVCJ9.eyJhcHBzIjoid2ViIiwiZXhwIjoxNzg0ODA2NTYzLCJmdWxsX25hbWUiOiJBZG1pbmlzdHJhdG9yIiwicm9sZSI6ImFkbWluIiwidXNlcl9pZCI6MiwidXNlcm5hbWUiOiJhZG1pbiJ9.MuKXM6IuqQlqncnacRqIYGbsoxbT-yOahXDZlb3uQaE' LIMIT 1

2026/07/23 10:36:03 [32mD:/Develop/Project_pos_mahenz/BE/domain/menu/repo/menu_repo.go:121
[0m[33m[1.271ms] [34;1m[rows:-][0m 
		SELECT
			m.id,
			m.parent_id,
			m.key_name,
			m.label,
			m.icon,
			m.path,
			m.order_index,
			COALESCE(rma.can_view,   0),
			COALESCE(rma.can_create, 0),
			COALESCE(rma.can_edit,   0),
			COALESCE(rma.can_delete, 0)
		FROM menus m
		LEFT JOIN role_menu_access rma ON rma.menu_id = m.id
			AND rma.role_id = (SELECT id FROM roles WHERE name = 'admin' AND is_active = 1 LIMIT 1)
		WHERE m.is_active = 1
		ORDER BY m.order_index ASC, m.id ASC
		
[GIN] 2026/07/23 - 10:36:03 | 200 |      2.2987ms |             ::1 | POST     "/api/menus/my"

2026/07/23 10:36:03 [32mD:/Develop/Project_pos_mahenz/BE/domain/menu/repo/menu_repo.go:121
[0m[33m[1.068ms] [34;1m[rows:-][0m 
		SELECT
			m.id,
			m.parent_id,
			m.key_name,
			m.label,
			m.icon,
			m.path,
			m.order_index,
			COALESCE(rma.can_view,   0),
			COALESCE(rma.can_create, 0),
			COALESCE(rma.can_edit,   0),
			COALESCE(rma.can_delete, 0)
		FROM menus m
		LEFT JOIN role_menu_access rma ON rma.menu_id = m.id
			AND rma.role_id = (SELECT id FROM roles WHERE name = 'admin' AND is_active = 1 LIMIT 1)
		WHERE m.is_active = 1
		ORDER BY m.order_index ASC, m.id ASC
		
[GIN] 2026/07/23 - 10:36:03 | 200 |      2.9019ms |             ::1 | POST     "/api/menus/my"

2026/07/23 10:36:03 [32mD:/Develop/Project_pos_mahenz/BE/repository/log_request_repository.go:32
[0m[33m[4.701ms] [34;1m[rows:1][0m INSERT INTO log_requests (id, method, endpoint, status_code, request_body, response_body, user_id, duration_ms, ip_address, error_message, created_at) VALUES ('bf846f1f-ec0c-43f6-95ce-f122d3cb569d', 'POST', '/api/menus/my', 200, '{}', '{"code":"00","status":true,"message":"Menu akses","data":[{"key_name":"beranda","label":"Beranda","icon":"Home","path":null,"order_index":1,"permission":{"can_view":true,"can_create":true,"can_edit":true,"can_delete":false},"children":[{"key_name":"beranda.dashboard","label":"Dashboard","icon":"LayoutDashboard","path":"/dashboard","order_index":1,"permission":{"can_view":true,"can_create":true,"can_edit":true,"can_delete":false},"children":[]}]},{"key_name":"penjualan","label":"Penjualan","icon":"ShoppingCart","path":null,"order_index":2,"permission":{"can_view":true,"can_create":true,"can_edit":true,"can_delete":false},"children":[{"key_name":"penjualan.kasir","label":"Kasir","icon":"ShoppingCart","path":"/kasir","order_index":1,"permission":{"can_view":true,"can_create":true,"can_edit":true,"can_delete":false},"children":[]},{"key_name":"penjualan.transaksi","label":"Transaksi","icon":"Receipt","path":"/transactions","order_index":2,"permission":{"can_view":true,"can_create":true,"can_edit":true,"can_delete":false},"children":[]}]},{"key_name":"produk","label":"Produk","icon":"Package","path":null,"order_index":3,"permission":{"can_view":true,"can_create":true,"can_edit":true,"can_delete":false},"children":[{"key_name":"produk.produk","label":"Produk","icon":"Package","path":"/products","order_index":1,"permission":{"can_view":true,"can_create":true,"can_edit":true,"can_delete":false},"children":[]},{"key_name":"produk.kategori","label":"Kategori","icon":"Tag","path":"/products/categories","order_index":2,"permission":{"can_view":true,"can_create":true,"can_edit":true,"can_delete":false},"children":[]},{"key_name":"produk.unit","label":"Unit","icon":"PackageSearch","path":"/products/units","order_index":3,"permission":{"can_view":true,"can_create":true,"can_edit":true,"can_delete":false},"children":[]}]},{"key_name":"pengadaan","label":"Pengadaan","icon":"Truck","path":null,"order_index":4,"permission":{"can_view":true,"can_create":true,"can_edit":true,"can_delete":false},"children":[{"key_name":"pengadaan.supplier","label":"Supplier","icon":"Truck","path":"/suppliers","order_index":1,"permission":{"can_view":true,"can_create":true,"can_edit":true,"can_delete":false},"children":[]},{"key_name":"pengadaan.pembelian","label":"Pembelian","icon":"ShoppingBag","path":"/suppliers/purchases","order_index":2,"permission":{"can_view":true,"can_create":true,"can_edit":true,"can_delete":false},"children":[]},{"key_name":"pengadaan.retur","label":"Retur","icon":"RotateCcw","path":"/suppliers/returns","order_index":3,"permission":{"can_view":true,"can_create":true,"can_edit":true,"can_delete":false},"children":[]}]},{"key_name":"pelanggan","label":"Pelanggan","icon":"Users","path":null,"order_index":5,"permission":{"can_view":true,"can_create":true,"can_edit":true,"can_delete":false},"children":[{"key_name":"pelanggan.pelanggan","label":"Pelanggan","icon":"Users","path":"/customers","order_index":1,"permission":{"can_view":true,"can_create":true,"can_edit":true,"can_delete":false},"children":[]},{"key_name":"pelanggan.piutang","label":"Piutang","icon":"CreditCard","path":"/receivables","order_index":2,"permission":{"can_view":true,"can_create":true,"can_edit":true,"can_delete":false},"children":[]}]},{"key_name":"keuangan","label":"Keuangan","icon":"Wallet","path":null,"order_index":6,"permission":{"can_view":true,"can_create":true,"can_edit":true,"can_delete":false},"children":[{"key_name":"keuangan.dashboard","label":"Dashboard Keuangan","icon":"Wallet","path":"/finance","order_index":1,"permission":{"can_view":true,"can_create":true,"can_edit":true,"can_delete":false},"children":[]},{"key_name":"keuangan.kas_harian","label":"Kas Harian","icon":"Landmark","path":"/finance/cash-drawer","order_index":2,"permission":{"can_view":true,"can_create":true,"can_edit":true,"can_delete":false},"children":[]},{"key_name":"keuangan.pengeluaran","label":"Pengeluaran","icon":"TrendingDown","path":"/finance/expenses","order_index":3,"permission":{"can_view":true,"can_create":true,"can_edit":true,"can_delete":false},"children":[]},{"key_name":"keuangan.kas_saya","label":"Kas Saya","icon":"Wallet","path":"/finance/my-cash","order_index":4,"permission":{"can_view":true,"can_create":true,"can_edit":true,"can_delete":false},"children":[]}]},{"key_name":"pelaporan","label":"Pelaporan","icon":"BarChart2","path":null,"order_index":7,"permission":{"can_view":true,"can_create":true,"can_edit":true,"can_delete":false},"children":[{"key_name":"pelaporan.penjualan","label":"Penjualan","icon":"TrendingUp","path":"/reports/sales","order_index":1,"permission":{"can_view":true,"can_create":true,"can_edit":true,"can_delete":false},"children":[]},{"key_name":"pelaporan.laba_rugi","label":"Laba Rugi","icon":"LineChart","path":"/reports/profit-loss","order_index":2,"permission":{"can_view":true,"can_create":true,"can_edit":true,"can_delete":false},"children":[]},{"key_name":"pelaporan.stok","label":"Stok","icon":"PackageSearch","path":"/reports/stock","order_index":3,"permission":{"can_view":true,"can_create":true,"can_edit":true,"can_delete":false},"children":[]},{"key_name":"pelaporan.kinerja_kasir","label":"Kinerja Kasir","icon":"BarChart2","path":"/reports/cashier","order_index":4,"permission":{"can_view":true,"can_create":true,"can_edit":true,"can_delete":false},"children":[]}]},{"key_name":"operasional","label":"Operasional","icon":"Clock","path":null,"order_index":8,"permission":{"can_view":true,"can_create":true,"can_edit":true,"can_delete":false},"children":[{"key_name":"operasional.shift","label":"Shift","icon":"Clock","path":"/shifts","order_index":1,"permission":{"can_view":true,"can_create":true,"can_edit":true,"can_delete":false},"children":[]},{"key_name":"operasional.sync","label":"Sync Center","icon":"RefreshCw","path":"/sync","order_index":2,"permission":{"can_view":true,"can_create":true,"can_edit":true,"can_delete":false},"children":[]}]},{"key_name":"sistem","label":"Sistem","icon":"Settings","path":null,"order_index":9,"permission":{"can_view":true,"can_create":true,"can_edit":true,"can_delete":false},"children":[{"key_name":"sistem.profil_toko","label":"Profil Toko","icon":"Settings","path":"/settings/store","order_index":1,"permission":{"can_view":true,"can_create":true,"can_edit":true,"can_delete":false},"children":[]},{"key_name":"sistem.roles","label":"Manajemen Role","icon":"Shield","path":"/settings/roles","order_index":3,"permission":{"can_view":true,"can_create":false,"can_edit":false,"can_delete":false},"children":[]},{"key_name":"sistem.menus","label":"Manajemen Menu","icon":"LayoutList","path":"/settings/menus","order_index":4,"permission":{"can_view":true,"can_create":false,"can_edit":false,"can_delete":false},"children":[]},{"key_name":"sistem.printer","label":"Printer","icon":"Printer","path":"/settings/printer","order_index":5,"permission":{"can_view":true,"can_create":true,"can_edit":true,"can_delete":false},"children":[]},{"key_name":"sistem.versi","label":"Versi Aplikasi","icon":"RefreshCw","path":"/settings/versions","order_index":6,"permission":{"can_view":true,"can_create":false,"can_edit":false,"can_delete":false},"children":[]},{"key_name":"sistem.backup","label":"Backup \u0026 Restore","icon":"DatabaseBackup","path":"/settings/backup","order_index":7,"permission":{"can_view":true,"can_create":true,"can_edit":true,"can_delete":false},"children":[]}]}]}', 2, 2, '::1', NULL, '2026-07-23 10:36:03.082')

2026/07/23 10:36:03 [32mD:/Develop/Project_pos_mahenz/BE/repository/log_request_repository.go:32
[0m[33m[3.378ms] [34;1m[rows:1][0m INSERT INTO log_requests (id, method, endpoint, status_code, request_body, response_body, user_id, duration_ms, ip_address, error_message, created_at) VALUES ('5a189001-e958-4046-8664-551e890d1a41', 'POST', '/api/menus/my', 200, '{}', '{"code":"00","status":true,"message":"Menu akses","data":[{"key_name":"beranda","label":"Beranda","icon":"Home","path":null,"order_index":1,"permission":{"can_view":true,"can_create":true,"can_edit":true,"can_delete":false},"children":[{"key_name":"beranda.dashboard","label":"Dashboard","icon":"LayoutDashboard","path":"/dashboard","order_index":1,"permission":{"can_view":true,"can_create":true,"can_edit":true,"can_delete":false},"children":[]}]},{"key_name":"penjualan","label":"Penjualan","icon":"ShoppingCart","path":null,"order_index":2,"permission":{"can_view":true,"can_create":true,"can_edit":true,"can_delete":false},"children":[{"key_name":"penjualan.kasir","label":"Kasir","icon":"ShoppingCart","path":"/kasir","order_index":1,"permission":{"can_view":true,"can_create":true,"can_edit":true,"can_delete":false},"children":[]},{"key_name":"penjualan.transaksi","label":"Transaksi","icon":"Receipt","path":"/transactions","order_index":2,"permission":{"can_view":true,"can_create":true,"can_edit":true,"can_delete":false},"children":[]}]},{"key_name":"produk","label":"Produk","icon":"Package","path":null,"order_index":3,"permission":{"can_view":true,"can_create":true,"can_edit":true,"can_delete":false},"children":[{"key_name":"produk.produk","label":"Produk","icon":"Package","path":"/products","order_index":1,"permission":{"can_view":true,"can_create":true,"can_edit":true,"can_delete":false},"children":[]},{"key_name":"produk.kategori","label":"Kategori","icon":"Tag","path":"/products/categories","order_index":2,"permission":{"can_view":true,"can_create":true,"can_edit":true,"can_delete":false},"children":[]},{"key_name":"produk.unit","label":"Unit","icon":"PackageSearch","path":"/products/units","order_index":3,"permission":{"can_view":true,"can_create":true,"can_edit":true,"can_delete":false},"children":[]}]},{"key_name":"pengadaan","label":"Pengadaan","icon":"Truck","path":null,"order_index":4,"permission":{"can_view":true,"can_create":true,"can_edit":true,"can_delete":false},"children":[{"key_name":"pengadaan.supplier","label":"Supplier","icon":"Truck","path":"/suppliers","order_index":1,"permission":{"can_view":true,"can_create":true,"can_edit":true,"can_delete":false},"children":[]},{"key_name":"pengadaan.pembelian","label":"Pembelian","icon":"ShoppingBag","path":"/suppliers/purchases","order_index":2,"permission":{"can_view":true,"can_create":true,"can_edit":true,"can_delete":false},"children":[]},{"key_name":"pengadaan.retur","label":"Retur","icon":"RotateCcw","path":"/suppliers/returns","order_index":3,"permission":{"can_view":true,"can_create":true,"can_edit":true,"can_delete":false},"children":[]}]},{"key_name":"pelanggan","label":"Pelanggan","icon":"Users","path":null,"order_index":5,"permission":{"can_view":true,"can_create":true,"can_edit":true,"can_delete":false},"children":[{"key_name":"pelanggan.pelanggan","label":"Pelanggan","icon":"Users","path":"/customers","order_index":1,"permission":{"can_view":true,"can_create":true,"can_edit":true,"can_delete":false},"children":[]},{"key_name":"pelanggan.piutang","label":"Piutang","icon":"CreditCard","path":"/receivables","order_index":2,"permission":{"can_view":true,"can_create":true,"can_edit":true,"can_delete":false},"children":[]}]},{"key_name":"keuangan","label":"Keuangan","icon":"Wallet","path":null,"order_index":6,"permission":{"can_view":true,"can_create":true,"can_edit":true,"can_delete":false},"children":[{"key_name":"keuangan.dashboard","label":"Dashboard Keuangan","icon":"Wallet","path":"/finance","order_index":1,"permission":{"can_view":true,"can_create":true,"can_edit":true,"can_delete":false},"children":[]},{"key_name":"keuangan.kas_harian","label":"Kas Harian","icon":"Landmark","path":"/finance/cash-drawer","order_index":2,"permission":{"can_view":true,"can_create":true,"can_edit":true,"can_delete":false},"children":[]},{"key_name":"keuangan.pengeluaran","label":"Pengeluaran","icon":"TrendingDown","path":"/finance/expenses","order_index":3,"permission":{"can_view":true,"can_create":true,"can_edit":true,"can_delete":false},"children":[]},{"key_name":"keuangan.kas_saya","label":"Kas Saya","icon":"Wallet","path":"/finance/my-cash","order_index":4,"permission":{"can_view":true,"can_create":true,"can_edit":true,"can_delete":false},"children":[]}]},{"key_name":"pelaporan","label":"Pelaporan","icon":"BarChart2","path":null,"order_index":7,"permission":{"can_view":true,"can_create":true,"can_edit":true,"can_delete":false},"children":[{"key_name":"pelaporan.penjualan","label":"Penjualan","icon":"TrendingUp","path":"/reports/sales","order_index":1,"permission":{"can_view":true,"can_create":true,"can_edit":true,"can_delete":false},"children":[]},{"key_name":"pelaporan.laba_rugi","label":"Laba Rugi","icon":"LineChart","path":"/reports/profit-loss","order_index":2,"permission":{"can_view":true,"can_create":true,"can_edit":true,"can_delete":false},"children":[]},{"key_name":"pelaporan.stok","label":"Stok","icon":"PackageSearch","path":"/reports/stock","order_index":3,"permission":{"can_view":true,"can_create":true,"can_edit":true,"can_delete":false},"children":[]},{"key_name":"pelaporan.kinerja_kasir","label":"Kinerja Kasir","icon":"BarChart2","path":"/reports/cashier","order_index":4,"permission":{"can_view":true,"can_create":true,"can_edit":true,"can_delete":false},"children":[]}]},{"key_name":"operasional","label":"Operasional","icon":"Clock","path":null,"order_index":8,"permission":{"can_view":true,"can_create":true,"can_edit":true,"can_delete":false},"children":[{"key_name":"operasional.shift","label":"Shift","icon":"Clock","path":"/shifts","order_index":1,"permission":{"can_view":true,"can_create":true,"can_edit":true,"can_delete":false},"children":[]},{"key_name":"operasional.sync","label":"Sync Center","icon":"RefreshCw","path":"/sync","order_index":2,"permission":{"can_view":true,"can_create":true,"can_edit":true,"can_delete":false},"children":[]}]},{"key_name":"sistem","label":"Sistem","icon":"Settings","path":null,"order_index":9,"permission":{"can_view":true,"can_create":true,"can_edit":true,"can_delete":false},"children":[{"key_name":"sistem.profil_toko","label":"Profil Toko","icon":"Settings","path":"/settings/store","order_index":1,"permission":{"can_view":true,"can_create":true,"can_edit":true,"can_delete":false},"children":[]},{"key_name":"sistem.roles","label":"Manajemen Role","icon":"Shield","path":"/settings/roles","order_index":3,"permission":{"can_view":true,"can_create":false,"can_edit":false,"can_delete":false},"children":[]},{"key_name":"sistem.menus","label":"Manajemen Menu","icon":"LayoutList","path":"/settings/menus","order_index":4,"permission":{"can_view":true,"can_create":false,"can_edit":false,"can_delete":false},"children":[]},{"key_name":"sistem.printer","label":"Printer","icon":"Printer","path":"/settings/printer","order_index":5,"permission":{"can_view":true,"can_create":true,"can_edit":true,"can_delete":false},"children":[]},{"key_name":"sistem.versi","label":"Versi Aplikasi","icon":"RefreshCw","path":"/settings/versions","order_index":6,"permission":{"can_view":true,"can_create":false,"can_edit":false,"can_delete":false},"children":[]},{"key_name":"sistem.backup","label":"Backup \u0026 Restore","icon":"DatabaseBackup","path":"/settings/backup","order_index":7,"permission":{"can_view":true,"can_create":true,"can_edit":true,"can_delete":false},"children":[]}]}]}', 2, 2, '::1', NULL, '2026-07-23 10:36:03.084')

2026/07/23 10:36:03 [32mD:/Develop/Project_pos_mahenz/BE/domain/auth/repo/auth_repo.go:46
[0m[33m[0.810ms] [34;1m[rows:1][0m SELECT id, user_id, user_role, token, device_info, expires_at FROM sessions WHERE token = 'eyJhbGciOiJIUzI1NiIsInR5cCI6IkpXVCJ9.eyJhcHBzIjoid2ViIiwiZXhwIjoxNzg0ODA2NTYzLCJmdWxsX25hbWUiOiJBZG1pbmlzdHJhdG9yIiwicm9sZSI6ImFkbWluIiwidXNlcl9pZCI6MiwidXNlcm5hbWUiOiJhZG1pbiJ9.MuKXM6IuqQlqncnacRqIYGbsoxbT-yOahXDZlb3uQaE' LIMIT 1

2026/07/23 10:36:03 [32mD:/Develop/Project_pos_mahenz/BE/domain/menu/repo/menu_repo.go:121
[0m[33m[0.775ms] [34;1m[rows:-][0m 
		SELECT
			m.id,
			m.parent_id,
			m.key_name,
			m.label,
			m.icon,
			m.path,
			m.order_index,
			COALESCE(rma.can_view,   0),
			COALESCE(rma.can_create, 0),
			COALESCE(rma.can_edit,   0),
			COALESCE(rma.can_delete, 0)
		FROM menus m
		LEFT JOIN role_menu_access rma ON rma.menu_id = m.id
			AND rma.role_id = (SELECT id FROM roles WHERE name = 'admin' AND is_active = 1 LIMIT 1)
		WHERE m.is_active = 1
		ORDER BY m.order_index ASC, m.id ASC
		
[GIN] 2026/07/23 - 10:36:03 | 200 |      2.6862ms |             ::1 | POST     "/api/menus/my"

2026/07/23 10:36:03 [32mD:/Develop/Project_pos_mahenz/BE/repository/log_request_repository.go:32
[0m[33m[3.710ms] [34;1m[rows:1][0m INSERT INTO log_requests (id, method, endpoint, status_code, request_body, response_body, user_id, duration_ms, ip_address, error_message, created_at) VALUES ('5a6341d7-0b65-4ca7-b3e6-6f088d079fc5', 'POST', '/api/menus/my', 200, '{}', '{"code":"00","status":true,"message":"Menu akses","data":[{"key_name":"beranda","label":"Beranda","icon":"Home","path":null,"order_index":1,"permission":{"can_view":true,"can_create":true,"can_edit":true,"can_delete":false},"children":[{"key_name":"beranda.dashboard","label":"Dashboard","icon":"LayoutDashboard","path":"/dashboard","order_index":1,"permission":{"can_view":true,"can_create":true,"can_edit":true,"can_delete":false},"children":[]}]},{"key_name":"penjualan","label":"Penjualan","icon":"ShoppingCart","path":null,"order_index":2,"permission":{"can_view":true,"can_create":true,"can_edit":true,"can_delete":false},"children":[{"key_name":"penjualan.kasir","label":"Kasir","icon":"ShoppingCart","path":"/kasir","order_index":1,"permission":{"can_view":true,"can_create":true,"can_edit":true,"can_delete":false},"children":[]},{"key_name":"penjualan.transaksi","label":"Transaksi","icon":"Receipt","path":"/transactions","order_index":2,"permission":{"can_view":true,"can_create":true,"can_edit":true,"can_delete":false},"children":[]}]},{"key_name":"produk","label":"Produk","icon":"Package","path":null,"order_index":3,"permission":{"can_view":true,"can_create":true,"can_edit":true,"can_delete":false},"children":[{"key_name":"produk.produk","label":"Produk","icon":"Package","path":"/products","order_index":1,"permission":{"can_view":true,"can_create":true,"can_edit":true,"can_delete":false},"children":[]},{"key_name":"produk.kategori","label":"Kategori","icon":"Tag","path":"/products/categories","order_index":2,"permission":{"can_view":true,"can_create":true,"can_edit":true,"can_delete":false},"children":[]},{"key_name":"produk.unit","label":"Unit","icon":"PackageSearch","path":"/products/units","order_index":3,"permission":{"can_view":true,"can_create":true,"can_edit":true,"can_delete":false},"children":[]}]},{"key_name":"pengadaan","label":"Pengadaan","icon":"Truck","path":null,"order_index":4,"permission":{"can_view":true,"can_create":true,"can_edit":true,"can_delete":false},"children":[{"key_name":"pengadaan.supplier","label":"Supplier","icon":"Truck","path":"/suppliers","order_index":1,"permission":{"can_view":true,"can_create":true,"can_edit":true,"can_delete":false},"children":[]},{"key_name":"pengadaan.pembelian","label":"Pembelian","icon":"ShoppingBag","path":"/suppliers/purchases","order_index":2,"permission":{"can_view":true,"can_create":true,"can_edit":true,"can_delete":false},"children":[]},{"key_name":"pengadaan.retur","label":"Retur","icon":"RotateCcw","path":"/suppliers/returns","order_index":3,"permission":{"can_view":true,"can_create":true,"can_edit":true,"can_delete":false},"children":[]}]},{"key_name":"pelanggan","label":"Pelanggan","icon":"Users","path":null,"order_index":5,"permission":{"can_view":true,"can_create":true,"can_edit":true,"can_delete":false},"children":[{"key_name":"pelanggan.pelanggan","label":"Pelanggan","icon":"Users","path":"/customers","order_index":1,"permission":{"can_view":true,"can_create":true,"can_edit":true,"can_delete":false},"children":[]},{"key_name":"pelanggan.piutang","label":"Piutang","icon":"CreditCard","path":"/receivables","order_index":2,"permission":{"can_view":true,"can_create":true,"can_edit":true,"can_delete":false},"children":[]}]},{"key_name":"keuangan","label":"Keuangan","icon":"Wallet","path":null,"order_index":6,"permission":{"can_view":true,"can_create":true,"can_edit":true,"can_delete":false},"children":[{"key_name":"keuangan.dashboard","label":"Dashboard Keuangan","icon":"Wallet","path":"/finance","order_index":1,"permission":{"can_view":true,"can_create":true,"can_edit":true,"can_delete":false},"children":[]},{"key_name":"keuangan.kas_harian","label":"Kas Harian","icon":"Landmark","path":"/finance/cash-drawer","order_index":2,"permission":{"can_view":true,"can_create":true,"can_edit":true,"can_delete":false},"children":[]},{"key_name":"keuangan.pengeluaran","label":"Pengeluaran","icon":"TrendingDown","path":"/finance/expenses","order_index":3,"permission":{"can_view":true,"can_create":true,"can_edit":true,"can_delete":false},"children":[]},{"key_name":"keuangan.kas_saya","label":"Kas Saya","icon":"Wallet","path":"/finance/my-cash","order_index":4,"permission":{"can_view":true,"can_create":true,"can_edit":true,"can_delete":false},"children":[]}]},{"key_name":"pelaporan","label":"Pelaporan","icon":"BarChart2","path":null,"order_index":7,"permission":{"can_view":true,"can_create":true,"can_edit":true,"can_delete":false},"children":[{"key_name":"pelaporan.penjualan","label":"Penjualan","icon":"TrendingUp","path":"/reports/sales","order_index":1,"permission":{"can_view":true,"can_create":true,"can_edit":true,"can_delete":false},"children":[]},{"key_name":"pelaporan.laba_rugi","label":"Laba Rugi","icon":"LineChart","path":"/reports/profit-loss","order_index":2,"permission":{"can_view":true,"can_create":true,"can_edit":true,"can_delete":false},"children":[]},{"key_name":"pelaporan.stok","label":"Stok","icon":"PackageSearch","path":"/reports/stock","order_index":3,"permission":{"can_view":true,"can_create":true,"can_edit":true,"can_delete":false},"children":[]},{"key_name":"pelaporan.kinerja_kasir","label":"Kinerja Kasir","icon":"BarChart2","path":"/reports/cashier","order_index":4,"permission":{"can_view":true,"can_create":true,"can_edit":true,"can_delete":false},"children":[]}]},{"key_name":"operasional","label":"Operasional","icon":"Clock","path":null,"order_index":8,"permission":{"can_view":true,"can_create":true,"can_edit":true,"can_delete":false},"children":[{"key_name":"operasional.shift","label":"Shift","icon":"Clock","path":"/shifts","order_index":1,"permission":{"can_view":true,"can_create":true,"can_edit":true,"can_delete":false},"children":[]},{"key_name":"operasional.sync","label":"Sync Center","icon":"RefreshCw","path":"/sync","order_index":2,"permission":{"can_view":true,"can_create":true,"can_edit":true,"can_delete":false},"children":[]}]},{"key_name":"sistem","label":"Sistem","icon":"Settings","path":null,"order_index":9,"permission":{"can_view":true,"can_create":true,"can_edit":true,"can_delete":false},"children":[{"key_name":"sistem.profil_toko","label":"Profil Toko","icon":"Settings","path":"/settings/store","order_index":1,"permission":{"can_view":true,"can_create":true,"can_edit":true,"can_delete":false},"children":[]},{"key_name":"sistem.roles","label":"Manajemen Role","icon":"Shield","path":"/settings/roles","order_index":3,"permission":{"can_view":true,"can_create":false,"can_edit":false,"can_delete":false},"children":[]},{"key_name":"sistem.menus","label":"Manajemen Menu","icon":"LayoutList","path":"/settings/menus","order_index":4,"permission":{"can_view":true,"can_create":false,"can_edit":false,"can_delete":false},"children":[]},{"key_name":"sistem.printer","label":"Printer","icon":"Printer","path":"/settings/printer","order_index":5,"permission":{"can_view":true,"can_create":true,"can_edit":true,"can_delete":false},"children":[]},{"key_name":"sistem.versi","label":"Versi Aplikasi","icon":"RefreshCw","path":"/settings/versions","order_index":6,"permission":{"can_view":true,"can_create":false,"can_edit":false,"can_delete":false},"children":[]},{"key_name":"sistem.backup","label":"Backup \u0026 Restore","icon":"DatabaseBackup","path":"/settings/backup","order_index":7,"permission":{"can_view":true,"can_create":true,"can_edit":true,"can_delete":false},"children":[]}]}]}', 2, 2, '::1', NULL, '2026-07-23 10:36:03.296')
[GIN] 2026/07/23 - 10:36:03 | 204 |            0s |             ::1 | OPTIONS  "/api/sync/conflicts/count"

2026/07/23 10:36:03 [32mD:/Develop/Project_pos_mahenz/BE/domain/auth/repo/auth_repo.go:46
[0m[33m[0.507ms] [34;1m[rows:1][0m SELECT id, user_id, user_role, token, device_info, expires_at FROM sessions WHERE token = 'eyJhbGciOiJIUzI1NiIsInR5cCI6IkpXVCJ9.eyJhcHBzIjoid2ViIiwiZXhwIjoxNzg0ODA2NTYzLCJmdWxsX25hbWUiOiJBZG1pbmlzdHJhdG9yIiwicm9sZSI6ImFkbWluIiwidXNlcl9pZCI6MiwidXNlcm5hbWUiOiJhZG1pbiJ9.MuKXM6IuqQlqncnacRqIYGbsoxbT-yOahXDZlb3uQaE' LIMIT 1

2026/07/23 10:36:03 [32mD:/Develop/Project_pos_mahenz/BE/domain/access/repo/access_repo.go:55
[0m[33m[0.568ms] [34;1m[rows:37][0m 
SELECT
    m.key_name,
    COALESCE(rma.can_view,   0) AS can_view,
    COALESCE(rma.can_create, 0) AS can_create,
    COALESCE(rma.can_edit,   0) AS can_edit,
    COALESCE(rma.can_delete, 0) AS can_delete
FROM menus m
LEFT JOIN role_menu_access rma ON rma.menu_id = m.id
    AND rma.role_id = (SELECT id FROM roles WHERE name = 'admin' AND is_active = 1 LIMIT 1)
WHERE m.is_active = 1
ORDER BY m.id ASC

2026/07/23 10:36:03 [32mD:/Develop/Project_pos_mahenz/BE/domain/sync/repo/sync_repo.go:84
[0m[33m[0.000ms] [34;1m[rows:1][0m SELECT COUNT(*) FROM sync_conflicts WHERE status = 'pending'
[GIN] 2026/07/23 - 10:36:03 | 200 |      1.7241ms |             ::1 | GET      "/api/sync/conflicts/count"

2026/07/23 10:36:03 [32mD:/Develop/Project_pos_mahenz/BE/repository/log_request_repository.go:32
[0m[33m[2.452ms] [34;1m[rows:1][0m INSERT INTO log_requests (id, method, endpoint, status_code, request_body, response_body, user_id, duration_ms, ip_address, error_message, created_at) VALUES ('0eb0b309-c309-48e2-a974-1c663d2bcb0c', 'GET', '/api/sync/conflicts/count', 200, '', '{"code":"00","status":true,"message":"Jumlah konflik pending","data":{"count":0}}', 2, 1, '::1', NULL, '2026-07-23 10:36:03.356')
[GIN] 2026/07/23 - 10:36:03 | 204 |            0s |             ::1 | OPTIONS  "/api/dashboard/stats?period=today"
[GIN] 2026/07/23 - 10:36:03 | 204 |            0s |             ::1 | OPTIONS  "/api/dashboard/sales-trend?period=7days"
[GIN] 2026/07/23 - 10:36:03 | 204 |            0s |             ::1 | OPTIONS  "/api/dashboard/top-products?start_date=2026-07-17&end_date=2026-07-23&limit=10"

2026/07/23 10:36:03 [32mD:/Develop/Project_pos_mahenz/BE/domain/auth/repo/auth_repo.go:46
[0m[33m[0.525ms] [34;1m[rows:1][0m SELECT id, user_id, user_role, token, device_info, expires_at FROM sessions WHERE token = 'eyJhbGciOiJIUzI1NiIsInR5cCI6IkpXVCJ9.eyJhcHBzIjoid2ViIiwiZXhwIjoxNzg0ODA2NTYzLCJmdWxsX25hbWUiOiJBZG1pbmlzdHJhdG9yIiwicm9sZSI6ImFkbWluIiwidXNlcl9pZCI6MiwidXNlcm5hbWUiOiJhZG1pbiJ9.MuKXM6IuqQlqncnacRqIYGbsoxbT-yOahXDZlb3uQaE' LIMIT 1

2026/07/23 10:36:03 [32mD:/Develop/Project_pos_mahenz/BE/domain/auth/repo/auth_repo.go:46
[0m[33m[1.053ms] [34;1m[rows:1][0m SELECT id, user_id, user_role, token, device_info, expires_at FROM sessions WHERE token = 'eyJhbGciOiJIUzI1NiIsInR5cCI6IkpXVCJ9.eyJhcHBzIjoid2ViIiwiZXhwIjoxNzg0ODA2NTYzLCJmdWxsX25hbWUiOiJBZG1pbmlzdHJhdG9yIiwicm9sZSI6ImFkbWluIiwidXNlcl9pZCI6MiwidXNlcm5hbWUiOiJhZG1pbiJ9.MuKXM6IuqQlqncnacRqIYGbsoxbT-yOahXDZlb3uQaE' LIMIT 1

2026/07/23 10:36:03 [32mD:/Develop/Project_pos_mahenz/BE/domain/dashboard/repo/dashboard_repo.go:124
[0m[33m[0.528ms] [34;1m[rows:-][0m 
		SELECT COUNT(*) as total_transactions, COALESCE(SUM(total_amount),0) as total_sales,
		       COALESCE(SUM(discount),0) as total_discount
		FROM transactions WHERE DATE(transaction_date) BETWEEN '2026-07-23' AND '2026-07-23' AND status = 'completed'

2026/07/23 10:36:03 [32mD:/Develop/Project_pos_mahenz/BE/domain/auth/repo/auth_repo.go:46
[0m[33m[0.524ms] [34;1m[rows:1][0m SELECT id, user_id, user_role, token, device_info, expires_at FROM sessions WHERE token = 'eyJhbGciOiJIUzI1NiIsInR5cCI6IkpXVCJ9.eyJhcHBzIjoid2ViIiwiZXhwIjoxNzg0ODA2NTYzLCJmdWxsX25hbWUiOiJBZG1pbmlzdHJhdG9yIiwicm9sZSI6ImFkbWluIiwidXNlcl9pZCI6MiwidXNlcm5hbWUiOiJhZG1pbiJ9.MuKXM6IuqQlqncnacRqIYGbsoxbT-yOahXDZlb3uQaE' LIMIT 1

2026/07/23 10:36:03 [32mD:/Develop/Project_pos_mahenz/BE/domain/dashboard/repo/dashboard_repo.go:177
[0m[33m[0.524ms] [34;1m[rows:-][0m 
		SELECT DATE_FORMAT(transaction_date, '%Y-%m-%d') as label,
		       COALESCE(SUM(total_amount),0) as total_sales,
		       COUNT(*) as total_transactions
		FROM transactions
		WHERE transaction_date >= DATE_SUB(NOW(), INTERVAL 7 DAY) AND status = 'completed'
		GROUP BY DATE(transaction_date) ORDER BY label
[GIN] 2026/07/23 - 10:36:03 | 200 |      2.1055ms |             ::1 | GET      "/api/dashboard/sales-trend?period=7days"

2026/07/23 10:36:03 [32mD:/Develop/Project_pos_mahenz/BE/domain/dashboard/repo/dashboard_repo.go:133
[0m[33m[0.528ms] [34;1m[rows:-][0m SELECT COALESCE(SUM(amount),0) as total FROM expenses WHERE expense_date BETWEEN '2026-07-23' AND '2026-07-23'

2026/07/23 10:36:03 [32mD:/Develop/Project_pos_mahenz/BE/domain/dashboard/repo/dashboard_repo.go:199
[0m[33m[1.056ms] [34;1m[rows:-][0m 
		SELECT ti.product_id, p.name as product_name,
		       SUM(ti.quantity) as total_qty,
		       SUM(ti.subtotal) as total_value
		FROM transaction_items ti
		LEFT JOIN products p ON ti.product_id = p.id
		LEFT JOIN transactions t ON ti.transaction_id = t.id
		WHERE DATE(t.transaction_date) BETWEEN '2026-07-17' AND '2026-07-23' AND t.status = 'completed'
		GROUP BY ti.product_id, p.name
		ORDER BY total_qty DESC LIMIT 10
[GIN] 2026/07/23 - 10:36:03 | 200 |      1.5802ms |             ::1 | GET      "/api/dashboard/top-products?start_date=2026-07-17&end_date=2026-07-23&limit=10"

2026/07/23 10:36:03 [32mD:/Develop/Project_pos_mahenz/BE/domain/dashboard/repo/dashboard_repo.go:142
[0m[33m[0.528ms] [34;1m[rows:-][0m 
		SELECT COUNT(*) as total_transactions, COALESCE(SUM(total_amount),0) as total_sales
		FROM transactions WHERE MONTH(transaction_date) = MONTH(NOW())
		AND YEAR(transaction_date) = YEAR(NOW()) AND status = 'completed'

2026/07/23 10:36:03 [32mD:/Develop/Project_pos_mahenz/BE/domain/dashboard/repo/dashboard_repo.go:151
[0m[33m[0.651ms] [34;1m[rows:-][0m 
		SELECT COALESCE(SUM(amount),0) as total FROM expenses
		WHERE MONTH(expense_date) = MONTH(NOW()) AND YEAR(expense_date) = YEAR(NOW())

2026/07/23 10:36:03 [32mD:/Develop/Project_pos_mahenz/BE/domain/dashboard/repo/dashboard_repo.go:160
[0m[33m[0.525ms] [34;1m[rows:-][0m SELECT COUNT(*) FROM products WHERE stock <= min_stock AND is_active = 1

2026/07/23 10:36:03 [32mD:/Develop/Project_pos_mahenz/BE/domain/dashboard/repo/dashboard_repo.go:169
[0m[33m[0.000ms] [34;1m[rows:-][0m SELECT COUNT(*) FROM receivables WHERE status != 'paid'
[GIN] 2026/07/23 - 10:36:03 | 200 |        5.17ms |             ::1 | GET      "/api/dashboard/stats?period=today"

2026/07/23 10:36:03 [32mD:/Develop/Project_pos_mahenz/BE/repository/log_request_repository.go:32
[0m[33m[3.816ms] [34;1m[rows:1][0m INSERT INTO log_requests (id, method, endpoint, status_code, request_body, response_body, user_id, duration_ms, ip_address, error_message, created_at) VALUES ('87366298-8fc2-43bc-892d-8d8e5ab64cc2', 'GET', '/api/dashboard/sales-trend?period=7days', 200, '', '{"code":"00","status":true,"message":"Tren penjualan","data":[{"label":"2026-07-23","total_sales":223600,"total_transactions":4}]}', 2, 2, '::1', NULL, '2026-07-23 10:36:03.661')

2026/07/23 10:36:03 [32mD:/Develop/Project_pos_mahenz/BE/repository/log_request_repository.go:32
[0m[33m[3.288ms] [34;1m[rows:1][0m INSERT INTO log_requests (id, method, endpoint, status_code, request_body, response_body, user_id, duration_ms, ip_address, error_message, created_at) VALUES ('f1de3ab4-bc06-434f-baad-c348b67c5339', 'GET', '/api/dashboard/top-products?start_date=2026-07-17&end_date=2026-07-23&limit=10', 200, '', '{"code":"00","status":true,"message":"Produk terlaris","data":[{"product_id":1,"product_name":"Teh Botol Sosro 350ml (Edited)","total_qty":46,"total_value":223600}]}', 2, 1, '::1', NULL, '2026-07-23 10:36:03.662')

2026/07/23 10:36:03 [32mD:/Develop/Project_pos_mahenz/BE/repository/log_request_repository.go:32
[0m[33m[4.551ms] [34;1m[rows:1][0m INSERT INTO log_requests (id, method, endpoint, status_code, request_body, response_body, user_id, duration_ms, ip_address, error_message, created_at) VALUES ('37ad07ba-ec6e-4f46-a219-d62f94f42e6c', 'GET', '/api/dashboard/stats?period=today', 200, '', '{"code":"00","status":true,"message":"Statistik dashboard","data":{"today":{"total_transactions":4,"total_sales":223600,"total_discount":0,"total_expenses":0,"gross_profit":223600},"this_month":{"total_transactions":4,"total_sales":223600,"total_expenses":0,"gross_profit":223600},"low_stock_count":5,"open_receivables":0}}', 2, 5, '::1', NULL, '2026-07-23 10:36:03.664')

2026/07/23 10:36:04 [32mD:/Develop/Project_pos_mahenz/BE/domain/auth/repo/auth_repo.go:46
[0m[33m[0.825ms] [34;1m[rows:1][0m SELECT id, user_id, user_role, token, device_info, expires_at FROM sessions WHERE token = 'eyJhbGciOiJIUzI1NiIsInR5cCI6IkpXVCJ9.eyJhcHBzIjoid2ViIiwiZXhwIjoxNzg0ODA2NTYzLCJmdWxsX25hbWUiOiJBZG1pbmlzdHJhdG9yIiwicm9sZSI6ImFkbWluIiwidXNlcl9pZCI6MiwidXNlcm5hbWUiOiJhZG1pbiJ9.MuKXM6IuqQlqncnacRqIYGbsoxbT-yOahXDZlb3uQaE' LIMIT 1

2026/07/23 10:36:04 [32mD:/Develop/Project_pos_mahenz/BE/domain/menu/repo/menu_repo.go:121
[0m[33m[0.553ms] [34;1m[rows:-][0m 
		SELECT
			m.id,
			m.parent_id,
			m.key_name,
			m.label,
			m.icon,
			m.path,
			m.order_index,
			COALESCE(rma.can_view,   0),
			COALESCE(rma.can_create, 0),
			COALESCE(rma.can_edit,   0),
			COALESCE(rma.can_delete, 0)
		FROM menus m
		LEFT JOIN role_menu_access rma ON rma.menu_id = m.id
			AND rma.role_id = (SELECT id FROM roles WHERE name = 'admin' AND is_active = 1 LIMIT 1)
		WHERE m.is_active = 1
		ORDER BY m.order_index ASC, m.id ASC
		
[GIN] 2026/07/23 - 10:36:04 | 200 |       2.001ms |             ::1 | POST     "/api/menus/my"

2026/07/23 10:36:04 [32mD:/Develop/Project_pos_mahenz/BE/repository/log_request_repository.go:32
[0m[33m[2.949ms] [34;1m[rows:1][0m INSERT INTO log_requests (id, method, endpoint, status_code, request_body, response_body, user_id, duration_ms, ip_address, error_message, created_at) VALUES ('87cfb915-c572-4f63-abf7-20de639d589a', 'POST', '/api/menus/my', 200, '{}', '{"code":"00","status":true,"message":"Menu akses","data":[{"key_name":"beranda","label":"Beranda","icon":"Home","path":null,"order_index":1,"permission":{"can_view":true,"can_create":true,"can_edit":true,"can_delete":false},"children":[{"key_name":"beranda.dashboard","label":"Dashboard","icon":"LayoutDashboard","path":"/dashboard","order_index":1,"permission":{"can_view":true,"can_create":true,"can_edit":true,"can_delete":false},"children":[]}]},{"key_name":"penjualan","label":"Penjualan","icon":"ShoppingCart","path":null,"order_index":2,"permission":{"can_view":true,"can_create":true,"can_edit":true,"can_delete":false},"children":[{"key_name":"penjualan.kasir","label":"Kasir","icon":"ShoppingCart","path":"/kasir","order_index":1,"permission":{"can_view":true,"can_create":true,"can_edit":true,"can_delete":false},"children":[]},{"key_name":"penjualan.transaksi","label":"Transaksi","icon":"Receipt","path":"/transactions","order_index":2,"permission":{"can_view":true,"can_create":true,"can_edit":true,"can_delete":false},"children":[]}]},{"key_name":"produk","label":"Produk","icon":"Package","path":null,"order_index":3,"permission":{"can_view":true,"can_create":true,"can_edit":true,"can_delete":false},"children":[{"key_name":"produk.produk","label":"Produk","icon":"Package","path":"/products","order_index":1,"permission":{"can_view":true,"can_create":true,"can_edit":true,"can_delete":false},"children":[]},{"key_name":"produk.kategori","label":"Kategori","icon":"Tag","path":"/products/categories","order_index":2,"permission":{"can_view":true,"can_create":true,"can_edit":true,"can_delete":false},"children":[]},{"key_name":"produk.unit","label":"Unit","icon":"PackageSearch","path":"/products/units","order_index":3,"permission":{"can_view":true,"can_create":true,"can_edit":true,"can_delete":false},"children":[]}]},{"key_name":"pengadaan","label":"Pengadaan","icon":"Truck","path":null,"order_index":4,"permission":{"can_view":true,"can_create":true,"can_edit":true,"can_delete":false},"children":[{"key_name":"pengadaan.supplier","label":"Supplier","icon":"Truck","path":"/suppliers","order_index":1,"permission":{"can_view":true,"can_create":true,"can_edit":true,"can_delete":false},"children":[]},{"key_name":"pengadaan.pembelian","label":"Pembelian","icon":"ShoppingBag","path":"/suppliers/purchases","order_index":2,"permission":{"can_view":true,"can_create":true,"can_edit":true,"can_delete":false},"children":[]},{"key_name":"pengadaan.retur","label":"Retur","icon":"RotateCcw","path":"/suppliers/returns","order_index":3,"permission":{"can_view":true,"can_create":true,"can_edit":true,"can_delete":false},"children":[]}]},{"key_name":"pelanggan","label":"Pelanggan","icon":"Users","path":null,"order_index":5,"permission":{"can_view":true,"can_create":true,"can_edit":true,"can_delete":false},"children":[{"key_name":"pelanggan.pelanggan","label":"Pelanggan","icon":"Users","path":"/customers","order_index":1,"permission":{"can_view":true,"can_create":true,"can_edit":true,"can_delete":false},"children":[]},{"key_name":"pelanggan.piutang","label":"Piutang","icon":"CreditCard","path":"/receivables","order_index":2,"permission":{"can_view":true,"can_create":true,"can_edit":true,"can_delete":false},"children":[]}]},{"key_name":"keuangan","label":"Keuangan","icon":"Wallet","path":null,"order_index":6,"permission":{"can_view":true,"can_create":true,"can_edit":true,"can_delete":false},"children":[{"key_name":"keuangan.dashboard","label":"Dashboard Keuangan","icon":"Wallet","path":"/finance","order_index":1,"permission":{"can_view":true,"can_create":true,"can_edit":true,"can_delete":false},"children":[]},{"key_name":"keuangan.kas_harian","label":"Kas Harian","icon":"Landmark","path":"/finance/cash-drawer","order_index":2,"permission":{"can_view":true,"can_create":true,"can_edit":true,"can_delete":false},"children":[]},{"key_name":"keuangan.pengeluaran","label":"Pengeluaran","icon":"TrendingDown","path":"/finance/expenses","order_index":3,"permission":{"can_view":true,"can_create":true,"can_edit":true,"can_delete":false},"children":[]},{"key_name":"keuangan.kas_saya","label":"Kas Saya","icon":"Wallet","path":"/finance/my-cash","order_index":4,"permission":{"can_view":true,"can_create":true,"can_edit":true,"can_delete":false},"children":[]}]},{"key_name":"pelaporan","label":"Pelaporan","icon":"BarChart2","path":null,"order_index":7,"permission":{"can_view":true,"can_create":true,"can_edit":true,"can_delete":false},"children":[{"key_name":"pelaporan.penjualan","label":"Penjualan","icon":"TrendingUp","path":"/reports/sales","order_index":1,"permission":{"can_view":true,"can_create":true,"can_edit":true,"can_delete":false},"children":[]},{"key_name":"pelaporan.laba_rugi","label":"Laba Rugi","icon":"LineChart","path":"/reports/profit-loss","order_index":2,"permission":{"can_view":true,"can_create":true,"can_edit":true,"can_delete":false},"children":[]},{"key_name":"pelaporan.stok","label":"Stok","icon":"PackageSearch","path":"/reports/stock","order_index":3,"permission":{"can_view":true,"can_create":true,"can_edit":true,"can_delete":false},"children":[]},{"key_name":"pelaporan.kinerja_kasir","label":"Kinerja Kasir","icon":"BarChart2","path":"/reports/cashier","order_index":4,"permission":{"can_view":true,"can_create":true,"can_edit":true,"can_delete":false},"children":[]}]},{"key_name":"operasional","label":"Operasional","icon":"Clock","path":null,"order_index":8,"permission":{"can_view":true,"can_create":true,"can_edit":true,"can_delete":false},"children":[{"key_name":"operasional.shift","label":"Shift","icon":"Clock","path":"/shifts","order_index":1,"permission":{"can_view":true,"can_create":true,"can_edit":true,"can_delete":false},"children":[]},{"key_name":"operasional.sync","label":"Sync Center","icon":"RefreshCw","path":"/sync","order_index":2,"permission":{"can_view":true,"can_create":true,"can_edit":true,"can_delete":false},"children":[]}]},{"key_name":"sistem","label":"Sistem","icon":"Settings","path":null,"order_index":9,"permission":{"can_view":true,"can_create":true,"can_edit":true,"can_delete":false},"children":[{"key_name":"sistem.profil_toko","label":"Profil Toko","icon":"Settings","path":"/settings/store","order_index":1,"permission":{"can_view":true,"can_create":true,"can_edit":true,"can_delete":false},"children":[]},{"key_name":"sistem.roles","label":"Manajemen Role","icon":"Shield","path":"/settings/roles","order_index":3,"permission":{"can_view":true,"can_create":false,"can_edit":false,"can_delete":false},"children":[]},{"key_name":"sistem.menus","label":"Manajemen Menu","icon":"LayoutList","path":"/settings/menus","order_index":4,"permission":{"can_view":true,"can_create":false,"can_edit":false,"can_delete":false},"children":[]},{"key_name":"sistem.printer","label":"Printer","icon":"Printer","path":"/settings/printer","order_index":5,"permission":{"can_view":true,"can_create":true,"can_edit":true,"can_delete":false},"children":[]},{"key_name":"sistem.versi","label":"Versi Aplikasi","icon":"RefreshCw","path":"/settings/versions","order_index":6,"permission":{"can_view":true,"can_create":false,"can_edit":false,"can_delete":false},"children":[]},{"key_name":"sistem.backup","label":"Backup \u0026 Restore","icon":"DatabaseBackup","path":"/settings/backup","order_index":7,"permission":{"can_view":true,"can_create":true,"can_edit":true,"can_delete":false},"children":[]}]}]}', 2, 2, '::1', NULL, '2026-07-23 10:36:04.024')

2026/07/23 10:36:04 [32mD:/Develop/Project_pos_mahenz/BE/domain/auth/repo/auth_repo.go:46
[0m[33m[0.510ms] [34;1m[rows:1][0m SELECT id, user_id, user_role, token, device_info, expires_at FROM sessions WHERE token = 'eyJhbGciOiJIUzI1NiIsInR5cCI6IkpXVCJ9.eyJhcHBzIjoid2ViIiwiZXhwIjoxNzg0ODA2NTYzLCJmdWxsX25hbWUiOiJBZG1pbmlzdHJhdG9yIiwicm9sZSI6ImFkbWluIiwidXNlcl9pZCI6MiwidXNlcm5hbWUiOiJhZG1pbiJ9.MuKXM6IuqQlqncnacRqIYGbsoxbT-yOahXDZlb3uQaE' LIMIT 1

2026/07/23 10:36:04 [32mD:/Develop/Project_pos_mahenz/BE/domain/sync/repo/sync_repo.go:84
[0m[33m[0.000ms] [34;1m[rows:1][0m SELECT COUNT(*) FROM sync_conflicts WHERE status = 'pending'
[GIN] 2026/07/23 - 10:36:04 | 200 |      1.0519ms |             ::1 | GET      "/api/sync/conflicts/count"

2026/07/23 10:36:04 [32mD:/Develop/Project_pos_mahenz/BE/repository/log_request_repository.go:32
[0m[33m[1.936ms] [34;1m[rows:1][0m INSERT INTO log_requests (id, method, endpoint, status_code, request_body, response_body, user_id, duration_ms, ip_address, error_message, created_at) VALUES ('19fca080-90ae-4353-ad63-2bd0dd048677', 'GET', '/api/sync/conflicts/count', 200, '', '{"code":"00","status":true,"message":"Jumlah konflik pending","data":{"count":0}}', 2, 1, '::1', NULL, '2026-07-23 10:36:04.069')
[GIN] 2026/07/23 - 10:36:04 | 204 |            0s |             ::1 | OPTIONS  "/api/categories/options"
[GIN] 2026/07/23 - 10:36:04 | 204 |            0s |             ::1 | OPTIONS  "/api/units/options"

2026/07/23 10:36:04 [32mD:/Develop/Project_pos_mahenz/BE/domain/auth/repo/auth_repo.go:46
[0m[33m[0.506ms] [34;1m[rows:1][0m SELECT id, user_id, user_role, token, device_info, expires_at FROM sessions WHERE token = 'eyJhbGciOiJIUzI1NiIsInR5cCI6IkpXVCJ9.eyJhcHBzIjoid2ViIiwiZXhwIjoxNzg0ODA2NTYzLCJmdWxsX25hbWUiOiJBZG1pbmlzdHJhdG9yIiwicm9sZSI6ImFkbWluIiwidXNlcl9pZCI6MiwidXNlcm5hbWUiOiJhZG1pbiJ9.MuKXM6IuqQlqncnacRqIYGbsoxbT-yOahXDZlb3uQaE' LIMIT 1

2026/07/23 10:36:04 [32mD:/Develop/Project_pos_mahenz/BE/domain/auth/repo/auth_repo.go:46
[0m[33m[1.042ms] [34;1m[rows:1][0m SELECT id, user_id, user_role, token, device_info, expires_at FROM sessions WHERE token = 'eyJhbGciOiJIUzI1NiIsInR5cCI6IkpXVCJ9.eyJhcHBzIjoid2ViIiwiZXhwIjoxNzg0ODA2NTYzLCJmdWxsX25hbWUiOiJBZG1pbmlzdHJhdG9yIiwicm9sZSI6ImFkbWluIiwidXNlcl9pZCI6MiwidXNlcm5hbWUiOiJhZG1pbiJ9.MuKXM6IuqQlqncnacRqIYGbsoxbT-yOahXDZlb3uQaE' LIMIT 1

2026/07/23 10:36:04 [32mD:/Develop/Project_pos_mahenz/BE/domain/product_unit/repo/unit_repo.go:72
[0m[33m[0.426ms] [34;1m[rows:4][0m SELECT id, name, abbreviation FROM units WHERE is_active = 1 ORDER BY name
[GIN] 2026/07/23 - 10:36:04 | 200 |      1.4683ms |             ::1 | POST     "/api/units/options"

2026/07/23 10:36:04 [32mD:/Develop/Project_pos_mahenz/BE/domain/product_category/repo/product_category_repo.go:70
[0m[33m[0.505ms] [34;1m[rows:2][0m SELECT id, name FROM categories WHERE is_active = 1 ORDER BY name
[GIN] 2026/07/23 - 10:36:04 | 200 |      1.9736ms |             ::1 | POST     "/api/categories/options"

2026/07/23 10:36:04 [32mD:/Develop/Project_pos_mahenz/BE/repository/log_request_repository.go:32
[0m[33m[9.266ms] [34;1m[rows:1][0m INSERT INTO log_requests (id, method, endpoint, status_code, request_body, response_body, user_id, duration_ms, ip_address, error_message, created_at) VALUES ('6d50d531-ffbe-4aca-bbca-036209169e24', 'POST', '/api/units/options', 200, '{}', '{"code":"00","status":true,"message":"Opsi satuan","data":[{"id":4,"name":"Batang","abbreviation":"btg"},{"id":2,"name":"Pack","abbreviation":"pack"},{"id":1,"name":"Pcs","abbreviation":"pcs"},{"id":3,"name":"Slop","abbreviation":"slop"}]}', 2, 1, '::1', NULL, '2026-07-23 10:36:04.376')

2026/07/23 10:36:04 [32mD:/Develop/Project_pos_mahenz/BE/repository/log_request_repository.go:32
[0m[33m[8.760ms] [34;1m[rows:1][0m INSERT INTO log_requests (id, method, endpoint, status_code, request_body, response_body, user_id, duration_ms, ip_address, error_message, created_at) VALUES ('391367a8-f7a1-43e8-955b-bf79d79bc5c6', 'POST', '/api/categories/options', 200, '{}', '{"code":"00","status":true,"message":"Opsi kategori","data":[{"id":2,"name":"Makanan"},{"id":1,"name":"Minuman"}]}', 2, 1, '::1', NULL, '2026-07-23 10:36:04.377')
[GIN] 2026/07/23 - 10:36:04 | 204 |            0s |             ::1 | OPTIONS  "/api/settings/pagination_sizes"
[GIN] 2026/07/23 - 10:36:04 | 204 |            0s |             ::1 | OPTIONS  "/api/products/list"

2026/07/23 10:36:04 [32mD:/Develop/Project_pos_mahenz/BE/domain/auth/repo/auth_repo.go:46
[0m[33m[0.507ms] [34;1m[rows:1][0m SELECT id, user_id, user_role, token, device_info, expires_at FROM sessions WHERE token = 'eyJhbGciOiJIUzI1NiIsInR5cCI6IkpXVCJ9.eyJhcHBzIjoid2ViIiwiZXhwIjoxNzg0ODA2NTYzLCJmdWxsX25hbWUiOiJBZG1pbmlzdHJhdG9yIiwicm9sZSI6ImFkbWluIiwidXNlcl9pZCI6MiwidXNlcm5hbWUiOiJhZG1pbiJ9.MuKXM6IuqQlqncnacRqIYGbsoxbT-yOahXDZlb3uQaE' LIMIT 1

2026/07/23 10:36:04 [32mD:/Develop/Project_pos_mahenz/BE/domain/auth/repo/auth_repo.go:46
[0m[33m[0.507ms] [34;1m[rows:1][0m SELECT id, user_id, user_role, token, device_info, expires_at FROM sessions WHERE token = 'eyJhbGciOiJIUzI1NiIsInR5cCI6IkpXVCJ9.eyJhcHBzIjoid2ViIiwiZXhwIjoxNzg0ODA2NTYzLCJmdWxsX25hbWUiOiJBZG1pbmlzdHJhdG9yIiwicm9sZSI6ImFkbWluIiwidXNlcl9pZCI6MiwidXNlcm5hbWUiOiJhZG1pbiJ9.MuKXM6IuqQlqncnacRqIYGbsoxbT-yOahXDZlb3uQaE' LIMIT 1

2026/07/23 10:36:04 [32mD:/Develop/Project_pos_mahenz/BE/domain/product/repo/product_repo.go:100
[0m[33m[0.742ms] [34;1m[rows:1][0m SELECT COUNT(*) FROM products p WHERE 1=1

2026/07/23 10:36:04 [32mD:/Develop/Project_pos_mahenz/BE/domain/setting/repo/setting_repo.go:32
[0m[33m[0.742ms] [34;1m[rows:-][0m SELECT setting_key, setting_value FROM settings WHERE setting_key = 'pagination_sizes'
[GIN] 2026/07/23 - 10:36:04 | 200 |      1.2494ms |             ::1 | GET      "/api/settings/pagination_sizes"

2026/07/23 10:36:04 [32mD:/Develop/Project_pos_mahenz/BE/domain/product/repo/product_repo.go:119
[0m[33m[1.397ms] [34;1m[rows:10][0m 
		SELECT p.id, p.barcode, COALESCE(p.sku, '') as sku, p.name, p.category_id, COALESCE(c.name, '') as category_name,
		       p.purchase_price, p.selling_price, p.stock, p.reserved_qty, p.min_stock,
		       COALESCE(p.unit_id, 0) as unit_id, COALESCE(u.name, '') as unit_name, COALESCE(u.abbreviation, '') as unit_abbreviation,
		       p.is_active,
		       (SELECT COUNT(*) FROM product_packages pp WHERE pp.product_id = p.id AND pp.is_default = 0) AS extra_packages,
		       (SELECT COUNT(*) FROM product_prices pr WHERE pr.product_id = p.id) AS price_tiers_count
		FROM products p
		LEFT JOIN categories c ON p.category_id = c.id
		LEFT JOIN units u ON u.id = p.unit_id
		WHERE 1=1 ORDER BY p.name ASC LIMIT 10 OFFSET 0
[GIN] 2026/07/23 - 10:36:04 | 200 |      2.6463ms |             ::1 | POST     "/api/products/list"

2026/07/23 10:36:04 [32mD:/Develop/Project_pos_mahenz/BE/repository/log_request_repository.go:32
[0m[33m[1.905ms] [34;1m[rows:1][0m INSERT INTO log_requests (id, method, endpoint, status_code, request_body, response_body, user_id, duration_ms, ip_address, error_message, created_at) VALUES ('7e2b6dbf-41a6-4868-b83b-52e3c5c1f4cc', 'GET', '/api/settings/pagination_sizes', 200, '', '{"code":"00","status":true,"message":"Detail pengaturan","data":{"key":"pagination_sizes","value":"[10,20,50]"}}', 2, 1, '::1', NULL, '2026-07-23 10:36:04.473')

2026/07/23 10:36:04 [32mD:/Develop/Project_pos_mahenz/BE/repository/log_request_repository.go:32
[0m[33m[2.044ms] [34;1m[rows:1][0m INSERT INTO log_requests (id, method, endpoint, status_code, request_body, response_body, user_id, duration_ms, ip_address, error_message, created_at) VALUES ('18916a16-68ea-48ab-b6c1-2d8202cef6c4', 'POST', '/api/products/list', 200, '{"page":1,"limit":10,"search":""}', '{"code":"00","status":true,"message":"Daftar produk","data":[{"id":10,"barcode":"9990001112229","sku":"MAK-0003","name":"Import Barcode Duplikat A","category_id":2,"category_name":"Makanan","purchase_price":1000,"selling_price":2000,"stock":5,"reserved_qty":0,"min_stock":1,"unit_id":1,"unit_name":"Pcs","unit_abbreviation":"pcs","is_active":true,"extra_packages":0,"price_tiers_count":0},{"id":11,"barcode":"8995170829136","sku":"MAK-0004","name":"Import Beras Premium 5kg","category_id":2,"category_name":"Makanan","purchase_price":55000,"selling_price":65000,"stock":15,"reserved_qty":0,"min_stock":3,"unit_id":1,"unit_name":"Pcs","unit_abbreviation":"pcs","is_active":true,"extra_packages":1,"price_tiers_count":0},{"id":9,"barcode":"9990001112223","sku":"MAK-0002","name":"Import Gula Pasir 1kg","category_id":2,"category_name":"Makanan","purchase_price":13000,"selling_price":15000,"stock":10,"reserved_qty":0,"min_stock":2,"unit_id":1,"unit_name":"Pcs","unit_abbreviation":"pcs","is_active":true,"extra_packages":0,"price_tiers_count":0},{"id":8,"barcode":"8992258362998","sku":"MAK-0001","name":"Import Kopi Sachet 3in1","category_id":2,"category_name":"Makanan","purchase_price":1200,"selling_price":1800,"stock":20,"reserved_qty":0,"min_stock":5,"unit_id":1,"unit_name":"Pcs","unit_abbreviation":"pcs","is_active":true,"extra_packages":0,"price_tiers_count":0},{"id":7,"barcode":"7777777777777","sku":"MIN-0005","name":"Manual SKU Jump Test","category_id":1,"category_name":"Minuman","purchase_price":0,"selling_price":1000,"stock":0,"reserved_qty":0,"min_stock":0,"unit_id":1,"unit_name":"Pcs","unit_abbreviation":"pcs","is_active":true,"extra_packages":0,"price_tiers_count":0},{"id":5,"barcode":"5555555555555","sku":"MIN-BYP1","name":"Owner Bypass Stock Test","category_id":1,"category_name":"Minuman","purchase_price":0,"selling_price":1000,"stock":0,"reserved_qty":0,"min_stock":0,"unit_id":1,"unit_name":"Pcs","unit_abbreviation":"pcs","is_active":true,"extra_packages":0,"price_tiers_count":0},{"id":6,"barcode":"6666666666666","sku":"MIN-SPF1","name":"Owner Spoof Role Test","category_id":1,"category_name":"Minuman","purchase_price":0,"selling_price":1000,"stock":0,"reserved_qty":0,"min_stock":0,"unit_id":1,"unit_name":"Pcs","unit_abbreviation":"pcs","is_active":true,"extra_packages":0,"price_tiers_count":0},{"id":12,"barcode":"8992233103578","sku":"MAK-0005","name":"Rokok Chain Test A","category_id":2,"category_name":"Makanan","purchase_price":500,"selling_price":1000,"stock":1000,"reserved_qty":0,"min_stock":5,"unit_id":4,"unit_name":"Batang","unit_abbreviation":"btg","is_active":true,"extra_packages":0,"price_tiers_count":0},{"id":4,"barcode":"4444444444444","sku":"MIN-5555","name":"Sanity Check Product","category_id":1,"category_name":"Minuman","purchase_price":0,"selling_price":1000,"stock":0,"reserved_qty":0,"min_stock":0,"unit_id":1,"unit_name":"Pcs","unit_abbreviation":"pcs","is_active":true,"extra_packages":0,"price_tiers_count":0},{"id":1,"barcode":"8990874779046","sku":"MIN-0001","name":"Teh Botol Sosro 350ml (Edited)","category_id":1,"category_name":"Minuman","purchase_price":3500,"selling_price":5800,"stock":4,"reserved_qty":0,"min_stock":10,"unit_id":1,"unit_name":"Pcs","unit_abbreviation":"pcs","is_active":true,"extra_packages":0,"price_tiers_count":2}],"pagination":{"page":1,"per_page":10,"total":10,"total_pages":1}}', 2, 2, '::1', NULL, '2026-07-23 10:36:04.474')
